x,Up_V,Un_V,OCV_V,Up_nd,Un_nd,OCV_nd
0.00100000,4.67769531,2.30721344,2.37048187,182.15570477,89.84597389,92.30973088
0.00149900,4.67728877,2.27019545,2.40709332,182.13987328,88.40444358,93.73542970
0.00199800,4.67688218,2.23389727,2.44298490,182.12404018,86.99094421,95.13309597
0.00249700,4.67647555,2.19830492,2.47817063,182.10820545,85.60493035,96.50327509
0.00299600,4.67606887,2.16340465,2.51266423,182.09236906,84.24586716,97.84650190
0.00349500,4.67566216,2.12918299,2.54647917,182.07653099,82.91323020,99.16330079
0.00399400,4.67525540,2.09562675,2.57962865,182.06069122,81.60650522,100.45418599
0.00449300,4.67484859,2.06272296,2.61212563,182.04484972,80.32518798,101.71966174
0.00499200,4.67444174,2.03045895,2.64398280,182.02900646,79.06878401,102.96022245
0.00549100,4.67403485,1.99882224,2.67521261,182.01316144,77.83680849,104.17635295
0.00599000,4.67362791,1.96780064,2.70582726,181.99731460,76.62878599,105.36852861
0.00648900,4.67322092,1.93738218,2.73583874,181.98146594,75.44425033,106.53721561
0.00698800,4.67281388,1.90755511,2.76525878,181.96561543,74.28274440,107.68287103
0.00748700,4.67240680,1.87830792,2.79409888,181.94976303,73.14381995,108.80594308
0.00798600,4.67199967,1.84962934,2.82237033,181.93390872,72.02703745,109.90687127
0.00848500,4.67159248,1.82150828,2.85008420,181.91805248,70.93196593,110.98608655
0.00898400,4.67118525,1.79393390,2.87725135,181.90219428,69.85818277,112.04401152
0.00948300,4.67077797,1.76689556,2.90388241,181.88633409,68.80527355,113.08106054
0.00998200,4.67037063,1.74038282,2.92998782,181.87047187,67.77283194,114.09763994
0.01048100,4.66996324,1.71438544,2.95557780,181.85460761,66.76045946,115.09414815
0.01098000,4.66955580,1.68889340,2.98066240,181.83874127,65.76776540,116.07097587
0.01147900,4.66914830,1.66389686,3.00525144,181.82287282,64.79436663,117.02850619
0.01197800,4.66874075,1.63938617,3.02935459,181.80700224,63.83988746,117.96711478
0.01247700,4.66833315,1.61535186,3.05298129,181.79112949,62.90395949,118.88717000
0.01297600,4.66792548,1.59178467,3.07614082,181.77525454,61.98622149,119.78903305
0.01347500,4.66751776,1.56867549,3.09884227,181.75937736,61.08631922,120.67305814
0.01397400,4.66710998,1.54601541,3.12109458,181.74349792,60.20390535,121.53959257
0.01447300,4.66670215,1.52379567,3.14290647,181.72761618,59.33863925,122.38897693
0.01497200,4.66629425,1.50200771,3.16428654,181.71173212,58.49018695,123.22154517
0.01547100,4.66588629,1.48064311,3.18524318,181.69584570,57.65822093,124.03762477
0.01597000,4.66547827,1.45969363,3.20578464,181.67995689,56.84242003,124.83753686
0.01646900,4.66507019,1.43915117,3.22591902,181.66406564,56.04246933,125.62159632
0.01696800,4.66466205,1.41900781,3.24565423,181.64817194,55.25806002,126.39011193
0.01746700,4.66425384,1.39925578,3.26499806,181.63227574,54.48888927,127.14338647
0.01796600,4.66384556,1.37988743,3.28395813,181.61637701,53.73466015,127.88171685
0.01846500,4.66343722,1.36089531,3.30254191,181.60047571,52.99508147,128.60539424
0.01896400,4.66302882,1.34227207,3.32075675,181.58457180,52.26986768,129.31470412
0.01946300,4.66262034,1.32401053,3.33860981,181.56866525,51.55873878,130.00992647
0.01996200,4.66221180,1.30610363,3.35610817,181.55275603,50.86142020,130.69133583
0.02046100,4.66180318,1.28854446,3.37325873,181.53684408,50.17764268,131.35920140
0.02096000,4.66139450,1.27132624,3.39006826,181.52092938,49.50714220,132.01378718
0.02145900,4.66098575,1.25444232,3.40654343,181.50501189,48.84965983,132.65535206
0.02195800,4.66057692,1.23788618,3.42269074,181.48909156,48.20494167,133.28414989
0.02245700,4.66016801,1.22165143,3.43851659,181.47316835,47.57273874,133.90042962
0.02295600,4.65975904,1.20573179,3.45402724,181.45724223,46.95280687,134.50443536
0.02345500,4.65934998,1.19012113,3.46922886,181.44131315,46.34490664,135.09640651
0.02395400,4.65894085,1.17481340,3.48412746,181.42538107,45.74880325,135.67657783
0.02445300,4.65853165,1.15980270,3.49872895,181.40944595,45.16426643,136.24517952
0.02495200,4.65812236,1.14508322,3.51303914,181.39350775,44.59107039,136.80243736
0.02545100,4.65771299,1.13064929,3.52706370,181.37756641,44.02899370,137.34857271
0.02595000,4.65730354,1.11649532,3.54080822,181.36162191,43.47781921,137.88380270
0.02644900,4.65689401,1.10261584,3.55427817,181.34567418,42.93733396,138.40834023
0.02694800,4.65648439,1.08900550,3.56747889,181.32972319,42.40732911,138.92239408
0.02744700,4.65607469,1.07565903,3.58041566,181.31376890,41.88759987,139.42616902
0.02794600,4.65566490,1.06257128,3.59309362,181.29781124,41.37794539,139.91986585
0.02844500,4.65525503,1.04973719,3.60551784,181.28185018,40.87816870,140.40368148
0.02894400,4.65484507,1.03715180,3.61769327,181.26588567,40.38807663,140.87780904
0.02944300,4.65443501,1.02481024,3.62962478,181.24991766,39.90747975,141.34243791
0.02994200,4.65402487,1.01270774,3.64131713,181.23394610,39.43619226,141.79775384
0.03044100,4.65361463,1.00083962,3.65277501,181.21797094,38.97403195,142.24393898
0.03094000,4.65320430,0.98920130,3.66400300,181.20199212,38.52082015,142.68117197
0.03143900,4.65279388,0.97778827,3.67500561,181.18600960,38.07638158,143.10962802
0.03193800,4.65238336,0.96659612,3.68578723,181.17002333,37.64054437,143.52947895
0.03243700,4.65197274,0.95562053,3.69635221,181.15403324,37.21313996,143.94089329
0.03293600,4.65156202,0.94485723,3.70670478,181.13803930,36.79400300,144.34403630
0.03343500,4.65115120,0.93430208,3.71684911,181.12204144,36.38297134,144.73907010
0.03393400,4.65074028,0.92395099,3.72678928,181.10603960,35.97988595,145.12615365
0.03443300,4.65032925,0.91379995,3.73652930,181.09003374,35.58459084,145.50544290
0.03493200,4.64991812,0.90384503,3.74607309,181.07402379,35.19693301,145.87709078
0.03543100,4.64950688,0.89408238,3.75542450,181.05800970,34.81676242,146.24124728
0.03593000,4.64909554,0.88450822,3.76458732,181.04199140,34.44393186,146.59805955
0.03642900,4.64868409,0.87511885,3.77356524,181.02596885,34.07829698,146.94767187
0.03692800,4.64827252,0.86591061,3.78236191,181.00994198,33.71971616,147.29022582
0.03742700,4.64786084,0.85687996,3.79098088,180.99391072,33.36805051,147.62586021
0.03792600,4.64744905,0.84802339,3.79942566,180.97787502,33.02316379,147.95471123
0.03842500,4.64703715,0.83933747,3.80769968,180.96183482,32.68492234,148.27691248
0.03892400,4.64662512,0.83081883,3.81580630,180.94579004,32.35319506,148.59259498
0.03942300,4.64621298,0.82246416,3.82374881,180.92974063,32.02785336,148.90188728
0.03992200,4.64580072,0.81427024,3.83153047,180.91368653,31.70877107,149.20491546
0.04042100,4.64538833,0.80623388,3.83915445,180.89762766,31.39582444,149.50180321
0.04092000,4.64497582,0.79835196,3.84662385,180.88156395,31.08889207,149.79267189
0.04141900,4.64456318,0.79062143,3.85394175,180.86549535,30.78785483,150.07764052
0.04191800,4.64415042,0.78303929,3.86111113,180.84942178,30.49259589,150.35682589
0.04241700,4.64373753,0.77560258,3.86813495,180.83334317,30.20300060,150.63034257
0.04291600,4.64332450,0.76830842,3.87501608,180.81725945,29.91895648,150.89830297
0.04341500,4.64291134,0.76115399,3.88175736,180.80117055,29.64035319,151.16081736
0.04391400,4.64249805,0.75413649,3.88836156,180.78507639,29.36708244,151.41799395
0.04441300,4.64208462,0.74725320,3.89483142,180.76897691,29.09903800,151.66993891
0.04491200,4.64167105,0.74050145,3.90116961,180.75287203,28.83611563,151.91675640
0.04541100,4.64125735,0.73387860,3.90737875,180.73676166,28.57821303,152.15854863
0.04591000,4.64084349,0.72738208,3.91346142,180.72064575,28.32522984,152.39541591
0.04640900,4.64042950,0.72100936,3.91942014,180.70452420,28.07706754,152.62745666
0.04690800,4.64001536,0.71475795,3.92525741,180.68839693,27.83362948,152.85476745
0.04740700,4.63960107,0.70862543,3.93097564,180.67226388,27.59482079,153.07744308
0.04790600,4.63918662,0.70260939,3.93657723,180.65612495,27.36054837,153.29557658
0.04840500,4.63877203,0.69670750,3.94206453,180.63998007,27.13072085,153.50925922
0.04890400,4.63835728,0.69091745,3.94743983,180.62382915,26.90524852,153.71858063
0.04940300,4.63794237,0.68523698,3.95270539,180.60767210,26.68404336,153.92362874
0.04990200,4.63752730,0.67966387,3.95786344,180.59150885,26.46701895,154.12448990
0.05040100,4.63711208,0.67419594,3.96291614,180.57533930,26.25409047,154.32124883
0.05090000,4.63669668,0.66883105,3.96786563,180.55916337,26.04517464,154.51398873
0.05139900,4.63628112,0.66356711,3.97271402,180.54298096,25.84018970,154.70279126
0.05189800,4.63586540,0.65840205,3.97746335,180.52679199,25.63905538,154.88773661
0.05239700,4.63544950,0.65333385,3.98211565,180.51059636,25.44169288,155.06890348
0.05289600,4.63503343,0.64836052,3.98667291,180.49439399,25.24802482,155.24636918
0.05339500,4.63461718,0.64348011,3.99113707,180.47818478,25.05797519,155.42020959
0.05389400,4.63420076,0.63869071,3.99551005,180.46196862,24.87146938,155.59049925
0.05439300,4.63378415,0.63399042,3.99979373,180.44574543,24.68843409,155.75731134
0.05489200,4.63336736,0.62937741,4.00398995,180.42951511,24.50879736,155.92071775
0.05539100,4.63295039,0.62484986,4.00810052,180.41327756,24.33248847,156.08078909
0.05589000,4.63253322,0.62040599,4.01212724,180.39703267,24.15943799,156.23759469
0.05638900,4.63211587,0.61604403,4.01607184,180.38078035,23.98957768,156.39120267
0.05688800,4.63169832,0.61176228,4.01993604,180.36452049,23.82284051,156.54167998
0.05738700,4.63128058,0.60755904,4.02372154,180.34825299,23.65916065,156.68909234
0.05788600,4.63086263,0.60343264,4.02742999,180.33197773,23.49847336,156.83350437
0.05838500,4.63044449,0.59938147,4.03106302,180.31569462,23.34071508,156.97497954
0.05888400,4.63002614,0.59540390,4.03462224,180.29940354,23.18582330,157.11358024
0.05938300,4.62960758,0.59149837,4.03810922,180.28310438,23.03373660,157.24936778
0.05988200,4.62918882,0.58766332,4.04152550,180.26679703,22.88439461,157.38240242
0.06038100,4.62876984,0.58389722,4.04487261,180.25048137,22.73773798,157.51274339
0.06088000,4.62835064,0.58019859,4.04815205,180.23415730,22.59370836,157.64044894
0.06137900,4.62793122,0.57656595,4.05136527,180.21782469,22.45224838,157.76557630
0.06187800,4.62751159,0.57299785,4.05451374,180.20148342,22.31330164,157.88818178
0.06237700,4.62709172,0.56949286,4.05759887,180.18513338,22.17681264,158.00832074
0.06287600,4.62667163,0.56604958,4.06062205,180.16877444,22.04272682,158.12604761
0.06337500,4.62625131,0.56266664,4.06358467,180.15240647,21.91099051,158.24141596
0.06387400,4.62583075,0.55934267,4.06648808,180.13602937,21.78155091,158.35447845
0.06437300,4.62540995,0.55607635,4.06933360,180.11964299,21.65435607,158.46528692
0.06487200,4.62498891,0.55286636,4.07212255,180.10324721,21.52935487,158.57389234
0.06537100,4.62456763,0.54971142,4.07485621,180.08684190,21.40649699,158.68034490
0.06587000,4.62414610,0.54661024,4.07753586,180.07042692,21.28573294,158.78469398
0.06636900,4.62372432,0.54356158,4.08016274,180.05400215,21.16701398,158.88698817
0.06686800,4.62330228,0.54056420,4.08273808,180.03756744,21.05029212,158.98727532
0.06736700,4.62287998,0.53761689,4.08526309,180.02112267,20.93552013,159.08560254
0.06786600,4.62245743,0.53471847,4.08773896,180.00466768,20.82265148,159.18201620
0.06836500,4.62203460,0.53186774,4.09016686,179.98820235,20.71164038,159.27656197
0.06886400,4.62161151,0.52906356,4.09254795,179.97172652,20.60244169,159.36928483
0.06936300,4.62118814,0.52630477,4.09488337,179.95524005,20.49501097,159.46022908
0.06986200,4.62076450,0.52359026,4.09717423,179.93874280,20.38930442,159.54943838
0.07036100,4.62034057,0.52091893,4.09942165,179.92223461,20.28527889,159.63695572
0.07086000,4.61991636,0.51828966,4.10162670,179.90571534,20.18289186,159.72282348
0.07135900,4.61949187,0.51570140,4.10379047,179.88918483,20.08210142,159.80708341
0.07185800,4.61906708,0.51315307,4.10591400,179.87264293,19.98286625,159.88977668
0.07235700,4.61864199,0.51064364,4.10799835,179.85608948,19.88514564,159.97094385
0.07285600,4.61821660,0.50817207,4.11004453,179.83952432,19.78889941,160.05062491
0.07335500,4.61779091,0.50573735,4.11205356,179.82294729,19.69408798,160.12885931
0.07385400,4.61736491,0.50333847,4.11402644,179.80635823,19.60067230,160.20568593
0.07435300,4.61693859,0.50097444,4.11596416,179.78975697,19.50861385,160.28114312
0.07485200,4.61651196,0.49864429,4.11786768,179.77314334,19.41787464,160.35526870
0.07535100,4.61608501,0.49634705,4.11973796,179.75651718,19.32841719,160.42809999
0.07585000,4.61565773,0.49408178,4.12157595,179.73987830,19.24020452,160.49967378
0.07634900,4.61523012,0.49184754,4.12338258,179.72322655,19.15320015,160.57002639
0.07684800,4.61480217,0.48964340,4.12515877,179.70656173,19.06736808,160.63919365
0.07734700,4.61437388,0.48746845,4.12690543,179.68988368,18.98267278,160.70721090
0.07784600,4.61394525,0.48532180,4.12862345,179.67319220,18.89907917,160.77411303
0.07834500,4.61351627,0.48320255,4.13031372,179.65648712,18.81655267,160.83993445
0.07884400,4.61308694,0.48110982,4.13197712,179.63976825,18.73505909,160.90470916
0.07934300,4.61265724,0.47904275,4.13361449,179.62303539,18.65456473,160.96847066
0.07984200,4.61222718,0.47700049,4.13522669,179.60628837,18.57503631,161.03125206
0.08034100,4.61179676,0.47498219,4.13681457,179.58952698,18.49644098,161.09308600
0.08084000,4.61136596,0.47298702,4.13837894,179.57275103,18.41874630,161.15400473
0.08133900,4.61093478,0.47101415,4.13992063,179.55596031,18.34192027,161.21404004
0.08183800,4.61050321,0.46906278,4.14144043,179.53915464,18.26593130,161.27322333
0.08233700,4.61007126,0.46713210,4.14293916,179.52233379,18.19074821,161.33158559
0.08283600,4.60963891,0.46522133,4.14441758,179.50549757,18.11634022,161.38915736
0.08333500,4.60920616,0.46332969,4.14587648,179.48864577,18.04267696,161.44596881
0.08383400,4.60877301,0.46145639,4.14731661,179.47177817,17.96972848,161.50204969
0.08433300,4.60833944,0.45960070,4.14873874,179.45489456,17.89746522,161.55742934
0.08483200,4.60790546,0.45776185,4.15014361,179.43799472,17.82585801,161.61213670
0.08533100,4.60747106,0.45593911,4.15153195,179.42107842,17.75487811,161.66620031
0.08583000,4.60703622,0.45413175,4.15290447,179.40414545,17.68449717,161.71964828
0.08632900,4.60660096,0.45233906,4.15426190,179.38719558,17.61468723,161.77250835
0.08682800,4.60616525,0.45056032,4.15560493,179.37022857,17.54542076,161.82480781
0.08732700,4.60572910,0.44879484,4.15693426,179.35324420,17.47667062,161.87657357
0.08782600,4.60529249,0.44704193,4.15825056,179.33624222,17.40841011,161.92783211
0.08832500,4.60485543,0.44530092,4.15955450,179.31922241,17.34061292,161.97860949
0.08882400,4.60441790,0.44357115,4.16084675,179.30218451,17.27325317,162.02893134
0.08932300,4.60397990,0.44185195,4.16212795,179.28512828,17.20630542,162.07882287
0.08982200,4.60354143,0.44014270,4.16339873,179.26805348,17.13974463,162.12830885
0.09032100,4.60310247,0.43844275,4.16465973,179.25095985,17.07354624,162.17741361
0.09082000,4.60266302,0.43675148,4.16591154,179.23384713,17.00768612,162.22616102
0.09131900,4.60222308,0.43506829,4.16715478,179.21671508,16.94214058,162.27457450
0.09181800,4.60178263,0.43339259,4.16839004,179.19956341,16.87688642,162.32267699
0.09231700,4.60134167,0.43172378,4.16961789,179.18239188,16.81190090,162.37049098
0.09281600,4.60090019,0.43006131,4.17083889,179.16520021,16.74716177,162.41803844
0.09331500,4.60045819,0.42840460,4.17205360,179.14798814,16.68264727,162.46534086
0.09381400,4.60001566,0.42675311,4.17326255,179.13075537,16.61833614,162.51241923
0.09431300,4.59957259,0.42510631,4.17446628,179.11350164,16.55420765,162.55929399
0.09481200,4.59912898,0.42346368,4.17566529,179.09622666,16.49024158,162.60598508
0.09531100,4.59868481,0.42182472,4.17686008,179.07893015,16.42641828,162.65251187
0.09581000,4.59824008,0.42018894,4.17805114,179.06161182,16.36271863,162.69889318
0.09630900,4.59779478,0.41855585,4.17923893,179.04427136,16.29912410,162.74514726
0.09680800,4.59734891,0.41692501,4.18042390,179.02690849,16.23561672,162.79129178
0.09730700,4.59690245,0.41529595,4.18160650,179.00952291,16.17217913,162.83734378
0.09780600,4.59645541,0.41366826,4.18278715,178.99211430,16.10879459,162.88331971
0.09830500,4.59600776,0.41204151,4.18396625,178.97468236,16.04544697,162.92923539
0.09880400,4.59555951,0.41041532,4.18514419,178.95722677,15.98212079,162.97510598
0.09930300,4.59511064,0.40878929,4.18632134,178.93974722,15.91880123,163.02094599
0.09980200,4.59466115,0.40716308,4.18749807,178.92224339,15.85547414,163.06676925
0.10030100,4.59421102,0.40553632,4.18867470,178.90471494,15.79212605,163.11258889
0.10080000,4.59376026,0.40390870,4.18985156,178.88716156,15.72874421,163.15841735
0.10129900,4.59330884,0.40227990,4.19102895,178.86958290,15.66531657,163.20426633
0.10179800,4.59285677,0.40064963,4.19220714,178.85197864,15.60183183,163.25014681
0.10229700,4.59240403,0.39901763,4.19338641,178.83434842,15.53827942,163.29606900
0.10279600,4.59195062,0.39738363,4.19456699,178.81669190,15.47464953,163.34204237
0.10329500,4.59149652,0.39574742,4.19574911,178.79900873,15.41093315,163.38807558
0.10379400,4.59104173,0.39410877,4.19693296,178.78129855,15.34712202,163.43417652
0.10429300,4.59058624,0.39246750,4.19811874,178.76356100,15.28320873,163.48035228
0.10479200,4.59013003,0.39082343,4.19930660,178.74579572,15.21918663,163.52660910
0.10529100,4.58967310,0.38917642,4.20049668,178.72800235,15.15504992,163.57295243
0.10579000,4.58921544,0.38752635,4.20168910,178.71018049,15.09079363,163.61938686
0.10628900,4.58875704,0.38587309,4.20288395,178.69232979,15.02641364,163.66591614
0.10678800,4.58829789,0.38421657,4.20408132,178.67444984,14.96190666,163.71254318
0.10728700,4.58783798,0.38255673,4.20528125,178.65654027,14.89727027,163.75927000
0.10778600,4.58737730,0.38089353,4.20648377,178.63860068,14.83250290,163.80609778
0.10828500,4.58691584,0.37922694,4.20768889,178.62063068,14.76760387,163.85302681
0.10878400,4.58645358,0.37755698,4.20889660,178.60262985,14.70257333,163.90005652
0.10928300,4.58599052,0.37588367,4.21010685,178.58459780,14.63741233,163.94718547
0.10978200,4.58552665,0.37420706,4.21131960,178.56653411,14.57212279,163.99441132
0.11028100,4.58506196,0.37252722,4.21253475,178.54843835,14.50670747,164.04173089
0.11078000,4.58459644,0.37084424,4.21375220,178.53031012,14.44117001,164.08914011
0.11127900,4.58413006,0.36915824,4.21497183,178.51214897,14.37551491,164.13663406
0.11177800,4.58366284,0.36746935,4.21619348,178.49395448,14.30974751,164.18420696
0.11227700,4.58319474,0.36577774,4.21741700,178.47572620,14.24387400,164.23185220
0.11277600,4.58272576,0.36408359,4.21864217,178.45746369,14.17790138,164.27956230
0.11327500,4.58225590,0.36238709,4.21986881,178.43916650,14.11183749,164.32732901
0.11377400,4.58178513,0.36068847,4.22109666,178.42083417,14.04569095,164.37514322
0.11427300,4.58131345,0.35898797,4.22232548,178.40246624,13.97947116,164.42299508
0.11477200,4.58084084,0.35728585,4.22355499,178.38406225,13.91318832,164.47087393
0.11527100,4.58036729,0.35558239,4.22478490,178.36562172,13.84685332,164.51876840
0.11577000,4.57989280,0.35387789,4.22601491,178.34714417,13.78047780,164.56666636
0.11626900,4.57941734,0.35217267,4.22724467,178.32862911,13.71407410,164.61455501
0.11676800,4.57894090,0.35046705,4.22847385,178.31007606,13.64765521,164.66242086
0.11726700,4.57846348,0.34876140,4.22970208,178.29148453,13.58123476,164.71024977
0.11776600,4.57798505,0.34705607,4.23092898,178.27285399,13.51482700,164.75802699
0.11826500,4.57750561,0.34535145,4.23215416,178.25418396,13.44844675,164.80573721
0.11876400,4.57702514,0.34364793,4.23337722,178.23547391,13.38210937,164.85336453
0.11926300,4.57654364,0.34194591,4.23459772,178.21672332,13.31583074,164.90089257
0.11976200,4.57606107,0.34024583,4.23581524,178.19793166,13.24962719,164.94830446
0.12026100,4.57557744,0.33854811,4.23702934,178.17909840,13.18351551,164.99558289
0.12076000,4.57509273,0.33685318,4.23823955,178.16022300,13.11751286,165.04271014
0.12125900,4.57460692,0.33516150,4.23944541,178.14130491,13.05163676,165.08966815
0.12175800,4.57412000,0.33347354,4.24064646,178.12234358,12.98590505,165.13643853
0.12225700,4.57363195,0.33178974,4.24184221,178.10333845,12.92033585,165.18300260
0.12275600,4.57314277,0.33011059,4.24303217,178.08428895,12.85494749,165.22934146
0.12325500,4.57265243,0.32843656,4.24421587,178.06519451,12.78975849,165.27543601
0.12375400,4.57216092,0.32676813,4.24539279,178.04605454,12.72478753,165.32126701
0.12425300,4.57166823,0.32510578,4.24656245,178.02686846,12.66005338,165.36681509
0.12475200,4.57117434,0.32344999,4.24772434,178.00763568,12.59557485,165.41206083
0.12525100,4.57067923,0.32180126,4.24887798,177.98835559,12.53137079,165.45698480
0.12575000,4.57018289,0.32016005,4.25002285,177.96902758,12.46746001,165.50156757
0.12624900,4.56968531,0.31852685,4.25115846,177.94965105,12.40386126,165.54578979
0.12674800,4.56918647,0.31690215,4.25228432,177.93022536,12.34059315,165.58963221
0.12724700,4.56868634,0.31528641,4.25339993,177.91074988,12.27767416,165.63307572
0.12774600,4.56818493,0.31368011,4.25450481,177.89122398,12.21512256,165.67610142
0.12824500,4.56768220,0.31208371,4.25559849,177.87164701,12.15295641,165.71869060
0.12874400,4.56717814,0.31049765,4.25668048,177.85201832,12.09119347,165.76082485
0.12924300,4.56667273,0.30892241,4.25775033,177.83233726,12.02985122,165.80248604
0.12974200,4.56616597,0.30735840,4.25880757,177.81260314,11.96894676,165.84365638
0.13024100,4.56565782,0.30580607,4.25985176,177.79281529,11.90849685,165.88431844
0.13074000,4.56514828,0.30426583,4.26088245,177.77297304,11.84851782,165.92445522
0.13123900,4.56463732,0.30273809,4.26189924,177.75307569,11.78902557,165.96405012
0.13173800,4.56412493,0.30122324,4.26290169,177.73312254,11.73003553,166.00308701
0.13223700,4.56361109,0.29972168,4.26388941,177.71311288,11.67156262,166.04155025
0.13273600,4.56309578,0.29823377,4.26486202,177.69304599,11.61362127,166.07942472
0.13323500,4.56257898,0.29675986,4.26581913,177.67292116,11.55622534,166.11669583
0.13373400,4.56206068,0.29530030,4.26676038,177.65273766,11.49938813,166.15334952
0.13423300,4.56154085,0.29385541,4.26768543,177.63249473,11.44312238,166.18937235
0.13473200,4.56101947,0.29242551,4.26859396,177.61219163,11.38744020,166.22475143
0.13523100,4.56049653,0.29101090,4.26948563,177.59182761,11.33235310,166.25947451
0.13573000,4.55997201,0.28961184,4.27036017,177.57140190,11.27787196,166.29352994
0.13622900,4.55944588,0.28822861,4.27121727,177.55091372,11.22400702,166.32690670
0.13672800,4.55891812,0.28686144,4.27205668,177.53036230,11.17076788,166.35959441
0.13722700,4.55838872,0.28551058,4.27287814,177.50974683,11.11816348,166.39158335
0.13772600,4.55785766,0.28417623,4.27368143,177.48906653,11.06620211,166.42286442
0.13822500,4.55732491,0.28285859,4.27446632,177.46832057,11.01489137,166.45342920
0.13872400,4.55679046,0.28155783,4.27523262,177.44750815,10.96423823,166.48326992
0.13922300,4.55625427,0.28027413,4.27598014,177.42662843,10.91424898,166.51237945
0.13972200,4.55571634,0.27900761,4.27670872,177.40568058,10.86492926,166.54075132
0.14022100,4.55517663,0.27775842,4.27741821,177.38466376,10.81628404,166.56837972
0.14072000,4.55463514,0.27652666,4.27810847,177.36357710,10.76831765,166.59525945
0.14121900,4.55409182,0.27531243,4.27877939,177.34241974,10.72103377,166.62138598
0.14171800,4.55354667,0.27411580,4.27943087,177.32119082,10.67443545,166.64675537
0.14221700,4.55299966,0.27293684,4.28006282,177.29988944,10.62852511,166.67136433
0.14271600,4.55245076,0.27177559,4.28067517,177.27851472,10.58330456,166.69521016
0.14321500,4.55189996,0.27063209,4.28126788,177.25706575,10.53877501,166.71829074
0.14371400,4.55134723,0.26950634,4.28184089,177.23554162,10.49493707,166.74060456
0.14421300,4.55079254,0.26839836,4.28239418,177.21394142,10.45179078,166.76215064
0.14471200,4.55023588,0.26730813,4.28292775,177.19226420,10.40933563,166.78292857
0.14521100,4.54967722,0.26623562,4.28344160,177.17050903,10.36757054,166.80293849
0.14571000,4.54911652,0.26518078,4.28393574,177.14867496,10.32649394,166.82218102
0.14620900,4.54855378,0.26414358,4.28441021,177.12676103,10.28610372,166.84065731
0.14670800,4.54798896,0.26312393,4.28486504,177.10476627,10.24639729,166.85836898
0.14720700,4.54742205,0.26212176,4.28530028,177.08268969,10.20737157,166.87531812
0.14770600,4.54685300,0.26113698,4.28571602,177.06053031,10.16902305,166.89150726
0.14820500,4.54628180,0.26016950,4.28611231,177.03828713,10.13134776,166.90693936
0.14870400,4.54570843,0.25921918,4.28648924,177.01595912,10.09434133,166.92161779
0.14920300,4.54513285,0.25828592,4.28684692,176.99354529,10.05799898,166.93554631
0.14970200,4.54455504,0.25736959,4.28718545,176.97104458,10.02231554,166.94872904
0.15020100,4.54397497,0.25647003,4.28750494,176.94845596,9.98728550,166.96117045
0.15070000,4.54339262,0.25558710,4.28780552,176.92577838,9.95290301,166.97287537
0.15119900,4.54280795,0.25472064,4.28808732,176.90301077,9.91916187,166.98384890
0.15169800,4.54222095,0.25387048,4.28835047,176.88015206,9.88605561,166.99409645
0.15219700,4.54163158,0.25303645,4.28859513,176.85720117,9.85357745,167.00362372
0.15269600,4.54103981,0.25221837,4.28882144,176.83415700,9.82172036,167.01243664
0.15319500,4.54044562,0.25141605,4.28902957,176.81101844,9.79047705,167.02054139
0.15369400,4.53984898,0.25062931,4.28921967,176.78778439,9.75984003,167.02794436
0.15419300,4.53924986,0.24985793,4.28939193,176.76445370,9.72980155,167.03465215
0.15469200,4.53864822,0.24910172,4.28954650,176.74102526,9.70035371,167.04067155
0.15519100,4.53804405,0.24836047,4.28968358,176.71749790,9.67148841,167.04600949
0.15569000,4.53743730,0.24763396,4.28980334,176.69387047,9.64319738,167.05067308
0.15618900,4.53682796,0.24692199,4.28990597,176.67014179,9.61547223,167.05466956
0.15668800,4.53621598,0.24622433,4.28999165,176.64631070,9.58830443,167.05800627
0.15718700,4.53560135,0.24554076,4.29006059,176.62237598,9.56168531,167.06069067
0.15768600,4.53498402,0.24487106,4.29011296,176.59833645,9.53560614,167.06273032
0.15818500,4.53436397,0.24421499,4.29014898,176.57419089,9.51005807,167.06413282
0.15868400,4.53374117,0.24357234,4.29016883,176.54993807,9.48503219,167.06490588
0.15918300,4.53311558,0.24294286,4.29017272,176.52557676,9.46051954,167.06505722
0.15968200,4.53248717,0.24232633,4.29016084,176.50110571,9.43651108,167.06459462
0.16018100,4.53185591,0.24172252,4.29013339,176.47652365,9.41299777,167.06352588
0.16068000,4.53122177,0.24113119,4.29009058,176.45182934,9.38997052,167.06185881
0.16117900,4.53058471,0.24055210,4.29003261,176.42702147,9.36742024,167.05960124
0.16167800,4.52994471,0.23998503,4.28995967,176.40209877,9.34533781,167.05676096
0.16217700,4.52930172,0.23942975,4.28987197,176.37705993,9.32371415,167.05334577
0.16267600,4.52865571,0.23888600,4.28976971,176.35190363,9.30254017,167.04936345
0.16317500,4.52800666,0.23835358,4.28965308,176.32662855,9.28180682,167.04482173
0.16367400,4.52735452,0.23783224,4.28952228,176.30123337,9.26150506,167.03972830
0.16417300,4.52669926,0.23732175,4.28937751,176.27571672,9.24162591,167.03409081
0.16467200,4.52604085,0.23682188,4.28921897,176.25007726,9.22216043,167.02791683
0.16517100,4.52537925,0.23633241,4.28904684,176.22431361,9.20309972,167.02121389
0.16567000,4.52471442,0.23585310,4.28886132,176.19842439,9.18443495,167.01398944
0.16616900,4.52404633,0.23538374,4.28866259,176.17240823,9.16615737,167.00625086
0.16666800,4.52337495,0.23492410,4.28845085,176.14626371,9.14825827,166.99800543
0.16716700,4.52270024,0.23447395,4.28822628,176.11998942,9.13072905,166.98926037
0.16766600,4.52202215,0.23403309,4.28798906,176.09358395,9.11356116,166.98002279
0.16816500,4.52134066,0.23360129,4.28773938,176.06704585,9.09674615,166.97029970
0.16866400,4.52065573,0.23317833,4.28747740,176.04037369,9.08027566,166.96009802
0.16916300,4.51996732,0.23276401,4.28720331,176.01356600,9.06414143,166.94942458
0.16966200,4.51927539,0.23235811,4.28691728,175.98662134,9.04833527,166.93828607
0.17016100,4.51857990,0.23196043,4.28661947,175.95953821,9.03284911,166.92668910
0.17066000,4.51788083,0.23157077,4.28631006,175.93231514,9.01767498,166.91464016
0.17115900,4.51717811,0.23118891,4.28598920,175.90495063,9.00280501,166.90214562
0.17165800,4.51647173,0.23081467,4.28565707,175.87744317,8.98823144,166.88921174
0.17215700,4.51576164,0.23044784,4.28531380,175.84979125,8.97394661,166.87584465
0.17265600,4.51504780,0.23008823,4.28495957,175.82199334,8.95994297,166.86205037
0.17315500,4.51433017,0.22973565,4.28459452,175.79404791,8.94621310,166.84783481
0.17365400,4.51360871,0.22938991,4.28421880,175.76595341,8.93274966,166.83320374
0.17415300,4.51288339,0.22905083,4.28383256,175.73770828,8.91954546,166.81816282
0.17465200,4.51215416,0.22871823,4.28343593,175.70931096,8.90659339,166.80271758
0.17515100,4.51142097,0.22839192,4.28302905,175.68075988,8.89388646,166.78687342
0.17565000,4.51068380,0.22807173,4.28261207,175.65205345,8.88141782,166.77063563
0.17614900,4.50994260,0.22775748,4.28218512,175.62319009,8.86918071,166.75400938
0.17664800,4.50919733,0.22744901,4.28174831,175.59416819,8.85716848,166.73699971
0.17714700,4.50844794,0.22714615,4.28130179,175.56498613,8.84537462,166.71961152
0.17764600,4.50769441,0.22684873,4.28084567,175.53564232,8.83379271,166.70184961
0.17814500,4.50693667,0.22655659,4.28038008,175.50613510,8.82241646,166.68371865
0.17864400,4.50617470,0.22626958,4.27990512,175.47646286,8.81123967,166.66522319
0.17914300,4.50540844,0.22598753,4.27942092,175.44662396,8.80025629,166.64636767
0.17964200,4.50463787,0.22571029,4.27892758,175.41661673,8.78946035,166.62715638
0.18014100,4.50386293,0.22543772,4.27842521,175.38643953,8.77884599,166.60759353
0.18064000,4.50308358,0.22516966,4.27791392,175.35609068,8.76840749,166.58768320
0.18113900,4.50229978,0.22490598,4.27739381,175.32556853,8.75813920,166.56742933
0.18163800,4.50151149,0.22464652,4.27686497,175.29487138,8.74803561,166.54683577
0.18213700,4.50071866,0.22439115,4.27632751,175.26399756,8.73809129,166.52590626
0.18263600,4.49992125,0.22413974,4.27578151,175.23294537,8.72830095,166.50464442
0.18313500,4.49911922,0.22389215,4.27522707,175.20171312,8.71865936,166.48305376
0.18363400,4.49831252,0.22364824,4.27466427,175.17029911,8.70916143,166.46113768
0.18413300,4.49750111,0.22340790,4.27409320,175.13870162,8.69980214,166.43889948
0.18463200,4.49668494,0.22317099,4.27351395,175.10691896,8.69057661,166.41634235
0.18513100,4.49586397,0.22293740,4.27292658,175.07494939,8.68148001,166.39346938
0.18563000,4.49503816,0.22270699,4.27233117,175.04279121,8.67250765,166.37028355
0.18612900,4.49420746,0.22247965,4.27172781,175.01044268,8.66365492,166.34678776
0.18662800,4.49337183,0.22225527,4.27111656,174.97790207,8.65491728,166.32298479
0.18712700,4.49253122,0.22203374,4.27049748,174.94516766,8.64629032,166.29887735
0.18762600,4.49168559,0.22181493,4.26987066,174.91223772,8.63776970,166.27446802
0.18812500,4.49083490,0.22159874,4.26923615,174.87911050,8.62935117,166.24975933
0.18862400,4.48997909,0.22138507,4.26859401,174.84578427,8.62103059,166.22475369
0.18912300,4.48911813,0.22117382,4.26794431,174.81225729,8.61280386,166.19945343
0.18962200,4.48825197,0.22096486,4.26728710,174.77852783,8.60466702,166.17386081
0.19012100,4.48738056,0.22075812,4.26662244,174.74459413,8.59661614,166.14797798
0.19062000,4.48650387,0.22055349,4.26595038,174.71045446,8.58864742,166.12180704
0.19111900,4.48562184,0.22035087,4.26527097,174.67610708,8.58075711,166.09534997
0.19161800,4.48473443,0.22015016,4.26458427,174.64155025,8.57294154,166.06860872
0.19211700,4.48384160,0.21995129,4.26389031,174.60678224,8.56519712,166.04158512
0.19261600,4.48294330,0.21975415,4.26318915,174.57180131,8.55752036,166.01428096
0.19311500,4.48203949,0.21955867,4.26248083,174.53660573,8.54990779,165.98669794
0.19361400,4.48113013,0.21936474,4.26176538,174.50119377,8.54235608,165.95883770
0.19411300,4.48021516,0.21917229,4.26104286,174.46556371,8.53486191,165.93070180
0.19461200,4.47929455,0.21898124,4.26031330,174.42971382,8.52742206,165.90229177
0.19511100,4.47836824,0.21879150,4.25957674,174.39364240,8.52003338,165.87360903
0.19561000,4.47743621,0.21860300,4.25883321,174.35734774,8.51269277,165.84465497
0.19610900,4.47649840,0.21841565,4.25808275,174.32082812,8.50539721,165.81543091
0.19660800,4.47555477,0.21822938,4.25732538,174.28408187,8.49814375,165.78593812
0.19710700,4.47460527,0.21804412,4.25656115,174.24710729,8.49092947,165.75617782
0.19760600,4.47364987,0.21785980,4.25579007,174.20990271,8.48375155,165.72615115
0.19810500,4.47268852,0.21767633,4.25501219,174.17246645,8.47660721,165.69585924
0.19860400,4.47172118,0.21749366,4.25422752,174.13479687,8.46949373,165.66530314
0.19910300,4.47074780,0.21731171,4.25343609,174.09689231,8.46240844,165.63448387
0.19960200,4.46976835,0.21713042,4.25263793,174.05875114,8.45534875,165.60340240
0.20010100,4.46878278,0.21694972,4.25183306,174.02037174,8.44831209,165.57205965
0.20060000,4.46779105,0.21676955,4.25102150,173.98175251,8.44129599,165.54045652
0.20109900,4.46679313,0.21658985,4.25020328,173.94289184,8.43429798,165.50859386
0.20159800,4.46578896,0.21641054,4.24937841,173.90378817,8.42731569,165.47647248
0.20209700,4.46477851,0.21623158,4.24854692,173.86443993,8.42034677,165.44409316
0.20259600,4.46376174,0.21605291,4.24770883,173.82484557,8.41338892,165.41145666
0.20309500,4.46273861,0.21587446,4.24686415,173.78500358,8.40643990,165.37856368
0.20359400,4.46170908,0.21569618,4.24601290,173.74491245,8.39949753,165.34541492
0.20409300,4.46067312,0.21551802,4.24515510,173.70457069,8.39255964,165.31201105
0.20459200,4.45963068,0.21533992,4.24429077,173.66397684,8.38562413,165.27835270
0.20509100,4.45858174,0.21516183,4.24341991,173.62312945,8.37868895,165.24444050
0.20559000,4.45752624,0.21498369,4.24254256,173.58202712,8.37175207,165.21027504
0.20608900,4.45646417,0.21480546,4.24165871,173.54066844,8.36481153,165.17585691
0.20658800,4.45539547,0.21462708,4.24076839,173.49905205,8.35786539,165.14118667
0.20708700,4.45432013,0.21444852,4.23987161,173.45717662,8.35091175,165.10626487
0.20758600,4.45323809,0.21426971,4.23896838,173.41504082,8.34394878,165.07109204
0.20808500,4.45214934,0.21409062,4.23805873,173.37264338,8.33697465,165.03566873
0.20858400,4.45105384,0.21391119,4.23714265,173.32998305,8.32998760,164.99999545
0.20908300,4.44995156,0.21373139,4.23622016,173.28705861,8.32298589,164.96407271
0.20958200,4.44884246,0.21355117,4.23529129,173.24386886,8.31596783,164.92790103
0.21008100,4.44772652,0.21337049,4.23435603,173.20041267,8.30893175,164.89148092
0.21058000,4.44660371,0.21318930,4.23341441,173.15668891,8.30187603,164.85481288
0.21107900,4.44547400,0.21300756,4.23246643,173.11269651,8.29479908,164.81789743
0.21157800,4.44433736,0.21282524,4.23151212,173.06843443,8.28769935,164.78073508
0.21207700,4.44319378,0.21264230,4.23055147,173.02390167,8.28057532,164.74332635
0.21257600,4.44204322,0.21245870,4.22958452,172.97909726,8.27342549,164.70567177
0.21307500,4.44088565,0.21227439,4.22861126,172.93402031,8.26624842,164.66777189
0.21357400,4.43972107,0.21208935,4.22763172,172.88866994,8.25904269,164.62962725
0.21407300,4.43854945,0.21190354,4.22664591,172.84304532,8.25180691,164.59123841
0.21457200,4.43737076,0.21171692,4.22565384,172.79714568,8.24453971,164.55260597
0.21507100,4.43618499,0.21152946,4.22465553,172.75097029,8.23723978,164.51373051
0.21557000,4.43499213,0.21134113,4.22365100,172.70451847,8.22990582,164.47461266
0.21606900,4.43379215,0.21115189,4.22264026,172.65778962,8.22253656,164.43525305
0.21656800,4.43258504,0.21096171,4.22162333,172.61078314,8.21513078,164.39565236
0.21706700,4.43137078,0.21077056,4.22060022,172.56349853,8.20768726,164.35581128
0.21756600,4.43014938,0.21057842,4.21957096,172.51593534,8.20020483,164.31573051
0.21806500,4.42892081,0.21038524,4.21853557,172.46809317,8.19268234,164.27541083
0.21856400,4.42768506,0.21019101,4.21749406,172.41997168,8.18511868,164.23485300
0.21906300,4.42644214,0.20999569,4.21644645,172.37157059,8.17751275,164.19405784
0.21956200,4.42519203,0.20979926,4.21539277,172.32288970,8.16986350,164.15302620
0.22006100,4.42393474,0.20960169,4.21433304,172.27392887,8.16216989,164.11175899
0.22056000,4.42267025,0.20940296,4.21326729,172.22468802,8.15443090,164.07025712
0.22105900,4.42139857,0.20920303,4.21219554,172.17516715,8.14664558,164.02852157
0.22155800,4.42011970,0.20900189,4.21111781,172.12536632,8.13881296,163.98655336
0.22205700,4.41883365,0.20879952,4.21003413,172.07528567,8.13093211,163.94435356
0.22255600,4.41754041,0.20859588,4.20894454,172.02492542,8.12300215,163.90192327
0.22305500,4.41624001,0.20839095,4.20784905,171.97428586,8.11502219,163.85926367
0.22355400,4.41493244,0.20818473,4.20674771,171.92336738,8.10699140,163.81637597
0.22405300,4.41361772,0.20797717,4.20564054,171.87217041,8.09890896,163.77326145
0.22455200,4.41229586,0.20776827,4.20452759,171.82069549,8.09077406,163.72992143
0.22505100,4.41096688,0.20755800,4.20340888,171.76894326,8.08258596,163.68635730
0.22555000,4.40963080,0.20734635,4.20228445,171.71691442,8.07434390,163.64257052
0.22604900,4.40828763,0.20713329,4.20115434,171.66460976,8.06604717,163.59856259
0.22654800,4.40693741,0.20691881,4.20001859,171.61203018,8.05769509,163.55433509
0.22704700,4.40558015,0.20670290,4.19887725,171.55917667,8.04928699,163.50988967
0.22754600,4.40421588,0.20648553,4.19773035,171.50605029,8.04082224,163.46522806
0.22804500,4.40284464,0.20626668,4.19657795,171.45265223,8.03230022,163.42035202
0.22854400,4.40146645,0.20604636,4.19542009,171.39898377,8.02372034,163.37526343
0.22904300,4.40008135,0.20582453,4.19425683,171.34504627,8.01508206,163.32996421
0.22954200,4.39868939,0.20560118,4.19308820,171.29084122,8.00638482,163.28445639
0.23004100,4.39729059,0.20537632,4.19191427,171.23637020,7.99762813,163.23874206
0.23054000,4.39588501,0.20514991,4.19073510,171.18163490,7.98881150,163.19282340
0.23103900,4.39447268,0.20492195,4.18955073,171.12663714,7.97993448,163.14670266
0.23153800,4.39305367,0.20469243,4.18836124,171.07137881,7.97099663,163.10038218
0.23203700,4.39162801,0.20446133,4.18716668,171.01586195,7.96199753,163.05386441
0.23253600,4.39019578,0.20422866,4.18596712,170.96008869,7.95293683,163.00715187
0.23303500,4.38875701,0.20399439,4.18476262,170.90406131,7.94381415,162.96024716
0.23353400,4.38731178,0.20375852,4.18355326,170.84778217,7.93462916,162.91315301
0.23403300,4.38586015,0.20352105,4.18233910,170.79125378,7.92538157,162.86587221
0.23453200,4.38440219,0.20328196,4.18112023,170.73447876,7.91607110,162.81840766
0.23503100,4.38293796,0.20304125,4.17989672,170.67745986,7.90669749,162.77076237
0.23553000,4.38146755,0.20279891,4.17866864,170.62019995,7.89726051,162.72293944
0.23602900,4.37999102,0.20255494,4.17743608,170.56270204,7.88775996,162.67494207
0.23652800,4.37850847,0.20230933,4.17619913,170.50496926,7.87819568,162.62677358
0.23702700,4.37701996,0.20206208,4.17495788,170.44700488,7.86856750,162.57843738
0.23752600,4.37552560,0.20181319,4.17371240,170.38881230,7.85887531,162.52993699
0.23802500,4.37402546,0.20156265,4.17246281,170.33039505,7.84911900,162.48127605
0.23852400,4.37251965,0.20131047,4.17120919,170.27175683,7.83929851,162.43245832
0.23902300,4.37100827,0.20105663,4.16995164,170.21290142,7.82941379,162.38348763
0.23952200,4.36949140,0.20080114,4.16869026,170.15383280,7.81946482,162.33436798
0.24002100,4.36796917,0.20054401,4.16742516,170.09455506,7.80945161,162.28510346
0.24052000,4.36644168,0.20028522,4.16615646,170.03507244,7.79937418,162.23569826
0.24101900,4.36490904,0.20002479,4.16488425,169.97538932,7.78923260,162.18615672
0.24151800,4.36337136,0.19976271,4.16360865,169.91551024,7.77902696,162.13648328
0.24201700,4.36182878,0.19949899,4.16232978,169.85543988,7.76875736,162.08668252
0.24251600,4.36028140,0.19923364,4.16104777,169.79518307,7.75842394,162.03675912
0.24301500,4.35872937,0.19896664,4.15976273,169.73474478,7.74802687,161.98671791
0.24351400,4.35717281,0.19869802,4.15847479,169.67413015,7.73756633,161.93656381
0.24401300,4.35561185,0.19842777,4.15718408,169.61334445,7.72704254,161.88630191
0.24451200,4.35404664,0.19815591,4.15589073,169.55239313,7.71645575,161.83593738
0.24501100,4.35247732,0.19788243,4.15459489,169.49128178,7.70580622,161.78547556
0.24551000,4.35090404,0.19760735,4.15329669,169.43001613,7.69509424,161.73492189
0.24600900,4.34932695,0.19733068,4.15199628,169.36860209,7.68432014,161.68428195
0.24650800,4.34774620,0.19705241,4.15069379,169.30704570,7.67348426,161.63356145
0.24700700,4.34616196,0.19677258,4.14938939,169.24535320,7.66258698,161.58276622
0.24750600,4.34457439,0.19649117,4.14808322,169.18353092,7.65162869,161.53190224
0.24800500,4.34298365,0.19620821,4.14677544,169.12158542,7.64060982,161.48097560
0.24850400,4.34138992,0.19592370,4.14546621,169.05952335,7.62953082,161.42999253
0.24900300,4.33979337,0.19563767,4.14415570,168.99735157,7.61839217,161.37895940
0.24950200,4.33819418,0.19535011,4.14284407,168.93507705,7.60719437,161.32788269
0.25000100,4.33659254,0.19506105,4.14153149,168.87270696,7.59593794,161.27676903
0.25050000,4.33498863,0.19477050,4.14021813,168.81024860,7.58462344,161.22562516
0.25099900,4.33338264,0.19447847,4.13890417,168.74770942,7.57325145,161.17445798
0.25149800,4.33177478,0.19418498,4.13758980,168.68509705,7.56182257,161.12327448
0.25199700,4.33016523,0.19389005,4.13627519,168.62241924,7.55033743,161.07208182
0.25249600,4.32855421,0.19359368,4.13496053,168.55968393,7.53879668,161.02088725
0.25299500,4.32694192,0.19329591,4.13364601,168.49689917,7.52720100,160.96969817
0.25349400,4.32532857,0.19299675,4.13233183,168.43407319,7.51555109,160.91852210
0.25399300,4.32371438,0.19269621,4.13101817,168.37121437,7.50384769,160.86736668
0.25449200,4.32209956,0.19239431,4.12970525,168.30833121,7.49209153,160.81623968
0.25499100,4.32048434,0.19209108,4.12839326,168.24543239,7.48028340,160.76514898
0.25549000,4.31886895,0.19178654,4.12708241,168.18252669,7.46842410,160.71410260
0.25598900,4.31725360,0.19148070,4.12577290,168.11962308,7.45651443,160.66310864
0.25648800,4.31563855,0.19117360,4.12446495,168.05673062,7.44455526,160.61217536
0.25698700,4.31402401,0.19086524,4.12315877,167.99385854,7.43254745,160.56131110
0.25748600,4.31241024,0.19055566,4.12185459,167.93101620,7.42049188,160.51052432
0.25798500,4.31079748,0.19024487,4.12055261,167.86821307,7.40838947,160.45982360
0.25848400,4.30918597,0.18993291,4.11925307,167.80545877,7.39624116,160.40921761
0.25898300,4.30757597,0.18961979,4.11795618,167.74276302,7.38404789,160.35871512
0.25948200,4.30596772,0.18930554,4.11666218,167.68013568,7.37181065,160.30832502
0.25998100,4.30436148,0.18899019,4.11537130,167.61758671,7.35953044,160.25805628
0.26048000,4.30275752,0.18867376,4.11408376,167.55512621,7.34720826,160.20791795
0.26097900,4.30115609,0.18835628,4.11279981,167.49276436,7.33484517,160.15791920
0.26147800,4.29955746,0.18803778,4.11151968,167.43051145,7.32244221,160.10806925
0.26197700,4.29796189,0.18771828,4.11024361,167.36837789,7.31000046,160.05837742
0.26247600,4.29636965,0.18739781,4.10897184,167.30637415,7.29752103,160.00885312
0.26297500,4.29478102,0.18707640,4.10770462,167.24451082,7.28500502,159.95950580
0.26347400,4.29319627,0.18675408,4.10644219,167.18279855,7.27245357,159.91034499
0.26397300,4.29161568,0.18643089,4.10518479,167.12124810,7.25986782,159.86138029
0.26447200,4.29003952,0.18610684,4.10393268,167.05987028,7.24724894,159.81262134
0.26497100,4.28846807,0.18578197,4.10268610,166.99867597,7.23459812,159.76407785
0.26547000,4.28690162,0.18545631,4.10144530,166.93767612,7.22191655,159.71575957
0.26596900,4.28534044,0.18512990,4.10021054,166.87688174,7.20920545,159.66767628
0.26646800,4.28378482,0.18480275,4.09898207,166.81630386,7.19646605,159.61983781
0.26696700,4.28223504,0.18447491,4.09776013,166.75595360,7.18369959,159.57225400
0.26746600,4.28069140,0.18414641,4.09654499,166.69584207,7.17090733,159.52493474
0.26796500,4.27915418,0.18381728,4.09533689,166.63598044,7.15809054,159.47788990
0.26846400,4.27762365,0.18348755,4.09413610,166.57637988,7.14525050,159.43112939
0.26896300,4.27610012,0.18315726,4.09294286,166.51705161,7.13238851,159.38466310
0.26946200,4.27458387,0.18282644,4.09175743,166.45800680,7.11950587,159.33850093
0.26996100,4.27307519,0.18249512,4.09058007,166.39925668,7.10660391,159.29265276
0.27046000,4.27157436,0.18216334,4.08941102,166.34081242,7.09368396,159.24712847
0.27095900,4.27008168,0.18183114,4.08825054,166.28268521,7.08074734,159.20193788
0.27145800,4.26859742,0.18149853,4.08709888,166.22488620,7.06779541,159.15709079
0.27195700,4.26712187,0.18116558,4.08595630,166.16742650,7.05482952,159.11259698
0.27245600,4.26565533,0.18083229,4.08482303,166.11031719,7.04185105,159.06846614
0.27295500,4.26419806,0.18049872,4.08369934,166.05356929,7.02886135,159.02470794
0.27345400,4.26275035,0.18016490,4.08258546,165.99719376,7.01586181,158.98133195
0.27395300,4.26131249,0.17983086,4.08148164,165.94120151,7.00285381,158.93834770
0.27445200,4.25988475,0.17949663,4.08038812,165.88560334,6.98983874,158.89576460
0.27495100,4.25846741,0.17916227,4.07930514,165.83040999,6.97681799,158.85359199
0.27545000,4.25706073,0.17882779,4.07823294,165.77563208,6.96379297,158.81183912
0.27594900,4.25566499,0.17849324,4.07717175,165.72128016,6.95076506,158.77051510
0.27644800,4.25428046,0.17815865,4.07612181,165.66736462,6.93773568,158.72962894
0.27694700,4.25290740,0.17782405,4.07508334,165.61389577,6.92470624,158.68918953
0.27744600,4.25154606,0.17748950,4.07405657,165.56088374,6.91167813,158.64920560
0.27794500,4.25019672,0.17715501,4.07304171,165.50833854,6.89865277,158.60968577
0.27844400,4.24885962,0.17682063,4.07203899,165.45627004,6.88563157,158.57063847
0.27894300,4.24753501,0.17648639,4.07104862,165.40468792,6.87261592,158.53207200
0.27944200,4.24622313,0.17615233,4.07007080,165.35360169,6.85960725,158.49399444
0.27994100,4.24492423,0.17581849,4.06910574,165.30302070,6.84660695,158.45641375
0.28044000,4.24363854,0.17548490,4.06815364,165.25295407,6.83361642,158.41933765
0.28093900,4.24236628,0.17515159,4.06721469,165.20341075,6.82063707,158.38277368
0.28143800,4.24110769,0.17481861,4.06628908,165.15439946,6.80767029,158.34672918
0.28193700,4.23986298,0.17448599,4.06537699,165.10592871,6.79471746,158.31121125
0.28243600,4.23863236,0.17415376,4.06447860,165.05800676,6.78177998,158.27622678
0.28293500,4.23741604,0.17382196,4.06359408,165.01064163,6.76885922,158.24178242
0.28343400,4.23621422,0.17349062,4.06272360,164.96384112,6.75595656,158.20788457
0.28393300,4.23502709,0.17315978,4.06186730,164.91761274,6.74307336,158.17453939
0.28443200,4.23385484,0.17282948,4.06102535,164.87196374,6.73021098,158.14175276
0.28493100,4.23269765,0.17249975,4.06019789,164.82690109,6.71737077,158.10953032
0.28543000,4.23155568,0.17217062,4.05938506,164.78243147,6.70455408,158.07787739
0.28592900,4.23042911,0.17184213,4.05858698,164.73856127,6.69176223,158.04679905
0.28642800,4.22931809,0.17151431,4.05780377,164.69529659,6.67899655,158.01630004
0.28692700,4.22822276,0.17118720,4.05703556,164.65264318,6.66625835,157.98638483
0.28742600,4.22714328,0.17086083,4.05628245,164.61060651,6.65354893,157.95705758
0.28792500,4.22607976,0.17053523,4.05554453,164.56919170,6.64086958,157.92832212
0.28842400,4.22503233,0.17021043,4.05482190,164.52840354,6.62822158,157.90018196
0.28892300,4.22400111,0.16988647,4.05411464,164.48824648,6.61560619,157.87264029
0.28942200,4.22298620,0.16956338,4.05342282,164.44872460,6.60302467,157.84569994
0.28992100,4.22198770,0.16924120,4.05274651,164.40984166,6.59047824,157.81936342
0.29042000,4.22100570,0.16891994,4.05208576,164.37160104,6.57796815,157.79363289
0.29091900,4.22004026,0.16859965,4.05144061,164.33400573,6.56549559,157.76851014
0.29141800,4.21909147,0.16828035,4.05081112,164.29705838,6.55306176,157.74399662
0.29191700,4.21815937,0.16796208,4.05019729,164.26076124,6.54066784,157.72009340
0.29241600,4.21724402,0.16764486,4.04959915,164.22511617,6.52831499,157.69680118
0.29291500,4.21634545,0.16732873,4.04901672,164.19012467,6.51600436,157.67412031
0.29341400,4.21546369,0.16701371,4.04844998,164.15578782,6.50373708,157.65205074
0.29391300,4.21459876,0.16669983,4.04789893,164.12210631,6.49151427,157.63059205
0.29441200,4.21375067,0.16638713,4.04736354,164.08908043,6.47933700,157.60974343
0.29491100,4.21291941,0.16607562,4.04684379,164.05671006,6.46720638,157.58950368
0.29541000,4.21210497,0.16576533,4.04633964,164.02499469,6.45512345,157.56987124
0.29590900,4.21130732,0.16545630,4.04585103,163.99393339,6.44308926,157.55084413
0.29640800,4.21052644,0.16514854,4.04537790,163.96352482,6.43110482,157.53242000
0.29690700,4.20976228,0.16484209,4.04492019,163.93376723,6.41917115,157.51459608
0.29740600,4.20901477,0.16453696,4.04447781,163.90465846,6.40728922,157.49736924
0.29790500,4.20828387,0.16423319,4.04405067,163.87619595,6.39546001,157.48073594
0.29840400,4.20756948,0.16393080,4.04363868,163.84837670,6.38368445,157.46469225
0.29890300,4.20687152,0.16362981,4.04324171,163.82119733,6.37196347,157.44923386
0.29940200,4.20618990,0.16333025,4.04285965,163.79465403,6.36029798,157.43435606
0.29990100,4.20552450,0.16303213,4.04249237,163.76874260,6.34868885,157.42005375
0.30040000,4.20487521,0.16273548,4.04213973,163.74345842,6.33713695,157.40632146
0.30089900,4.20424190,0.16244032,4.04180158,163.71879646,6.32564313,157.39315333
0.30139800,4.20362443,0.16214668,4.04147776,163.69475132,6.31420821,157.38054311
0.30189700,4.20302265,0.16185456,4.04116809,163.67131718,6.30283298,157.36848420
0.30239600,4.20243640,0.16156401,4.04087240,163.64848783,6.29151822,157.35696961
0.30289500,4.20186551,0.16127502,4.04059049,163.62625669,6.28026469,157.34599200
0.30339400,4.20130981,0.16098762,4.04032218,163.60461678,6.26907313,157.33554364
0.30389300,4.20076910,0.16070184,4.04006726,163.58356075,6.25794426,157.32561649
0.30439200,4.20024318,0.16041768,4.03982550,163.56308088,6.24687876,157.31620212
0.30489100,4.19973185,0.16013517,4.03959669,163.54316910,6.23587731,157.30729179
0.30539000,4.19923490,0.15985431,4.03938058,163.52381695,6.22494055,157.29887640
0.30588900,4.19875209,0.15957514,4.03917695,163.50501566,6.21406912,157.29094654
0.30638800,4.19828319,0.15929766,4.03898553,163.48675610,6.20326362,157.28349248
0.30688700,4.19782796,0.15902188,4.03880607,163.46902880,6.19252463,157.27650416
0.30738600,4.19738614,0.15874783,4.03863831,163.45182398,6.18185273,157.26997125
0.30788500,4.19695749,0.15847552,4.03848197,163.43513153,6.17124844,157.26388309
0.30838400,4.19654172,0.15820495,4.03833677,163.41894106,6.16071230,157.25822877
0.30888300,4.19613857,0.15793615,4.03820242,163.40324187,6.15024479,157.25299708
0.30938200,4.19574775,0.15766913,4.03807863,163.38802296,6.13984640,157.24817656
0.30988100,4.19536898,0.15740389,4.03796510,163.37327308,6.12951758,157.24375550
0.31038000,4.19500196,0.15714044,4.03786152,163.35898070,6.11925876,157.23972193
0.31087900,4.19464638,0.15687881,4.03776757,163.34513405,6.10907037,157.23606368
0.31137800,4.19430194,0.15661899,4.03768295,163.33172110,6.09895278,157.23276832
0.31187700,4.19396832,0.15636100,4.03760732,163.31872962,6.08890638,157.22982324
0.31237600,4.19364521,0.15610485,4.03754036,163.30614714,6.07893150,157.22721563
0.31287500,4.19333227,0.15585055,4.03748173,163.29396098,6.06902849,157.22493249
0.31337400,4.19302919,0.15559809,4.03743109,163.28215830,6.05919765,157.22296065
0.31387300,4.19273561,0.15534750,4.03738811,163.27072605,6.04943928,157.22128677
0.31437200,4.19245121,0.15509878,4.03735243,163.25965102,6.03975363,157.21989739
0.31487100,4.19217563,0.15485193,4.03732371,163.24891986,6.03014096,157.21877890
0.31537000,4.19190855,0.15460696,4.03730159,163.23851906,6.02060150,157.21791756
0.31586900,4.19164959,0.15436387,4.03728572,163.22843499,6.01113546,157.21729954
0.31636800,4.19139842,0.15412268,4.03727574,163.21865392,6.00174302,157.21691090
0.31686700,4.19115467,0.15388338,4.03727129,163.20916201,5.99242437,157.21673764
0.31736600,4.19091799,0.15364598,4.03727201,163.19994532,5.98317965,157.21676567
0.31786500,4.19068801,0.15341048,4.03727753,163.19098985,5.97400900,157.21698085
0.31836400,4.19046439,0.15317688,4.03728750,163.18228155,5.96491253,157.21736902
0.31886300,4.19024674,0.15294520,4.03730155,163.17380631,5.95589035,157.21791596
0.31936200,4.19003472,0.15271542,4.03731930,163.16554998,5.94694253,157.21860745
0.31986100,4.18982796,0.15248756,4.03734041,163.15749840,5.93806913,157.21942928
0.32036000,4.18962610,0.15226160,4.03736449,163.14963742,5.92927020,157.22036723
0.32085900,4.18942876,0.15203756,4.03739120,163.14195288,5.92054576,157.22140712
0.32135800,4.18923559,0.15181543,4.03742016,163.13443063,5.91189584,157.22253480
0.32185700,4.18904623,0.15159522,4.03745101,163.12705659,5.90332041,157.22373617
0.32235600,4.18886031,0.15137692,4.03748339,163.11981668,5.89481947,157.22499721
0.32285500,4.18867748,0.15116053,4.03751695,163.11269692,5.88639298,157.22630394
0.32335400,4.18849737,0.15094605,4.03755132,163.10568337,5.87804087,157.22764250
0.32385300,4.18831964,0.15073348,4.03758616,163.09876221,5.86976309,157.22899912
0.32435200,4.18814392,0.15052282,4.03762111,163.09191967,5.86155954,157.23036013
0.32485100,4.18796988,0.15031406,4.03765582,163.08514214,5.85343013,157.23171200
0.32535000,4.18779716,0.15010720,4.03768996,163.07841608,5.84537476,157.23304133
0.32584900,4.18762541,0.14990223,4.03772318,163.07172812,5.83739328,157.23433484
0.32634800,4.18745431,0.14969917,4.03775514,163.06506501,5.82948556,157.23557945
0.32684700,4.18728350,0.14949799,4.03778551,163.05841366,5.82165145,157.23676221
0.32734600,4.18711267,0.14929870,4.03781397,163.05176115,5.81389078,157.23787037
0.32784500,4.18694148,0.14910129,4.03784019,163.04509470,5.80620336,157.23889135
0.32834400,4.18676960,0.14890575,4.03786385,163.03840177,5.79858901,157.23981276
0.32884300,4.18659673,0.14871209,4.03788464,163.03166996,5.79104751,157.24062245
0.32934200,4.18642255,0.14852029,4.03790226,163.02488711,5.78357866,157.24130845
0.32984100,4.18624675,0.14833036,4.03791640,163.01804123,5.77618221,157.24185902
0.33034000,4.18606903,0.14814227,4.03792676,163.01112059,5.76885794,157.24226265
0.33083900,4.18588910,0.14795603,4.03793306,163.00411366,5.76160559,157.24250808
0.33133800,4.18570666,0.14777164,4.03793502,162.99700916,5.75442489,157.24258427
0.33183700,4.18552142,0.14758907,4.03793235,162.98979604,5.74731557,157.24248047
0.33233600,4.18533313,0.14740833,4.03792480,162.98246349,5.74027735,157.24218614
0.33283500,4.18514149,0.14722941,4.03791208,162.97500099,5.73330994,157.24169105
0.33333400,4.18494626,0.14705230,4.03789396,162.96739823,5.72641303,157.24098520
0.33383300,4.18474716,0.14687699,4.03787017,162.95964522,5.71958631,157.24005891
0.33433200,4.18454396,0.14670348,4.03784048,162.95173219,5.71282946,157.23890273
0.33483100,4.18433640,0.14653175,4.03780465,162.94364969,5.70614214,157.23750755
0.33533000,4.18412426,0.14636180,4.03776246,162.93538851,5.69952402,157.23586449
0.33582900,4.18390730,0.14619362,4.03771368,162.92693977,5.69297476,157.23396501
0.33632800,4.18368530,0.14602719,4.03765811,162.91829484,5.68649399,157.23180084
0.33682700,4.18345805,0.14586252,4.03759553,162.90944539,5.68008136,157.22936403
0.33732600,4.18322534,0.14569959,4.03752575,162.90038340,5.67373650,157.22664690
0.33782500,4.18298697,0.14553838,4.03744859,162.89110112,5.66745902,157.22364210
0.33832400,4.18274276,0.14537890,4.03736386,162.88159113,5.66124855,157.22034258
0.33882300,4.18249252,0.14522113,4.03727139,162.87184628,5.65510469,157.21674159
0.33932200,4.18223606,0.14506505,4.03717101,162.86185974,5.64902705,157.21283269
0.33982100,4.18197324,0.14491067,4.03706257,162.85162497,5.64301522,157.20860975
0.34032000,4.18170388,0.14475797,4.03694591,162.84113575,5.63706880,157.20406695
0.34081900,4.18142783,0.14460694,4.03682090,162.83038614,5.63118738,157.19919877
0.34131800,4.18114496,0.14445756,4.03668739,162.81937053,5.62537053,157.19400000
0.34181700,4.18085511,0.14430984,4.03654528,162.80808357,5.61961783,157.18846575
0.34231600,4.18055817,0.14416375,4.03639442,162.79652026,5.61392885,157.18259141
0.34281500,4.18025401,0.14401928,4.03623473,162.78467587,5.60830316,157.17637271
0.34331400,4.17994252,0.14387643,4.03606609,162.77254597,5.60274032,157.16980565
0.34381300,4.17962359,0.14373518,4.03588841,162.76012643,5.59723990,157.16288654
0.34431200,4.17929712,0.14359552,4.03570160,162.74741343,5.59180143,157.15561199
0.34481100,4.17896303,0.14345744,4.03550559,162.73440341,5.58642449,157.14797892
0.34531000,4.17862123,0.14332093,4.03530029,162.72109312,5.58110860,157.13998452
0.34580900,4.17827164,0.14318598,4.03508566,162.70747960,5.57585333,157.13162627
0.34630800,4.17791419,0.14305257,4.03486162,162.69356016,5.57065820,157.12290196
0.34680700,4.17754883,0.14292069,4.03462813,162.67933240,5.56552276,157.11380964
0.34730600,4.17717549,0.14279034,4.03438515,162.66479419,5.56044655,157.10434764
0.34780500,4.17679413,0.14266149,4.03413264,162.64994367,5.55542910,157.09451458
0.34830400,4.17640472,0.14253414,4.03387057,162.63477926,5.55046993,157.08430932
0.34880300,4.17600721,0.14240828,4.03359893,162.61929962,5.54556859,157.07373103
0.34930200,4.17560157,0.14228389,4.03331769,162.60350369,5.54072460,157.06277910
0.34980100,4.17518779,0.14216095,4.03302684,162.58739067,5.53593748,157.05145319
0.35030000,4.17476586,0.14203947,4.03272639,162.57095998,5.53120676,157.03975322
0.35079900,4.17433576,0.14191942,4.03241634,162.55421131,5.52653196,157.02767935
0.35129800,4.17389749,0.14180080,4.03209669,162.53714458,5.52191262,157.01523196
0.35179700,4.17345106,0.14168359,4.03176747,162.51975995,5.51734824,157.00241171
0.35229600,4.17299648,0.14156778,4.03142870,162.50205781,5.51283835,156.98921945
0.35279500,4.17253375,0.14145335,4.03108040,162.48403875,5.50838248,156.97565627
0.35329400,4.17206291,0.14134030,4.03072261,162.46570361,5.50398014,156.96172347
0.35379300,4.17158398,0.14122861,4.03035537,162.44705342,5.49963084,156.94742257
0.35429200,4.17109699,0.14111827,4.02997872,162.42808943,5.49533412,156.93275530
0.35479100,4.17060198,0.14100927,4.02959271,162.40881307,5.49108950,156.91772358
0.35529000,4.17009899,0.14090160,4.02919740,162.38922600,5.48689648,156.90232952
0.35578900,4.16958807,0.14079524,4.02879284,162.36933004,5.48275459,156.88657544
0.35628800,4.16906927,0.14069017,4.02837910,162.34912719,5.47866336,156.87046383
0.35678700,4.16854264,0.14058640,4.02795624,162.32861964,5.47462231,156.85399734
0.35728600,4.16800825,0.14048391,4.02752435,162.30780976,5.47063095,156.83717881
0.35778500,4.16746616,0.14038267,4.02708349,162.28670005,5.46668881,156.82001124
0.35828400,4.16691644,0.14028269,4.02663375,162.26529320,5.46279541,156.80249780
0.35878300,4.16635917,0.14018395,4.02617522,162.24359205,5.45895028,156.78464177
0.35928200,4.16579441,0.14008644,4.02570797,162.22159957,5.45515295,156.76644662
0.35978100,4.16522225,0.13999014,4.02523211,162.19931888,5.45140293,156.74791595
0.36028000,4.16464277,0.13989504,4.02474773,162.17675323,5.44769977,156.72905346
0.36077900,4.16405606,0.13980114,4.02425492,162.15390601,5.44404299,156.70986302
0.36127800,4.16346221,0.13970841,4.02375380,162.13078071,5.44043212,156.69034859
0.36177700,4.16286131,0.13961685,4.02324446,162.10738097,5.43686670,156.67051427
0.36227600,4.16225346,0.13952645,4.02272702,162.08371050,5.43334625,156.65036425
0.36277500,4.16163876,0.13943719,4.02220157,162.05977315,5.42987032,156.62990283
0.36327400,4.16101730,0.13934906,4.02166825,162.03557285,5.42643845,156.60913440
0.36377300,4.16038920,0.13926205,4.02112715,162.01111364,5.42305018,156.58806346
0.36427200,4.15975455,0.13917615,4.02057841,161.98639962,5.41970504,156.56669458
0.36477100,4.15911347,0.13909134,4.02002213,161.96143500,5.41640259,156.54503241
0.36527000,4.15846606,0.13900762,4.01945844,161.93622405,5.41314237,156.52308168
0.36576900,4.15781244,0.13892497,4.01888747,161.91077113,5.40992393,156.50084719
0.36626800,4.15715272,0.13884338,4.01830933,161.88508064,5.40674683,156.47833382
0.36676700,4.15648701,0.13876285,4.01772416,161.85915707,5.40361061,156.45554647
0.36726600,4.15581543,0.13868335,4.01713208,161.83300495,5.40051483,156.43249012
0.36776500,4.15513810,0.13860488,4.01653323,161.80662886,5.39745906,156.40916980
0.36826400,4.15445514,0.13852742,4.01592772,161.78003343,5.39444285,156.38559059
0.36876300,4.15376667,0.13845097,4.01531570,161.75322334,5.39146576,156.36175758
0.36926200,4.15307280,0.13837551,4.01469729,161.72620329,5.38852738,156.33767592
0.36976100,4.15237367,0.13830104,4.01407263,161.69897804,5.38562725,156.31335078
0.37026000,4.15166938,0.13822754,4.01344185,161.67155234,5.38276497,156.28878737
0.37075900,4.15096008,0.13815500,4.01280508,161.64393099,5.37994010,156.26399089
0.37125800,4.15024587,0.13808340,4.01216247,161.61611881,5.37715221,156.23896660
0.37175700,4.14952689,0.13801275,4.01151414,161.58812063,5.37440090,156.21371973
0.37225600,4.14880325,0.13794303,4.01086022,161.55994128,5.37168575,156.18825554
0.37275500,4.14807509,0.13787422,4.01020087,161.53158563,5.36900633,156.16257930
0.37325400,4.14734252,0.13780632,4.00953620,161.50305851,5.36636225,156.13669626
0.37375300,4.14660568,0.13773932,4.00886636,161.47436479,5.36375309,156.11061170
0.37425200,4.14586468,0.13767320,4.00819147,161.44550931,5.36117846,156.08433085
0.37475100,4.14511965,0.13760796,4.00751169,161.41649692,5.35863794,156.05785898
0.37525000,4.14437072,0.13754359,4.00682713,161.38733245,5.35613115,156.03120130
0.37574900,4.14361800,0.13748007,4.00613793,161.35802072,5.35365768,156.00436304
0.37624800,4.14286163,0.13741740,4.00544423,161.32856653,5.35121715,155.97734938
0.37674700,4.14210172,0.13735556,4.00474615,161.29897468,5.34880917,155.95016551
0.37724600,4.14133840,0.13729455,4.00404384,161.26924991,5.34643334,155.92281657
0.37774500,4.14057178,0.13723436,4.00333742,161.23939698,5.34408930,155.89530768
0.37824400,4.13980200,0.13717497,4.00262703,161.20942059,5.34177666,155.86764393
0.37874300,4.13902917,0.13711638,4.00191279,161.17932542,5.33949504,155.83983038
0.37924200,4.13825340,0.13705858,4.00119483,161.14911611,5.33724407,155.81187204
0.37974100,4.13747483,0.13700155,4.00047328,161.11879730,5.33502339,155.78377391
0.38024000,4.13669355,0.13694529,3.99974826,161.08837354,5.33283262,155.75554091
0.38073900,4.13590970,0.13688979,3.99901991,161.05784938,5.33067141,155.72717797
0.38123800,4.13512339,0.13683504,3.99828835,161.02722931,5.32853940,155.69868992
0.38173700,4.13433473,0.13678103,3.99755370,160.99651779,5.32643622,155.67008158
0.38223600,4.13354383,0.13672776,3.99681608,160.96571923,5.32436153,155.64135771
0.38273500,4.13275081,0.13667520,3.99607561,160.93483799,5.32231497,155.61252302
0.38323400,4.13195578,0.13662336,3.99533242,160.90387839,5.32029620,155.58358218
0.38373300,4.13115885,0.13657222,3.99458662,160.87284468,5.31830488,155.55453980
0.38423200,4.13036012,0.13652178,3.99383833,160.84174109,5.31634067,155.52540042
0.38473100,4.12955970,0.13647203,3.99308767,160.81057177,5.31440322,155.49616855
0.38523000,4.12875770,0.13642296,3.99233474,160.77934084,5.31249222,155.46684862
0.38572900,4.12795422,0.13637455,3.99157967,160.74805234,5.31060731,155.43744503
0.38622800,4.12714937,0.13632681,3.99082256,160.71671028,5.30874819,155.40796209
0.38672700,4.12634324,0.13627972,3.99006352,160.68531860,5.30691453,155.37840407
0.38722600,4.12553594,0.13623328,3.98930266,160.65388117,5.30510600,155.34877517
0.38772500,4.12472756,0.13618748,3.98854009,160.62240182,5.30332228,155.31907954
0.38822400,4.12391820,0.13614230,3.98777590,160.59088432,5.30156308,155.28932125
0.38872300,4.12310796,0.13609775,3.98701021,160.55933238,5.29982806,155.25950431
0.38922200,4.12229693,0.13605381,3.98624312,160.52774962,5.29811693,155.22963269
0.38972100,4.12148519,0.13601047,3.98547472,160.49613965,5.29642939,155.19971026
0.39022000,4.12067285,0.13596773,3.98470512,160.46450597,5.29476512,155.16974084
0.39071900,4.11985999,0.13592558,3.98393441,160.43285204,5.29312384,155.13972820
0.39121800,4.11904670,0.13588402,3.98316268,160.40118127,5.29150524,155.10967602
0.39171700,4.11823305,0.13584303,3.98239002,160.36949697,5.28990904,155.07958793
0.39221600,4.11741915,0.13580261,3.98161654,160.33780243,5.28833495,155.04946748
0.39271500,4.11660506,0.13576275,3.98084232,160.30610084,5.28678268,155.01931816
0.39321400,4.11579088,0.13572344,3.98006744,160.27439536,5.28525195,154.98914341
0.39371300,4.11497667,0.13568467,3.97929200,160.24268904,5.28374248,154.95894656
0.39421200,4.11416252,0.13564645,3.97851607,160.21098492,5.28225399,154.92873093
0.39471100,4.11334850,0.13560876,3.97773974,160.17928593,5.28078621,154.89849972
0.39521000,4.11253469,0.13557159,3.97696310,160.14759497,5.27933888,154.86825610
0.39570900,4.11172115,0.13553494,3.97618621,160.11591486,5.27791171,154.83800315
0.39620800,4.11090797,0.13549880,3.97540916,160.08424835,5.27650446,154.80774390
0.39670700,4.11009520,0.13546317,3.97463203,160.05259815,5.27511685,154.77748130
0.39720600,4.10928292,0.13542804,3.97385489,160.02096688,5.27374863,154.74721824
0.39770500,4.10847119,0.13539339,3.97307780,159.98935711,5.27239955,154.71695756
0.39820400,4.10766008,0.13535923,3.97230085,159.95777134,5.27106935,154.68670200
0.39870300,4.10684965,0.13532555,3.97152410,159.92621203,5.26975778,154.65645426
0.39920200,4.10603996,0.13529234,3.97074762,159.89468155,5.26846459,154.62621697
0.39970100,4.10523107,0.13525960,3.96997147,159.86318223,5.26718954,154.59599269
0.40020000,4.10442303,0.13522732,3.96919572,159.83171632,5.26593240,154.56578392
0.40069900,4.10361591,0.13519549,3.96842043,159.80028601,5.26469291,154.53559310
0.40119800,4.10280976,0.13516411,3.96764566,159.76889345,5.26347086,154.50542260
0.40169700,4.10200464,0.13513317,3.96687147,159.73754072,5.26226599,154.47527473
0.40219600,4.10120058,0.13510266,3.96609792,159.70622983,5.26107809,154.44515173
0.40269500,4.10039766,0.13507259,3.96532507,159.67496273,5.25990693,154.41505580
0.40319400,4.09959590,0.13504293,3.96455297,159.64374134,5.25875227,154.38498906
0.40369300,4.09879537,0.13501370,3.96378167,159.61256748,5.25761391,154.35495357
0.40419200,4.09799610,0.13498488,3.96301122,159.58144296,5.25649162,154.32495134
0.40469100,4.09719814,0.13495647,3.96224168,159.55036949,5.25538518,154.29498431
0.40519000,4.09640154,0.13492846,3.96147308,159.51934874,5.25429438,154.26505436
0.40568900,4.09560634,0.13490084,3.96070549,159.48838234,5.25321901,154.23516333
0.40618800,4.09481256,0.13487362,3.95993895,159.45747185,5.25215886,154.20531299
0.40668700,4.09402027,0.13484678,3.95917349,159.42661877,5.25111372,154.17550505
0.40718600,4.09322948,0.13482032,3.95840916,159.39582456,5.25008339,154.14574117
0.40768500,4.09244025,0.13479424,3.95764601,159.36509062,5.24906767,154.11602295
0.40818400,4.09165259,0.13476852,3.95688407,159.33441830,5.24806636,154.08635194
0.40868300,4.09086655,0.13474318,3.95612338,159.30380890,5.24707927,154.05672964
0.40918200,4.09008216,0.13471819,3.95536398,159.27326366,5.24610619,154.02715748
0.40968100,4.08929945,0.13469355,3.95460590,159.24278378,5.24514693,153.99763685
0.41018000,4.08851844,0.13466927,3.95384917,159.21237041,5.24420132,153.96816909
0.41067900,4.08773918,0.13464533,3.95309384,159.18202465,5.24326916,153.93875549
0.41117800,4.08696167,0.13462174,3.95233993,159.15174755,5.24235026,153.90939728
0.41167700,4.08618595,0.13459848,3.95158748,159.12154010,5.24144445,153.88009565
0.41217600,4.08541205,0.13457555,3.95083651,159.09140328,5.24055154,153.85085174
0.41267500,4.08463998,0.13455294,3.95008704,159.06133799,5.23967136,153.82166663
0.41317400,4.08386978,0.13453066,3.94933911,159.03134509,5.23880373,153.79254136
0.41367300,4.08310145,0.13450870,3.94859275,159.00142542,5.23794848,153.76347694
0.41417200,4.08233502,0.13448705,3.94784797,158.97157974,5.23710544,153.73447430
0.41467100,4.08157052,0.13446571,3.94710481,158.94180879,5.23627443,153.70553436
0.41517000,4.08080795,0.13444468,3.94636327,158.91211327,5.23545530,153.67665797
0.41566900,4.08004733,0.13442394,3.94562339,158.88249383,5.23464787,153.64784596
0.41616800,4.07928868,0.13440350,3.94488518,158.85295108,5.23385199,153.61909909
0.41666700,4.07853202,0.13438336,3.94414866,158.82348558,5.23306749,153.59041809
0.41716600,4.07777735,0.13436350,3.94341385,158.79409788,5.23229422,153.56180366
0.41766500,4.07702470,0.13434393,3.94268077,158.76478846,5.23153201,153.53325645
0.41816400,4.07627406,0.13432463,3.94194943,158.73555778,5.23078072,153.50477706
0.41866300,4.07552546,0.13430562,3.94121984,158.70640625,5.23004019,153.47636606
0.41916200,4.07477890,0.13428687,3.94049203,158.67733427,5.22931028,153.44802399
0.41966100,4.07403440,0.13426840,3.93976600,158.64834217,5.22859083,153.41975134
0.42016000,4.07329195,0.13425019,3.93904176,158.61943026,5.22788169,153.39154856
0.42065900,4.07255157,0.13423224,3.93831933,158.59059881,5.22718273,153.36341608
0.42115800,4.07181326,0.13421455,3.93759871,158.56184808,5.22649380,153.33535429
0.42165700,4.07107703,0.13419711,3.93687992,158.53317827,5.22581475,153.30736352
0.42215600,4.07034288,0.13417992,3.93616296,158.50458956,5.22514546,153.27944409
0.42265500,4.06961082,0.13416298,3.93544783,158.47608208,5.22448578,153.25159630
0.42315400,4.06888084,0.13414629,3.93473456,158.44765595,5.22383558,153.22382038
0.42365300,4.06815296,0.13412983,3.93402313,158.41931126,5.22319472,153.19611655
0.42415200,4.06742717,0.13411361,3.93331356,158.39104806,5.22256307,153.16848499
0.42465100,4.06670348,0.13409762,3.93260585,158.36286636,5.22194050,153.14092586
0.42515000,4.06598187,0.13408186,3.93190001,158.33476617,5.22132689,153.11343928
0.42564900,4.06526236,0.13406633,3.93119603,158.30674744,5.22072210,153.08602534
0.42614800,4.06454494,0.13405103,3.93049392,158.27881012,5.22012601,153.05868411
0.42664700,4.06382961,0.13403594,3.92979367,158.25095412,5.21953850,153.03141562
0.42714600,4.06311636,0.13402107,3.92909529,158.22317933,5.21895945,153.00421988
0.42764500,4.06240520,0.13400641,3.92839878,158.19548559,5.21838873,152.97709686
0.42814400,4.06169611,0.13399197,3.92770414,158.16787275,5.21782623,152.95004652
0.42864300,4.06098909,0.13397773,3.92701136,158.14034061,5.21727182,152.92306879
0.42914200,4.06028414,0.13396370,3.92632044,158.11288896,5.21672541,152.89616355
0.42964100,4.05958125,0.13394987,3.92563139,158.08551756,5.21618686,152.86933070
0.43014000,4.05888042,0.13393624,3.92494418,158.05822614,5.21565607,152.84257007
0.43063900,4.05818163,0.13392280,3.92425883,158.03101443,5.21513292,152.81588150
0.43113800,4.05748488,0.13390956,3.92357532,158.00388210,5.21461732,152.78926479
0.43163700,4.05679017,0.13389651,3.92289365,157.97682885,5.21410914,152.76271971
0.43213600,4.05609747,0.13388365,3.92221382,157.94985430,5.21360828,152.73624602
0.43263500,4.05540678,0.13387098,3.92153581,157.92295810,5.21311464,152.70984346
0.43313400,4.05471810,0.13385848,3.92085962,157.89613985,5.21262812,152.68351173
0.43363300,4.05403141,0.13384617,3.92018524,157.86939914,5.21214860,152.65725054
0.43413200,4.05334670,0.13383403,3.91951266,157.84273554,5.21167600,152.63105954
0.43463100,4.05266395,0.13382207,3.91884188,157.81614860,5.21121020,152.60493840
0.43513000,4.05198317,0.13381028,3.91817288,157.78963785,5.21075112,152.57888673
0.43562900,4.05130432,0.13379866,3.91750566,157.76320280,5.21029864,152.55290416
0.43612800,4.05062741,0.13378721,3.91684020,157.73684296,5.20985269,152.52699027
0.43662700,4.04995242,0.13377592,3.91617649,157.71055780,5.20941316,152.50114463
0.43712600,4.04927933,0.13376480,3.91551453,157.68434677,5.20897997,152.47536681
0.43762500,4.04860813,0.13375383,3.91485429,157.65820934,5.20855301,152.44965633
0.43812400,4.04793880,0.13374303,3.91419577,157.63214492,5.20813219,152.42401272
0.43862300,4.04727134,0.13373238,3.91353896,157.60615293,5.20771744,152.39843549
0.43912200,4.04660572,0.13372188,3.91288384,157.58023276,5.20730865,152.37292411
0.43962100,4.04594192,0.13371153,3.91223039,157.55438381,5.20690575,152.34747806
0.44012000,4.04527994,0.13370134,3.91157861,157.52860543,5.20650864,152.32209680
0.44061900,4.04461976,0.13369128,3.91092848,157.50289699,5.20611724,152.29677975
0.44111800,4.04396136,0.13368138,3.91027998,157.47725781,5.20573147,152.27152635
0.44161700,4.04330471,0.13367161,3.90963310,157.45168723,5.20535124,152.24633600
0.44211600,4.04264981,0.13366199,3.90898782,157.42618456,5.20497647,152.22120809
0.44261500,4.04199664,0.13365250,3.90834413,157.40074910,5.20460709,152.19614201
0.44311400,4.04134517,0.13364316,3.90770202,157.37538013,5.20424300,152.17113713
0.44361300,4.04069539,0.13363394,3.90706145,157.35007693,5.20388414,152.14619278
0.44411200,4.04004729,0.13362486,3.90642243,157.32483875,5.20353043,152.12130832
0.44461100,4.03940083,0.13361590,3.90578493,157.29966485,5.20318178,152.09648307
0.44511000,4.03875600,0.13360708,3.90514893,157.27455447,5.20283813,152.07171633
0.44560900,4.03811279,0.13359838,3.90451441,157.24950682,5.20249940,152.04700742
0.44610800,4.03747116,0.13358981,3.90388136,157.22452112,5.20216551,152.02235562
0.44660700,4.03683111,0.13358135,3.90324976,157.19959659,5.20183639,151.99776019
0.44710600,4.03619261,0.13357302,3.90261958,157.17473240,5.20151198,151.97322042
0.44760500,4.03555563,0.13356481,3.90199082,157.14992774,5.20119219,151.94873555
0.44810400,4.03492016,0.13355672,3.90136345,157.12518178,5.20087696,151.92430481
0.44860300,4.03428618,0.13354874,3.90073745,157.10049368,5.20056623,151.89992745
0.44910200,4.03365367,0.13354087,3.90011279,157.07586259,5.20025991,151.87560268
0.44960100,4.03302259,0.13353312,3.89948947,157.05128766,5.19995796,151.85132970
0.45010000,4.03239293,0.13352547,3.89886746,157.02676801,5.19966029,151.82710772
0.45059900,4.03176467,0.13351794,3.89824674,157.00230277,5.19936684,151.80293593
0.45109800,4.03113779,0.13351051,3.89762728,156.97789104,5.19907755,151.77881349
0.45159700,4.03051226,0.13350318,3.89700907,156.95353194,5.19879236,151.75473958
0.45209600,4.02988805,0.13349596,3.89639209,156.92922456,5.19851119,151.73071336
0.45259500,4.02926515,0.13348885,3.89577630,156.90496797,5.19823400,151.70673398
0.45309400,4.02864353,0.13348183,3.89516170,156.88076127,5.19796071,151.68280056
0.45359300,4.02802317,0.13347491,3.89454826,156.85660351,5.19769126,151.65891225
0.45409200,4.02740404,0.13346809,3.89393595,156.83249377,5.19742560,151.63506816
0.45459100,4.02678612,0.13346136,3.89332476,156.80843108,5.19716367,151.61126741
0.45509000,4.02616938,0.13345473,3.89271465,156.78441449,5.19690540,151.58750909
0.45558900,4.02555380,0.13344819,3.89210561,156.76044305,5.19665075,151.56379230
0.45608800,4.02493936,0.13344174,3.89149762,156.73651577,5.19639964,151.54011613
0.45658700,4.02432602,0.13343538,3.89089064,156.71263168,5.19615202,151.51647966
0.45708600,4.02371377,0.13342911,3.89028466,156.68878979,5.19590785,151.49288195
0.45758500,4.02310258,0.13342293,3.88967965,156.66498911,5.19566705,151.46932206
0.45808400,4.02249242,0.13341683,3.88907559,156.64122863,5.19542958,151.44579905
0.45858300,4.02188326,0.13341082,3.88847245,156.61750735,5.19519539,151.42231196
0.45908200,4.02127509,0.13340488,3.88787020,156.59382424,5.19496441,151.39885983
0.45958100,4.02066787,0.13339903,3.88726883,156.57017829,5.19473660,151.37544169
0.46008000,4.02006158,0.13339326,3.88666831,156.54656847,5.19451191,151.35205656
0.46057900,4.01945618,0.13338757,3.88606861,156.52299373,5.19429027,151.32870346
0.46107800,4.01885167,0.13338196,3.88546971,156.49945303,5.19407164,151.30538139
0.46157700,4.01824800,0.13337642,3.88487158,156.47594533,5.19385597,151.28208936
0.46207600,4.01764515,0.13337096,3.88427419,156.45246956,5.19364321,151.25882635
0.46257500,4.01704309,0.13336557,3.88367753,156.42902467,5.19343331,151.23559136
0.46307400,4.01644180,0.13336025,3.88308155,156.40560957,5.19322621,151.21238336
0.46357300,4.01584125,0.13335500,3.88248625,156.38222319,5.19302187,151.18920132
0.46407200,4.01524140,0.13334982,3.88189158,156.35886446,5.19282025,151.16604422
0.46457100,4.01464224,0.13334471,3.88129753,156.33553228,5.19262128,151.14291100
0.46507000,4.01404373,0.13333967,3.88070406,156.31222555,5.19242493,151.11980062
0.46556900,4.01344585,0.13333469,3.88011115,156.28894318,5.19223114,151.09671204
0.46606800,4.01284856,0.13332978,3.87951878,156.26568405,5.19203988,151.07364418
0.46656700,4.01225184,0.13332493,3.87892691,156.24244706,5.19185108,151.05059598
0.46706600,4.01165567,0.13332015,3.87833552,156.21923108,5.19166472,151.02756636
0.46756500,4.01106000,0.13331542,3.87774457,156.19603499,5.19148073,151.00455426
0.46806400,4.01046481,0.13331076,3.87715405,156.17285765,5.19129908,150.98155857
0.46856300,4.00987008,0.13330615,3.87656392,156.14969794,5.19111972,150.95857822
0.46906200,4.00927577,0.13330161,3.87597416,156.12655470,5.19094260,150.93561211
0.46956100,4.00868185,0.13329711,3.87538474,156.10342680,5.19076768,150.91265912
0.47006000,4.00808830,0.13329268,3.87479562,156.08031308,5.19059492,150.88971815
0.47055900,4.00749508,0.13328829,3.87420679,156.05721237,5.19042427,150.86678810
0.47105800,4.00690217,0.13328397,3.87361820,156.03412352,5.19025569,150.84386783
0.47155700,4.00630953,0.13327969,3.87302984,156.01104535,5.19008913,150.82095622
0.47205600,4.00571713,0.13327546,3.87244167,155.98797670,5.18992455,150.79805215
0.47255500,4.00512495,0.13327129,3.87185367,155.96491638,5.18976191,150.77515447
0.47305400,4.00453295,0.13326716,3.87126580,155.94186321,5.18960116,150.75226205
0.47355300,4.00394111,0.13326308,3.87067803,155.91881600,5.18944227,150.72937373
0.47405200,4.00334939,0.13325904,3.87009034,155.89577356,5.18928518,150.70648838
0.47455100,4.00275776,0.13325505,3.86950270,155.87273468,5.18912986,150.68360482
0.47505000,4.00216619,0.13325111,3.86891508,155.84969816,5.18897626,150.66072190
0.47554900,4.00157465,0.13324721,3.86832744,155.82666281,5.18882434,150.63783846
0.47604800,4.00098311,0.13324335,3.86773976,155.80362739,5.18867407,150.61495332
0.47654700,4.00039153,0.13323953,3.86715200,155.78059070,5.18852538,150.59206532
0.47704600,3.99979989,0.13323575,3.86656414,155.75755152,5.18837826,150.56917326
0.47754500,3.99920816,0.13323201,3.86597615,155.73450861,5.18823264,150.54627598
0.47804400,3.99861630,0.13322831,3.86538799,155.71146076,5.18808849,150.52337227
0.47854300,3.99802428,0.13322465,3.86479963,155.68840673,5.18794577,150.50046096
0.47904200,3.99743207,0.13322102,3.86421105,155.66534528,5.18780444,150.47754084
0.47954100,3.99683964,0.13321742,3.86362221,155.64227517,5.18766445,150.45461072
0.48004000,3.99624695,0.13321386,3.86303309,155.61919516,5.18752576,150.43166940
0.48053900,3.99565398,0.13321033,3.86244364,155.59610400,5.18738833,150.40871567
0.48103800,3.99506069,0.13320684,3.86185385,155.57300044,5.18725212,150.38574832
0.48153700,3.99446704,0.13320337,3.86126368,155.54988322,5.18711708,150.36276614
0.48203600,3.99387302,0.13319993,3.86067309,155.52675110,5.18698317,150.33976793
0.48253500,3.99327858,0.13319652,3.86008206,155.50360281,5.18685035,150.31675246
0.48303400,3.99268369,0.13319313,3.85949056,155.48043708,5.18671857,150.29371851
0.48353300,3.99208832,0.13318978,3.85889855,155.45725267,5.18658780,150.27066487
0.48403200,3.99149244,0.13318644,3.85830600,155.43404829,5.18645798,150.24759031
0.48453100,3.99089602,0.13318313,3.85771289,155.41082269,5.18632908,150.22449361
0.48503000,3.99029901,0.13317984,3.85711917,155.38757458,5.18620104,150.20137354
0.48552900,3.98970140,0.13317658,3.85652482,155.36430271,5.18607384,150.17822888
0.48602800,3.98910314,0.13317333,3.85592981,155.34100580,5.18594741,150.15505839
0.48652700,3.98850421,0.13317010,3.85533411,155.31768258,5.18582173,150.13186085
0.48702600,3.98790457,0.13316689,3.85473768,155.29433176,5.18569673,150.10863503
0.48752500,3.98730419,0.13316370,3.85414049,155.27095208,5.18557238,150.08537971
0.48802400,3.98670303,0.13316052,3.85354251,155.24754226,5.18544862,150.06209364
0.48852300,3.98610107,0.13315736,3.85294371,155.22410103,5.18532542,150.03877561
0.48902200,3.98549827,0.13315421,3.85234406,155.20062711,5.18520273,150.01542438
0.48952100,3.98489459,0.13315107,3.85174353,155.17711923,5.18508049,149.99203874
0.49002000,3.98429002,0.13314794,3.85114208,155.15357611,5.18495866,149.96861745
0.49051900,3.98368450,0.13314482,3.85053968,155.12999648,5.18483719,149.94515929
0.49101800,3.98307801,0.13314171,3.84993630,155.10637907,5.18471603,149.92166304
0.49151700,3.98247052,0.13313860,3.84933192,155.08272262,5.18459514,149.89812748
0.49201600,3.98186200,0.13313551,3.84872649,155.05902585,5.18447445,149.87455139
0.49251500,3.98125240,0.13313241,3.84811999,155.03528750,5.18435393,149.85093357
0.49301400,3.98064171,0.13312932,3.84751239,155.01150631,5.18423351,149.82727281
0.49351300,3.98002989,0.13312623,3.84690366,154.98768103,5.18411314,149.80356789
0.49401200,3.97941690,0.13312314,3.84629376,154.96381040,5.18399278,149.77981763
0.49451100,3.97880271,0.13312004,3.84568267,154.93989318,5.18387236,149.75602082
0.49501000,3.97818730,0.13311695,3.84507035,154.91592811,5.18375183,149.73217627
0.49550900,3.97757062,0.13311385,3.84445677,154.89191395,5.18363114,149.70828281
0.49600800,3.97695265,0.13311074,3.84384191,154.86784948,5.18351022,149.68433926
0.49650700,3.97633336,0.13310763,3.84322573,154.84373347,5.18338903,149.66034444
0.49700600,3.97571272,0.13310451,3.84260821,154.81956469,5.18326749,149.63629720
0.49750500,3.97509069,0.13310138,3.84198931,154.79534194,5.18314555,149.61219638
0.49800400,3.97446724,0.13309824,3.84136900,154.77106399,5.18302315,149.58804084
0.49850300,3.97384234,0.13309508,3.84074726,154.74672967,5.18290023,149.56382944
0.49900200,3.97321596,0.13309191,3.84012406,154.72233777,5.18277672,149.53956105
0.49950100,3.97258808,0.13308872,3.83949936,154.69788711,5.18265255,149.51523456
0.50000000,3.97195866,0.13308551,3.83887314,154.67337653,5.18252767,149.49084886
0.50049900,3.97132766,0.13308229,3.83824538,154.64880486,5.18240200,149.46640286
0.50099800,3.97069507,0.13307904,3.83761604,154.62417096,5.18227547,149.44189549
0.50149700,3.97006086,0.13307576,3.83698509,154.59947368,5.18214801,149.41732567
0.50199600,3.96942498,0.13307246,3.83635252,154.57471191,5.18201956,149.39269234
0.50249500,3.96878742,0.13306914,3.83571829,154.54988452,5.18189003,149.36799448
0.50299400,3.96814815,0.13306578,3.83508237,154.52499042,5.18175936,149.34323106
0.50349300,3.96750714,0.13306240,3.83444474,154.50002852,5.18162746,149.31840106
0.50399200,3.96686436,0.13305898,3.83380538,154.47499775,5.18149426,149.29350349
0.50449100,3.96621978,0.13305552,3.83316426,154.44989706,5.18135967,149.26853739
0.50499000,3.96557338,0.13305203,3.83252136,154.42472541,5.18122362,149.24350179
0.50548900,3.96492513,0.13304849,3.83187664,154.39948178,5.18108602,149.21839576
0.50598800,3.96427501,0.13304492,3.83123010,154.37416515,5.18094678,149.19321838
0.50648700,3.96362299,0.13304130,3.83058169,154.34877456,5.18080581,149.16796875
0.50698600,3.96296904,0.13303763,3.82993141,154.32330902,5.18066303,149.14264599
0.50748500,3.96231315,0.13303391,3.82927924,154.29776760,5.18051835,149.11724926
0.50798400,3.96165528,0.13303015,3.82862513,154.27214937,5.18037166,149.09177771
0.50848300,3.96099542,0.13302633,3.82796909,154.24645341,5.18022287,149.06623055
0.50898200,3.96033354,0.13302245,3.82731109,154.22067886,5.18007188,149.04060698
0.50948100,3.95966962,0.13301851,3.82665110,154.19482485,5.17991859,149.01490626
0.50998000,3.95900363,0.13301451,3.82598912,154.16889055,5.17976289,148.98912766
0.51047900,3.95833556,0.13301045,3.82532511,154.14287514,5.17960468,148.96327046
0.51097800,3.95766540,0.13300632,3.82465907,154.11677784,5.17944385,148.93733400
0.51147700,3.95699310,0.13300212,3.82399098,154.09059789,5.17928027,148.91131762
0.51197600,3.95631867,0.13299785,3.82332082,154.06433457,5.17911385,148.88522072
0.51247500,3.95564208,0.13299350,3.82264858,154.03798716,5.17894445,148.85904270
0.51297400,3.95496331,0.13298907,3.82197424,154.01155499,5.17877196,148.83278302
0.51347300,3.95428235,0.13298456,3.82129779,153.98503741,5.17859626,148.80644116
0.51397200,3.95359918,0.13297996,3.82061922,153.95843382,5.17841720,148.78001662
0.51447100,3.95291378,0.13297527,3.81993851,153.93174363,5.17823466,148.75350897
0.51497000,3.95222615,0.13297049,3.81925566,153.90496628,5.17804851,148.72691777
0.51546900,3.95153626,0.13296561,3.81857065,153.87810127,5.17785860,148.70024266
0.51596800,3.95084412,0.13296064,3.81788348,153.85114809,5.17766479,148.67348330
0.51646700,3.95014969,0.13295556,3.81719414,153.82410632,5.17746694,148.64663937
0.51696600,3.94945298,0.13295037,3.81650262,153.79697552,5.17726490,148.61971063
0.51746500,3.94875398,0.13294507,3.81580891,153.76975533,5.17705850,148.59269683
0.51796400,3.94805267,0.13293965,3.81511302,153.74244541,5.17684759,148.56559782
0.51846300,3.94734905,0.13293411,3.81441493,153.71504544,5.17663201,148.53841343
0.51896200,3.94664311,0.13292845,3.81371465,153.68755518,5.17641158,148.51114359
0.51946100,3.94593484,0.13292266,3.81301218,153.65997438,5.17618614,148.48378824
0.51996000,3.94522425,0.13291674,3.81230750,153.63230288,5.17595551,148.45634737
0.52045900,3.94451132,0.13291068,3.81160064,153.60454053,5.17571950,148.42882103
0.52095800,3.94379606,0.13290448,3.81089158,153.57668722,5.17547793,148.40120929
0.52145700,3.94307846,0.13289813,3.81018033,153.54874291,5.17523060,148.37351230
0.52195600,3.94235852,0.13289162,3.80946689,153.52070757,5.17497732,148.34573024
0.52245500,3.94163624,0.13288496,3.80875128,153.49258123,5.17471788,148.31786335
0.52295400,3.94091163,0.13287813,3.80803350,153.46436397,5.17445207,148.28991190
0.52345300,3.94018469,0.13287114,3.80731355,153.43605591,5.17417968,148.26187623
0.52395200,3.93945542,0.13286397,3.80659145,153.40765721,5.17390049,148.23375672
0.52445100,3.93872383,0.13285662,3.80586721,153.37916808,5.17361426,148.20555383
0.52495000,3.93798993,0.13284908,3.80514084,153.35058879,5.17332076,148.17726803
0.52544900,3.93725371,0.13284135,3.80441236,153.32191964,5.17301976,148.14889988
0.52594800,3.93651520,0.13283342,3.80368178,153.29316099,5.17271100,148.12044999
0.52644700,3.93577440,0.13282529,3.80294911,153.26431323,5.17239423,148.09191899
0.52694600,3.93503132,0.13281694,3.80221438,153.23537682,5.17206920,148.06330763
0.52744500,3.93428598,0.13280838,3.80147761,153.20635227,5.17173562,148.03461665
0.52794400,3.93353839,0.13279958,3.80073881,153.17724012,5.17139322,148.00584690
0.52844300,3.93278857,0.13279056,3.79999801,153.14804098,5.17104173,147.97699925
0.52894200,3.93203653,0.13278129,3.79925524,153.11875550,5.17068084,147.94807466
0.52944100,3.93128229,0.13277177,3.79851051,153.08938439,5.17031026,147.91907413
0.52994000,3.93052587,0.13276200,3.79776387,153.05992839,5.16992967,147.88999872
0.53043900,3.92976729,0.13275196,3.79701533,153.03038833,5.16953876,147.86084956
0.53093800,3.92900657,0.13274165,3.79626492,153.00076504,5.16913721,147.83162783
0.53143700,3.92824374,0.13273106,3.79551269,152.97105945,5.16872467,147.80233478
0.53193600,3.92747883,0.13272017,3.79475865,152.94127251,5.16830081,147.77297170
0.53243500,3.92671184,0.13270899,3.79400286,152.91140524,5.16786526,147.74353998
0.53293400,3.92594283,0.13269749,3.79324533,152.88145869,5.16741766,147.71404104
0.53343300,3.92517180,0.13268568,3.79248612,152.85143399,5.16695763,147.68447636
0.53393200,3.92439880,0.13267354,3.79172527,152.82133230,5.16648480,147.65484750
0.53443100,3.92362386,0.13266106,3.79096280,152.79115485,5.16599876,147.62515608
0.53493000,3.92284700,0.13264823,3.79019877,152.76090288,5.16549911,147.59540377
0.53542900,3.92206826,0.13263503,3.78943322,152.73057774,5.16498542,147.56559231
0.53592800,3.92128767,0.13262147,3.78866620,152.70018078,5.16445728,147.53572350
0.53642700,3.92050528,0.13260753,3.78789776,152.66971343,5.16391423,147.50579920
0.53692600,3.91972112,0.13259319,3.78712794,152.63917715,5.16335581,147.47582133
0.53742500,3.91893523,0.13257844,3.78635679,152.60857346,5.16278158,147.44579188
0.53792400,3.91814765,0.13256328,3.78558437,152.57790392,5.16219103,147.41571289
0.53842300,3.91735841,0.13254768,3.78481074,152.54717016,5.16158369,147.38558647
0.53892200,3.91656758,0.13253164,3.78403594,152.51637383,5.16095904,147.35541479
0.53942100,3.91577517,0.13251514,3.78326003,152.48551663,5.16031656,147.32520007
0.53992000,3.91498125,0.13249817,3.78248308,152.45460032,5.15965573,147.29494460
0.54041900,3.91418586,0.13248071,3.78170515,152.42362670,5.15897598,147.26465072
0.54091800,3.91338904,0.13246276,3.78092629,152.39259761,5.15827677,147.23432085
0.54141700,3.91259085,0.13244429,3.78014656,152.36151493,5.15755750,147.20395743
0.54191600,3.91179133,0.13242529,3.77936605,152.33038058,5.15681758,147.17356300
0.54241500,3.91099054,0.13240574,3.77858480,152.29919654,5.15605641,147.14314013
0.54291400,3.91018852,0.13238563,3.77780289,152.26796480,5.15527335,147.11269145
0.54341300,3.90938533,0.13236494,3.77702038,152.23668742,5.15446777,147.08221965
0.54391200,3.90858101,0.13234366,3.77623735,152.20536647,5.15363900,147.05172747
0.54441100,3.90777564,0.13232177,3.77545387,152.17400408,5.15278637,147.02121771
0.54491000,3.90696925,0.13229924,3.77467001,152.14260239,5.15190918,146.99069322
0.54540900,3.90616192,0.13227607,3.77388585,152.11116360,5.15100671,146.96015689
0.54590800,3.90535368,0.13225222,3.77310146,152.07968992,5.15007825,146.92961167
0.54640700,3.90454461,0.13222769,3.77231692,152.04818361,5.14912303,146.89906058
0.54690600,3.90373476,0.13220246,3.77153231,152.01664693,5.14814029,146.86850664
0.54740500,3.90292419,0.13217649,3.77074770,151.98508221,5.14712923,146.83795297
0.54790400,3.90211296,0.13214978,3.76996318,151.95349177,5.14608906,146.80740271
0.54840300,3.90130113,0.13212230,3.76917883,151.92187797,5.14501893,146.77685903
0.54890200,3.90048876,0.13209403,3.76839473,151.89024319,5.14391801,146.74632518
0.54940100,3.89967591,0.13206495,3.76761097,151.85858984,5.14278541,146.71580443
0.54990000,3.89886265,0.13203502,3.76682762,151.82692034,5.14162026,146.68530008
0.55039900,3.89804904,0.13200424,3.76604479,151.79523713,5.14042162,146.65481551
0.55089800,3.89723513,0.13197258,3.76526255,151.76354267,5.13918857,146.62435410
0.55139700,3.89642100,0.13194001,3.76448100,151.73183943,5.13792015,146.59391927
0.55189600,3.89560671,0.13190650,3.76370021,151.70012989,5.13661538,146.56351451
0.55239500,3.89479233,0.13187204,3.76292029,151.66841656,5.13527325,146.53314331
0.55289400,3.89397791,0.13183658,3.76214132,151.63670194,5.13389273,146.50280921
0.55339300,3.89316352,0.13180012,3.76136340,151.60498854,5.13247278,146.47251576
0.55389200,3.89234922,0.13176262,3.76058661,151.57327889,5.13101232,146.44226657
0.55439100,3.89153509,0.13172404,3.75981105,151.54157551,5.12951024,146.41206526
0.55489000,3.89072119,0.13168437,3.75903681,151.50988092,5.12796543,146.38191549
0.55538900,3.88990757,0.13164358,3.75826399,151.47819765,5.12637673,146.35182092
0.55588800,3.88909431,0.13160162,3.75749269,151.44652824,5.12474298,146.32178526
0.55638700,3.88828147,0.13155848,3.75672299,151.41487520,5.12306297,146.29181223
0.55688600,3.88746912,0.13151412,3.75595500,151.38324104,5.12133547,146.26190557
0.55738500,3.88665731,0.13146851,3.75518881,151.35162829,5.11955924,146.23206905
0.55788400,3.88584612,0.13142161,3.75442452,151.32003945,5.11773300,146.20230645
0.55838300,3.88503561,0.13137339,3.75366222,151.28847700,5.11585546,146.17262155
0.55888200,3.88422584,0.13132383,3.75290201,151.25694343,5.11392527,146.14301816
0.55938100,3.88341687,0.13127287,3.75214400,151.22544121,5.11194109,146.11350012
0.55988000,3.88260878,0.13122050,3.75138828,151.19397279,5.10990154,146.08407124
0.56037900,3.88180161,0.13116667,3.75063494,151.16254059,5.10780522,146.05473537
0.56087800,3.88099543,0.13111134,3.74988409,151.13114705,5.10565069,146.02549636
0.56137700,3.88019031,0.13105448,3.74913583,151.09979455,5.10343650,145.99635806
0.56187600,3.87938630,0.13099605,3.74839026,151.06848547,5.10116116,145.96732432
0.56237500,3.87858347,0.13093601,3.74764746,151.03722216,5.09882317,145.93839900
0.56287400,3.87778188,0.13087432,3.74690755,151.00600695,5.09642099,145.90958596
0.56337300,3.87698158,0.13081095,3.74617063,150.97484212,5.09395307,145.88088905
0.56387200,3.87618263,0.13074584,3.74543678,150.94372996,5.09141783,145.85231214
0.56437100,3.87538509,0.13067897,3.74470612,150.91267271,5.08881365,145.82385906
0.56487000,3.87458901,0.13061028,3.74397873,150.88167257,5.08613893,145.79553365
0.56536900,3.87379446,0.13053974,3.74325472,150.85073173,5.08339199,145.76733974
0.56586800,3.87300149,0.13046731,3.74253419,150.81985233,5.08057117,145.73928116
0.56636700,3.87221015,0.13039293,3.74181722,150.78903648,5.07767477,145.71136170
0.56686600,3.87142050,0.13031656,3.74110393,150.75828625,5.07470108,145.68358517
0.56736500,3.87063258,0.13023817,3.74039441,150.72760369,5.07164837,145.65595532
0.56786400,3.86984645,0.13015770,3.73968875,150.69699079,5.06851487,145.62847592
0.56836300,3.86906216,0.13007512,3.73898704,150.66644951,5.06529882,145.60115069
0.56886200,3.86827976,0.12999036,3.73828940,150.63598178,5.06199843,145.57398335
0.56936100,3.86749930,0.12990340,3.73759590,150.60558947,5.05861189,145.54697758
0.56986000,3.86672082,0.12981417,3.73690664,150.57527442,5.05513740,145.52013703
0.57035900,3.86594437,0.12972265,3.73622172,150.54503843,5.05157311,145.49346532
0.57085800,3.86516999,0.12962876,3.73554123,150.51488325,5.04791719,145.46696606
0.57135700,3.86439774,0.12953248,3.73486526,150.48481058,5.04416779,145.44064279
0.57185600,3.86362764,0.12943375,3.73419389,150.45482209,5.04032305,145.41449904
0.57235500,3.86285975,0.12933252,3.73352723,150.42491939,5.03638111,145.38853828
0.57285400,3.86209410,0.12922875,3.73286536,150.39510406,5.03234010,145.36276396
0.57335300,3.86133074,0.12912238,3.73220835,150.36537761,5.02819816,145.33717945
0.57385200,3.86056969,0.12901338,3.73155631,150.33574153,5.02395342,145.31178811
0.57435100,3.85981101,0.12890169,3.73090932,150.30619724,5.01960401,145.28659323
0.57485000,3.85905471,0.12878726,3.73026745,150.27674612,5.01514808,145.26159804
0.57534900,3.85830085,0.12867005,3.72963079,150.24738952,5.01058379,145.23680573
0.57584800,3.85754944,0.12855001,3.72899942,150.21812870,5.00590928,145.21221942
0.57634700,3.85680052,0.12842710,3.72837342,150.18896492,5.00112275,145.18784217
0.57684600,3.85605413,0.12830126,3.72775287,150.15989935,4.99622239,145.16367696
0.57734500,3.85531029,0.12817245,3.72713784,150.13093313,4.99120640,145.13972673
0.57784400,3.85456902,0.12804063,3.72652840,150.10206737,4.98607304,145.11599432
0.57834300,3.85383037,0.12790574,3.72592462,150.07330308,4.98082057,145.09248251
0.57884200,3.85309434,0.12776776,3.72532658,150.04464128,4.97544729,145.06919399
0.57934100,3.85236097,0.12762663,3.72473434,150.01608289,4.96995153,145.04613137
0.57984000,3.85163028,0.12748231,3.72414797,149.98762883,4.96433166,145.02329717
0.58033900,3.85090229,0.12733477,3.72356752,149.95927992,4.95858610,145.00069383
0.58083800,3.85017702,0.12718396,3.72299306,149.93103698,4.95271330,144.97832367
0.58133700,3.84945449,0.12702984,3.72242465,149.90290074,4.94671180,144.95618895
0.58183600,3.84873472,0.12687238,3.72186234,149.87487193,4.94058014,144.93429179
0.58233500,3.84801773,0.12671155,3.72130618,149.84695118,4.93431697,144.91263421
0.58283400,3.84730352,0.12654730,3.72075622,149.81913911,4.92792096,144.89121814
0.58333300,3.84659212,0.12637961,3.72021251,149.79143628,4.92139090,144.87004538
0.58383200,3.84588354,0.12620845,3.71967509,149.76384321,4.91472561,144.84911760
0.58433100,3.84517779,0.12603379,3.71914401,149.73636037,4.90792401,144.82843635
0.58483000,3.84447489,0.12585560,3.71861929,149.70898818,4.90098510,144.80800308
0.58532900,3.84377483,0.12567386,3.71810097,149.68172703,4.89390797,144.78781906
0.58582800,3.84307763,0.12548855,3.71758908,149.65457725,4.88669179,144.76788546
0.58632700,3.84238330,0.12529965,3.71708365,149.62753915,4.87933586,144.74820329
0.58682600,3.84169185,0.12510715,3.71658470,149.60061296,4.87183954,144.72877342
0.58732500,3.84100327,0.12491103,3.71609224,149.57379890,4.86420233,144.70959657
0.58782400,3.84031758,0.12471128,3.71560630,149.54709715,4.85642385,144.69067330
0.58832300,3.83963478,0.12450790,3.71512688,149.52050782,4.84850380,144.67200402
0.58882200,3.83895486,0.12430087,3.71465399,149.49403101,4.84044204,144.65358897
0.58932100,3.83827784,0.12409021,3.71418763,149.46766676,4.83223854,144.63542822
0.58982000,3.83760370,0.12387591,3.71372779,149.44141509,4.82389341,144.61752169
0.59031900,3.83693246,0.12365798,3.71327448,149.41527598,4.81540688,144.59986909
0.59081800,3.83626410,0.12343643,3.71282768,149.38924935,4.80677935,144.58246999
0.59131700,3.83559863,0.12321127,3.71238737,149.36333511,4.79801135,144.56532376
0.59181600,3.83493605,0.12298252,3.71195353,149.33753312,4.78910354,144.54842958
0.59231500,3.83427634,0.12275020,3.71152614,149.31184322,4.78005676,144.53178645
0.59281400,3.83361951,0.12251434,3.71110517,149.28626520,4.77087201,144.51539319
0.59331300,3.83296554,0.12227496,3.71069058,149.26079883,4.76155042,144.49924841
0.59381200,3.83231443,0.12203211,3.71028232,149.23544385,4.75209332,144.48335053
0.59431100,3.83166618,0.12178581,3.70988037,149.21019994,4.74250217,144.46769778
0.59481000,3.83102077,0.12153611,3.70948465,149.18506680,4.73277861,144.45228818
0.59530900,3.83037819,0.12128306,3.70909513,149.16004405,4.72292447,144.43711958
0.59580800,3.82973844,0.12102671,3.70871173,149.13513132,4.71294173,144.42218959
0.59630700,3.82910150,0.12076711,3.70833440,149.11032819,4.70283254,144.40749565
0.59680600,3.82846737,0.12050432,3.70796305,149.08563422,4.69259924,144.39303498
0.59730500,3.82783603,0.12023841,3.70759762,149.06104895,4.68224432,144.37880463
0.59780400,3.82720747,0.11996945,3.70723802,149.03657188,4.67177047,144.36480141
0.59830300,3.82658167,0.11969750,3.70688417,149.01220250,4.66118054,144.35102196
0.59880200,3.82595863,0.11942265,3.70653598,148.98794028,4.65047755,144.33746273
0.59930100,3.82533832,0.11914498,3.70619334,148.96378464,4.63966469,144.32411996
0.59980000,3.82472073,0.11886457,3.70585616,148.93973502,4.62874532,144.31098970
0.60029900,3.82410585,0.11858152,3.70552433,148.91579081,4.61772298,144.29806782
0.60079800,3.82349366,0.11829592,3.70519774,148.89195137,4.60660135,144.28535002
0.60129700,3.82288415,0.11800787,3.70487628,148.86821608,4.59538429,144.27283180
0.60179600,3.82227729,0.11771748,3.70455982,148.84458427,4.58407579,144.26050849
0.60229500,3.82167308,0.11742484,3.70424824,148.82105527,4.57268001,144.24837526
0.60279400,3.82107148,0.11713007,3.70394142,148.79762837,4.56120126,144.23642711
0.60329300,3.82047249,0.11683328,3.70363921,148.77430287,4.54964397,144.22465890
0.60379200,3.81987609,0.11653459,3.70334149,148.75107804,4.53801273,144.21306531
0.60429100,3.81928225,0.11623413,3.70304812,148.72795315,4.52631223,144.20164091
0.60479000,3.81869095,0.11593201,3.70275894,148.70492742,4.51454730,144.19038012
0.60528900,3.81810219,0.11562836,3.70247383,148.68200011,4.50272288,144.17927723
0.60578800,3.81751593,0.11532332,3.70219261,148.65917043,4.49084401,144.16832642
0.60628700,3.81693216,0.11501700,3.70191515,148.63643758,4.47891582,144.15752177
0.60678600,3.81635085,0.11470956,3.70164129,148.61380077,4.46694354,144.14685723
0.60728500,3.81577199,0.11440112,3.70137087,148.59125919,4.45493249,144.13632669
0.60778400,3.81519556,0.11409182,3.70110373,148.56881200,4.44288804,144.12592396
0.60828300,3.81462152,0.11378181,3.70083972,148.54645838,4.43081563,144.11564276
0.60878200,3.81404987,0.11347122,3.70057866,148.52419750,4.41872075,144.10547675
0.60928100,3.81348058,0.11316019,3.70032039,148.50202850,4.40660892,144.09541957
0.60978000,3.81291363,0.11284887,3.70006476,148.47995053,4.39448573,144.08546480
0.61027900,3.81234899,0.11253740,3.69981159,148.45796272,4.38235674,144.07560599
0.61077800,3.81178664,0.11222593,3.69956071,148.43606423,4.37022755,144.06583668
0.61127700,3.81122657,0.11191459,3.69931197,148.41425416,4.35810375,144.05615041
0.61177600,3.81066874,0.11160354,3.69906520,148.39253165,4.34599094,144.04654071
0.61227500,3.81011314,0.11129291,3.69882023,148.37089581,4.33389468,144.03700113
0.61277400,3.80955974,0.11098285,3.69857689,148.34934576,4.32182049,144.02752527
0.61327300,3.80900852,0.11067350,3.69833502,148.32788062,4.30977388,144.01810674
0.61377200,3.80845946,0.11036499,3.69809447,148.30649949,4.29776029,144.00873920
0.61427100,3.80791254,0.11005747,3.69785506,148.28520148,4.28578510,143.99941638
0.61477000,3.80736772,0.10975108,3.69761664,148.26398570,4.27385363,143.99013207
0.61526900,3.80682500,0.10944594,3.69737906,148.24285124,4.26197110,143.98088014
0.61576800,3.80628434,0.10914219,3.69714215,148.22179723,4.25014268,143.97165455
0.61626700,3.80574572,0.10883996,3.69690576,148.20082275,4.23837340,143.96244935
0.61676600,3.80520912,0.10853937,3.69666975,148.17992692,4.22666822,143.95325870
0.61726500,3.80467452,0.10824056,3.69643396,148.15910883,4.21503197,143.94407686
0.61776400,3.80414189,0.10794364,3.69619826,148.13836759,4.20346936,143.93489823
0.61826300,3.80361122,0.10764872,3.69596250,148.11770231,4.19198498,143.92571733
0.61876200,3.80308247,0.10735593,3.69572654,148.09711209,4.18058328,143.91652881
0.61926100,3.80255562,0.10706537,3.69549025,148.07659604,4.16926858,143.90732746
0.61976000,3.80203066,0.10677715,3.69525350,148.05615328,4.15804505,143.89810823
0.62025900,3.80150756,0.10649138,3.69501617,148.03578292,4.14691670,143.88886622
0.62075800,3.80098629,0.10620815,3.69477813,148.01548407,4.13588739,143.87959668
0.62125700,3.80046683,0.10592756,3.69453927,147.99525586,4.12496084,143.87029502
0.62175600,3.79994917,0.10564970,3.69429947,147.97509740,4.11414058,143.86095682
0.62225500,3.79943328,0.10537466,3.69405862,147.95500783,4.10342999,143.85157784
0.62275400,3.79891913,0.10510251,3.69381662,147.93498628,4.09283227,143.84215400
0.62325300,3.79840671,0.10483334,3.69357337,147.91503187,4.08235047,143.83268140
0.62375200,3.79789599,0.10456723,3.69332876,147.89514375,4.07198745,143.82315630
0.62425100,3.79738695,0.10430423,3.69308272,147.87532107,4.06174590,143.81357517
0.62475000,3.79687957,0.10404441,3.69283516,147.85556297,4.05162834,143.80393462
0.62524900,3.79637382,0.10378784,3.69258599,147.83586860,4.04163712,143.79423147
0.62574800,3.79586970,0.10353457,3.69233513,147.81623713,4.03177441,143.78446271
0.62624700,3.79536716,0.10328465,3.69208251,147.79666772,4.02204221,143.77462550
0.62674600,3.79486620,0.10303813,3.69182807,147.77715953,4.01244235,143.76471718
0.62724500,3.79436678,0.10279505,3.69157174,147.75771176,4.00297648,143.75473527
0.62774400,3.79386890,0.10255545,3.69131346,147.73832357,3.99364611,143.74467746
0.62824300,3.79337253,0.10231936,3.69105317,147.71899415,3.98445254,143.73454162
0.62874200,3.79287765,0.10208681,3.69079083,147.69972271,3.97539694,143.72432577
0.62924100,3.79238423,0.10185784,3.69052639,147.68050843,3.96648033,143.71402811
0.62974000,3.79189226,0.10163245,3.69025981,147.66135054,3.95770353,143.70364701
0.63023900,3.79140172,0.10141068,3.68999104,147.64224823,3.94906725,143.69318099
0.63073800,3.79091259,0.10119252,3.68972007,147.62320074,3.94057202,143.68262872
0.63123700,3.79042484,0.10097800,3.68944684,147.60420728,3.93221824,143.67198904
0.63173600,3.78993846,0.10076712,3.68917135,147.58526710,3.92400617,143.66126092
0.63223500,3.78945344,0.10055988,3.68889356,147.56637943,3.91593593,143.65044350
0.63273400,3.78896974,0.10035628,3.68861346,147.54754352,3.90800750,143.63953602
0.63323300,3.78848735,0.10015632,3.68833103,147.52875862,3.90022073,143.62853789
0.63373200,3.78800625,0.09995999,3.68804626,147.51002401,3.89257537,143.61744864
0.63423100,3.78752642,0.09976728,3.68775915,147.49133895,3.88507103,143.60626792
0.63473000,3.78704785,0.09957818,3.68746967,147.47270271,3.87770721,143.59499550
0.63522900,3.78657051,0.09939267,3.68717785,147.45411458,3.87048330,143.58363129
0.63572800,3.78609439,0.09921074,3.68688366,147.43557386,3.86339859,143.57217527
0.63622700,3.78561947,0.09903236,3.68658712,147.41707983,3.85645227,143.56062756
0.63672600,3.78514574,0.09885751,3.68628823,147.39863182,3.84964345,143.54898837
0.63722500,3.78467316,0.09868617,3.68598700,147.38022913,3.84297111,143.53725801
0.63772400,3.78420173,0.09851830,3.68568343,147.36187108,3.83643420,143.52543687
0.63822300,3.78373143,0.09835388,3.68537755,147.34355700,3.83003156,143.51352544
0.63872200,3.78326225,0.09819288,3.68506937,147.32528623,3.82376194,143.50152429
0.63922100,3.78279415,0.09803526,3.68475889,147.30705812,3.81762406,143.48943406
0.63972000,3.78232714,0.09788099,3.68444615,147.28887202,3.81161655,143.47725547
0.64021900,3.78186119,0.09773003,3.68413116,147.27072728,3.80573798,143.46498930
0.64071800,3.78139629,0.09758234,3.68381394,147.25262327,3.79998688,143.45263640
0.64121700,3.78093241,0.09743789,3.68349452,147.23455937,3.79436170,143.44019767
0.64171600,3.78046955,0.09729663,3.68317292,147.21653496,3.78886088,143.42767409
0.64221500,3.78000769,0.09715853,3.68284916,147.19854943,3.78348278,143.41506666
0.64271400,3.77954681,0.09702353,3.68252328,147.18060218,3.77822574,143.40237644
0.64321300,3.77908690,0.09689159,3.68219531,147.16269261,3.77308807,143.38960453
0.64371200,3.77862794,0.09676268,3.68186526,147.14482013,3.76806804,143.37675208
0.64421100,3.77816992,0.09663674,3.68153317,147.12698416,3.76316390,143.36382026
0.64471000,3.77771282,0.09651374,3.68119908,147.10918413,3.75837385,143.35081028
0.64520900,3.77725663,0.09639361,3.68086302,147.09141947,3.75369610,143.33772338
0.64570800,3.77680133,0.09627633,3.68052501,147.07368963,3.74912882,143.32456081
0.64620700,3.77634692,0.09616183,3.68018509,147.05599405,3.74467019,143.31132386
0.64670600,3.77589337,0.09605008,3.67984329,147.03833219,3.74031836,143.29801383
0.64720500,3.77544067,0.09594102,3.67949965,147.02070352,3.73607147,143.28463205
0.64770400,3.77498881,0.09583461,3.67915420,147.00310750,3.73192766,143.27117984
0.64820300,3.77453777,0.09573080,3.67880698,146.98554360,3.72788507,143.25765854
0.64870200,3.77408755,0.09562953,3.67845802,146.96801133,3.72394183,143.24406950
0.64920100,3.77363813,0.09553078,3.67810735,146.95051016,3.72009607,143.23041409
0.64970000,3.77318949,0.09543447,3.67775501,146.93303960,3.71634594,143.21669365
0.65019900,3.77274162,0.09534058,3.67740104,146.91559914,3.71268958,143.20290956
0.65069800,3.77229452,0.09524905,3.67704547,146.89818832,3.70912514,143.18906318
0.65119700,3.77184816,0.09515983,3.67668834,146.88080663,3.70565078,143.17515585
0.65169600,3.77140255,0.09507287,3.67632967,146.86345361,3.70226467,143.16118895
0.65219500,3.77095765,0.09498814,3.67596951,146.84612880,3.69896499,143.14716381
0.65269400,3.77051347,0.09490558,3.67560789,146.82883172,3.69574995,143.13308177
0.65319300,3.77006998,0.09482514,3.67524484,146.81156194,3.69261775,143.11894418
0.65369200,3.76962719,0.09474679,3.67488040,146.79431899,3.68956663,143.10475236
0.65419100,3.76918508,0.09467048,3.67451460,146.77710244,3.68659482,143.09050762
0.65469000,3.76874363,0.09459615,3.67414747,146.75991185,3.68370060,143.07621125
0.65518900,3.76830284,0.09452378,3.67377906,146.74274679,3.68088225,143.06186455
0.65568800,3.76786269,0.09445331,3.67340938,146.72560685,3.67813807,143.04746878
0.65618700,3.76742317,0.09438470,3.67303847,146.70849161,3.67546639,143.03302522
0.65668600,3.76698428,0.09431791,3.67266637,146.69140065,3.67286557,143.01853508
0.65718500,3.76654601,0.09425290,3.67229311,146.67433358,3.67033396,143.00399961
0.65768400,3.76610833,0.09418963,3.67191871,146.65728999,3.66786998,142.98942001
0.65818300,3.76567125,0.09412805,3.67154320,146.64026950,3.66547203,142.97479747
0.65868200,3.76523476,0.09406813,3.67116663,146.62327171,3.66313855,142.96013316
0.65918100,3.76479883,0.09400982,3.67078901,146.60629625,3.66086803,142.94542822
0.65968000,3.76436347,0.09395309,3.67041038,146.58934275,3.65865894,142.93068381
0.66017900,3.76392867,0.09389790,3.67003076,146.57241083,3.65650981,142.91590102
0.66067800,3.76349441,0.09384422,3.66965019,146.55550013,3.65441918,142.90108095
0.66117700,3.76306068,0.09379200,3.66926869,146.53861030,3.65238562,142.88622468
0.66167600,3.76262748,0.09374120,3.66888628,146.52174098,3.65040772,142.87133325
0.66217500,3.76219480,0.09369181,3.66850300,146.50489183,3.64848411,142.85640771
0.66267400,3.76176263,0.09364377,3.66811886,146.48806250,3.64661344,142.84144906
0.66317300,3.76133096,0.09359706,3.66773391,146.47125266,3.64479437,142.82645830
0.66367200,3.76089978,0.09355163,3.66734815,146.45446199,3.64302560,142.81143639
0.66417100,3.76046909,0.09350747,3.66696162,146.43769014,3.64130586,142.79638428
0.66467000,3.76003887,0.09346454,3.66657433,146.42093681,3.63963390,142.78130291
0.66516900,3.75960911,0.09342280,3.66618632,146.40420168,3.63800850,142.76619318
0.66566800,3.75917982,0.09338222,3.66579760,146.38748444,3.63642845,142.75105599
0.66616700,3.75875098,0.09334278,3.66540820,146.37078478,3.63489258,142.73589220
0.66666600,3.75832258,0.09330445,3.66501814,146.35410240,3.63339975,142.72070265
0.66716500,3.75789462,0.09326719,3.66462744,146.33743701,3.63194883,142.70548818
0.66766400,3.75746709,0.09323098,3.66423611,146.32078832,3.63053872,142.69024960
0.66816300,3.75703998,0.09319578,3.66384419,146.30415604,3.62916835,142.67498768
0.66866200,3.75661328,0.09316159,3.66345169,146.28753988,3.62783667,142.65970321
0.66916100,3.75618699,0.09312836,3.66305863,146.27093957,3.62654265,142.64439693
0.66966000,3.75576110,0.09309607,3.66266503,146.25435485,3.62528528,142.62906956
0.67015900,3.75533560,0.09306470,3.66227091,146.23778543,3.62406359,142.61372184
0.67065800,3.75491049,0.09303421,3.66187628,146.22123106,3.62287662,142.59835443
0.67115700,3.75448576,0.09300460,3.66148116,146.20469147,3.62172344,142.58296803
0.67165600,3.75406140,0.09297583,3.66108557,146.18816641,3.62060313,142.56756329
0.67215500,3.75363741,0.09294788,3.66068953,146.17165564,3.61951480,142.55214084
0.67265400,3.75321378,0.09292074,3.66029305,146.15515889,3.61845758,142.53670131
0.67315300,3.75279051,0.09289436,3.65989614,146.13867594,3.61743063,142.52124531
0.67365200,3.75236758,0.09286875,3.65949883,146.12220653,3.61643311,142.50577342
0.67415100,3.75194499,0.09284387,3.65910112,146.10575044,3.61546422,142.49028622
0.67465000,3.75152274,0.09281970,3.65870304,146.08930744,3.61452318,142.47478426
0.67514900,3.75110082,0.09279623,3.65830459,146.07287729,3.61360921,142.45926808
0.67564800,3.75067922,0.09277344,3.65790579,146.05645977,3.61272157,142.44373820
0.67614700,3.75025795,0.09275130,3.65750665,146.04005466,3.61185952,142.42819514
0.67664600,3.74983698,0.09272980,3.65710718,146.02366175,3.61102237,142.41263939
0.67714500,3.74941632,0.09270893,3.65670740,146.00728082,3.61020940,142.39707142
0.67764400,3.74899597,0.09268865,3.65630732,145.99091167,3.60941996,142.38149171
0.67814300,3.74857591,0.09266897,3.65590695,145.97455409,3.60865338,142.36590071
0.67864200,3.74815615,0.09264985,3.65550630,145.95820787,3.60790902,142.35029885
0.67914100,3.74773667,0.09263129,3.65510538,145.94187281,3.60718625,142.33468656
0.67964000,3.74731747,0.09261327,3.65470420,145.92554873,3.60648448,142.31906425
0.68013900,3.74689855,0.09259577,3.65430278,145.90923543,3.60580310,142.30343233
0.68063800,3.74647991,0.09257878,3.65390112,145.89293272,3.60514155,142.28779117
0.68113700,3.74606152,0.09256229,3.65349923,145.87664041,3.60449926,142.27214115
0.68163600,3.74564341,0.09254628,3.65309713,145.86035833,3.60387569,142.25648264
0.68213500,3.74522555,0.09253073,3.65269481,145.84408628,3.60327030,142.24081598
0.68263400,3.74480794,0.09251564,3.65229230,145.82782411,3.60268258,142.22514152
0.68313300,3.74439058,0.09250099,3.65188959,145.81157162,3.60211203,142.20945959
0.68363200,3.74397347,0.09248676,3.65148670,145.79532866,3.60155815,142.19377050
0.68413100,3.74355659,0.09247296,3.65108364,145.77909504,3.60102048,142.17807457
0.68463000,3.74313996,0.09245955,3.65068040,145.76287062,3.60049854,142.16237208
0.68512900,3.74272355,0.09244654,3.65027701,145.74665523,3.59999188,142.14666334
0.68562800,3.74230737,0.09243391,3.64987346,145.73044870,3.59950008,142.13094862
0.68612700,3.74189142,0.09242165,3.64946976,145.71425088,3.59902269,142.11522819
0.68662600,3.74147568,0.09240976,3.64906593,145.69806162,3.59855932,142.09950230
0.68712500,3.74106016,0.09239821,3.64866196,145.68188076,3.59810955,142.08377122
0.68762400,3.74064486,0.09238699,3.64825786,145.66570817,3.59767298,142.06803518
0.68812300,3.74022976,0.09237611,3.64785365,145.64954368,3.59724925,142.05229442
0.68862200,3.73981487,0.09236555,3.64744931,145.63338716,3.59683799,142.03654917
0.68912100,3.73940017,0.09235530,3.64704487,145.61723846,3.59643882,142.02079965
0.68962000,3.73898568,0.09234535,3.64664032,145.60109746,3.59605140,142.00504606
0.69011900,3.73857138,0.09233570,3.64623568,145.58496400,3.59567539,141.98928862
0.69061800,3.73815726,0.09232633,3.64583094,145.56883796,3.59531046,141.97352751
0.69111700,3.73774334,0.09231723,3.64542611,145.55271921,3.59495628,141.95776293
0.69161600,3.73732960,0.09230840,3.64502120,145.53660762,3.59461255,141.94199506
0.69211500,3.73691604,0.09229984,3.64461620,145.52050305,3.59427897,141.92622408
0.69261400,3.73650266,0.09229152,3.64421113,145.50440539,3.59395522,141.91045016
0.69311300,3.73608945,0.09228346,3.64380599,145.48831451,3.59364104,141.89467347
0.69361200,3.73567641,0.09227563,3.64340079,145.47223029,3.59333614,141.87889415
0.69411100,3.73526354,0.09226803,3.64299552,145.45615261,3.59304024,141.86311236
0.69461000,3.73485084,0.09226065,3.64259019,145.44008136,3.59275310,141.84732826
0.69510900,3.73443830,0.09225350,3.64218480,145.42401642,3.59247444,141.83154197
0.69560800,3.73402591,0.09224655,3.64177936,145.40795768,3.59220403,141.81575365
0.69610700,3.73361369,0.09223981,3.64137387,145.39190502,3.59194162,141.79996340
0.69660600,3.73320161,0.09223328,3.64096834,145.37585835,3.59168697,141.78417138
0.69710500,3.73278969,0.09222693,3.64056276,145.35981755,3.59143987,141.76837768
0.69760400,3.73237792,0.09222077,3.64015715,145.34378252,3.59120009,141.75258244
0.69810300,3.73196629,0.09221480,3.63975149,145.32775316,3.59096740,141.73678575
0.69860200,3.73155480,0.09220900,3.63934581,145.31172936,3.59074162,141.72098774
0.69910100,3.73114346,0.09220337,3.63894009,145.29571102,3.59052253,141.70518850
0.69960000,3.73073225,0.09219791,3.63853434,145.27969806,3.59030993,141.68938812
0.70009900,3.73032118,0.09219262,3.63812856,145.26369036,3.59010364,141.67358672
0.70059800,3.72991024,0.09218748,3.63772276,145.24768784,3.58990347,141.65778437
0.70109700,3.72949943,0.09218249,3.63731694,145.23169041,3.58970924,141.64198117
0.70159600,3.72908875,0.09217765,3.63691110,145.21569797,3.58952077,141.62617720
0.70209500,3.72867820,0.09217295,3.63650525,145.19971044,3.58933790,141.61037254
0.70259400,3.72826777,0.09216840,3.63609937,145.18372772,3.58916046,141.59456726
0.70309300,3.72785746,0.09216397,3.63569348,145.16774973,3.58898829,141.57876144
0.70359200,3.72744727,0.09215968,3.63528758,145.15177639,3.58882123,141.56295516
0.70409100,3.72703720,0.09215552,3.63488167,145.13580761,3.58865914,141.54714847
0.70459000,3.72662724,0.09215148,3.63447575,145.11984332,3.58850186,141.53134145
0.70508900,3.72621739,0.09214756,3.63406983,145.10388342,3.58834926,141.51553416
0.70558800,3.72580766,0.09214376,3.63366390,145.08792784,3.58820120,141.49972664
0.70608700,3.72539803,0.09214007,3.63325796,145.07197651,3.58805754,141.48391898
0.70658600,3.72498852,0.09213649,3.63285202,145.05602935,3.58791815,141.46811120
0.70708500,3.72457910,0.09213302,3.63244608,145.04008628,3.58778290,141.45230338
0.70758400,3.72416980,0.09212965,3.63204014,145.02414723,3.58765168,141.43649555
0.70808300,3.72376059,0.09212638,3.63163421,145.00821213,3.58752437,141.42068776
0.70858200,3.72335148,0.09212321,3.63122827,144.99228091,3.58740084,141.40488006
0.70908100,3.72294247,0.09212013,3.63082234,144.97635349,3.58728099,141.38907250
0.70958000,3.72253355,0.09211715,3.63041641,144.96042981,3.58716471,141.37326510
0.71007900,3.72212473,0.09211425,3.63001049,144.94450980,3.58705189,141.35745792
0.71057800,3.72171601,0.09211144,3.62960457,144.92859340,3.58694242,141.34165098
0.71107700,3.72130737,0.09210871,3.62919866,144.91268054,3.58683622,141.32584432
0.71157600,3.72089882,0.09210606,3.62879276,144.89677116,3.58673318,141.31003798
0.71207500,3.72049036,0.09210350,3.62838687,144.88086519,3.58663321,141.29423198
0.71257400,3.72008199,0.09210101,3.62798098,144.86496258,3.58653622,141.27842636
0.71307300,3.71967370,0.09209859,3.62757511,144.84906326,3.58644212,141.26262114
0.71357200,3.71926549,0.09209624,3.62716925,144.83316717,3.58635082,141.24681635
0.71407100,3.71885737,0.09209397,3.62676340,144.81727426,3.58626224,141.23101202
0.71457000,3.71844932,0.09209176,3.62635756,144.80138447,3.58617630,141.21520817
0.71506900,3.71804136,0.09208962,3.62595174,144.78549774,3.58609292,141.19940481
0.71556800,3.71763347,0.09208755,3.62554593,144.76961401,3.58601203,141.18360198
0.71606700,3.71722566,0.09208553,3.62514013,144.75373324,3.58593355,141.16779969
0.71656600,3.71681792,0.09208357,3.62473435,144.73785537,3.58585741,141.15199797
0.71706500,3.71641025,0.09208168,3.62432858,144.72198035,3.58578354,141.13619681
0.71756400,3.71600266,0.09207984,3.62392282,144.70610813,3.58571187,141.12039626
0.71806300,3.71559514,0.09207805,3.62351709,144.69023865,3.58564234,141.10459631
0.71856200,3.71518769,0.09207632,3.62311137,144.67437186,3.58557488,141.08879698
0.71906100,3.71478030,0.09207464,3.62270566,144.65850773,3.58550943,141.07299830
0.71956000,3.71437298,0.09207301,3.62229997,144.64264619,3.58544594,141.05720026
0.72005900,3.71396573,0.09207143,3.62189430,144.62678721,3.58538434,141.04140287
0.72055800,3.71355854,0.09206989,3.62148865,144.61093074,3.58532457,141.02560616
0.72105700,3.71315141,0.09206840,3.62108301,144.59507673,3.58526660,141.00981013
0.72155600,3.71274435,0.09206696,3.62067739,144.57922513,3.58521034,140.99401479
0.72205500,3.71233735,0.09206556,3.62027179,144.56337591,3.58515577,140.97822014
0.72255400,3.71193040,0.09206420,3.61986621,144.54752903,3.58510283,140.96242620
0.72305300,3.71152352,0.09206288,3.61946064,144.53168443,3.58505147,140.94663296
0.72355200,3.71111670,0.09206160,3.61905510,144.51584208,3.58500163,140.93084044
0.72405100,3.71070993,0.09206036,3.61864957,144.50000193,3.58495329,140.91504864
0.72455000,3.71030321,0.09205915,3.61824406,144.48416396,3.58490639,140.89925757
0.72504900,3.70989655,0.09205798,3.61783857,144.46832811,3.58486089,140.88346723
0.72554800,3.70948995,0.09205685,3.61743310,144.45249436,3.58481674,140.86767761
0.72604700,3.70908339,0.09205575,3.61702764,144.43666265,3.58477392,140.85188873
0.72654600,3.70867689,0.09205468,3.61662221,144.42083296,3.58473237,140.83610059
0.72704500,3.70827044,0.09205365,3.61621680,144.40500525,3.58469206,140.82031319
0.72754400,3.70786404,0.09205264,3.61581140,144.38917948,3.58465296,140.80452653
0.72804300,3.70745769,0.09205167,3.61540602,144.37335563,3.58461502,140.78874061
0.72854200,3.70705139,0.09205073,3.61500066,144.35753364,3.58457821,140.77295543
0.72904100,3.70664513,0.09204981,3.61459533,144.34171350,3.58454251,140.75717099
0.72954000,3.70623892,0.09204892,3.61419001,144.32589516,3.58450787,140.74138729
0.73003900,3.70583276,0.09204806,3.61378470,144.31007859,3.58447426,140.72560433
0.73053800,3.70542664,0.09204722,3.61337942,144.29426377,3.58444166,140.70982211
0.73103700,3.70502057,0.09204641,3.61297416,144.27845066,3.58441003,140.69404063
0.73153600,3.70461453,0.09204562,3.61256892,144.26263922,3.58437934,140.67825988
0.73203500,3.70420854,0.09204485,3.61216369,144.24682944,3.58434957,140.66247987
0.73253400,3.70380260,0.09204411,3.61175848,144.23102128,3.58432069,140.64670058
0.73303300,3.70339669,0.09204339,3.61135330,144.21521470,3.58429268,140.63092203
0.73353200,3.70299082,0.09204269,3.61094813,144.19940969,3.58426550,140.61514419
0.73403100,3.70258499,0.09204202,3.61054298,144.18360621,3.58423913,140.59936708
0.73453000,3.70217920,0.09204136,3.61013784,144.16780423,3.58421354,140.58359069
0.73502900,3.70177345,0.09204072,3.60973273,144.15200374,3.58418872,140.56781501
0.73552800,3.70136774,0.09204010,3.60932763,144.13620469,3.58416465,140.55204005
0.73602700,3.70096206,0.09203951,3.60892256,144.12040708,3.58414129,140.53626579
0.73652600,3.70055642,0.09203892,3.60851750,144.10461086,3.58411863,140.52049223
0.73702500,3.70015081,0.09203836,3.60811246,144.08881601,3.58409664,140.50471937
0.73752400,3.69974524,0.09203781,3.60770743,144.07302251,3.58407532,140.48894720
0.73802300,3.69933970,0.09203728,3.60730243,144.05723034,3.58405463,140.47317572
0.73852200,3.69893420,0.09203676,3.60689744,144.04143947,3.58403455,140.45740492
0.73902100,3.69852873,0.09203626,3.60649247,144.02564988,3.58401508,140.44163480
0.73952000,3.69812329,0.09203578,3.60608751,144.00986154,3.58399619,140.42586535
0.74001900,3.69771788,0.09203531,3.60568257,143.99407443,3.58397786,140.41009658
0.74051800,3.69731251,0.09203485,3.60527766,143.97828854,3.58396008,140.39432846
0.74101700,3.69690716,0.09203441,3.60487275,143.96250383,3.58394283,140.37856100
0.74151600,3.69650184,0.09203398,3.60446787,143.94672028,3.58392609,140.36279419
0.74201500,3.69609656,0.09203356,3.60406300,143.93093788,3.58390986,140.34702802
0.74251400,3.69569130,0.09203316,3.60365814,143.91515661,3.58389411,140.33126250
0.74301300,3.69528607,0.09203277,3.60325331,143.89937644,3.58387883,140.31549761
0.74351200,3.69488087,0.09203238,3.60284849,143.88359735,3.58386401,140.29973334
0.74401100,3.69447570,0.09203202,3.60244368,143.86781933,3.58384962,140.28396970
0.74451000,3.69407055,0.09203166,3.60203889,143.85204235,3.58383567,140.26820668
0.74500900,3.69366543,0.09203131,3.60163412,143.83626640,3.58382214,140.25244426
0.74550800,3.69326033,0.09203097,3.60122936,143.82049145,3.58380901,140.23668245
0.74600700,3.69285526,0.09203065,3.60082462,143.80471750,3.58379627,140.22092123
0.74650600,3.69245022,0.09203033,3.60041989,143.78894451,3.58378391,140.20516060
0.74700500,3.69204520,0.09203002,3.60001518,143.77317248,3.58377192,140.18940056
0.74750400,3.69164020,0.09202972,3.59961048,143.75740139,3.58376029,140.17364110
0.74800300,3.69123523,0.09202943,3.59920580,143.74163122,3.58374901,140.15788221
0.74850200,3.69083028,0.09202915,3.59880113,143.72586195,3.58373806,140.14212389
0.74900100,3.69042535,0.09202888,3.59839648,143.71009356,3.58372744,140.12636612
0.74950000,3.69002045,0.09202861,3.59799184,143.69432605,3.58371714,140.11060891
0.74999900,3.68961557,0.09202836,3.59758721,143.67855939,3.58370714,140.09485225
0.75049800,3.68921071,0.09202811,3.59718260,143.66279357,3.58369744,140.07909613
0.75099700,3.68880587,0.09202787,3.59677800,143.64702858,3.58368804,140.06334054
0.75149600,3.68840105,0.09202763,3.59637342,143.63126439,3.58367891,140.04758548
0.75199500,3.68799625,0.09202740,3.59596884,143.61550100,3.58367005,140.03183094
0.75249400,3.68759147,0.09202718,3.59556429,143.59973839,3.58366146,140.01607692
0.75299300,3.68718671,0.09202697,3.59515974,143.58397654,3.58365313,140.00032341
0.75349200,3.68678197,0.09202676,3.59475521,143.56821545,3.58364505,139.98457040
0.75399100,3.68637725,0.09202656,3.59435069,143.55245510,3.58363720,139.96881789
0.75449000,3.68597255,0.09202636,3.59394618,143.53669547,3.58362959,139.95306587
0.75498900,3.68556787,0.09202618,3.59354169,143.52093655,3.58362221,139.93731434
0.75548800,3.68516320,0.09202599,3.59313721,143.50517833,3.58361505,139.92156328
0.75598700,3.68475855,0.09202581,3.59273274,143.48942080,3.58360810,139.90581270
0.75648600,3.68435392,0.09202564,3.59232828,143.47366394,3.58360136,139.89006258
0.75698500,3.68394931,0.09202547,3.59192384,143.45790775,3.58359482,139.87431293
0.75748400,3.68354471,0.09202531,3.59151940,143.44215220,3.58358848,139.85856373
0.75798300,3.68314013,0.09202515,3.59111498,143.42639730,3.58358232,139.84281497
0.75848200,3.68273557,0.09202500,3.59071057,143.41064301,3.58357635,139.82706666
0.75898100,3.68233102,0.09202485,3.59030617,143.39488935,3.58357056,139.81131879
0.75948000,3.68192648,0.09202470,3.58990178,143.37913629,3.58356494,139.79557135
0.75997900,3.68152197,0.09202456,3.58949740,143.36338382,3.58355949,139.77982433
0.76047800,3.68111746,0.09202443,3.58909304,143.34763193,3.58355420,139.76407774
0.76097700,3.68071298,0.09202430,3.58868868,143.33188062,3.58354906,139.74833156
0.76147600,3.68030850,0.09202417,3.58828433,143.31612987,3.58354409,139.73258578
0.76197500,3.67990404,0.09202405,3.58788000,143.30037967,3.58353926,139.71684041
0.76247400,3.67949960,0.09202392,3.58747567,143.28463001,3.58353457,139.70109544
0.76297300,3.67909516,0.09202381,3.58707136,143.26888088,3.58353002,139.68535086
0.76347200,3.67869075,0.09202369,3.58666705,143.25313227,3.58352561,139.66960666
0.76397100,3.67828634,0.09202358,3.58626276,143.23738418,3.58352133,139.65386285
0.76447000,3.67788195,0.09202348,3.58585847,143.22163659,3.58351718,139.63811941
0.76496900,3.67747757,0.09202337,3.58545419,143.20588949,3.58351315,139.62237634
0.76546800,3.67707320,0.09202327,3.58504993,143.19014288,3.58350925,139.60663364
0.76596700,3.67666884,0.09202318,3.58464567,143.17439675,3.58350546,139.59089129
0.76646600,3.67626450,0.09202308,3.58424142,143.15865108,3.58350178,139.57514930
0.76696500,3.67586017,0.09202299,3.58383718,143.14290587,3.58349821,139.55940766
0.76746400,3.67545585,0.09202290,3.58343295,143.12716112,3.58349475,139.54366637
0.76796300,3.67505154,0.09202282,3.58302873,143.11141680,3.58349139,139.52792541
0.76846200,3.67464724,0.09202273,3.58262451,143.09567292,3.58348813,139.51218479
0.76896100,3.67424296,0.09202265,3.58222031,143.07992947,3.58348497,139.49644450
0.76946000,3.67383868,0.09202257,3.58181611,143.06418644,3.58348190,139.48070454
0.76995900,3.67343442,0.09202250,3.58141192,143.04844382,3.58347893,139.46496489
0.77045800,3.67303016,0.09202242,3.58100774,143.03270160,3.58347604,139.44922556
0.77095700,3.67262592,0.09202235,3.58060357,143.01695978,3.58347324,139.43348654
0.77145600,3.67222168,0.09202228,3.58019940,143.00121835,3.58347052,139.41774783
0.77195500,3.67181746,0.09202221,3.57979525,142.98547730,3.58346789,139.40200942
0.77245400,3.67141324,0.09202215,3.57939110,142.96973663,3.58346533,139.38627130
0.77295300,3.67100904,0.09202208,3.57898696,142.95399633,3.58346285,139.37053348
0.77345200,3.67060484,0.09202202,3.57858282,142.93825638,3.58346044,139.35479594
0.77395100,3.67020065,0.09202196,3.57817869,142.92251680,3.58345810,139.33905869
0.77445000,3.66979648,0.09202190,3.57777457,142.90677756,3.58345584,139.32332172
0.77494900,3.66939231,0.09202185,3.57737046,142.89103867,3.58345364,139.30758503
0.77544800,3.66898815,0.09202179,3.57696635,142.87530011,3.58345151,139.29184860
0.77594700,3.66858399,0.09202174,3.57656226,142.85956188,3.58344944,139.27611245
0.77644600,3.66817985,0.09202169,3.57615816,142.84382398,3.58344743,139.26037655
0.77694500,3.66777571,0.09202164,3.57575408,142.82808640,3.58344548,139.24464092
0.77744400,3.66737159,0.09202159,3.57535000,142.81234913,3.58344359,139.22890554
0.77794300,3.66696747,0.09202154,3.57494593,142.79661217,3.58344176,139.21317041
0.77844200,3.66656336,0.09202150,3.57454186,142.78087550,3.58343998,139.19743553
0.77894100,3.66615925,0.09202145,3.57413780,142.76513914,3.58343825,139.18170089
0.77944000,3.66575515,0.09202141,3.57373375,142.74940307,3.58343658,139.16596649
0.77993900,3.66535106,0.09202137,3.57332970,142.73366728,3.58343495,139.15023232
0.78043800,3.66494698,0.09202133,3.57292566,142.71793177,3.58343338,139.13449839
0.78093700,3.66454291,0.09202129,3.57252162,142.70219654,3.58343185,139.11876469
0.78143600,3.66413884,0.09202125,3.57211759,142.68646157,3.58343036,139.10303121
0.78193500,3.66373478,0.09202121,3.57171357,142.67072688,3.58342892,139.08729795
0.78243400,3.66333072,0.09202118,3.57130955,142.65499244,3.58342753,139.07156491
0.78293300,3.66292667,0.09202114,3.57090553,142.63925826,3.58342617,139.05583209
0.78343200,3.66252263,0.09202111,3.57050152,142.62352433,3.58342486,139.04009948
0.78393100,3.66211860,0.09202107,3.57009752,142.60779065,3.58342358,139.02436707
0.78443000,3.66171457,0.09202104,3.56969352,142.59205721,3.58342234,139.00863487
0.78492900,3.66131054,0.09202101,3.56928953,142.57632401,3.58342114,138.99290287
0.78542800,3.66090653,0.09202098,3.56888554,142.56059104,3.58341998,138.97717106
0.78592700,3.66050252,0.09202095,3.56848156,142.54485830,3.58341884,138.96143946
0.78642600,3.66009851,0.09202092,3.56807759,142.52912579,3.58341775,138.94570804
0.78692500,3.65969451,0.09202090,3.56767361,142.51339349,3.58341668,138.92997681
0.78742400,3.65929052,0.09202087,3.56726964,142.49766142,3.58341565,138.91424577
0.78792300,3.65888653,0.09202085,3.56686568,142.48192956,3.58341465,138.89851491
0.78842200,3.65848254,0.09202082,3.56646172,142.46619790,3.58341368,138.88278423
0.78892100,3.65807857,0.09202080,3.56605777,142.45046646,3.58341273,138.86705372
0.78942000,3.65767459,0.09202077,3.56565382,142.43473521,3.58341182,138.85132339
0.78991900,3.65727062,0.09202075,3.56524988,142.41900416,3.58341093,138.83559324
0.79041800,3.65686666,0.09202073,3.56484593,142.40327331,3.58341007,138.81986325
0.79091700,3.65646270,0.09202071,3.56444200,142.38754265,3.58340923,138.80413342
0.79141600,3.65605875,0.09202069,3.56403807,142.37181218,3.58340842,138.78840376
0.79191500,3.65565480,0.09202067,3.56363414,142.35608189,3.58340763,138.77267426
0.79241400,3.65525086,0.09202065,3.56323021,142.34035178,3.58340687,138.75694491
0.79291300,3.65484692,0.09202063,3.56282629,142.32462185,3.58340613,138.74121572
0.79341200,3.65444299,0.09202061,3.56242238,142.30889209,3.58340541,138.72548668
0.79391100,3.65403905,0.09202059,3.56201846,142.29316251,3.58340471,138.70975780
0.79441000,3.65363513,0.09202057,3.56161456,142.27743309,3.58340403,138.69402906
0.79490900,3.65323121,0.09202056,3.56121065,142.26170384,3.58340338,138.67830046
0.79540800,3.65282729,0.09202054,3.56080675,142.24597475,3.58340274,138.66257201
0.79590700,3.65242338,0.09202052,3.56040285,142.23024582,3.58340212,138.64684370
0.79640600,3.65201947,0.09202051,3.55999896,142.21451705,3.58340152,138.63111552
0.79690500,3.65161556,0.09202049,3.55959507,142.19878843,3.58340094,138.61538749
0.79740400,3.65121166,0.09202048,3.55919118,142.18305996,3.58340037,138.59965958
0.79790300,3.65080776,0.09202046,3.55878730,142.16733164,3.58339983,138.58393181
0.79840200,3.65040387,0.09202045,3.55838342,142.15160346,3.58339929,138.56820416
0.79890100,3.64999998,0.09202044,3.55797954,142.13587543,3.58339878,138.55247665
0.79940000,3.64959609,0.09202042,3.55757567,142.12014753,3.58339828,138.53674925
0.79989900,3.64919221,0.09202041,3.55717179,142.10441978,3.58339779,138.52102198
0.80039800,3.64878833,0.09202040,3.55676793,142.08869216,3.58339732,138.50529484
0.80089700,3.64838445,0.09202039,3.55636406,142.07296467,3.58339686,138.48956781
0.80139600,3.64798058,0.09202038,3.55596020,142.05723731,3.58339642,138.47384089
0.80189500,3.64757671,0.09202037,3.55555634,142.04151008,3.58339599,138.45811409
0.80239400,3.64717284,0.09202036,3.55515249,142.02578298,3.58339557,138.44238741
0.80289300,3.64676898,0.09202034,3.55474863,142.01005599,3.58339516,138.42666083
0.80339200,3.64636512,0.09202033,3.55434478,141.99432913,3.58339477,138.41093436
0.80389100,3.64596126,0.09202032,3.55394094,141.97860239,3.58339439,138.39520801
0.80439000,3.64555741,0.09202032,3.55353709,141.96287577,3.58339402,138.37948175
0.80488900,3.64515355,0.09202031,3.55313325,141.94714926,3.58339366,138.36375560
0.80538800,3.64474971,0.09202030,3.55272941,141.93142286,3.58339331,138.34802955
0.80588700,3.64434586,0.09202029,3.55232557,141.91569658,3.58339297,138.33230361
0.80638600,3.64394202,0.09202028,3.55192174,141.89997040,3.58339264,138.31657776
0.80688500,3.64353818,0.09202027,3.55151791,141.88424433,3.58339232,138.30085201
0.80738400,3.64313434,0.09202026,3.55111408,141.86851836,3.58339201,138.28512635
0.80788300,3.64273051,0.09202026,3.55071025,141.85279250,3.58339171,138.26940079
0.80838200,3.64232667,0.09202025,3.55030642,141.83706673,3.58339142,138.25367531
0.80888100,3.64192284,0.09202024,3.54990260,141.82134107,3.58339114,138.23794993
0.80938000,3.64151902,0.09202023,3.54949878,141.80561550,3.58339086,138.22222464
0.80987900,3.64111519,0.09202023,3.54909496,141.78989003,3.58339060,138.20649944
0.81037800,3.64071137,0.09202022,3.54869115,141.77416465,3.58339034,138.19077432
0.81087700,3.64030755,0.09202021,3.54828734,141.75843937,3.58339009,138.17504928
0.81137600,3.63990373,0.09202021,3.54788352,141.74271417,3.58338984,138.15932433
0.81187500,3.63949992,0.09202020,3.54747972,141.72698907,3.58338961,138.14359946
0.81237400,3.63909610,0.09202020,3.54707591,141.71126405,3.58338938,138.12787467
0.81287300,3.63869229,0.09202019,3.54667210,141.69553912,3.58338915,138.11214996
0.81337200,3.63828848,0.09202018,3.54626830,141.67981427,3.58338894,138.09642533
0.81387100,3.63788468,0.09202018,3.54586450,141.66408950,3.58338873,138.08070077
0.81437000,3.63748087,0.09202017,3.54546070,141.64836482,3.58338853,138.06497629
0.81486900,3.63707707,0.09202017,3.54505690,141.63264021,3.58338833,138.04925188
0.81536800,3.63667327,0.09202016,3.54465311,141.61691568,3.58338814,138.03352755
0.81586700,3.63626947,0.09202016,3.54424931,141.60119123,3.58338795,138.01780328
0.81636600,3.63586568,0.09202015,3.54384552,141.58546686,3.58338777,138.00207909
0.81686500,3.63546188,0.09202015,3.54344173,141.56974256,3.58338760,137.98635496
0.81736400,3.63505809,0.09202015,3.54303794,141.55401833,3.58338743,137.97063090
0.81786300,3.63465430,0.09202014,3.54263416,141.53829417,3.58338726,137.95490691
0.81836200,3.63425051,0.09202014,3.54223037,141.52257008,3.58338710,137.93918298
0.81886100,3.63384672,0.09202013,3.54182659,141.50684606,3.58338694,137.92345912
0.81936000,3.63344294,0.09202013,3.54142281,141.49112211,3.58338679,137.90773532
0.81985900,3.63303915,0.09202013,3.54101903,141.47539823,3.58338665,137.89201158
0.82035800,3.63263537,0.09202012,3.54061525,141.45967441,3.58338651,137.87628790
0.82085700,3.63223159,0.09202012,3.54021147,141.44395065,3.58338637,137.86056429
0.82135600,3.63182781,0.09202012,3.53980769,141.42822696,3.58338623,137.84484073
0.82185500,3.63142403,0.09202011,3.53940392,141.41250333,3.58338610,137.82911723
0.82235400,3.63102026,0.09202011,3.53900015,141.39677976,3.58338598,137.81339378
0.82285300,3.63061648,0.09202011,3.53859638,141.38105625,3.58338586,137.79767039
0.82335200,3.63021271,0.09202010,3.53819261,141.36533280,3.58338574,137.78194706
0.82385100,3.62980894,0.09202010,3.53778884,141.34960940,3.58338562,137.76622378
0.82435000,3.62940517,0.09202010,3.53738507,141.33388606,3.58338551,137.75050055
0.82484900,3.62900140,0.09202009,3.53698131,141.31816278,3.58338540,137.73477738
0.82534800,3.62859763,0.09202009,3.53657754,141.30243955,3.58338530,137.71905425
0.82584700,3.62819387,0.09202009,3.53617378,141.28671637,3.58338519,137.70333118
0.82634600,3.62779010,0.09202009,3.53577002,141.27099325,3.58338509,137.68760816
0.82684500,3.62738634,0.09202008,3.53536626,141.25527018,3.58338500,137.67188518
0.82734400,3.62698258,0.09202008,3.53496250,141.23954715,3.58338490,137.65616225
0.82784300,3.62657882,0.09202008,3.53455874,141.22382418,3.58338481,137.64043937
0.82834200,3.62617506,0.09202008,3.53415498,141.20810126,3.58338472,137.62471653
0.82884100,3.62577130,0.09202007,3.53375123,141.19237838,3.58338464,137.60899374
0.82934000,3.62536754,0.09202007,3.53334747,141.17665555,3.58338456,137.59327100
0.82983900,3.62496379,0.09202007,3.53294372,141.16093277,3.58338447,137.57754830
0.83033800,3.62456003,0.09202007,3.53253997,141.14521003,3.58338440,137.56182564
0.83083700,3.62415628,0.09202007,3.53213621,141.12948734,3.58338432,137.54610302
0.83133600,3.62375253,0.09202006,3.53173246,141.11376469,3.58338425,137.53038045
0.83183500,3.62334878,0.09202006,3.53132871,141.09804209,3.58338418,137.51465791
0.83233400,3.62294503,0.09202006,3.53092497,141.08231952,3.58338411,137.49893542
0.83283300,3.62254128,0.09202006,3.53052122,141.06659700,3.58338404,137.48321296
0.83333200,3.62213753,0.09202006,3.53011747,141.05087452,3.58338397,137.46749054
0.83383100,3.62173378,0.09202006,3.52971373,141.03515207,3.58338391,137.45176816
0.83433000,3.62133004,0.09202005,3.52930998,141.01942967,3.58338385,137.43604582
0.83482900,3.62092629,0.09202005,3.52890624,141.00370730,3.58338379,137.42032352
0.83532800,3.62052255,0.09202005,3.52850250,140.98798498,3.58338373,137.40460125
0.83582700,3.62011881,0.09202005,3.52809876,140.97226269,3.58338367,137.38887901
0.83632600,3.61971506,0.09202005,3.52769502,140.95654043,3.58338362,137.37315682
0.83682500,3.61931132,0.09202005,3.52729128,140.94081821,3.58338356,137.35743465
0.83732400,3.61890758,0.09202005,3.52688754,140.92509603,3.58338351,137.34171252
0.83782300,3.61850384,0.09202004,3.52648380,140.90937388,3.58338346,137.32599042
0.83832200,3.61810010,0.09202004,3.52608006,140.89365177,3.58338341,137.31026835
0.83882100,3.61769637,0.09202004,3.52567632,140.87792969,3.58338337,137.29454632
0.83932000,3.61729263,0.09202004,3.52527259,140.86220764,3.58338332,137.27882432
0.83981900,3.61688889,0.09202004,3.52486885,140.84648562,3.58338328,137.26310234
0.84031800,3.61648516,0.09202004,3.52446512,140.83076363,3.58338323,137.24738040
0.84081700,3.61608142,0.09202004,3.52406139,140.81504168,3.58338319,137.23165849
0.84131600,3.61567769,0.09202004,3.52365765,140.79931976,3.58338315,137.21593661
0.84181500,3.61527396,0.09202004,3.52325392,140.78359786,3.58338311,137.20021475
0.84231400,3.61487023,0.09202003,3.52285019,140.76787600,3.58338307,137.18449292
0.84281300,3.61446649,0.09202003,3.52244646,140.75215416,3.58338303,137.16877113
0.84331200,3.61406276,0.09202003,3.52204273,140.73643235,3.58338300,137.15304935
0.84381100,3.61365903,0.09202003,3.52163900,140.72071057,3.58338296,137.13732761
0.84431000,3.61325531,0.09202003,3.52123527,140.70498882,3.58338293,137.12160589
0.84480900,3.61285158,0.09202003,3.52083155,140.68926709,3.58338289,137.10588420
0.84530800,3.61244785,0.09202003,3.52042782,140.67354539,3.58338286,137.09016253
0.84580700,3.61204412,0.09202003,3.52002409,140.65782371,3.58338283,137.07444088
0.84630600,3.61164040,0.09202003,3.51962037,140.64210206,3.58338280,137.05871926
0.84680500,3.61123667,0.09202003,3.51921664,140.62638044,3.58338277,137.04299767
0.84730400,3.61083294,0.09202003,3.51881292,140.61065884,3.58338274,137.02727610
0.84780300,3.61042922,0.09202003,3.51840919,140.59493726,3.58338271,137.01155455
0.84830200,3.61002550,0.09202002,3.51800547,140.57921571,3.58338269,136.99583302
0.84880100,3.60962177,0.09202002,3.51760175,140.56349418,3.58338266,136.98011152
0.84930000,3.60921805,0.09202002,3.51719803,140.54777267,3.58338263,136.96439004
0.84979900,3.60881433,0.09202002,3.51679430,140.53205119,3.58338261,136.94866858
0.85029800,3.60841061,0.09202002,3.51639058,140.51632972,3.58338259,136.93294714
0.85079700,3.60800688,0.09202002,3.51598686,140.50060828,3.58338256,136.91722572
0.85129600,3.60760316,0.09202002,3.51558314,140.48488686,3.58338254,136.90150432
0.85179500,3.60719944,0.09202002,3.51517942,140.46916546,3.58338252,136.88578295
0.85229400,3.60679572,0.09202002,3.51477570,140.45344408,3.58338250,136.87006159
0.85279300,3.60639200,0.09202002,3.51437199,140.43772272,3.58338247,136.85434025
0.85329200,3.60598829,0.09202002,3.51396827,140.42200138,3.58338245,136.83861893
0.85379100,3.60558457,0.09202002,3.51356455,140.40628006,3.58338244,136.82289763
0.85429000,3.60518085,0.09202002,3.51316083,140.39055876,3.58338242,136.80717635
0.85478900,3.60477713,0.09202002,3.51275712,140.37483748,3.58338240,136.79145508
0.85528800,3.60437342,0.09202002,3.51235340,140.35911621,3.58338238,136.77573383
0.85578700,3.60396970,0.09202002,3.51194968,140.34339497,3.58338236,136.76001260
0.85628600,3.60356598,0.09202002,3.51154597,140.32767374,3.58338234,136.74429139
0.85678500,3.60316227,0.09202002,3.51114225,140.31195252,3.58338233,136.72857020
0.85728400,3.60275855,0.09202001,3.51073854,140.29623133,3.58338231,136.71284902
0.85778300,3.60235484,0.09202001,3.51033483,140.28051015,3.58338230,136.69712785
0.85828200,3.60195113,0.09202001,3.50993111,140.26478899,3.58338228,136.68140671
0.85878100,3.60154741,0.09202001,3.50952740,140.24906784,3.58338227,136.66568558
0.85928000,3.60114370,0.09202001,3.50912369,140.23334671,3.58338225,136.64996446
0.85977900,3.60073999,0.09202001,3.50871997,140.21762560,3.58338224,136.63424336
0.86027800,3.60033627,0.09202001,3.50831626,140.20190450,3.58338222,136.61852227
0.86077700,3.59993256,0.09202001,3.50791255,140.18618341,3.58338221,136.60280120
0.86127600,3.59952885,0.09202001,3.50750884,140.17046234,3.58338220,136.58708014
0.86177500,3.59912514,0.09202001,3.50710513,140.15474129,3.58338219,136.57135910
0.86227400,3.59872143,0.09202001,3.50670142,140.13902025,3.58338217,136.55563807
0.86277300,3.59831772,0.09202001,3.50629771,140.12329922,3.58338216,136.53991706
0.86327200,3.59791401,0.09202001,3.50589400,140.10757820,3.58338215,136.52419605
0.86377100,3.59751030,0.09202001,3.50549029,140.09185720,3.58338214,136.50847506
0.86427000,3.59710659,0.09202001,3.50508658,140.07613622,3.58338213,136.49275409
0.86476900,3.59670288,0.09202001,3.50468287,140.06041524,3.58338212,136.47703312
0.86526800,3.59629917,0.09202001,3.50427916,140.04469428,3.58338211,136.46131217
0.86576700,3.59589546,0.09202001,3.50387545,140.02897333,3.58338210,136.44559123
0.86626600,3.59549175,0.09202001,3.50347174,140.01325239,3.58338209,136.42987030
0.86676500,3.59508805,0.09202001,3.50306804,139.99753147,3.58338208,136.41414939
0.86726400,3.59468434,0.09202001,3.50266433,139.98181055,3.58338207,136.39842848
0.86776300,3.59428063,0.09202001,3.50226062,139.96608965,3.58338206,136.38270759
0.86826200,3.59387692,0.09202001,3.50185692,139.95036876,3.58338205,136.36698671
0.86876100,3.59347322,0.09202001,3.50145321,139.93464788,3.58338205,136.35126584
0.86926000,3.59306951,0.09202001,3.50104950,139.91892701,3.58338204,136.33554498
0.86975900,3.59266580,0.09202001,3.50064580,139.90320616,3.58338203,136.31982413
0.87025800,3.59226210,0.09202001,3.50024209,139.88748531,3.58338202,136.30410329
0.87075700,3.59185839,0.09202001,3.49983839,139.87176447,3.58338201,136.28838246
0.87125600,3.59145469,0.09202001,3.49943468,139.85604365,3.58338201,136.27266164
0.87175500,3.59105098,0.09202001,3.49903098,139.84032283,3.58338200,136.25694083
0.87225400,3.59064728,0.09202001,3.49862727,139.82460202,3.58338199,136.24122003
0.87275300,3.59024357,0.09202001,3.49822357,139.80888123,3.58338199,136.22549924
0.87325200,3.58983987,0.09202001,3.49781986,139.79316044,3.58338198,136.20977846
0.87375100,3.58943616,0.09202001,3.49741616,139.77743966,3.58338197,136.19405769
0.87425000,3.58903246,0.09202001,3.49701245,139.76171889,3.58338197,136.17833692
0.87474900,3.58862876,0.09202001,3.49660875,139.74599813,3.58338196,136.16261617
0.87524800,3.58822505,0.09202001,3.49620505,139.73027738,3.58338196,136.14689542
0.87574700,3.58782135,0.09202001,3.49580134,139.71455664,3.58338195,136.13117469
0.87624600,3.58741765,0.09202001,3.49539764,139.69883590,3.58338194,136.11545396
0.87674500,3.58701394,0.09202001,3.49499394,139.68311518,3.58338194,136.09973324
0.87724400,3.58661024,0.09202001,3.49459024,139.66739446,3.58338193,136.08401253
0.87774300,3.58620654,0.09202000,3.49418653,139.65167375,3.58338193,136.06829182
0.87824200,3.58580284,0.09202000,3.49378283,139.63595305,3.58338192,136.05257112
0.87874100,3.58539914,0.09202000,3.49337913,139.62023236,3.58338192,136.03685044
0.87924000,3.58499543,0.09202000,3.49297543,139.60451167,3.58338191,136.02112975
0.87973900,3.58459173,0.09202000,3.49257173,139.58879099,3.58338191,136.00540908
0.88023800,3.58418803,0.09202000,3.49216803,139.57307032,3.58338191,135.98968841
0.88073700,3.58378433,0.09202000,3.49176433,139.55734966,3.58338190,135.97396775
0.88123600,3.58338063,0.09202000,3.49136062,139.54162900,3.58338190,135.95824710
0.88173500,3.58297693,0.09202000,3.49095692,139.52590835,3.58338189,135.94252646
0.88223400,3.58257323,0.09202000,3.49055322,139.51018771,3.58338189,135.92680582
0.88273300,3.58216953,0.09202000,3.49014952,139.49446707,3.58338189,135.91108518
0.88323200,3.58176583,0.09202000,3.48974582,139.47874644,3.58338188,135.89536456
0.88373100,3.58136213,0.09202000,3.48934212,139.46302582,3.58338188,135.87964394
0.88423000,3.58095843,0.09202000,3.48893842,139.44730520,3.58338187,135.86392332
0.88472900,3.58055473,0.09202000,3.48853472,139.43158459,3.58338187,135.84820272
0.88522800,3.58015103,0.09202000,3.48813102,139.41586398,3.58338187,135.83248212
0.88572700,3.57974733,0.09202000,3.48772732,139.40014339,3.58338186,135.81676152
0.88622600,3.57934363,0.09202000,3.48732362,139.38442279,3.58338186,135.80104093
0.88672500,3.57893993,0.09202000,3.48691993,139.36870221,3.58338186,135.78532035
0.88722400,3.57853623,0.09202000,3.48651623,139.35298163,3.58338186,135.76959977
0.88772300,3.57813253,0.09202000,3.48611253,139.33726105,3.58338185,135.75387920
0.88822200,3.57772883,0.09202000,3.48570883,139.32154048,3.58338185,135.73815863
0.88872100,3.57732513,0.09202000,3.48530513,139.30581992,3.58338185,135.72243807
0.88922000,3.57692143,0.09202000,3.48490143,139.29009936,3.58338184,135.70671751
0.88971900,3.57651774,0.09202000,3.48449773,139.27437880,3.58338184,135.69099696
0.89021800,3.57611404,0.09202000,3.48409404,139.25865825,3.58338184,135.67527642
0.89071700,3.57571034,0.09202000,3.48369034,139.24293771,3.58338184,135.65955587
0.89121600,3.57530664,0.09202000,3.48328664,139.22721717,3.58338183,135.64383534
0.89171500,3.57490294,0.09202000,3.48288294,139.21149664,3.58338183,135.62811481
0.89221400,3.57449925,0.09202000,3.48247924,139.19577611,3.58338183,135.61239428
0.89271300,3.57409555,0.09202000,3.48207555,139.18005558,3.58338183,135.59667376
0.89321200,3.57369185,0.09202000,3.48167185,139.16433506,3.58338183,135.58095324
0.89371100,3.57328815,0.09202000,3.48126815,139.14861455,3.58338182,135.56523273
0.89421000,3.57288446,0.09202000,3.48086445,139.13289404,3.58338182,135.54951222
0.89470900,3.57248076,0.09202000,3.48046076,139.11717353,3.58338182,135.53379171
0.89520800,3.57207706,0.09202000,3.48005706,139.10145303,3.58338182,135.51807121
0.89570700,3.57167337,0.09202000,3.47965336,139.08573253,3.58338182,135.50235072
0.89620600,3.57126967,0.09202000,3.47924967,139.07001204,3.58338181,135.48663022
0.89670500,3.57086597,0.09202000,3.47884597,139.05429155,3.58338181,135.47090973
0.89720400,3.57046228,0.09202000,3.47844227,139.03857106,3.58338181,135.45518925
0.89770300,3.57005858,0.09202000,3.47803858,139.02285058,3.58338181,135.43946877
0.89820200,3.56965488,0.09202000,3.47763488,139.00713010,3.58338181,135.42374829
0.89870100,3.56925119,0.09202000,3.47723118,138.99140963,3.58338181,135.40802782
0.89920000,3.56884749,0.09202000,3.47682749,138.97568916,3.58338180,135.39230735
0.89969900,3.56844379,0.09202000,3.47642379,138.95996869,3.58338180,135.37658689
0.90019800,3.56804010,0.09202000,3.47602010,138.94424822,3.58338180,135.36086642
0.90069700,3.56763640,0.09202000,3.47561640,138.92852776,3.58338180,135.34514597
0.90119600,3.56723271,0.09202000,3.47521270,138.91280731,3.58338180,135.32942551
0.90169500,3.56682901,0.09202000,3.47480901,138.89708685,3.58338180,135.31370506
0.90219400,3.56642531,0.09202000,3.47440531,138.88136640,3.58338179,135.29798461
0.90269300,3.56602162,0.09202000,3.47400162,138.86564596,3.58338179,135.28226416
0.90319200,3.56561792,0.09202000,3.47359792,138.84992551,3.58338179,135.26654372
0.90369100,3.56521423,0.09202000,3.47319423,138.83420507,3.58338179,135.25082328
0.90419000,3.56481053,0.09202000,3.47279053,138.81848464,3.58338179,135.23510285
0.90468900,3.56440684,0.09202000,3.47238684,138.80276420,3.58338179,135.21938241
0.90518800,3.56400314,0.09202000,3.47198314,138.78704377,3.58338179,135.20366198
0.90568700,3.56359945,0.09202000,3.47157945,138.77132334,3.58338179,135.18794156
0.90618600,3.56319575,0.09202000,3.47117575,138.75560292,3.58338179,135.17222113
0.90668500,3.56279206,0.09202000,3.47077206,138.73988250,3.58338178,135.15650071
0.90718400,3.56238836,0.09202000,3.47036836,138.72416208,3.58338178,135.14078029
0.90768300,3.56198467,0.09202000,3.46996467,138.70844166,3.58338178,135.12505988
0.90818200,3.56158097,0.09202000,3.46956097,138.69272124,3.58338178,135.10933946
0.90868100,3.56117728,0.09202000,3.46915728,138.67700083,3.58338178,135.09361905
0.90918000,3.56077358,0.09202000,3.46875358,138.66128042,3.58338178,135.07789864
0.90967900,3.56036989,0.09202000,3.46834989,138.64556002,3.58338178,135.06217824
0.91017800,3.55996619,0.09202000,3.46794619,138.62983961,3.58338178,135.04645784
0.91067700,3.55956250,0.09202000,3.46754250,138.61411921,3.58338178,135.03073743
0.91117600,3.55915880,0.09202000,3.46713880,138.59839881,3.58338178,135.01501704
0.91167500,3.55875511,0.09202000,3.46673511,138.58267841,3.58338177,134.99929664
0.91217400,3.55835142,0.09202000,3.46633142,138.56695802,3.58338177,134.98357625
0.91267300,3.55794772,0.09202000,3.46592772,138.55123763,3.58338177,134.96785585
0.91317200,3.55754403,0.09202000,3.46552403,138.53551724,3.58338177,134.95213547
0.91367100,3.55714033,0.09202000,3.46512033,138.51979685,3.58338177,134.93641508
0.91417000,3.55673664,0.09202000,3.46471664,138.50407646,3.58338177,134.92069469
0.91466900,3.55633295,0.09202000,3.46431294,138.48835608,3.58338177,134.90497431
0.91516800,3.55592925,0.09202000,3.46390925,138.47263570,3.58338177,134.88925393
0.91566700,3.55552556,0.09202000,3.46350556,138.45691532,3.58338177,134.87353355
0.91616600,3.55512186,0.09202000,3.46310186,138.44119494,3.58338177,134.85781317
0.91666500,3.55471817,0.09202000,3.46269817,138.42547457,3.58338177,134.84209280
0.91716400,3.55431448,0.09202000,3.46229448,138.40975419,3.58338177,134.82637243
0.91766300,3.55391078,0.09202000,3.46189078,138.39403382,3.58338177,134.81065205
0.91816200,3.55350709,0.09202000,3.46148709,138.37831345,3.58338177,134.79493169
0.91866100,3.55310340,0.09202000,3.46108339,138.36259308,3.58338176,134.77921132
0.91916000,3.55269970,0.09202000,3.46067970,138.34687272,3.58338176,134.76349095
0.91965900,3.55229601,0.09202000,3.46027601,138.33115235,3.58338176,134.74777059
0.92015800,3.55189231,0.09202000,3.45987231,138.31543199,3.58338176,134.73205023
0.92065700,3.55148862,0.09202000,3.45946862,138.29971163,3.58338176,134.71632987
0.92115600,3.55108493,0.09202000,3.45906493,138.28399127,3.58338176,134.70060951
0.92165500,3.55068123,0.09202000,3.45866123,138.26827091,3.58338176,134.68488915
0.92215400,3.55027754,0.09202000,3.45825754,138.25255055,3.58338176,134.66916879
0.92265300,3.54987385,0.09202000,3.45785385,138.23683020,3.58338176,134.65344844
0.92315200,3.54947015,0.09202000,3.45745015,138.22110985,3.58338176,134.63772809
0.92365100,3.54906646,0.09202000,3.45704646,138.20538950,3.58338176,134.62200774
0.92415000,3.54866277,0.09202000,3.45664277,138.18966915,3.58338176,134.60628739
0.92464900,3.54825908,0.09202000,3.45623907,138.17394880,3.58338176,134.59056704
0.92514800,3.54785538,0.09202000,3.45583538,138.15822845,3.58338176,134.57484669
0.92564700,3.54745169,0.09202000,3.45543169,138.14250810,3.58338176,134.55912635
0.92614600,3.54704800,0.09202000,3.45502800,138.12678776,3.58338176,134.54340600
0.92664500,3.54664430,0.09202000,3.45462430,138.11106742,3.58338176,134.52768566
0.92714400,3.54624061,0.09202000,3.45422061,138.09534708,3.58338176,134.51196532
0.92764300,3.54583692,0.09202000,3.45381692,138.07962674,3.58338176,134.49624498
0.92814200,3.54543322,0.09202000,3.45341322,138.06390640,3.58338176,134.48052464
0.92864100,3.54502953,0.09202000,3.45300953,138.04818606,3.58338176,134.46480430
0.92914000,3.54462584,0.09202000,3.45260584,138.03246572,3.58338175,134.44908397
0.92963900,3.54422215,0.09202000,3.45220215,138.01674539,3.58338175,134.43336363
0.93013800,3.54381845,0.09202000,3.45179845,138.00102505,3.58338175,134.41764330
0.93063700,3.54341476,0.09202000,3.45139476,137.98530472,3.58338175,134.40192297
0.93113600,3.54301107,0.09202000,3.45099107,137.96958439,3.58338175,134.38620264
0.93163500,3.54260738,0.09202000,3.45058738,137.95386406,3.58338175,134.37048231
0.93213400,3.54220368,0.09202000,3.45018368,137.93814373,3.58338175,134.35476198
0.93263300,3.54179999,0.09202000,3.44977999,137.92242340,3.58338175,134.33904165
0.93313200,3.54139630,0.09202000,3.44937630,137.90670308,3.58338175,134.32332132
0.93363100,3.54099261,0.09202000,3.44897261,137.89098275,3.58338175,134.30760100
0.93413000,3.54058891,0.09202000,3.44856891,137.87526242,3.58338175,134.29188067
0.93462900,3.54018522,0.09202000,3.44816522,137.85954210,3.58338175,134.27616035
0.93512800,3.53978153,0.09202000,3.44776153,137.84382178,3.58338175,134.26044003
0.93562700,3.53937784,0.09202000,3.44735784,137.82810146,3.58338175,134.24471970
0.93612600,3.53897414,0.09202000,3.44695414,137.81238113,3.58338175,134.22899938
0.93662500,3.53857045,0.09202000,3.44655045,137.79666081,3.58338175,134.21327906
0.93712400,3.53816676,0.09202000,3.44614676,137.78094050,3.58338175,134.19755875
0.93762300,3.53776307,0.09202000,3.44574307,137.76522018,3.58338175,134.18183843
0.93812200,3.53735937,0.09202000,3.44533937,137.74949986,3.58338175,134.16611811
0.93862100,3.53695568,0.09202000,3.44493568,137.73377954,3.58338175,134.15039779
0.93912000,3.53655199,0.09202000,3.44453199,137.71805923,3.58338175,134.13467748
0.93961900,3.53614830,0.09202000,3.44412830,137.70233891,3.58338175,134.11895717
0.94011800,3.53574461,0.09202000,3.44372460,137.68661860,3.58338175,134.10323685
0.94061700,3.53534091,0.09202000,3.44332091,137.67089829,3.58338175,134.08751654
0.94111600,3.53493722,0.09202000,3.44291722,137.65517798,3.58338175,134.07179623
0.94161500,3.53453353,0.09202000,3.44251353,137.63945766,3.58338175,134.05607592
0.94211400,3.53412984,0.09202000,3.44210984,137.62373735,3.58338175,134.04035561
0.94261300,3.53372614,0.09202000,3.44170614,137.60801704,3.58338175,134.02463530
0.94311200,3.53332245,0.09202000,3.44130245,137.59229673,3.58338175,134.00891499
0.94361100,3.53291876,0.09202000,3.44089876,137.57657643,3.58338175,133.99319468
0.94411000,3.53251507,0.09202000,3.44049507,137.56085612,3.58338175,133.97747437
0.94460900,3.53211138,0.09202000,3.44009138,137.54513581,3.58338175,133.96175407
0.94510800,3.53170768,0.09202000,3.43968768,137.52941551,3.58338175,133.94603376
0.94560700,3.53130399,0.09202000,3.43928399,137.51369520,3.58338175,133.93031345
0.94610600,3.53090030,0.09202000,3.43888030,137.49797490,3.58338175,133.91459315
0.94660500,3.53049661,0.09202000,3.43847661,137.48225459,3.58338175,133.89887285
0.94710400,3.53009292,0.09202000,3.43807292,137.46653429,3.58338175,133.88315254
0.94760300,3.52968922,0.09202000,3.43766922,137.45081399,3.58338175,133.86743224
0.94810200,3.52928553,0.09202000,3.43726553,137.43509368,3.58338175,133.85171194
0.94860100,3.52888184,0.09202000,3.43686184,137.41937338,3.58338175,133.83599164
0.94910000,3.52847815,0.09202000,3.43645815,137.40365308,3.58338175,133.82027134
0.94959900,3.52807446,0.09202000,3.43605446,137.38793278,3.58338175,133.80455104
0.95009800,3.52767077,0.09202000,3.43565076,137.37221248,3.58338174,133.78883074
0.95059700,3.52726707,0.09202000,3.43524707,137.35649218,3.58338174,133.77311044
0.95109600,3.52686338,0.09202000,3.43484338,137.34077188,3.58338174,133.75739014
0.95159500,3.52645969,0.09202000,3.43443969,137.32505159,3.58338174,133.74166984
0.95209400,3.52605600,0.09202000,3.43403600,137.30933129,3.58338174,133.72594954
0.95259300,3.52565231,0.09202000,3.43363231,137.29361099,3.58338174,133.71022925
0.95309200,3.52524861,0.09202000,3.43322861,137.27789070,3.58338174,133.69450895
0.95359100,3.52484492,0.09202000,3.43282492,137.26217040,3.58338174,133.67878866
0.95409000,3.52444123,0.09202000,3.43242123,137.24645010,3.58338174,133.66306836
0.95458900,3.52403754,0.09202000,3.43201754,137.23072981,3.58338174,133.64734807
0.95508800,3.52363385,0.09202000,3.43161385,137.21500952,3.58338174,133.63162777
0.95558700,3.52323016,0.09202000,3.43121016,137.19928922,3.58338174,133.61590748
0.95608600,3.52282646,0.09202000,3.43080646,137.18356893,3.58338174,133.60018719
0.95658500,3.52242277,0.09202000,3.43040277,137.16784864,3.58338174,133.58446689
0.95708400,3.52201908,0.09202000,3.42999908,137.15212834,3.58338174,133.56874660
0.95758300,3.52161539,0.09202000,3.42959539,137.13640805,3.58338174,133.55302631
0.95808200,3.52121170,0.09202000,3.42919170,137.12068776,3.58338174,133.53730602
0.95858100,3.52080801,0.09202000,3.42878801,137.10496747,3.58338174,133.52158573
0.95908000,3.52040431,0.09202000,3.42838431,137.08924718,3.58338174,133.50586544
0.95957900,3.52000062,0.09202000,3.42798062,137.07352689,3.58338174,133.49014515
0.96007800,3.51959693,0.09202000,3.42757693,137.05780660,3.58338174,133.47442486
0.96057700,3.51919324,0.09202000,3.42717324,137.04208631,3.58338174,133.45870457
0.96107600,3.51878955,0.09202000,3.42676955,137.02636602,3.58338174,133.44298428
0.96157500,3.51838586,0.09202000,3.42636586,137.01064573,3.58338174,133.42726399
0.96207400,3.51798216,0.09202000,3.42596216,136.99492544,3.58338174,133.41154370
0.96257300,3.51757847,0.09202000,3.42555847,136.97920515,3.58338174,133.39582341
0.96307200,3.51717478,0.09202000,3.42515478,136.96348487,3.58338174,133.38010313
0.96357100,3.51677109,0.09202000,3.42475109,136.94776458,3.58338174,133.36438284
0.96407000,3.51636740,0.09202000,3.42434740,136.93204429,3.58338174,133.34866255
0.96456900,3.51596371,0.09202000,3.42394371,136.91632401,3.58338174,133.33294227
0.96506800,3.51556002,0.09202000,3.42354002,136.90060372,3.58338174,133.31722198
0.96556700,3.51515632,0.09202000,3.42313632,136.88488343,3.58338174,133.30150169
0.96606600,3.51475263,0.09202000,3.42273263,136.86916315,3.58338174,133.28578141
0.96656500,3.51434894,0.09202000,3.42232894,136.85344286,3.58338174,133.27006112
0.96706400,3.51394525,0.09202000,3.42192525,136.83772258,3.58338174,133.25434084
0.96756300,3.51354156,0.09202000,3.42152156,136.82200230,3.58338174,133.23862055
0.96806200,3.51313787,0.09202000,3.42111787,136.80628201,3.58338174,133.22290027
0.96856100,3.51273418,0.09202000,3.42071418,136.79056173,3.58338174,133.20717999
0.96906000,3.51233048,0.09202000,3.42031048,136.77484144,3.58338174,133.19145970
0.96955900,3.51192679,0.09202000,3.41990679,136.75912116,3.58338174,133.17573942
0.97005800,3.51152310,0.09202000,3.41950310,136.74340088,3.58338174,133.16001914
0.97055700,3.51111941,0.09202000,3.41909941,136.72768059,3.58338174,133.14429885
0.97105600,3.51071572,0.09202000,3.41869572,136.71196031,3.58338174,133.12857857
0.97155500,3.51031203,0.09202000,3.41829203,136.69624003,3.58338174,133.11285829
0.97205400,3.50990834,0.09202000,3.41788834,136.68051975,3.58338174,133.09713801
0.97255300,3.50950464,0.09202000,3.41748464,136.66479947,3.58338174,133.08141773
0.97305200,3.50910095,0.09202000,3.41708095,136.64907919,3.58338174,133.06569745
0.97355100,3.50869726,0.09202000,3.41667726,136.63335890,3.58338174,133.04997716
0.97405000,3.50829357,0.09202000,3.41627357,136.61763862,3.58338174,133.03425688
0.97454900,3.50788988,0.09202000,3.41586988,136.60191834,3.58338174,133.01853660
0.97504800,3.50748619,0.09202000,3.41546619,136.58619806,3.58338174,133.00281632
0.97554700,3.50708250,0.09202000,3.41506250,136.57047778,3.58338174,132.98709604
0.97604600,3.50667880,0.09202000,3.41465880,136.55475750,3.58338174,132.97137576
0.97654500,3.50627511,0.09202000,3.41425511,136.53903722,3.58338174,132.95565548
0.97704400,3.50587142,0.09202000,3.41385142,136.52331694,3.58338174,132.93993520
0.97754300,3.50546773,0.09202000,3.41344773,136.50759666,3.58338174,132.92421492
0.97804200,3.50506404,0.09202000,3.41304404,136.49187639,3.58338174,132.90849465
0.97854100,3.50466035,0.09202000,3.41264035,136.47615611,3.58338174,132.89277437
0.97904000,3.50425666,0.09202000,3.41223666,136.46043583,3.58338174,132.87705409
0.97953900,3.50385297,0.09202000,3.41183297,136.44471555,3.58338174,132.86133381
0.98003800,3.50344927,0.09202000,3.41142927,136.42899527,3.58338174,132.84561353
0.98053700,3.50304558,0.09202000,3.41102558,136.41327499,3.58338174,132.82989325
0.98103600,3.50264189,0.09202000,3.41062189,136.39755472,3.58338174,132.81417298
0.98153500,3.50223820,0.09202000,3.41021820,136.38183444,3.58338174,132.79845270
0.98203400,3.50183451,0.09202000,3.40981451,136.36611416,3.58338174,132.78273242
0.98253300,3.50143082,0.09202000,3.40941082,136.35039388,3.58338174,132.76701214
0.98303200,3.50102713,0.09202000,3.40900713,136.33467361,3.58338174,132.75129187
0.98353100,3.50062344,0.09202000,3.40860344,136.31895333,3.58338174,132.73557159
0.98403000,3.50021974,0.09202000,3.40819974,136.30323305,3.58338174,132.71985131
0.98452900,3.49981605,0.09202000,3.40779605,136.28751278,3.58338174,132.70413104
0.98502800,3.49941236,0.09202000,3.40739236,136.27179250,3.58338174,132.68841076
0.98552700,3.49900867,0.09202000,3.40698867,136.25607222,3.58338174,132.67269049
0.98602600,3.49860498,0.09202000,3.40658498,136.24035195,3.58338174,132.65697021
0.98652500,3.49820129,0.09202000,3.40618129,136.22463167,3.58338174,132.64124993
0.98702400,3.49779760,0.09202000,3.40577760,136.20891140,3.58338174,132.62552966
0.98752300,3.49739391,0.09202000,3.40537391,136.19319112,3.58338174,132.60980938
0.98802200,3.49699021,0.09202000,3.40497021,136.17747085,3.58338174,132.59408911
0.98852100,3.49658652,0.09202000,3.40456652,136.16175057,3.58338174,132.57836883
0.98902000,3.49618283,0.09202000,3.40416283,136.14603030,3.58338174,132.56264856
0.98951900,3.49577914,0.09202000,3.40375914,136.13031002,3.58338174,132.54692828
0.99001800,3.49537545,0.09202000,3.40335545,136.11458975,3.58338174,132.53120801
0.99051700,3.49497176,0.09202000,3.40295176,136.09886947,3.58338174,132.51548773
0.99101600,3.49456807,0.09202000,3.40254807,136.08314920,3.58338174,132.49976746
0.99151500,3.49416438,0.09202000,3.40214438,136.06742892,3.58338174,132.48404718
0.99201400,3.49376068,0.09202000,3.40174068,136.05170865,3.58338174,132.46832691
0.99251300,3.49335699,0.09202000,3.40133699,136.03598837,3.58338174,132.45260664
0.99301200,3.49295330,0.09202000,3.40093330,136.02026810,3.58338174,132.43688636
0.99351100,3.49254961,0.09202000,3.40052961,136.00454783,3.58338174,132.42116609
0.99401000,3.49214592,0.09202000,3.40012592,135.98882755,3.58338174,132.40544581
0.99450900,3.49174223,0.09202000,3.39972223,135.97310728,3.58338174,132.38972554
0.99500800,3.49133854,0.09202000,3.39931854,135.95738701,3.58338174,132.37400527
0.99550700,3.49093485,0.09202000,3.39891485,135.94166673,3.58338174,132.35828499
0.99600600,3.49053116,0.09202000,3.39851116,135.92594646,3.58338174,132.34256472
0.99650500,3.49012746,0.09202000,3.39810746,135.91022619,3.58338174,132.32684445
0.99700400,3.48972377,0.09202000,3.39770377,135.89450591,3.58338174,132.31112417
0.99750300,3.48932008,0.09202000,3.39730008,135.87878564,3.58338174,132.29540390
0.99800200,3.48891639,0.09202000,3.39689639,135.86306537,3.58338174,132.27968363
0.99850100,3.48851270,0.09202000,3.39649270,135.84734509,3.58338174,132.26396336
0.99900000,3.48810901,0.09202000,3.39608901,135.83162482,3.58338174,132.24824308
