cycle,phase,time_s,node_id,ux,uy
200,PHASE_DISCHARGE,1800,1,-1.200000000000e-7,0
200,PHASE_DISCHARGE,1800,2,-1.134970574453e-7,-5.524550955725e-9
200,PHASE_DISCHARGE,1800,3,-9.629786892334e-8,-9.408791416195e-9
200,PHASE_DISCHARGE,1800,4,-7.328880513002e-8,-1.081275487150e-8
200,PHASE_DISCHARGE,1800,5,-5.002365885058e-8,-9.936601104957e-9
200,PHASE_DISCHARGE,1800,6,-3.061442281045e-8,-7.699922552606e-9
200,PHASE_DISCHARGE,1800,7,-1.679397944208e-8,-5.150931197743e-9
200,PHASE_DISCHARGE,1800,8,-8.254488185835e-9,-3.011737212878e-9
200,PHASE_DISCHARGE,1800,9,-3.633581100542e-9,-1.550361003028e-9
200,PHASE_DISCHARGE,1800,10,-1.431700214507e-9,-7.058474798694e-10
200,PHASE_DISCHARGE,1800,11,-5.046238554036e-10,-2.850694751017e-10
200,PHASE_DISCHARGE,1800,12,-1.589876785738e-10,-1.023371551137e-10
200,PHASE_DISCHARGE,1800,13,-4.473700930785e-11,-3.270153437773e-11
200,PHASE_DISCHARGE,1800,14,-1.123150348295e-11,-9.310677884020e-12
200,PHASE_DISCHARGE,1800,15,-2.512731870388e-12,-2.363586835474e-12
200,PHASE_DISCHARGE,1800,16,-5.001940883269e-13,-5.352373664857e-13
200,PHASE_DISCHARGE,1800,17,-8.842753123655e-14,-1.081549692511e-13
200,PHASE_DISCHARGE,1800,18,-1.384868230030e-14,-1.950571346289e-14
200,PHASE_DISCHARGE,1800,19,-1.914794298748e-15,-3.140099016550e-15
200,PHASE_DISCHARGE,1800,20,-2.326004757830e-16,-4.512425206568e-16
200,PHASE_DISCHARGE,1800,21,-2.464065490686e-17,-5.788337924142e-17
200,PHASE_DISCHARGE,1800,22,-2.248749283295e-18,-6.627391792877e-18
200,PHASE_DISCHARGE,1800,23,-1.728635473171e-19,-6.772059634697e-19
200,PHASE_DISCHARGE,1800,24,-1.065368351064e-20,-6.174602114614e-20
200,PHASE_DISCHARGE,1800,25,-4.528278169049e-22,-5.022295957388e-21
200,PHASE_DISCHARGE,1800,26,-2.588090961577e-24,-3.643062364291e-22
200,PHASE_DISCHARGE,1800,27,1.831650411169e-24,-2.355771490246e-23
200,PHASE_DISCHARGE,1800,28,2.248754549013e-25,-1.357346802160e-24
200,PHASE_DISCHARGE,1800,29,1.797975649126e-26,-6.964258528436e-26
200,PHASE_DISCHARGE,1800,30,1.135476922510e-27,-3.179443832524e-27
200,PHASE_DISCHARGE,1800,31,5.999784768712e-29,-1.290306636449e-28
200,PHASE_DISCHARGE,1800,32,2.719775134301e-30,-4.648863754128e-30
200,PHASE_DISCHARGE,1800,33,1.071692547270e-31,-1.484501296407e-31
200,PHASE_DISCHARGE,1800,34,3.699052846263e-33,-4.191797817464e-33
200,PHASE_DISCHARGE,1800,35,1.123843267302e-34,-1.043308444399e-34
200,PHASE_DISCHARGE,1800,36,3.015212114765e-36,-2.278146819947e-36
200,PHASE_DISCHARGE,1800,37,7.159581189622e-38,-4.332764237666e-38
200,PHASE_DISCHARGE,1800,38,1.506895934878e-39,-7.091493532901e-40
200,PHASE_DISCHARGE,1800,39,2.814281678784e-41,-9.768330352712e-42
200,PHASE_DISCHARGE,1800,40,4.667132364387e-43,-1.078264381900e-43
200,PHASE_DISCHARGE,1800,41,6.875729957986e-45,-8.213965305105e-46
200,PHASE_DISCHARGE,1800,42,4.555340034220e-43,2.194379781899e-43
200,PHASE_DISCHARGE,1800,43,2.683849807827e-41,1.611852476014e-41
200,PHASE_DISCHARGE,1800,44,1.405431066934e-39,1.026677651310e-39
200,PHASE_DISCHARGE,1800,45,6.536573174309e-38,5.722572852538e-38
200,PHASE_DISCHARGE,1800,46,2.697250855835e-36,2.807319021262e-36
200,PHASE_DISCHARGE,1800,47,9.860111338052e-35,1.216791639483e-34
200,PHASE_DISCHARGE,1800,48,3.186604947904e-33,4.672569776765e-33
200,PHASE_DISCHARGE,1800,49,9.077412189124e-32,1.592905609108e-31
200,PHASE_DISCHARGE,1800,50,2.269099058750e-30,4.828269540732e-30
200,PHASE_DISCHARGE,1800,51,4.943005779768e-29,1.302838520154e-28
200,PHASE_DISCHARGE,1800,52,9.275474942810e-28,3.132690901870e-27
200,PHASE_DISCHARGE,1800,53,1.467362095591e-26,6.717856333238e-26
200,PHASE_DISCHARGE,1800,54,1.866836215578e-25,1.285689408665e-24
200,PHASE_DISCHARGE,1800,55,1.657754634449e-24,2.197359302374e-23
200,PHASE_DISCHARGE,1800,56,2.810011167732e-24,3.355557256493e-22
200,PHASE_DISCHARGE,1800,57,-2.594881304943e-22,4.580831449517e-21
200,PHASE_DISCHARGE,1800,58,-6.720446438813e-21,5.592953750793e-20
200,PHASE_DISCHARGE,1800,59,-1.115875787095e-19,6.110033775632e-19
200,PHASE_DISCHARGE,1800,60,-1.460697819877e-18,5.974872619789e-18
200,PHASE_DISCHARGE,1800,61,-1.601341607082e-17,5.231945123816e-17
200,PHASE_DISCHARGE,1800,62,-1.509368233924e-16,4.103960168842e-16
200,PHASE_DISCHARGE,1800,63,-1.240327482234e-15,2.884641716560e-15
200,PHASE_DISCHARGE,1800,64,-8.960429178323e-15,1.817428768589e-14
200,PHASE_DISCHARGE,1800,65,-5.721869663718e-14,1.026617072184e-13
200,PHASE_DISCHARGE,1800,66,-3.241976361328e-13,5.200318334185e-13
200,PHASE_DISCHARGE,1800,67,-1.634351156482e-12,2.362527702752e-12
200,PHASE_DISCHARGE,1800,68,-7.346009236409e-12,9.626504122073e-12
200,PHASE_DISCHARGE,1800,69,-2.948689381623e-11,3.517881546799e-11
200,PHASE_DISCHARGE,1800,70,-1.058342743906e-10,1.152764027914e-10
200,PHASE_DISCHARGE,1800,71,-3.399951417027e-10,3.386203770738e-10
200,PHASE_DISCHARGE,1800,72,-9.783639261939e-10,8.912467901151e-10
200,PHASE_DISCHARGE,1800,73,-2.523247178858e-9,2.100460583187e-9
200,PHASE_DISCHARGE,1800,74,-5.834855911106e-9,4.428825096789e-9
200,PHASE_DISCHARGE,1800,75,-1.210120286826e-8,8.345110560212e-9
200,PHASE_DISCHARGE,1800,76,-2.251217108548e-8,1.403182934625e-8
200,PHASE_DISCHARGE,1800,77,-3.756740219661e-8,2.101432638814e-8
200,PHASE_DISCHARGE,1800,78,-5.623193616087e-8,2.796104873242e-8
200,PHASE_DISCHARGE,1800,79,-7.548678455139e-8,3.294268170747e-8
200,PHASE_DISCHARGE,1800,80,-9.086220562286e-8,3.420219949232e-8
200,PHASE_DISCHARGE,1800,81,-9.804020444925e-8,3.106924910669e-8
200,PHASE_DISCHARGE,1800,82,-9.479773869921e-8,2.441020436878e-8
200,PHASE_DISCHARGE,1800,83,-8.211311502623e-8,1.624620838278e-8
200,PHASE_DISCHARGE,1800,84,-6.369158651530e-8,8.764399941941e-9
200,PHASE_DISCHARGE,1800,85,-4.422099886299e-8,3.377699128422e-9
200,PHASE_DISCHARGE,1800,86,-2.747020935645e-8,3.778508262553e-10
200,PHASE_DISCHARGE,1800,87,-1.526087397465e-8,-7.746308096685e-10
200,PHASE_DISCHARGE,1800,88,-7.578140331207e-9,-8.921780604656e-10
200,PHASE_DISCHARGE,1800,89,-3.361818007295e-9,-6.315047260084e-10
200,PHASE_DISCHARGE,1800,90,-1.331531360745e-9,-3.487995391029e-10
200,PHASE_DISCHARGE,1800,91,-4.705415239899e-10,-1.605106761015e-10
200,PHASE_DISCHARGE,1800,92,-1.482423009595e-10,-6.325686393674e-11
200,PHASE_DISCHARGE,1800,93,-4.159778387677e-11,-2.165314739296e-11
200,PHASE_DISCHARGE,1800,94,-1.038490237077e-11,-6.490746823303e-12
200,PHASE_DISCHARGE,1800,95,-2.303341043061e-12,-1.712587914942e-12
200,PHASE_DISCHARGE,1800,96,-4.530572521429e-13,-3.990864476455e-13
200,PHASE_DISCHARGE,1800,97,-7.883959434428e-14,-8.232791858067e-14
200,PHASE_DISCHARGE,1800,98,-1.209740677586e-14,-1.505924185163e-14
200,PHASE_DISCHARGE,1800,99,-1.628973322888e-15,-2.445334123951e-15
200,PHASE_DISCHARGE,1800,100,-1.910801915787e-16,-3.527820175050e-16
200,PHASE_DISCHARGE,1800,101,-1.928881998492e-17,-4.524265039455e-17
200,PHASE_DISCHARGE,1800,102,-1.638300169638e-18,-5.159545890918e-18
200,PHASE_DISCHARGE,1800,103,-1.114097734774e-19,-5.233188046714e-19
200,PHASE_DISCHARGE,1800,104,-5.209995636459e-21,-4.720732513826e-20
200,PHASE_DISCHARGE,1800,105,-3.016214361816e-23,-3.786735522833e-21
200,PHASE_DISCHARGE,1800,106,2.601705456987e-23,-2.700099364853e-22
200,PHASE_DISCHARGE,1800,107,3.504459401456e-24,-1.710452495890e-23
200,PHASE_DISCHARGE,1800,108,3.081387600438e-25,-9.618482980100e-25
200,PHASE_DISCHARGE,1800,109,2.140388215623e-26,-4.795923799352e-26
200,PHASE_DISCHARGE,1800,110,1.243652657535e-27,-2.116996829687e-27
200,PHASE_DISCHARGE,1800,111,6.197140656714e-29,-8.254382833641e-29
200,PHASE_DISCHARGE,1800,112,2.683171305575e-30,-2.833868552203e-30
200,PHASE_DISCHARGE,1800,113,1.017190163302e-31,-8.526016547257e-32
200,PHASE_DISCHARGE,1800,114,3.392777497183e-33,-2.231329258490e-33
200,PHASE_DISCHARGE,1800,115,9.988501957310e-35,-5.016639709701e-35
200,PHASE_DISCHARGE,1800,116,2.601271102108e-36,-9.465008695114e-37
200,PHASE_DISCHARGE,1800,117,6.001550845083e-38,-1.421954445223e-38
200,PHASE_DISCHARGE,1800,118,1.227936194212e-39,-1.440206816564e-40
200,PHASE_DISCHARGE,1800,119,2.229485406290e-41,-3.549251227876e-44
200,PHASE_DISCHARGE,1800,120,3.593368358619e-43,4.062433115852e-44
200,PHASE_DISCHARGE,1800,121,5.141660641148e-45,1.179541769380e-45
200,PHASE_DISCHARGE,1800,122,3.360460088355e-43,2.126475347413e-43
200,PHASE_DISCHARGE,1800,123,1.958740305566e-41,1.448709532168e-41
200,PHASE_DISCHARGE,1800,124,1.018190699765e-39,8.703239776958e-40
200,PHASE_DISCHARGE,1800,125,4.719799910516e-38,4.627077431677e-38
200,PHASE_DISCHARGE,1800,126,1.950749422182e-36,2.182683976794e-36
200,PHASE_DISCHARGE,1800,127,7.187390340781e-35,9.153754108587e-35
200,PHASE_DISCHARGE,1800,128,2.359928040935e-33,3.418386078463e-33
200,PHASE_DISCHARGE,1800,129,6.902279880184e-32,1.138216179342e-31
200,PHASE_DISCHARGE,1800,130,1.797134387611e-30,3.382935974472e-30
200,PHASE_DISCHARGE,1800,131,4.161731529603e-29,8.983613469405e-29
200,PHASE_DISCHARGE,1800,132,8.560731186968e-28,2.133411303733e-27
200,PHASE_DISCHARGE,1800,133,1.561213781816e-26,4.534273574594e-26
200,PHASE_DISCHARGE,1800,134,2.516960188299e-25,8.631081056890e-25
200,PHASE_DISCHARGE,1800,135,3.571039782286e-24,1.472434883143e-23
200,PHASE_DISCHARGE,1800,136,4.425956447176e-23,2.252600960459e-22
200,PHASE_DISCHARGE,1800,137,4.730136088868e-22,3.092052176504e-21
200,PHASE_DISCHARGE,1800,138,4.249731207105e-21,3.810055234706e-20
200,PHASE_DISCHARGE,1800,139,3.023647918496e-20,4.216109257867e-19
200,PHASE_DISCHARGE,1800,140,1.385622504506e-19,4.191075261138e-18
200,PHASE_DISCHARGE,1800,141,-1.823508362254e-19,3.743414189085e-17
200,PHASE_DISCHARGE,1800,142,-1.277843900545e-17,3.004628871125e-16
200,PHASE_DISCHARGE,1800,143,-1.741676000815e-16,2.167205538176e-15
200,PHASE_DISCHARGE,1800,144,-1.669183333880e-15,1.404607828186e-14
200,PHASE_DISCHARGE,1800,145,-1.295510938391e-14,8.178427466354e-14
200,PHASE_DISCHARGE,1800,146,-8.534084929648e-14,4.276762896097e-13
200,PHASE_DISCHARGE,1800,147,-4.873764031283e-13,2.007807952484e-12
200,PHASE_DISCHARGE,1800,148,-2.440240345114e-12,8.458346918421e-12
200,PHASE_DISCHARGE,1800,149,-1.078152929480e-11,3.195707893347e-11
200,PHASE_DISCHARGE,1800,150,-4.220216634176e-11,1.082178455174e-10
200,PHASE_DISCHARGE,1800,151,-1.467208044313e-10,3.282346468942e-10
200,PHASE_DISCHARGE,1800,152,-4.537973051277e-10,8.910422873622e-10
200,PHASE_DISCHARGE,1800,153,-1.250004739280e-9,2.163133618211e-9
200,PHASE_DISCHARGE,1800,154,-3.068654028442e-9,4.691850130067e-9
200,PHASE_DISCHARGE,1800,155,-6.716943895025e-9,9.083147072517e-9
200,PHASE_DISCHARGE,1800,156,-1.311330625998e-8,1.567652577149e-8
200,PHASE_DISCHARGE,1800,157,-2.283751213722e-8,2.408700054448e-8
200,PHASE_DISCHARGE,1800,158,-3.548341524144e-8,3.289289763436e-8
200,PHASE_DISCHARGE,1800,159,-4.918804688307e-8,3.983663149181e-8
200,PHASE_DISCHARGE,1800,160,-6.083420896953e-8,4.266846321753e-8
200,PHASE_DISCHARGE,1800,161,-6.712262397478e-8,4.026228220629e-8
200,PHASE_DISCHARGE,1800,162,-6.606700983811e-8,3.328253269098e-8
200,PHASE_DISCHARGE,1800,163,-5.800159229514e-8,2.389242746445e-8
200,PHASE_DISCHARGE,1800,164,-4.541100335055e-8,1.467423941017e-8
200,PHASE_DISCHARGE,1800,165,-3.169957348859e-8,7.491177648535e-9
200,PHASE_DISCHARGE,1800,166,-1.972409157320e-8,2.965921176920e-9
200,PHASE_DISCHARGE,1800,167,-1.093556980453e-8,7.019005181182e-10
200,PHASE_DISCHARGE,1800,168,-5.400053685778e-9,-1.266057429285e-10
200,PHASE_DISCHARGE,1800,169,-2.373722717704e-9,-2.703508508551e-10
200,PHASE_DISCHARGE,1800,170,-9.281909039582e-10,-1.938041319653e-10
200,PHASE_DISCHARGE,1800,171,-3.225796273963e-10,-1.000676847659e-10
200,PHASE_DISCHARGE,1800,172,-9.952511554748e-11,-4.188231380320e-11
200,PHASE_DISCHARGE,1800,173,-2.721889612096e-11,-1.481570948028e-11
200,PHASE_DISCHARGE,1800,174,-6.585192934838e-12,-4.517406490569e-12
200,PHASE_DISCHARGE,1800,175,-1.405409278977e-12,-1.200025451033e-12
200,PHASE_DISCHARGE,1800,176,-2.635182721998e-13,-2.795289815131e-13
200,PHASE_DISCHARGE,1800,177,-4.314462435696e-14,-5.733056707428e-14
200,PHASE_DISCHARGE,1800,178,-6.107244576497e-15,-1.038129588006e-14
200,PHASE_DISCHARGE,1800,179,-7.343979900898e-16,-1.662705504584e-15
200,PHASE_DISCHARGE,1800,180,-7.237081688599e-17,-2.358301123547e-16
200,PHASE_DISCHARGE,1800,181,-5.316916119113e-18,-2.964303560101e-17
200,PHASE_DISCHARGE,1800,182,-1.830533081114e-19,-3.303242248654e-18
200,PHASE_DISCHARGE,1800,183,2.231548140289e-20,-3.263324544805e-19
200,PHASE_DISCHARGE,1800,184,5.585627235988e-21,-2.857222694859e-20
200,PHASE_DISCHARGE,1800,185,7.307084260012e-22,-2.215609268789e-21
200,PHASE_DISCHARGE,1800,186,7.236640140402e-23,-1.519896455736e-22
200,PHASE_DISCHARGE,1800,187,5.901989062880e-24,-9.207798123338e-24
200,PHASE_DISCHARGE,1800,188,4.097181840777e-25,-4.913616085327e-25
200,PHASE_DISCHARGE,1800,189,2.461040265847e-26,-2.300763433742e-26
200,PHASE_DISCHARGE,1800,190,1.291033253779e-27,-9.396444082022e-28
200,PHASE_DISCHARGE,1800,191,5.948921771682e-29,-3.314362266828e-29
200,PHASE_DISCHARGE,1800,192,2.416893758464e-30,-9.920088267232e-31
200,PHASE_DISCHARGE,1800,193,8.679809481885e-32,-2.429367880366e-32
200,PHASE_DISCHARGE,1800,194,2.760407798051e-33,-4.419197959953e-34
200,PHASE_DISCHARGE,1800,195,7.783804352659e-35,-3.670585315082e-36
200,PHASE_DISCHARGE,1800,196,1.947794173442e-36,1.207068344376e-37
200,PHASE_DISCHARGE,1800,197,4.327869434893e-38,7.351504418776e-39
200,PHASE_DISCHARGE,1800,198,8.541351731012e-40,2.381998663763e-40
200,PHASE_DISCHARGE,1800,199,1.497437160720e-41,5.860344954670e-42
200,PHASE_DISCHARGE,1800,200,2.331844676488e-43,1.188852676622e-43
200,PHASE_DISCHARGE,1800,201,3.224389819442e-45,2.054699287456e-45
200,PHASE_DISCHARGE,1800,202,2.120018450866e-43,1.111540121464e-43
200,PHASE_DISCHARGE,1800,203,1.250774723114e-41,7.290869498404e-42
200,PHASE_DISCHARGE,1800,204,6.626296690705e-40,4.243999133646e-40
200,PHASE_DISCHARGE,1800,205,3.154371495496e-38,2.198386558168e-38
200,PHASE_DISCHARGE,1800,206,1.350153413429e-36,1.015631045625e-36
200,PHASE_DISCHARGE,1800,207,5.199062263479e-35,4.192669177233e-35
200,PHASE_DISCHARGE,1800,208,1.801899034303e-33,1.549090331499e-33
200,PHASE_DISCHARGE,1800,209,5.622422253545e-32,5.129954046483e-32
200,PHASE_DISCHARGE,1800,210,1.579594218784e-30,1.524539908518e-30
200,PHASE_DISCHARGE,1800,211,3.995254314557e-29,4.070149638272e-29
200,PHASE_DISCHARGE,1800,212,9.094262295394e-28,9.770161182331e-28
200,PHASE_DISCHARGE,1800,213,1.861914478998e-26,2.110070055861e-26
200,PHASE_DISCHARGE,1800,214,3.425831929299e-25,4.101908862773e-25
200,PHASE_DISCHARGE,1800,215,5.658943381941e-24,7.179003931016e-24
200,PHASE_DISCHARGE,1800,216,8.381548524860e-23,1.131186791024e-22
200,PHASE_DISCHARGE,1800,217,1.111468285742e-21,1.604407454076e-21
200,PHASE_DISCHARGE,1800,218,1.317400507124e-20,2.047624784313e-20
200,PHASE_DISCHARGE,1800,219,1.392931297146e-19,2.350324025722e-19
200,PHASE_DISCHARGE,1800,220,1.310733290723e-18,2.424876394381e-18
200,PHASE_DISCHARGE,1800,221,1.094507921250e-17,2.247244634960e-17
200,PHASE_DISCHARGE,1800,222,8.080309720286e-17,1.869429795087e-16
200,PHASE_DISCHARGE,1800,223,5.247263663948e-16,1.394956736310e-15
200,PHASE_DISCHARGE,1800,224,2.975028527085e-15,9.330461195463e-15
200,PHASE_DISCHARGE,1800,225,1.455140488878e-14,5.590394370743e-14
200,PHASE_DISCHARGE,1800,226,6.009120001840e-14,2.998438536689e-13
200,PHASE_DISCHARGE,1800,227,2.000539694607e-13,1.438757417635e-12
200,PHASE_DISCHARGE,1800,228,4.689165396365e-13,6.172394412310e-12
200,PHASE_DISCHARGE,1800,229,2.565181704356e-13,2.366087827815e-11
200,PHASE_DISCHARGE,1800,230,-4.600147877555e-12,8.099427071935e-11
200,PHASE_DISCHARGE,1800,231,-3.155812528337e-11,2.474283131398e-10
200,PHASE_DISCHARGE,1800,232,-1.362959651664e-10,6.740969734387e-10
200,PHASE_DISCHARGE,1800,233,-4.611366539932e-10,1.636621497877e-9
200,PHASE_DISCHARGE,1800,234,-1.300605848185e-9,3.537977403496e-9
200,PHASE_DISCHARGE,1800,235,-3.140021819767e-9,6.803033558219e-9
200,PHASE_DISCHARGE,1800,236,-6.578767979775e-9,1.162124763607e-8
200,PHASE_DISCHARGE,1800,237,-1.205711541115e-8,1.760863938037e-8
200,PHASE_DISCHARGE,1800,238,-1.942673544203e-8,2.361750912243e-8
200,PHASE_DISCHARGE,1800,239,-2.760855441272e-8,2.796245933474e-8
200,PHASE_DISCHARGE,1800,240,-3.468524928089e-8,2.911062509483e-8
200,PHASE_DISCHARGE,1800,241,-3.858045443632e-8,2.649345856817e-8
200,PHASE_DISCHARGE,1800,242,-3.803280344684e-8,2.088480435246e-8
200,PHASE_DISCHARGE,1800,243,-3.325065931378e-8,1.403353147875e-8
200,PHASE_DISCHARGE,1800,244,-2.578937137392e-8,7.786085404100e-9
200,PHASE_DISCHARGE,1800,245,-1.774628077866e-8,3.294418826056e-9
200,PHASE_DISCHARGE,1800,246,-1.083203664646e-8,7.625378958138e-10
200,PHASE_DISCHARGE,1800,247,-5.861827283181e-9,-2.738679979564e-10
200,PHASE_DISCHARGE,1800,248,-2.810036539031e-9,-4.748138799705e-10
200,PHASE_DISCHARGE,1800,249,-1.191776717000e-9,-3.579790028486e-10
200,PHASE_DISCHARGE,1800,250,-4.463480376793e-10,-1.992211826796e-10
200,PHASE_DISCHARGE,1800,251,-1.472203165756e-10,-9.049992948087e-11
200,PHASE_DISCHARGE,1800,252,-4.259114905713e-11,-3.483648181843e-11
200,PHASE_DISCHARGE,1800,253,-1.074007873416e-11,-1.156897706493e-11
200,PHASE_DISCHARGE,1800,254,-2.336448242720e-12,-3.347679094298e-12
200,PHASE_DISCHARGE,1800,255,-4.304169231163e-13,-8.491367409061e-13
200,PHASE_DISCHARGE,1800,256,-6.458412559486e-14,-1.895129899171e-13
200,PHASE_DISCHARGE,1800,257,-7.099082073741e-15,-3.730667296423e-14
200,PHASE_DISCHARGE,1800,258,-3.162189301376e-16,-6.487671494715e-15
200,PHASE_DISCHARGE,1800,259,8.887389315545e-17,-9.975377258286e-16
200,PHASE_DISCHARGE,1800,260,3.091143626116e-17,-1.356626000346e-16
200,PHASE_DISCHARGE,1800,261,6.073055710047e-18,-1.631634136463e-17
200,PHASE_DISCHARGE,1800,262,9.147822486303e-19,-1.734366913237e-18
200,PHASE_DISCHARGE,1800,263,1.139606291203e-19,-1.627360771260e-19
200,PHASE_DISCHARGE,1800,264,1.210748800836e-20,-1.345204592911e-20
200,PHASE_DISCHARGE,1800,265,1.114169627560e-21,-9.765954017232e-22
200,PHASE_DISCHARGE,1800,266,8.960229018192e-23,-6.196920733453e-23
200,PHASE_DISCHARGE,1800,267,6.332600146475e-24,-3.410387270011e-24
200,PHASE_DISCHARGE,1800,268,3.947771215554e-25,-1.606138326336e-25
200,PHASE_DISCHARGE,1800,269,2.176445129523e-26,-6.308152895186e-27
200,PHASE_DISCHARGE,1800,270,1.063092107684e-27,-1.945586170998e-28
200,PHASE_DISCHARGE,1800,271,4.606899663992e-29,-3.830990982290e-30
200,PHASE_DISCHARGE,1800,272,1.772955726464e-30,2.152868435594e-32
200,PHASE_DISCHARGE,1800,273,6.064085597326e-32,6.355723095548e-33
200,PHASE_DISCHARGE,1800,274,1.844404044175e-33,3.623400593176e-34
200,PHASE_DISCHARGE,1800,275,4.990594608587e-35,1.439833392691e-35
200,PHASE_DISCHARGE,1800,276,1.201675365394e-36,4.594291203501e-37
200,PHASE_DISCHARGE,1800,277,2.575462432565e-38,1.234245192912e-38
200,PHASE_DISCHARGE,1800,278,4.913837431643e-40,2.853077874997e-40
200,PHASE_DISCHARGE,1800,279,8.346898763521e-42,5.742532688304e-42
200,PHASE_DISCHARGE,1800,280,1.262389941494e-43,1.013674288321e-43
200,PHASE_DISCHARGE,1800,281,1.699974847559e-45,1.576714196196e-45
200,PHASE_DISCHARGE,1800,282,1.159032861007e-43,2.942732836461e-45
200,PHASE_DISCHARGE,1800,283,7.133537195331e-42,2.449252646648e-43
200,PHASE_DISCHARGE,1800,284,3.962557582411e-40,1.761491571364e-41
200,PHASE_DISCHARGE,1800,285,1.985644735945e-38,1.125533800559e-39
200,PHASE_DISCHARGE,1800,286,8.969761505251e-37,6.442861282162e-38
200,PHASE_DISCHARGE,1800,287,3.649534317492e-35,3.304002425195e-36
200,PHASE_DISCHARGE,1800,288,1.336116620988e-33,1.513496931389e-34
200,PHASE_DISCHARGE,1800,289,4.396899482536e-32,6.173331454126e-33
200,PHASE_DISCHARGE,1800,290,1.299210257381e-30,2.236609759672e-31
200,PHASE_DISCHARGE,1800,291,3.443364393374e-29,7.186685123304e-30
200,PHASE_DISCHARGE,1800,292,8.177300113633e-28,2.046478197015e-28
200,PHASE_DISCHARGE,1800,293,1.738317761258e-26,5.163436883322e-27
200,PHASE_DISCHARGE,1800,294,3.304640748914e-25,1.154493299523e-25
200,PHASE_DISCHARGE,1800,295,5.612909744437e-24,2.288345908021e-24
200,PHASE_DISCHARGE,1800,296,8.509688607440e-23,4.022824830274e-23
200,PHASE_DISCHARGE,1800,297,1.150486938601e-21,6.275329603123e-22
200,PHASE_DISCHARGE,1800,298,1.385617533161e-20,8.690637149223e-21
200,PHASE_DISCHARGE,1800,299,1.484903020665e-19,1.068995146187e-19
200,PHASE_DISCHARGE,1800,300,1.414043234557e-18,1.168388567540e-18
200,PHASE_DISCHARGE,1800,301,1.194614409982e-17,1.135114899718e-17
200,PHASE_DISCHARGE,1800,302,8.934954435962e-17,9.805269180219e-17
200,PHASE_DISCHARGE,1800,303,5.900123250703e-16,7.532577564523e-16
200,PHASE_DISCHARGE,1800,304,3.426664841040e-15,5.147054732436e-15
200,PHASE_DISCHARGE,1800,305,1.740541013690e-14,3.128522892733e-14
200,PHASE_DISCHARGE,1800,306,7.664291351927e-14,1.691549148479e-13
200,PHASE_DISCHARGE,1800,307,2.881872241721e-13,8.134959887797e-13
200,PHASE_DISCHARGE,1800,308,8.984495253700e-13,3.479114316339e-12
200,PHASE_DISCHARGE,1800,309,2.162639699518e-12,1.322787757414e-11
200,PHASE_DISCHARGE,1800,310,3.057335725446e-12,4.469135493230e-11
200,PHASE_DISCHARGE,1800,311,-3.856376247298e-12,1.340895747801e-10
200,PHASE_DISCHARGE,1800,312,-4.643611763193e-11,3.569692648744e-10
200,PHASE_DISCHARGE,1800,313,-2.005808252418e-10,8.422155998104e-10
200,PHASE_DISCHARGE,1800,314,-6.267308473292e-10,1.758243120917e-9
200,PHASE_DISCHARGE,1800,315,-1.587627881533e-9,3.240677220841e-9
200,PHASE_DISCHARGE,1800,316,-3.395954548297e-9,5.256845883794e-9
200,PHASE_DISCHARGE,1800,317,-6.251933363210e-9,7.470125768180e-9
200,PHASE_DISCHARGE,1800,318,-1.000928547726e-8,9.232251366163e-9
200,PHASE_DISCHARGE,1800,319,-1.402078790518e-8,9.804565663689e-9
200,PHASE_DISCHARGE,1800,320,-1.724782329446e-8,8.749102610866e-9
200,PHASE_DISCHARGE,1800,321,-1.867482239439e-8,6.244053001600e-9
200,PHASE_DISCHARGE,1800,322,-1.781788981946e-8,3.063916192026e-9
200,PHASE_DISCHARGE,1800,323,-1.498622022073e-8,1.945161162261e-10
200,PHASE_DISCHARGE,1800,324,-1.110683310078e-8,-1.658458921290e-9
200,PHASE_DISCHARGE,1800,325,-7.244629734331e-9,-2.336150353997e-9
200,PHASE_DISCHARGE,1800,326,-4.149354612720e-9,-2.142047377736e-9
200,PHASE_DISCHARGE,1800,327,-2.078935420546e-9,-1.549034414848e-9
200,PHASE_DISCHARGE,1800,328,-9.055349984291e-10,-9.356636357814e-10
200,PHASE_DISCHARGE,1800,329,-3.393049728857e-10,-4.839949608052e-10
200,PHASE_DISCHARGE,1800,330,-1.072556188483e-10,-2.172136104217e-10
200,PHASE_DISCHARGE,1800,331,-2.743074793982e-11,-8.522308405438e-11
200,PHASE_DISCHARGE,1800,332,-5.041264662105e-12,-2.937017495565e-11
200,PHASE_DISCHARGE,1800,333,-3.077447762826e-13,-8.917921157588e-12
200,PHASE_DISCHARGE,1800,334,2.283281859629e-13,-2.390533111289e-12
200,PHASE_DISCHARGE,1800,335,1.263330596656e-13,-5.664303937718e-13
200,PHASE_DISCHARGE,1800,336,4.179608838114e-14,-1.187202186062e-13
200,PHASE_DISCHARGE,1800,337,1.071070974736e-14,-2.201580309126e-14
200,PHASE_DISCHARGE,1800,338,2.277756334870e-15,-3.611563351656e-15
200,PHASE_DISCHARGE,1800,339,4.136915593318e-16,-5.237587995984e-16
200,PHASE_DISCHARGE,1800,340,6.512252614371e-17,-6.707172544109e-17
200,PHASE_DISCHARGE,1800,341,8.961855258174e-18,-7.570438397762e-18
200,PHASE_DISCHARGE,1800,342,1.084014906932e-18,-7.510329449138e-19
200,PHASE_DISCHARGE,1800,343,1.156720667612e-19,-6.520680906210e-20
200,PHASE_DISCHARGE,1800,344,1.091673362995e-20,-4.921368601000e-21
200,PHASE_DISCHARGE,1800,345,9.129371016680e-22,-3.192371130468e-22
200,PHASE_DISCHARGE,1800,346,6.774598406594e-23,-1.742913849413e-23
200,PHASE_DISCHARGE,1800,347,4.465724491811e-24,-7.653107472841e-25
200,PHASE_DISCHARGE,1800,348,2.617214383273e-25,-2.364746663975e-26
200,PHASE_DISCHARGE,1800,349,1.364679043596e-26,-1.770220670237e-28
200,PHASE_DISCHARGE,1800,350,6.334668406002e-28,3.909694600607e-29
200,PHASE_DISCHARGE,1800,351,2.619079882916e-29,3.521126240982e-30
200,PHASE_DISCHARGE,1800,352,9.649857881600e-31,1.985256466065e-31
200,PHASE_DISCHARGE,1800,353,3.169985750897e-32,8.747291845934e-33
200,PHASE_DISCHARGE,1800,354,9.289468293055e-34,3.207251869701e-34
200,PHASE_DISCHARGE,1800,355,2.429889916577e-35,1.005137854308e-35
200,PHASE_DISCHARGE,1800,356,5.677529928945e-37,2.730216117772e-37
200,PHASE_DISCHARGE,1800,357,1.186024360460e-38,6.480319534166e-39
200,PHASE_DISCHARGE,1800,358,2.217498641398e-40,1.351118620948e-40
200,PHASE_DISCHARGE,1800,359,3.715804485661e-42,2.483376020135e-42
200,PHASE_DISCHARGE,1800,360,5.589487114400e-44,4.034389519342e-44
200,PHASE_DISCHARGE,1800,361,7.562444647275e-46,5.804788977787e-46
200,PHASE_DISCHARGE,1800,362,5.530316916486e-44,-4.762399719324e-44
200,PHASE_DISCHARGE,1800,363,3.632819852040e-42,-2.876033580943e-42
200,PHASE_DISCHARGE,1800,364,2.139932860536e-40,-1.539176293037e-40
200,PHASE_DISCHARGE,1800,365,1.128759676506e-38,-7.284170298624e-39
200,PHASE_DISCHARGE,1800,366,5.325309910516e-37,-3.039922645727e-37
200,PHASE_DISCHARGE,1800,367,2.245039066900e-35,-1.114477817613e-35
200,PHASE_DISCHARGE,1800,368,8.451016121505e-34,-3.569164287871e-34
200,PHASE_DISCHARGE,1800,369,2.838755828050e-32,-9.897155842872e-33
200,PHASE_DISCHARGE,1800,370,8.504511989181e-31,-2.340446267697e-31
200,PHASE_DISCHARGE,1800,371,2.271253020498e-29,-4.581244868815e-30
200,PHASE_DISCHARGE,1800,372,5.404792547020e-28,-6.903187256073e-29
200,PHASE_DISCHARGE,1800,373,1.145485001873e-26,-6.034952409287e-28
200,PHASE_DISCHARGE,1800,374,2.161124860830e-25,5.213929747514e-27
200,PHASE_DISCHARGE,1800,375,3.627466006580e-24,3.758091457315e-25
200,PHASE_DISCHARGE,1800,376,5.413354287076e-23,1.011564232115e-23
200,PHASE_DISCHARGE,1800,377,7.176441093816e-22,1.976118678010e-22
200,PHASE_DISCHARGE,1800,378,8.442628453931e-21,3.132229408096e-21
200,PHASE_DISCHARGE,1800,379,8.802100863119e-20,4.193210740549e-20
200,PHASE_DISCHARGE,1800,380,8.118200720388e-19,4.832006236101e-19
200,PHASE_DISCHARGE,1800,381,6.607581763259e-18,4.842780276563e-18
200,PHASE_DISCHARGE,1800,382,4.729858861733e-17,4.247411241863e-17
200,PHASE_DISCHARGE,1800,383,2.962723876585e-16,3.272506586140e-16
200,PHASE_DISCHARGE,1800,384,1.611277321601e-15,2.220263842882e-15
200,PHASE_DISCHARGE,1800,385,7.508629246782e-15,1.328351453420e-14
200,PHASE_DISCHARGE,1800,386,2.924499406989e-14,7.012926814535e-14
200,PHASE_DISCHARGE,1800,387,8.995767923417e-14,3.267218686957e-13
200,PHASE_DISCHARGE,1800,388,1.812692476206e-13,1.342415913856e-12
200,PHASE_DISCHARGE,1800,389,-4.554263818765e-14,4.857867990795e-12
200,PHASE_DISCHARGE,1800,390,-2.543080499238e-12,1.544756618725e-11
200,PHASE_DISCHARGE,1800,391,-1.463352475032e-11,4.300649953155e-11
200,PHASE_DISCHARGE,1800,392,-5.748881727506e-11,1.042084019288e-10
200,PHASE_DISCHARGE,1800,393,-1.799857239949e-10,2.176058127133e-10
200,PHASE_DISCHARGE,1800,394,-4.719619700612e-10,3.846256188435e-10
200,PHASE_DISCHARGE,1800,395,-1.059707644132e-9,5.542942034785e-10
200,PHASE_DISCHARGE,1800,396,-2.060885773124e-9,5.887812647969e-10
200,PHASE_DISCHARGE,1800,397,-3.493691259818e-9,2.706500490991e-10
200,PHASE_DISCHARGE,1800,398,-5.181004260262e-9,-6.091022775866e-10
200,PHASE_DISCHARGE,1800,399,-6.732336257683e-9,-2.096897469910e-9
200,PHASE_DISCHARGE,1800,400,-7.666999571895e-9,-3.952285797125e-9
200,PHASE_DISCHARGE,1800,401,-7.642934388427e-9,-5.675918181405e-9
200,PHASE_DISCHARGE,1800,402,-6.649598065152e-9,-6.722229721364e-9
200,PHASE_DISCHARGE,1800,403,-5.022052782612e-9,-6.776924487332e-9
200,PHASE_DISCHARGE,1800,404,-3.260892921260e-9,-5.908590753147e-9
200,PHASE_DISCHARGE,1800,405,-1.787863329466e-9,-4.495706692179e-9
200,PHASE_DISCHARGE,1800,406,-7.966066848945e-10,-3.002013737499e-9
200,PHASE_DISCHARGE,1800,407,-2.596784015665e-10,-1.765737348812e-9
200,PHASE_DISCHARGE,1800,408,-3.455156622816e-11,-9.171142219864e-10
200,PHASE_DISCHARGE,1800,409,2.799926019184e-11,-4.213613278802e-10
200,PHASE_DISCHARGE,1800,410,2.882078787149e-11,-1.714499215065e-10
200,PHASE_DISCHARGE,1800,411,1.667137545401e-11,-6.183262511298e-11
200,PHASE_DISCHARGE,1800,412,7.379111190852e-12,-1.977464358825e-11
200,PHASE_DISCHARGE,1800,413,2.697357265441e-12,-5.609338600687e-12
200,PHASE_DISCHARGE,1800,414,8.398528369714e-13,-1.411329421104e-12
200,PHASE_DISCHARGE,1800,415,2.262504486953e-13,-3.148940252644e-13
200,PHASE_DISCHARGE,1800,416,5.321200491956e-14,-6.227663864657e-14
200,PHASE_DISCHARGE,1800,417,1.098804900360e-14,-1.090948157384e-14
200,PHASE_DISCHARGE,1800,418,1.999688619702e-15,-1.691068187471e-15
200,PHASE_DISCHARGE,1800,419,3.215736911111e-16,-2.316257556660e-16
200,PHASE_DISCHARGE,1800,420,4.578294058412e-17,-2.797988504927e-17
200,PHASE_DISCHARGE,1800,421,5.778948964681e-18,-2.972930642790e-18
200,PHASE_DISCHARGE,1800,422,6.474219824119e-19,-2.768068185830e-19
200,PHASE_DISCHARGE,1800,423,6.443020589675e-20,-2.246194137887e-20
200,PHASE_DISCHARGE,1800,424,5.699746190466e-21,-1.575238825206e-21
200,PHASE_DISCHARGE,1800,425,4.484775836168e-22,-9.415122522349e-23
200,PHASE_DISCHARGE,1800,426,3.140337783300e-23,-4.673665374991e-24
200,PHASE_DISCHARGE,1800,427,1.957894972794e-24,-1.818487738418e-25
200,PHASE_DISCHARGE,1800,428,1.087485804991e-25,-4.594924675091e-27
200,PHASE_DISCHARGE,1800,429,5.384720945872e-27,1.374981310198e-29
200,PHASE_DISCHARGE,1800,430,2.378815421660e-28,9.673368643059e-30
200,PHASE_DISCHARGE,1800,431,9.385775454319e-30,6.645074830282e-31
200,PHASE_DISCHARGE,1800,432,3.311959094379e-31,3.022353585604e-32
200,PHASE_DISCHARGE,1800,433,1.047078691060e-32,1.046594496691e-33
200,PHASE_DISCHARGE,1800,434,2.972664029740e-34,2.811867331268e-35
200,PHASE_DISCHARGE,1800,435,7.600077981714e-36,5.546401073713e-37
200,PHASE_DISCHARGE,1800,436,1.755734790270e-37,5.901433071283e-39
200,PHASE_DISCHARGE,1800,437,3.678677825720e-39,-8.661336105528e-41
200,PHASE_DISCHARGE,1800,438,7.017069989812e-41,-6.754856068682e-42
200,PHASE_DISCHARGE,1800,439,1.222615973597e-42,-2.195851774234e-43
200,PHASE_DISCHARGE,1800,440,1.950235588323e-44,-5.192623284566e-45
200,PHASE_DISCHARGE,1800,441,2.850318586941e-46,-9.914292509728e-47
200,PHASE_DISCHARGE,1800,442,2.274972012626e-44,-4.266890424023e-44
200,PHASE_DISCHARGE,1800,443,1.590202092830e-42,-2.510063147104e-42
200,PHASE_DISCHARGE,1800,444,9.773756890166e-41,-1.308671569362e-40
200,PHASE_DISCHARGE,1800,445,5.296594660569e-39,-6.037490918146e-39
200,PHASE_DISCHARGE,1800,446,2.535666625912e-37,-2.459404121127e-37
200,PHASE_DISCHARGE,1800,447,1.073818098232e-35,-8.819779521861e-36
200,PHASE_DISCHARGE,1800,448,4.026316241902e-34,-2.772528007692e-34
200,PHASE_DISCHARGE,1800,449,1.337424826176e-32,-7.590314376017e-33
200,PHASE_DISCHARGE,1800,450,3.936697238711e-31,-1.790720214785e-31
200,PHASE_DISCHARGE,1800,451,1.026814235470e-29,-3.572658646918e-30
200,PHASE_DISCHARGE,1800,452,2.372584079454e-28,-5.796190796898e-29
200,PHASE_DISCHARGE,1800,453,4.853510972871e-27,-6.874582463824e-28
200,PHASE_DISCHARGE,1800,454,8.781383261363e-26,-3.292286527137e-27
200,PHASE_DISCHARGE,1800,455,1.403112364832e-24,9.971254597103e-26
200,PHASE_DISCHARGE,1800,456,1.975563185091e-23,3.710761108114e-24
200,PHASE_DISCHARGE,1800,457,2.443163733958e-22,7.776254201234e-23
200,PHASE_DISCHARGE,1800,458,2.640894299616e-21,1.244124159322e-21
200,PHASE_DISCHARGE,1800,459,2.475807651828e-20,1.637761868004e-20
200,PHASE_DISCHARGE,1800,460,1.986601326650e-19,1.827208498350e-19
200,PHASE_DISCHARGE,1800,461,1.330444707686e-18,1.752244496380e-18
200,PHASE_DISCHARGE,1800,462,7.018857950015e-18,1.454523727487e-17
200,PHASE_DISCHARGE,1800,463,2.403341064375e-17,1.048236516916e-16
200,PHASE_DISCHARGE,1800,464,-1.456363368831e-17,6.558489144972e-16
200,PHASE_DISCHARGE,1800,465,-1.046355364181e-15,3.551788702063e-15
200,PHASE_DISCHARGE,1800,466,-1.025408734223e-14,1.653172099196e-14
200,PHASE_DISCHARGE,1800,467,-6.907846243281e-14,6.520178392289e-14
200,PHASE_DISCHARGE,1800,468,-3.716103285313e-13,2.115072589742e-13
200,PHASE_DISCHARGE,1800,469,-1.676248025168e-12,5.232511499569e-13
200,PHASE_DISCHARGE,1800,470,-6.480644532462e-12,7.246118928073e-13
200,PHASE_DISCHARGE,1800,471,-2.172421081398e-11,-1.288300232945e-12
200,PHASE_DISCHARGE,1800,472,-6.356117892841e-11,-1.373287525373e-11
200,PHASE_DISCHARGE,1800,473,-1.629525104136e-10,-5.997180509777e-11
200,PHASE_DISCHARGE,1800,474,-3.668719630479e-10,-1.917400188101e-10
200,PHASE_DISCHARGE,1800,475,-7.260880388762e-10,-4.986797974856e-10
200,PHASE_DISCHARGE,1800,476,-1.263228908600e-9,-1.096867943724e-9
200,PHASE_DISCHARGE,1800,477,-1.929967152270e-9,-2.078939700572e-9
200,PHASE_DISCHARGE,1800,478,-2.583602182499e-9,-3.431071204966e-9
200,PHASE_DISCHARGE,1800,479,-3.018633990479e-9,-4.962636785491e-9
200,PHASE_DISCHARGE,1800,480,-3.058001514341e-9,-6.317193791926e-9
200,PHASE_DISCHARGE,1800,481,-2.655351279489e-9,-7.097819748038e-9
200,PHASE_DISCHARGE,1800,482,-1.933872696357e-9,-7.053564212115e-9
200,PHASE_DISCHARGE,1800,483,-1.125731661553e-9,-6.209010040995e-9
200,PHASE_DISCHARGE,1800,484,-4.523322093486e-10,-4.846626030701e-9
200,PHASE_DISCHARGE,1800,485,-2.865320526926e-11,-3.357421073396e-9
200,PHASE_DISCHARGE,1800,486,1.538109362595e-10,-2.065237007842e-9
200,PHASE_DISCHARGE,1800,487,1.770716003447e-10,-1.128506327301e-9
200,PHASE_DISCHARGE,1800,488,1.314224019140e-10,-5.479216303037e-10
200,PHASE_DISCHARGE,1800,489,7.668421559408e-11,-2.364134975136e-10
200,PHASE_DISCHARGE,1800,490,3.730110123782e-11,-9.065284488641e-11
200,PHASE_DISCHARGE,1800,491,1.551467844470e-11,-3.089057995115e-11
200,PHASE_DISCHARGE,1800,492,5.591441447546e-12,-9.353147380980e-12
200,PHASE_DISCHARGE,1800,493,1.759616008149e-12,-2.515989682884e-12
200,PHASE_DISCHARGE,1800,494,4.858681124362e-13,-6.011808071037e-13
200,PHASE_DISCHARGE,1800,495,1.180825814740e-13,-1.275809207296e-13
200,PHASE_DISCHARGE,1800,496,2.531151900386e-14,-2.404556502683e-14
200,PHASE_DISCHARGE,1800,497,4.791808063938e-15,-4.025623965685e-15
200,PHASE_DISCHARGE,1800,498,8.018344491880e-16,-5.990160879739e-16
200,PHASE_DISCHARGE,1800,499,1.186453138192e-16,-7.932584593790e-17
200,PHASE_DISCHARGE,1800,500,1.552469259235e-17,-9.371816311997e-18
200,PHASE_DISCHARGE,1800,501,1.795937897861e-18,-9.919539443560e-19
200,PHASE_DISCHARGE,1800,502,1.835742682791e-19,-9.469314275934e-20
200,PHASE_DISCHARGE,1800,503,1.656545086203e-20,-8.232053841015e-21
200,PHASE_DISCHARGE,1800,504,1.318062998673e-21,-6.598146533183e-22
200,PHASE_DISCHARGE,1800,505,9.232476716723e-23,-4.939470295018e-23
200,PHASE_DISCHARGE,1800,506,5.681748338448e-24,-3.486981178656e-24
200,PHASE_DISCHARGE,1800,507,3.064715444411e-25,-2.326507113578e-25
200,PHASE_DISCHARGE,1800,508,1.445100662901e-26,-1.458023530942e-26
200,PHASE_DISCHARGE,1800,509,5.942604622954e-28,-8.482164057570e-28
200,PHASE_DISCHARGE,1800,510,2.129890655189e-29,-4.521120956860e-29
200,PHASE_DISCHARGE,1800,511,6.686837979347e-31,-2.183228543830e-30
200,PHASE_DISCHARGE,1800,512,1.875575047279e-32,-9.472826298430e-32
200,PHASE_DISCHARGE,1800,513,4.940367607088e-34,-3.672971765148e-33
200,PHASE_DISCHARGE,1800,514,1.329263824523e-35,-1.268431415786e-34
200,PHASE_DISCHARGE,1800,515,3.895382565161e-37,-3.894098590802e-36
200,PHASE_DISCHARGE,1800,516,1.206972416219e-38,-1.061721165403e-37
200,PHASE_DISCHARGE,1800,517,3.626612674532e-40,-2.569710803520e-39
200,PHASE_DISCHARGE,1800,518,9.895216272275e-42,-5.520315383570e-41
200,PHASE_DISCHARGE,1800,519,2.379035480731e-43,-1.052561143190e-42
200,PHASE_DISCHARGE,1800,520,4.992273276735e-45,-1.781363406220e-44
200,PHASE_DISCHARGE,1800,521,9.135151685540e-47,-2.992387354224e-46
200,PHASE_DISCHARGE,1800,522,7.689663627735e-45,-1.889680008969e-44
200,PHASE_DISCHARGE,1800,523,5.475361248029e-43,-1.053326525195e-42
200,PHASE_DISCHARGE,1800,524,3.353455853097e-41,-5.167997771144e-41
200,PHASE_DISCHARGE,1800,525,1.782510287944e-39,-2.222838726336e-39
200,PHASE_DISCHARGE,1800,526,8.263785159398e-38,-8.330516062859e-38
200,PHASE_DISCHARGE,1800,527,3.349868522479e-36,-2.693830814352e-36
200,PHASE_DISCHARGE,1800,528,1.188252843837e-34,-7.388577382679e-35
200,PHASE_DISCHARGE,1800,529,3.685268225540e-33,-1.660543986609e-33
200,PHASE_DISCHARGE,1800,530,9.967483055240e-32,-2.798841413330e-32
200,PHASE_DISCHARGE,1800,531,2.339191639916e-30,-2.359735342016e-31
200,PHASE_DISCHARGE,1800,532,4.720025213793e-29,5.042398600072e-30
200,PHASE_DISCHARGE,1800,533,8.049886229703e-28,3.033161062339e-28
200,PHASE_DISCHARGE,1800,534,1.119330672169e-26,8.915139267443e-27
200,PHASE_DISCHARGE,1800,535,1.152302060345e-25,1.951391825444e-25
200,PHASE_DISCHARGE,1800,536,5.395707714995e-25,3.475364471468e-24
200,PHASE_DISCHARGE,1800,537,-1.001323818989e-23,5.202644329096e-23
200,PHASE_DISCHARGE,1800,538,-3.420563957348e-22,6.638689944637e-22
200,PHASE_DISCHARGE,1800,539,-6.203917105427e-21,7.257521719156e-21
200,PHASE_DISCHARGE,1800,540,-8.522642108061e-20,6.790157879047e-20
200,PHASE_DISCHARGE,1800,541,-9.629262078283e-19,5.394973274390e-19
200,PHASE_DISCHARGE,1800,542,-9.244376139460e-18,3.572074224168e-18
200,PHASE_DISCHARGE,1800,543,-7.664325091159e-17,1.883861606298e-17
200,PHASE_DISCHARGE,1800,544,-5.538324166931e-16,6.882550697737e-17
200,PHASE_DISCHARGE,1800,545,-3.507927133716e-15,4.887632742350e-17
200,PHASE_DISCHARGE,1800,546,-1.954712202576e-14,-1.762779198445e-15
200,PHASE_DISCHARGE,1800,547,-9.605782910643e-14,-1.840141889076e-14
200,PHASE_DISCHARGE,1800,548,-4.169671136180e-13,-1.221663362543e-13
200,PHASE_DISCHARGE,1800,549,-1.600425360381e-12,-6.352270061056e-13
200,PHASE_DISCHARGE,1800,550,-5.434752090849e-12,-2.748879275086e-12
200,PHASE_DISCHARGE,1800,551,-1.633092257646e-11,-1.016368004132e-11
200,PHASE_DISCHARGE,1800,552,-4.341539955406e-11,-3.255491062378e-11
200,PHASE_DISCHARGE,1800,553,-1.020530954115e-10,-9.107498145939e-11
200,PHASE_DISCHARGE,1800,554,-2.118897978281e-10,-2.236994833850e-10
200,PHASE_DISCHARGE,1800,555,-3.879716275775e-10,-4.841085910254e-10
200,PHASE_DISCHARGE,1800,556,-6.249705833020e-10,-9.253441358617e-10
200,PHASE_DISCHARGE,1800,557,-8.825646110512e-10,-1.565004257039e-9
200,PHASE_DISCHARGE,1800,558,-1.086696044131e-9,-2.344982561215e-9
200,PHASE_DISCHARGE,1800,559,-1.156584381489e-9,-3.115906087724e-9
200,PHASE_DISCHARGE,1800,560,-1.048179450157e-9,-3.674045697020e-9
200,PHASE_DISCHARGE,1800,561,-7.854698566769e-10,-3.846146566721e-9
200,PHASE_DISCHARGE,1800,562,-4.533770800608e-10,-3.575704170000e-9
200,PHASE_DISCHARGE,1800,563,-1.537395728614e-10,-2.952737226553e-9
200,PHASE_DISCHARGE,1800,564,4.484894648940e-11,-2.165891354189e-9
200,PHASE_DISCHARGE,1800,565,1.299803645132e-10,-1.411150260178e-9
200,PHASE_DISCHARGE,1800,566,1.327331844631e-10,-8.165289321294e-10
200,PHASE_DISCHARGE,1800,567,9.744136023201e-11,-4.195041542099e-10
200,PHASE_DISCHARGE,1800,568,5.763175958139e-11,-1.913149219284e-10
200,PHASE_DISCHARGE,1800,569,2.857367782378e-11,-7.742518222901e-11
200,PHASE_DISCHARGE,1800,570,1.208518538986e-11,-2.779873782937e-11
200,PHASE_DISCHARGE,1800,571,4.395417093384e-12,-8.853667670112e-12
200,PHASE_DISCHARGE,1800,572,1.378276198093e-12,-2.501787567950e-12
200,PHASE_DISCHARGE,1800,573,3.719898670385e-13,-6.276641550564e-13
200,PHASE_DISCHARGE,1800,574,8.584161198886e-14,-1.400605005940e-13
200,PHASE_DISCHARGE,1800,575,1.668855601323e-14,-2.789454980849e-14
200,PHASE_DISCHARGE,1800,576,2.645762022535e-15,-4.988883136284e-15
200,PHASE_DISCHARGE,1800,577,3.137178673336e-16,-8.091925994907e-16
200,PHASE_DISCHARGE,1800,578,1.868221536673e-17,-1.207161174935e-16
200,PHASE_DISCHARGE,1800,579,-2.724754496142e-18,-1.684196576134e-17
200,PHASE_DISCHARGE,1800,580,-1.156856936961e-18,-2.229921142745e-18
200,PHASE_DISCHARGE,1800,581,-2.386092245111e-19,-2.819260932046e-19
200,PHASE_DISCHARGE,1800,582,-3.670646514150e-20,-3.384614133447e-20
200,PHASE_DISCHARGE,1800,583,-4.612072582821e-21,-3.803521358120e-21
200,PHASE_DISCHARGE,1800,584,-4.900815225901e-22,-3.934635249427e-22
200,PHASE_DISCHARGE,1800,585,-4.479235283173e-23,-3.693873233088e-23
200,PHASE_DISCHARGE,1800,586,-3.554191406105e-24,-3.115618703210e-24
200,PHASE_DISCHARGE,1800,587,-2.461696271127e-25,-2.346162275419e-25
200,PHASE_DISCHARGE,1800,588,-1.492980341126e-26,-1.571723102593e-26
200,PHASE_DISCHARGE,1800,589,-7.941565642649e-28,-9.350033774160e-28
200,PHASE_DISCHARGE,1800,590,-3.706607289235e-29,-4.935593898380e-29
200,PHASE_DISCHARGE,1800,591,-1.516917358856e-30,-2.311430292753e-30
200,PHASE_DISCHARGE,1800,592,-5.432533298536e-32,-9.605006484868e-32
200,PHASE_DISCHARGE,1800,593,-1.696236742357e-33,-3.542519884896e-33
200,PHASE_DISCHARGE,1800,594,-4.588006869090e-35,-1.160023417518e-34
200,PHASE_DISCHARGE,1800,595,-1.062937132967e-36,-3.373637964442e-36
200,PHASE_DISCHARGE,1800,596,-2.064456127332e-38,-8.716179644257e-38
200,PHASE_DISCHARGE,1800,597,-3.204910547979e-40,-2.000974280162e-39
200,PHASE_DISCHARGE,1800,598,-3.441421645921e-42,-4.082288806227e-41
200,PHASE_DISCHARGE,1800,599,-6.299595837980e-45,-7.401770628268e-43
200,PHASE_DISCHARGE,1800,600,8.109604059427e-46,-1.192668208995e-44
200,PHASE_DISCHARGE,1800,601,2.494596532447e-47,-1.707628224716e-46
200,PHASE_DISCHARGE,1800,602,1.891600665149e-45,-2.556972950026e-45
200,PHASE_DISCHARGE,1800,603,1.189983509663e-43,-9.755619294302e-44
200,PHASE_DISCHARGE,1800,604,6.248213573209e-42,-2.138221814468e-42
200,PHASE_DISCHARGE,1800,605,2.710992448241e-40,4.963855641111e-41
200,PHASE_DISCHARGE,1800,606,9.381614031727e-39,8.766735879078e-39
200,PHASE_DISCHARGE,1800,607,2.315172133006e-37,5.927020637863e-37
200,PHASE_DISCHARGE,1800,608,1.976514407568e-36,2.909362634704e-35
200,PHASE_DISCHARGE,1800,609,-1.742465581208e-34,1.156726446645e-33
200,PHASE_DISCHARGE,1800,610,-1.276655389020e-32,3.874186641459e-32
200,PHASE_DISCHARGE,1800,611,-5.501874601431e-31,1.113156931962e-30
200,PHASE_DISCHARGE,1800,612,-1.824695026488e-29,2.770036394537e-29
200,PHASE_DISCHARGE,1800,613,-4.999502422587e-28,6.000240413562e-28
200,PHASE_DISCHARGE,1800,614,-1.165683394371e-26,1.134039697829e-26
200,PHASE_DISCHARGE,1800,615,-2.348487020627e-25,1.870685042457e-25
200,PHASE_DISCHARGE,1800,616,-4.125085414955e-24,2.688888335564e-24
200,PHASE_DISCHARGE,1800,617,-6.353063920806e-23,3.354165891628e-23
200,PHASE_DISCHARGE,1800,618,-8.611912593573e-22,3.603049982712e-22
200,PHASE_DISCHARGE,1800,619,-1.030253765158e-20,3.284701112530e-21
200,PHASE_DISCHARGE,1800,620,-1.089811866786e-19,2.466453115744e-20
200,PHASE_DISCHARGE,1800,621,-1.020772804861e-18,1.415466234282e-19
200,PHASE_DISCHARGE,1800,622,-8.474603292767e-18,4.588596935449e-19
200,PHASE_DISCHARGE,1800,623,-6.240786079222e-17,-1.789365295580e-18
200,PHASE_DISCHARGE,1800,624,-4.078548652039e-16,-4.529147942551e-17
200,PHASE_DISCHARGE,1800,625,-2.366200111844e-15,-4.594441908593e-16
200,PHASE_DISCHARGE,1800,626,-1.218810015013e-14,-3.403220834929e-15
200,PHASE_DISCHARGE,1800,627,-5.573780967808e-14,-2.048218115826e-14
200,PHASE_DISCHARGE,1800,628,-2.262644336776e-13,-1.041549842622e-13
200,PHASE_DISCHARGE,1800,629,-8.150577790553e-13,-4.559621286118e-13
200,PHASE_DISCHARGE,1800,630,-2.604012442139e-12,-1.736289551450e-12
200,PHASE_DISCHARGE,1800,631,-7.373435649963e-12,-5.787439710959e-12
200,PHASE_DISCHARGE,1800,632,-1.848650391938e-11,-1.695387655048e-11
200,PHASE_DISCHARGE,1800,633,-4.098789912312e-11,-4.376470907829e-11
200,PHASE_DISCHARGE,1800,634,-8.023566129218e-11,-9.972802499240e-11
200,PHASE_DISCHARGE,1800,635,-1.383792504507e-10,-2.008351352638e-10
200,PHASE_DISCHARGE,1800,636,-2.096802285429e-10,-3.576621820265e-10
200,PHASE_DISCHARGE,1800,637,-2.781085027697e-10,-5.634096807814e-10
200,PHASE_DISCHARGE,1800,638,-3.212531605922e-10,-7.849481633757e-10
200,PHASE_DISCHARGE,1800,639,-3.209214258061e-10,-9.667384132602e-10
200,PHASE_DISCHARGE,1800,640,-2.744624439749e-10,-1.051560086792e-9
200,PHASE_DISCHARGE,1800,641,-1.979839395943e-10,-1.008793673188e-9
200,PHASE_DISCHARGE,1800,642,-1.178047909621e-10,-8.517445874922e-10
200,PHASE_DISCHARGE,1800,643,-5.606038258427e-11,-6.310129744119e-10
200,PHASE_DISCHARGE,1800,644,-2.100405009740e-11,-4.083596932662e-10
200,PHASE_DISCHARGE,1800,645,-7.653140025899e-12,-2.292661638347e-10
200,PHASE_DISCHARGE,1800,646,-5.536564299606e-12,-1.104259864954e-10
200,PHASE_DISCHARGE,1800,647,-6.176838412536e-12,-4.472410872015e-11
200,PHASE_DISCHARGE,1800,648,-5.861902966595e-12,-1.460925990080e-11
200,PHASE_DISCHARGE,1800,649,-4.373130948151e-12,-3.430459714288e-12
200,PHASE_DISCHARGE,1800,650,-2.639708825593e-12,-2.879509653918e-13
200,PHASE_DISCHARGE,1800,651,-1.326021609459e-12,2.246337207527e-13
200,PHASE_DISCHARGE,1800,652,-5.651442885083e-13,1.560935599526e-13
200,PHASE_DISCHARGE,1800,653,-2.070086171394e-13,6.246172258822e-14
200,PHASE_DISCHARGE,1800,654,-6.574606045110e-14,1.881348610875e-14
200,PHASE_DISCHARGE,1800,655,-1.821790248296e-14,4.530352577160e-15
200,PHASE_DISCHARGE,1800,656,-4.424050247026e-15,8.803879372778e-16
200,PHASE_DISCHARGE,1800,657,-9.446470891887e-16,1.343061290586e-16
200,PHASE_DISCHARGE,1800,658,-1.777958374942e-16,1.437235356973e-17
200,PHASE_DISCHARGE,1800,659,-2.955208494035e-17,4.814029254845e-19
200,PHASE_DISCHARGE,1800,660,-4.343937156709e-18,-2.212158330445e-19
200,PHASE_DISCHARGE,1800,661,-5.652856181910e-19,-6.826056675429e-20
200,PHASE_DISCHARGE,1800,662,-6.517432838452e-20,-1.260968708320e-20
200,PHASE_DISCHARGE,1800,663,-6.660994164721e-21,-1.796056325619e-21
200,PHASE_DISCHARGE,1800,664,-6.036583900110e-22,-2.113015974659e-22
200,PHASE_DISCHARGE,1800,665,-4.851553632025e-23,-2.113998951593e-23
200,PHASE_DISCHARGE,1800,666,-3.457542023858e-24,-1.826079616613e-24
200,PHASE_DISCHARGE,1800,667,-2.184322924905e-25,-1.374154159140e-25
200,PHASE_DISCHARGE,1800,668,-1.222609816794e-26,-9.060188599417e-27
200,PHASE_DISCHARGE,1800,669,-6.057735882926e-28,-5.254163477687e-28
200,PHASE_DISCHARGE,1800,670,-2.653679815415e-29,-2.687268788985e-29
200,PHASE_DISCHARGE,1800,671,-1.025989377105e-30,-1.214517104977e-30
200,PHASE_DISCHARGE,1800,672,-3.492319399540e-32,-4.857264544321e-32
200,PHASE_DISCHARGE,1800,673,-1.042794196758e-33,-1.720734875958e-33
200,PHASE_DISCHARGE,1800,674,-2.716769649953e-35,-5.403497738858e-35
200,PHASE_DISCHARGE,1800,675,-6.123063987371e-37,-1.504768476141e-36
200,PHASE_DISCHARGE,1800,676,-1.176512883581e-38,-3.717039681430e-38
200,PHASE_DISCHARGE,1800,677,-1.873502999506e-40,-8.144556555624e-40
200,PHASE_DISCHARGE,1800,678,-2.311974550039e-42,-1.582710173850e-41
200,PHASE_DISCHARGE,1800,679,-1.728477654246e-44,-2.726621738928e-43
200,PHASE_DISCHARGE,1800,680,8.015283984882e-47,-4.161549394807e-45
200,PHASE_DISCHARGE,1800,681,5.800862059720e-48,2.965313214080e-47
200,PHASE_DISCHARGE,1800,682,2.058315244386e-46,2.369011435180e-45
200,PHASE_DISCHARGE,1800,683,-2.050657036225e-45,1.643584918023e-43
200,PHASE_DISCHARGE,1800,684,-1.068060027970e-42,9.969856921215e-42
200,PHASE_DISCHARGE,1800,685,-1.062929194451e-40,5.310387704675e-40
200,PHASE_DISCHARGE,1800,686,-7.321470560197e-39,2.490732959664e-38
200,PHASE_DISCHARGE,1800,687,-4.025574712415e-37,1.030605839896e-36
200,PHASE_DISCHARGE,1800,688,-1.853982479809e-35,3.766373811039e-35
200,PHASE_DISCHARGE,1800,689,-7.313729689481e-34,1.216431236572e-33
200,PHASE_DISCHARGE,1800,690,-2.501846984055e-32,3.472584352642e-32
200,PHASE_DISCHARGE,1800,691,-7.476973459497e-31,8.759808609164e-31
200,PHASE_DISCHARGE,1800,692,-1.961853154322e-29,1.951107203517e-29
200,PHASE_DISCHARGE,1800,693,-4.534721166935e-28,3.832049683035e-28
200,PHASE_DISCHARGE,1800,694,-9.256013248602e-27,6.622667021018e-27
200,PHASE_DISCHARGE,1800,695,-1.671278042983e-25,1.003915526751e-25
200,PHASE_DISCHARGE,1800,696,-2.672923239512e-24,1.328265521684e-24
200,PHASE_DISCHARGE,1800,697,-3.790103487669e-23,1.521852045053e-23
200,PHASE_DISCHARGE,1800,698,-4.768066507978e-22,1.489664043366e-22
200,PHASE_DISCHARGE,1800,699,-5.324373517248e-21,1.213875310781e-21
200,PHASE_DISCHARGE,1800,700,-5.279115339720e-20,7.754127794950e-21
200,PHASE_DISCHARGE,1800,701,-4.648192047486e-19,3.160477275826e-20
200,PHASE_DISCHARGE,1800,702,-3.634450302374e-18,-3.517284695799e-20
200,PHASE_DISCHARGE,1800,703,-2.523284762518e-17,-2.196361044634e-18
200,PHASE_DISCHARGE,1800,704,-1.555057712500e-16,-2.565487755568e-17
200,PHASE_DISCHARGE,1800,705,-8.503436953004e-16,-2.077752971546e-16
200,PHASE_DISCHARGE,1800,706,-4.123385935219e-15,-1.344332665813e-15
200,PHASE_DISCHARGE,1800,707,-1.771690945185e-14,-7.280847129976e-15
200,PHASE_DISCHARGE,1800,708,-6.738537192239e-14,-3.369977354116e-14
200,PHASE_DISCHARGE,1800,709,-2.265924933347e-13,-1.347077112138e-13
200,PHASE_DISCHARGE,1800,710,-6.725969160642e-13,-4.675284248550e-13
200,PHASE_DISCHARGE,1800,711,-1.759003213048e-12,-1.412032069162e-12
200,PHASE_DISCHARGE,1800,712,-4.043704762801e-12,-3.710399108355e-12
200,PHASE_DISCHARGE,1800,713,-8.149225648556e-12,-8.460214341096e-12
200,PHASE_DISCHARGE,1800,714,-1.435440802841e-11,-1.663931936875e-11
200,PHASE_DISCHARGE,1800,715,-2.204021967429e-11,-2.790451144492e-11
200,PHASE_DISCHARGE,1800,716,-2.947619463050e-11,-3.899388141121e-11
200,PHASE_DISCHARGE,1800,717,-3.452763659739e-11,-4.305085210986e-11
200,PHASE_DISCHARGE,1800,718,-3.622517344036e-11,-3.159263140825e-11
200,PHASE_DISCHARGE,1800,719,-3.602499094296e-11,5.666519636329e-13
200,PHASE_DISCHARGE,1800,720,-3.723259162619e-11,5.007361618485e-11
200,PHASE_DISCHARGE,1800,721,-4.243537313835e-11,1.039159995788e-10
200,PHASE_DISCHARGE,1800,722,-5.092886408865e-11,1.447522678896e-10
200,PHASE_DISCHARGE,1800,723,-5.862123700543e-11,1.598699520379e-10
200,PHASE_DISCHARGE,1800,724,-6.077763302276e-11,1.475307564291e-10
200,PHASE_DISCHARGE,1800,725,-5.529413433422e-11,1.164322243349e-10
200,PHASE_DISCHARGE,1800,726,-4.382883473180e-11,7.954984699038e-11
200,PHASE_DISCHARGE,1800,727,-3.027544831544e-11,4.738373703628e-11
200,PHASE_DISCHARGE,1800,728,-1.827199011007e-11,2.470954453416e-11
200,PHASE_DISCHARGE,1800,729,-9.663737062943e-12,1.130861885770e-11
200,PHASE_DISCHARGE,1800,730,-4.491300643634e-12,4.547736503708e-12
200,PHASE_DISCHARGE,1800,731,-1.838649749040e-12,1.607383887525e-12
200,PHASE_DISCHARGE,1800,732,-6.643276137597e-13,4.989551832745e-13
200,PHASE_DISCHARGE,1800,733,-2.121885211400e-13,1.357748038883e-13
200,PHASE_DISCHARGE,1800,734,-5.999073346829e-14,3.228075242988e-14
200,PHASE_DISCHARGE,1800,735,-1.502877360601e-14,6.667898323333e-15
200,PHASE_DISCHARGE,1800,736,-3.338874612074e-15,1.185135607407e-15
200,PHASE_DISCHARGE,1800,737,-6.582543289970e-16,1.780775625371e-16
200,PHASE_DISCHARGE,1800,738,-1.152164711119e-16,2.180124064188e-17
200,PHASE_DISCHARGE,1800,739,-1.791062784254e-17,1.969464714190e-18
200,PHASE_DISCHARGE,1800,740,-2.473282074948e-18,7.859081316669e-20
200,PHASE_DISCHARGE,1800,741,-3.034171062389e-19,-1.404036853858e-20
200,PHASE_DISCHARGE,1800,742,-3.306688436327e-20,-4.137859302398e-21
200,PHASE_DISCHARGE,1800,743,-3.200817834099e-21,-6.587570612557e-22
200,PHASE_DISCHARGE,1800,744,-2.751127945136e-22,-7.961698970385e-23
200,PHASE_DISCHARGE,1800,745,-2.098663961878e-23,-7.915702004884e-24
200,PHASE_DISCHARGE,1800,746,-1.419967014672e-24,-6.683595493769e-25
200,PHASE_DISCHARGE,1800,747,-8.514150690100e-26,-4.868771220446e-26
200,PHASE_DISCHARGE,1800,748,-4.518921154598e-27,-3.087080224370e-27
200,PHASE_DISCHARGE,1800,749,-2.119832727711e-28,-1.712708733207e-28
200,PHASE_DISCHARGE,1800,750,-8.771381809334e-30,-8.341035842810e-30
200,PHASE_DISCHARGE,1800,751,-3.192666941768e-31,-3.572491782047e-31
200,PHASE_DISCHARGE,1800,752,-1.018414005470e-32,-1.346873728323e-32
200,PHASE_DISCHARGE,1800,753,-2.831638785805e-34,-4.470128178007e-34
200,PHASE_DISCHARGE,1800,754,-6.807187109806e-36,-1.305068724652e-35
200,PHASE_DISCHARGE,1800,755,-1.396440412819e-37,-3.346163483471e-37
200,PHASE_DISCHARGE,1800,756,-2.387901364202e-39,-7.512887191382e-39
200,PHASE_DISCHARGE,1800,757,-3.239050338328e-41,-1.470130105360e-40
200,PHASE_DISCHARGE,1800,758,-3.018229996498e-43,-2.487644993009e-42
200,PHASE_DISCHARGE,1800,759,-5.545736036591e-46,-3.590387124759e-44
200,PHASE_DISCHARGE,1800,760,4.674243769926e-47,-4.303225761228e-46
200,PHASE_DISCHARGE,1800,761,1.144617314947e-48,-4.020911857585e-48
200,PHASE_DISCHARGE,1800,762,-6.978009398867e-47,1.868094066044e-45
200,PHASE_DISCHARGE,1800,763,-1.368742024835e-44,1.161707270429e-43
200,PHASE_DISCHARGE,1800,764,-1.279590855044e-42,6.412485920306e-42
200,PHASE_DISCHARGE,1800,765,-8.913292597923e-41,3.142220510149e-40
200,PHASE_DISCHARGE,1800,766,-5.076553262672e-39,1.366801351989e-38
200,PHASE_DISCHARGE,1800,767,-2.449640348574e-37,5.276411644207e-37
200,PHASE_DISCHARGE,1800,768,-1.019056250882e-35,1.807028533927e-35
200,PHASE_DISCHARGE,1800,769,-3.690688509472e-34,5.486872640440e-34
200,PHASE_DISCHARGE,1800,770,-1.170674534777e-32,1.475888148988e-32
200,PHASE_DISCHARGE,1800,771,-3.264916341367e-31,3.512804907284e-31
200,PHASE_DISCHARGE,1800,772,-8.026783994246e-30,7.386819137667e-30
200,PHASE_DISCHARGE,1800,773,-1.742614922967e-28,1.369490171236e-28
200,PHASE_DISCHARGE,1800,774,-3.344616244872e-27,2.232115418580e-27
200,PHASE_DISCHARGE,1800,775,-5.678985090014e-26,3.185533491112e-26
200,PHASE_DISCHARGE,1800,776,-8.533029300086e-25,3.957287587405e-25
200,PHASE_DISCHARGE,1800,777,-1.134543875106e-23,4.240435208184e-24
200,PHASE_DISCHARGE,1800,778,-1.334292102688e-22,3.860195101389e-23
200,PHASE_DISCHARGE,1800,779,-1.386917971334e-21,2.900816137114e-22
200,PHASE_DISCHARGE,1800,780,-1.272557320463e-20,1.684022495414e-21
200,PHASE_DISCHARGE,1800,781,-1.028779748466e-19,5.980157386004e-21
200,PHASE_DISCHARGE,1800,782,-7.308108867607e-19,-1.014814770693e-20
200,PHASE_DISCHARGE,1800,783,-4.543403920091e-18,-3.804222132234e-19
200,PHASE_DISCHARGE,1800,784,-2.456921768740e-17,-3.702660095435e-18
200,PHASE_DISCHARGE,1800,785,-1.144314058654e-16,-2.432511714158e-17
200,PHASE_DISCHARGE,1800,786,-4.511288365090e-16,-1.187805424593e-16
200,PHASE_DISCHARGE,1800,787,-1.453595349413e-15,-4.143574492809e-16
200,PHASE_DISCHARGE,1800,788,-3.498273084727e-15,-7.278929149975e-16
200,PHASE_DISCHARGE,1800,789,-4.144940487410e-15,2.555359623197e-15
200,PHASE_DISCHARGE,1800,790,1.327824604370e-14,3.119166484235e-14
200,PHASE_DISCHARGE,1800,791,1.114721138357e-13,1.757530696016e-13
200,PHASE_DISCHARGE,1800,792,4.614295712784e-13,7.296043341037e-13
200,PHASE_DISCHARGE,1800,793,1.416539043442e-12,2.458168394208e-12
200,PHASE_DISCHARGE,1800,794,3.511165487510e-12,6.978737380575e-12
200,PHASE_DISCHARGE,1800,795,7.230459409965e-12,1.701070091365e-11
200,PHASE_DISCHARGE,1800,796,1.246332442946e-11,3.598583118790e-11
200,PHASE_DISCHARGE,1800,797,1.785669578333e-11,6.652049028132e-11
200,PHASE_DISCHARGE,1800,798,2.068549867064e-11,1.079367782956e-10
200,PHASE_DISCHARGE,1800,799,1.784855860762e-11,1.542240952699e-10
200,PHASE_DISCHARGE,1800,800,7.822870379202e-12,1.944875784728e-10
200,PHASE_DISCHARGE,1800,801,-7.696604163555e-12,2.168233256490e-10
200,PHASE_DISCHARGE,1800,802,-2.399394022222e-11,2.139513735558e-10
200,PHASE_DISCHARGE,1800,803,-3.563516896568e-11,1.870201025986e-10
200,PHASE_DISCHARGE,1800,804,-3.935779929733e-11,1.449013480372e-10
200,PHASE_DISCHARGE,1800,805,-3.548380594271e-11,9.954266346705e-11
200,PHASE_DISCHARGE,1800,806,-2.706915532970e-11,6.063794098225e-11
200,PHASE_DISCHARGE,1800,807,-1.778573593926e-11,3.275136071405e-11
200,PHASE_DISCHARGE,1800,808,-1.016732890122e-11,1.567891146295e-11
200,PHASE_DISCHARGE,1800,809,-5.088743989515e-12,6.648806117908e-12
200,PHASE_DISCHARGE,1800,810,-2.239185961877e-12,2.495263803467e-12
200,PHASE_DISCHARGE,1800,811,-8.687428197681e-13,8.276830551253e-13
200,PHASE_DISCHARGE,1800,812,-2.977790252190e-13,2.422032340530e-13
200,PHASE_DISCHARGE,1800,813,-9.030814845172e-14,6.236177656918e-14
200,PHASE_DISCHARGE,1800,814,-2.425683185258e-14,1.407401789108e-14
200,PHASE_DISCHARGE,1800,815,-5.774552879159e-15,2.768075405309e-15
200,PHASE_DISCHARGE,1800,816,-1.218897519716e-15,4.701273395087e-16
200,PHASE_DISCHARGE,1800,817,-2.281747918924e-16,6.786322669636e-17
200,PHASE_DISCHARGE,1800,818,-3.788031206901e-17,8.069383358142e-18
200,PHASE_DISCHARGE,1800,819,-5.575776812610e-18,7.317512470459e-19
200,PHASE_DISCHARGE,1800,820,-7.273503670593e-19,3.703177217989e-20
200,PHASE_DISCHARGE,1800,821,-8.402607886051e-20,-2.439874521300e-21
200,PHASE_DISCHARGE,1800,822,-8.587411548191e-21,-9.420924581286e-22
200,PHASE_DISCHARGE,1800,823,-7.752697649662e-22,-1.490560555514e-22
200,PHASE_DISCHARGE,1800,824,-6.170268404991e-23,-1.715615802859e-23
200,PHASE_DISCHARGE,1800,825,-4.316983461170e-24,-1.591623386421e-24
200,PHASE_DISCHARGE,1800,826,-2.644287625538e-25,-1.233157779622e-25
200,PHASE_DISCHARGE,1800,827,-1.409429160866e-26,-8.091602640656e-27
200,PHASE_DISCHARGE,1800,828,-6.474427659514e-28,-4.511665000247e-28
200,PHASE_DISCHARGE,1800,829,-2.521047304420e-29,-2.126388669182e-29
200,PHASE_DISCHARGE,1800,830,-8.054341445894e-31,-8.327026308338e-31
200,PHASE_DISCHARGE,1800,831,-1.948178284963e-32,-2.594137919868e-32
200,PHASE_DISCHARGE,1800,832,-2.557245590231e-34,-5.615409978624e-34
200,PHASE_DISCHARGE,1800,833,5.125654118822e-36,-2.643059858707e-36
200,PHASE_DISCHARGE,1800,834,4.922901176688e-37,4.751485262523e-37
200,PHASE_DISCHARGE,1800,835,2.017403835405e-38,2.938506332002e-38
200,PHASE_DISCHARGE,1800,836,5.959289047111e-40,1.144625858171e-39
200,PHASE_DISCHARGE,1800,837,1.389424638530e-41,3.481752792859e-41
200,PHASE_DISCHARGE,1800,838,2.607272410557e-43,8.798956044476e-43
200,PHASE_DISCHARGE,1800,839,3.862907849764e-45,1.897356685717e-44
200,PHASE_DISCHARGE,1800,840,4.130515757408e-47,3.540075339397e-46
200,PHASE_DISCHARGE,1800,841,1.904860404688e-49,1.020055320086e-47
200,PHASE_DISCHARGE,1800,842,-4.033039987992e-47,6.754239184824e-46
200,PHASE_DISCHARGE,1800,843,-5.507725919244e-45,3.970416701265e-44
200,PHASE_DISCHARGE,1800,844,-4.542873122041e-43,2.071236373037e-42
200,PHASE_DISCHARGE,1800,845,-2.899884848065e-41,9.583166753291e-41
200,PHASE_DISCHARGE,1800,846,-1.531368815932e-39,3.929511212971e-39
200,PHASE_DISCHARGE,1800,847,-6.876171143799e-38,1.426515746749e-37
200,PHASE_DISCHARGE,1800,848,-2.661167412556e-36,4.578776801615e-36
200,PHASE_DISCHARGE,1800,849,-8.941166952984e-35,1.297220010582e-34
200,PHASE_DISCHARGE,1800,850,-2.617764507528e-33,3.236686130754e-33
200,PHASE_DISCHARGE,1800,851,-6.687825807152e-32,7.091459004536e-32
200,PHASE_DISCHARGE,1800,852,-1.490096835587e-30,1.358984295384e-30
200,PHASE_DISCHARGE,1800,853,-2.887798624754e-29,2.265748064724e-29
200,PHASE_DISCHARGE,1800,854,-4.841144355803e-28,3.261925491590e-28
200,PHASE_DISCHARGE,1800,855,-6.948458488630e-27,4.011642032878e-27
200,PHASE_DISCHARGE,1800,856,-8.370524261878e-26,4.148110363589e-26
200,PHASE_DISCHARGE,1800,857,-8.100825382100e-25,3.522532517816e-25
200,PHASE_DISCHARGE,1800,858,-5.540990610495e-24,2.383518452670e-24
200,PHASE_DISCHARGE,1800,859,-1.035130215002e-23,1.290577593879e-23
200,PHASE_DISCHARGE,1800,860,4.098883261008e-22,7.669937955324e-23
200,PHASE_DISCHARGE,1800,861,8.185530637273e-21,9.526124770899e-22
200,PHASE_DISCHARGE,1800,862,1.006830990542e-19,1.545284407884e-20
200,PHASE_DISCHARGE,1800,863,9.628509364289e-19,2.062934945264e-19
200,PHASE_DISCHARGE,1800,864,7.636851235979e-18,2.180937871618e-18
200,PHASE_DISCHARGE,1800,865,5.162152238439e-17,1.880277469826e-17
200,PHASE_DISCHARGE,1800,866,3.015336208445e-16,1.356258446924e-16
200,PHASE_DISCHARGE,1800,867,1.534079790784e-15,8.329459340871e-16
200,PHASE_DISCHARGE,1800,868,6.829811393356e-15,4.407399148220e-15
200,PHASE_DISCHARGE,1800,869,2.668293980101e-14,2.025755690419e-14
200,PHASE_DISCHARGE,1800,870,9.161758167138e-14,8.134882494033e-14
200,PHASE_DISCHARGE,1800,871,2.766078667980e-13,2.866240920009e-13
200,PHASE_DISCHARGE,1800,872,7.340289782990e-13,8.888750993792e-13
200,PHASE_DISCHARGE,1800,873,1.709683498492e-12,2.432056881313e-12
200,PHASE_DISCHARGE,1800,874,3.485883306689e-12,5.881779910814e-12
200,PHASE_DISCHARGE,1800,875,6.193540111228e-12,1.259106065555e-11
200,PHASE_DISCHARGE,1800,876,9.516787817892e-12,2.388425547519e-11
200,PHASE_DISCHARGE,1800,877,1.247800190125e-11,4.018131346950e-11
200,PHASE_DISCHARGE,1800,878,1.360020843676e-11,5.998973229432e-11
200,PHASE_DISCHARGE,1800,879,1.158762204360e-11,7.951916045346e-11
200,PHASE_DISCHARGE,1800,880,6.224599494455e-12,9.361478016749e-11
200,PHASE_DISCHARGE,1800,881,-1.172959559823e-12,9.789729475482e-11
200,PHASE_DISCHARGE,1800,882,-8.245464337961e-12,9.094311628024e-11
200,PHASE_DISCHARGE,1800,883,-1.279797567412e-11,7.504211354141e-11
200,PHASE_DISCHARGE,1800,884,-1.389370211419e-11,5.498972605538e-11
200,PHASE_DISCHARGE,1800,885,-1.209733978776e-11,3.577187200094e-11
200,PHASE_DISCHARGE,1800,886,-8.846464093003e-12,2.064698765263e-11
200,PHASE_DISCHARGE,1800,887,-5.548816929153e-12,1.056609273437e-11
200,PHASE_DISCHARGE,1800,888,-3.018994105501e-12,4.789615976292e-12
200,PHASE_DISCHARGE,1800,889,-1.434151603369e-12,1.920758199045e-12
200,PHASE_DISCHARGE,1800,890,-5.971928230424e-13,6.803298159739e-13
200,PHASE_DISCHARGE,1800,891,-2.184941690864e-13,2.123748122102e-13
200,PHASE_DISCHARGE,1800,892,-7.032396904313e-14,5.825946909930e-14
200,PHASE_DISCHARGE,1800,893,-1.991813591222e-14,1.398903458124e-14
200,PHASE_DISCHARGE,1800,894,-4.961993185657e-15,2.923677218061e-15
200,PHASE_DISCHARGE,1800,895,-1.085692536302e-15,5.274568272623e-16
200,PHASE_DISCHARGE,1800,896,-2.080993228575e-16,8.107535432829e-17
200,PHASE_DISCHARGE,1800,897,-3.479134012029e-17,1.038165740293e-17
200,PHASE_DISCHARGE,1800,898,-5.037399429988e-18,1.059009967975e-18
200,PHASE_DISCHARGE,1800,899,-6.238873370301e-19,7.665668704635e-20
200,PHASE_DISCHARGE,1800,900,-6.455654400480e-20,2.128663126096e-21
200,PHASE_DISCHARGE,1800,901,-5.291434141580e-21,-3.555534641316e-22
200,PHASE_DISCHARGE,1800,902,-2.896740272666e-22,-6.150989704262e-23
200,PHASE_DISCHARGE,1800,903,8.582560458643e-26,-3.796748271169e-24
200,PHASE_DISCHARGE,1800,904,2.481590410362e-24,2.566919962771e-25
200,PHASE_DISCHARGE,1800,905,3.847162498995e-25,9.771409718634e-26
200,PHASE_DISCHARGE,1800,906,3.988860154198e-26,1.453597689193e-26
200,PHASE_DISCHARGE,1800,907,3.274432946650e-27,1.537550064326e-27
200,PHASE_DISCHARGE,1800,908,2.242968926594e-28,1.296441881522e-28
200,PHASE_DISCHARGE,1800,909,1.311825816402e-29,9.109145649552e-30
200,PHASE_DISCHARGE,1800,910,6.627814547018e-31,5.453926535675e-31
200,PHASE_DISCHARGE,1800,911,2.910988255947e-32,2.818957501855e-32
200,PHASE_DISCHARGE,1800,912,1.115004680665e-33,1.268241830562e-33
200,PHASE_DISCHARGE,1800,913,3.728506433448e-35,4.994306278365e-35
200,PHASE_DISCHARGE,1800,914,1.087567729670e-36,1.728307709133e-36
200,PHASE_DISCHARGE,1800,915,2.759121071438e-38,5.270948644994e-38
200,PHASE_DISCHARGE,1800,916,6.052348196866e-40,1.419741624947e-39
200,PHASE_DISCHARGE,1800,917,1.135443263520e-41,3.382878584225e-41
200,PHASE_DISCHARGE,1800,918,1.783380355199e-43,7.139293557089e-43
200,PHASE_DISCHARGE,1800,919,2.235611959021e-45,1.335738284140e-44
200,PHASE_DISCHARGE,1800,920,1.932567680547e-47,2.217109499942e-46
200,PHASE_DISCHARGE,1800,921,2.652909903017e-50,3.266401079144e-48
200,PHASE_DISCHARGE,1800,922,-7.250391495154e-48,1.147712562851e-46
200,PHASE_DISCHARGE,1800,923,-8.498712426494e-46,6.049321370131e-45
200,PHASE_DISCHARGE,1800,924,-6.058594152116e-44,2.771171325082e-43
200,PHASE_DISCHARGE,1800,925,-3.252168064345e-42,1.091754828842e-41
200,PHASE_DISCHARGE,1800,926,-1.371062585319e-40,3.630112416401e-40
200,PHASE_DISCHARGE,1800,927,-4.453635823102e-39,9.798424677428e-39
200,PHASE_DISCHARGE,1800,928,-9.863949378148e-38,1.933316664424e-37
200,PHASE_DISCHARGE,1800,929,-4.837418693881e-37,1.576201997727e-36
200,PHASE_DISCHARGE,1800,930,8.272902638974e-35,-7.344030228744e-35
200,PHASE_DISCHARGE,1800,931,5.084814674597e-33,-4.535376179977e-33
200,PHASE_DISCHARGE,1800,932,1.952784794207e-31,-1.550601513563e-31
200,PHASE_DISCHARGE,1800,933,5.829604427508e-30,-4.008303747502e-30
200,PHASE_DISCHARGE,1800,934,1.441128844461e-28,-8.432077431010e-29
200,PHASE_DISCHARGE,1800,935,3.032464457277e-27,-1.481559315186e-27
200,PHASE_DISCHARGE,1800,936,5.511221141067e-26,-2.191190757619e-26
200,PHASE_DISCHARGE,1800,937,8.726345439405e-25,-2.715814187377e-25
200,PHASE_DISCHARGE,1800,938,1.210541208816e-23,-2.765168538389e-24
200,PHASE_DISCHARGE,1800,939,1.476858430701e-22,-2.188547314611e-23
200,PHASE_DISCHARGE,1800,940,1.588801332034e-21,-1.105133250284e-22
200,PHASE_DISCHARGE,1800,941,1.510091551964e-20,1.267249232011e-22
200,PHASE_DISCHARGE,1800,942,1.269812691289e-19,1.099289706911e-20
200,PHASE_DISCHARGE,1800,943,9.455962600335e-19,1.568907877559e-19
200,PHASE_DISCHARGE,1800,944,6.240114972079e-18,1.544026508358e-18
200,PHASE_DISCHARGE,1800,945,3.650714601295e-17,1.212944671912e-17
200,PHASE_DISCHARGE,1800,946,1.893818857111e-16,7.985509860685e-17
200,PHASE_DISCHARGE,1800,947,8.710735610548e-16,4.505636884178e-16
200,PHASE_DISCHARGE,1800,948,3.551475786844e-15,2.205416803700e-15
200,PHASE_DISCHARGE,1800,949,1.282842274658e-14,9.434174353990e-15
200,PHASE_DISCHARGE,1800,950,4.101964615031e-14,3.543798503176e-14
200,PHASE_DISCHARGE,1800,951,1.159702001390e-13,1.172721784853e-13
200,PHASE_DISCHARGE,1800,952,2.894022178881e-13,3.426640927840e-13
200,PHASE_DISCHARGE,1800,953,6.359424225672e-13,8.855054517844e-13
200,PHASE_DISCHARGE,1800,954,1.226300667043e-12,2.026097414413e-12
200,PHASE_DISCHARGE,1800,955,2.064495940878e-12,4.107894108646e-12
200,PHASE_DISCHARGE,1800,956,3.010167875420e-12,7.383942542301e-12
200,PHASE_DISCHARGE,1800,957,3.750311285640e-12,1.177018387342e-11
200,PHASE_DISCHARGE,1800,958,3.892074354741e-12,1.663890492892e-11
200,PHASE_DISCHARGE,1800,959,3.174859336970e-12,2.085646951104e-11
200,PHASE_DISCHARGE,1800,960,1.678168820756e-12,2.317193785437e-11
200,PHASE_DISCHARGE,1800,961,-1.489623947166e-13,2.280402449317e-11
200,PHASE_DISCHARGE,1800,962,-1.700880946144e-12,1.986004567018e-11
200,PHASE_DISCHARGE,1800,963,-2.536418056198e-12,1.528607683785e-11
200,PHASE_DISCHARGE,1800,964,-2.579089454583e-12,1.037926806380e-11
200,PHASE_DISCHARGE,1800,965,-2.074646202793e-12,6.201424897810e-12
200,PHASE_DISCHARGE,1800,966,-1.382589929984e-12,3.248713742845e-12
200,PHASE_DISCHARGE,1800,967,-7.770074604044e-13,1.484379945379e-12
200,PHASE_DISCHARGE,1800,968,-3.700692255618e-13,5.867901842218e-13
200,PHASE_DISCHARGE,1800,969,-1.486885623805e-13,1.980235064255e-13
200,PHASE_DISCHARGE,1800,970,-4.954135109218e-14,5.565610284790e-14
200,PHASE_DISCHARGE,1800,971,-1.309310899764e-14,1.233394950226e-14
200,PHASE_DISCHARGE,1800,972,-2.383976587213e-15,1.812970735495e-15
200,PHASE_DISCHARGE,1800,973,-7.838274783256e-17,-2.609367446706e-18
200,PHASE_DISCHARGE,1800,974,1.554888631070e-16,-1.097010479668e-16
200,PHASE_DISCHARGE,1800,975,8.029530150391e-17,-4.407479881575e-17
200,PHASE_DISCHARGE,1800,976,2.645680760812e-17,-1.158679585523e-17
200,PHASE_DISCHARGE,1800,977,6.826240247547e-18,-2.330848997454e-18
200,PHASE_DISCHARGE,1800,978,1.464696500334e-18,-3.699916156216e-19
200,PHASE_DISCHARGE,1800,979,2.682745460603e-19,-4.518805804654e-20
200,PHASE_DISCHARGE,1800,980,4.252455755631e-20,-3.705304682756e-21
200,PHASE_DISCHARGE,1800,981,5.880867806516e-21,-4.308293043494e-23
200,PHASE_DISCHARGE,1800,982,7.131983537264e-22,5.145020059533e-23
200,PHASE_DISCHARGE,1800,983,7.610678461118e-23,1.159460291883e-23
200,PHASE_DISCHARGE,1800,984,7.162815325681e-24,1.678842727080e-24
200,PHASE_DISCHARGE,1800,985,5.954876001929e-25,1.902102761882e-25
200,PHASE_DISCHARGE,1800,986,4.377604519078e-26,1.789476376562e-26
200,PHASE_DISCHARGE,1800,987,2.847320279069e-27,1.435149536275e-27
200,PHASE_DISCHARGE,1800,988,1.638983563040e-28,9.950682309291e-29
200,PHASE_DISCHARGE,1800,989,8.348421975253e-30,6.015329192757e-30
200,PHASE_DISCHARGE,1800,990,3.761173826218e-31,3.187820609784e-31
200,PHASE_DISCHARGE,1800,991,1.497447380424e-32,1.486556937558e-32
200,PHASE_DISCHARGE,1800,992,5.261221924504e-34,6.116111433978e-34
200,PHASE_DISCHARGE,1800,993,1.627892412054e-35,2.224402811076e-35
200,PHASE_DISCHARGE,1800,994,4.422099640039e-37,7.161644923276e-37
200,PHASE_DISCHARGE,1800,995,1.049712117542e-38,2.043281782849e-38
200,PHASE_DISCHARGE,1800,996,2.161546541647e-40,5.169995113916e-40
200,PHASE_DISCHARGE,1800,997,3.813740695239e-42,1.160723194527e-41
200,PHASE_DISCHARGE,1800,998,5.633957623124e-44,2.313076341389e-43
200,PHASE_DISCHARGE,1800,999,6.620574788427e-46,4.092094388367e-45
200,PHASE_DISCHARGE,1800,1000,5.275396842396e-48,6.426842487038e-47
200,PHASE_DISCHARGE,1800,1001,3.065393260170e-51,-1.165569045399e-49
200,PHASE_DISCHARGE,1800,1002,1.193776245334e-48,-1.255787168600e-47
200,PHASE_DISCHARGE,1800,1003,1.763695984235e-46,-1.034959623710e-45
200,PHASE_DISCHARGE,1800,1004,1.756611352402e-44,-7.032777876435e-44
200,PHASE_DISCHARGE,1800,1005,1.353465295171e-42,-4.061573109028e-42
200,PHASE_DISCHARGE,1800,1006,8.534964973397e-41,-2.023978709947e-40
200,PHASE_DISCHARGE,1800,1007,4.533532936787e-39,-8.777090165794e-39
200,PHASE_DISCHARGE,1800,1008,2.062578439378e-37,-3.329044738745e-37
200,PHASE_DISCHARGE,1800,1009,8.122897025331e-36,-1.107701158586e-35
200,PHASE_DISCHARGE,1800,1010,2.788802400727e-34,-3.238780719039e-34
200,PHASE_DISCHARGE,1800,1011,8.388635213163e-33,-8.326652219990e-33
200,PHASE_DISCHARGE,1800,1012,2.218699403263e-31,-1.881754698307e-31
200,PHASE_DISCHARGE,1800,1013,5.173733915872e-30,-3.733435369231e-30
200,PHASE_DISCHARGE,1800,1014,1.065834647037e-28,-6.486735874070e-29
200,PHASE_DISCHARGE,1800,1015,1.942811601613e-27,-9.828105253975e-28
200,PHASE_DISCHARGE,1800,1016,3.137226634836e-26,-1.289268395884e-26
200,PHASE_DISCHARGE,1800,1017,4.491936497444e-25,-1.446225807845e-25
200,PHASE_DISCHARGE,1800,1018,5.706828831843e-24,-1.354438659781e-24
200,PHASE_DISCHARGE,1800,1019,6.436504208695e-23,-1.002780786720e-23
200,PHASE_DISCHARGE,1800,1020,6.446892462586e-22,-4.913438576515e-23
200,PHASE_DISCHARGE,1800,1021,5.735683894232e-21,1.395544224426e-23
200,PHASE_DISCHARGE,1800,1022,4.533001684631e-20,3.677325611667e-21
200,PHASE_DISCHARGE,1800,1023,3.182200367437e-19,5.118173371706e-20
200,PHASE_DISCHARGE,1800,1024,1.983935585560e-18,4.813197229635e-19
200,PHASE_DISCHARGE,1800,1025,1.098099757672e-17,3.597122717115e-18
200,PHASE_DISCHARGE,1800,1026,5.393331545778e-17,2.249337660725e-17
200,PHASE_DISCHARGE,1800,1027,2.348985741810e-16,1.204171904396e-16
200,PHASE_DISCHARGE,1800,1028,9.064040328321e-16,5.585925212148e-16
200,PHASE_DISCHARGE,1800,1029,3.095074425319e-15,2.260992410866e-15
200,PHASE_DISCHARGE,1800,1030,9.338178680694e-15,8.019076666074e-15
200,PHASE_DISCHARGE,1800,1031,2.484400206055e-14,2.498394515422e-14
200,PHASE_DISCHARGE,1800,1032,5.812853003242e-14,6.846910485258e-14
200,PHASE_DISCHARGE,1800,1033,1.191777560615e-13,1.651257513763e-13
200,PHASE_DISCHARGE,1800,1034,2.130365440355e-13,3.503069806816e-13
200,PHASE_DISCHARGE,1800,1035,3.296171519371e-13,6.528807540064e-13
200,PHASE_DISCHARGE,1800,1036,4.365792649808e-13,1.066392988364e-12
200,PHASE_DISCHARGE,1800,1037,4.861462648364e-13,1.520345941620e-12
200,PHASE_DISCHARGE,1800,1038,4.403607822765e-13,1.879380482720e-12
200,PHASE_DISCHARGE,1800,1039,3.018715491148e-13,1.991448993059e-12
200,PHASE_DISCHARGE,1800,1040,1.240442629066e-13,1.770533253146e-12
200,PHASE_DISCHARGE,1800,1041,-1.562529394469e-14,1.260105890895e-12
200,PHASE_DISCHARGE,1800,1042,-6.350973181113e-14,6.236740983842e-13
200,PHASE_DISCHARGE,1800,1043,-2.165996513882e-14,6.074099527898e-14
200,PHASE_DISCHARGE,1800,1044,6.138693991108e-14,-2.935358266453e-13
200,PHASE_DISCHARGE,1800,1045,1.292586432726e-13,-4.168962334557e-13
200,PHASE_DISCHARGE,1800,1046,1.519796539829e-13,-3.761491505013e-13
200,PHASE_DISCHARGE,1800,1047,1.331082940153e-13,-2.654345103187e-13
200,PHASE_DISCHARGE,1800,1048,9.423617148991e-14,-1.555434361122e-13
200,PHASE_DISCHARGE,1800,1049,5.590885771243e-14,-7.763374672093e-14
200,PHASE_DISCHARGE,1800,1050,2.834130859156e-14,-3.342446168880e-14
200,PHASE_DISCHARGE,1800,1051,1.242016729929e-14,-1.249786814481e-14
200,PHASE_DISCHARGE,1800,1052,4.741591065245e-15,-4.072483573975e-15
200,PHASE_DISCHARGE,1800,1053,1.585237728443e-15,-1.157808478573e-15
200,PHASE_DISCHARGE,1800,1054,4.658777914641e-16,-2.869550437067e-16
200,PHASE_DISCHARGE,1800,1055,1.206864453726e-16,-6.181330534007e-17
200,PHASE_DISCHARGE,1800,1056,2.761565322930e-17,-1.150226998426e-17
200,PHASE_DISCHARGE,1800,1057,5.590455037881e-18,-1.827831571205e-18
200,PHASE_DISCHARGE,1800,1058,1.002435493933e-18,-2.425093717843e-19
200,PHASE_DISCHARGE,1800,1059,1.593602166688e-19,-2.551087907324e-20
200,PHASE_DISCHARGE,1800,1060,2.247571890011e-20,-1.804769207724e-21
200,PHASE_DISCHARGE,1800,1061,2.813647448146e-21,-4.302055589828e-24
200,PHASE_DISCHARGE,1800,1062,3.127431711663e-22,2.414728216200e-23
200,PHASE_DISCHARGE,1800,1063,3.087039021227e-23,4.843730060435e-24
200,PHASE_DISCHARGE,1800,1064,2.706103319630e-24,6.456343008212e-25
200,PHASE_DISCHARGE,1800,1065,2.106417340053e-25,6.811781222478e-26
200,PHASE_DISCHARGE,1800,1066,1.455549684936e-26,6.005624539059e-27
200,PHASE_DISCHARGE,1800,1067,8.924940125769e-28,4.532104757503e-28
200,PHASE_DISCHARGE,1800,1068,4.852992098011e-29,2.964788602232e-29
200,PHASE_DISCHARGE,1800,1069,2.338139201429e-30,1.693847847163e-30
200,PHASE_DISCHARGE,1800,1070,9.969944673214e-32,8.491188521614e-32
200,PHASE_DISCHARGE,1800,1071,3.756799142925e-33,3.746191208925e-33
200,PHASE_DISCHARGE,1800,1072,1.248431062870e-34,1.457450942334e-34
200,PHASE_DISCHARGE,1800,1073,3.648676546764e-36,5.006272228498e-36
200,PHASE_DISCHARGE,1800,1074,9.342523406293e-38,1.519285827333e-37
200,PHASE_DISCHARGE,1800,1075,2.084240324189e-39,4.074259297023e-39
200,PHASE_DISCHARGE,1800,1076,4.017354354824e-41,9.652152925555e-41
200,PHASE_DISCHARGE,1800,1077,6.599256098845e-43,2.018543116896e-42
200,PHASE_DISCHARGE,1800,1078,9.011703169277e-45,3.721448632969e-44
200,PHASE_DISCHARGE,1800,1079,9.692907374003e-47,6.035865503418e-46
200,PHASE_DISCHARGE,1800,1080,6.963599577450e-49,8.585051352320e-48
200,PHASE_DISCHARGE,1800,1081,2.912204206936e-52,1.065639487359e-49
200,PHASE_DISCHARGE,1800,1082,1.094856160170e-48,-1.366408357946e-47
200,PHASE_DISCHARGE,1800,1083,1.382876501209e-46,-8.656845514017e-46
200,PHASE_DISCHARGE,1800,1084,1.173134392483e-44,-4.859674602138e-44
200,PHASE_DISCHARGE,1800,1085,7.889413960736e-43,-2.418333636903e-42
200,PHASE_DISCHARGE,1800,1086,4.433980917286e-41,-1.067029188199e-40
200,PHASE_DISCHARGE,1800,1087,2.132634440792e-39,-4.174256944500e-39
200,PHASE_DISCHARGE,1800,1088,8.891300148804e-38,-1.447495241925e-37
200,PHASE_DISCHARGE,1800,1089,3.237964508301e-36,-4.447066846052e-36
200,PHASE_DISCHARGE,1800,1090,1.035108348596e-34,-1.209496052049e-34
200,PHASE_DISCHARGE,1800,1091,2.914486051112e-33,-2.908743646634e-33
200,PHASE_DISCHARGE,1800,1092,7.244660873747e-32,-6.175332507848e-32
200,PHASE_DISCHARGE,1800,1093,1.592490990883e-30,-1.154661657230e-30
200,PHASE_DISCHARGE,1800,1094,3.099218792313e-29,-1.895093053609e-29
200,PHASE_DISCHARGE,1800,1095,5.344413402625e-28,-2.716601613125e-28
200,PHASE_DISCHARGE,1800,1096,8.170558215782e-27,-3.375012496458e-27
200,PHASE_DISCHARGE,1800,1097,1.107728187075e-25,-3.587097115764e-26
200,PHASE_DISCHARGE,1800,1098,1.331911568182e-24,-3.183392207728e-25
200,PHASE_DISCHARGE,1800,1099,1.420094868225e-23,-2.234082326947e-24
200,PHASE_DISCHARGE,1800,1100,1.342155644795e-22,-1.041775567570e-23
200,PHASE_DISCHARGE,1800,1101,1.123750319161e-21,1.260622306801e-24
200,PHASE_DISCHARGE,1800,1102,8.327807278824e-21,6.653037980445e-22
200,PHASE_DISCHARGE,1800,1103,5.455575951530e-20,8.710942446762e-21
200,PHASE_DISCHARGE,1800,1104,3.153892382611e-19,7.616818766266e-20
200,PHASE_DISCHARGE,1800,1105,1.605118537926e-18,5.241439095929e-19
200,PHASE_DISCHARGE,1800,1106,7.167271170300e-18,2.982468876777e-18
200,PHASE_DISCHARGE,1800,1107,2.794198513210e-17,1.430213195761e-17
200,PHASE_DISCHARGE,1800,1108,9.440170565129e-17,5.812873914844e-17
200,PHASE_DISCHARGE,1800,1109,2.730574897246e-16,1.994756409797e-16
200,PHASE_DISCHARGE,1800,1110,6.615946926736e-16,5.688974310022e-16
200,PHASE_DISCHARGE,1800,1111,1.281956706073e-15,1.294280565566e-15
200,PHASE_DISCHARGE,1800,1112,1.738501387343e-15,2.071479637941e-15
200,PHASE_DISCHARGE,1800,1113,5.933366397954e-16,9.123019918062e-16
200,PHASE_DISCHARGE,1800,1114,-5.182977273037e-15,-8.225132596541e-15
200,PHASE_DISCHARGE,1800,1115,-1.968848093819e-14,-3.812036708692e-14
200,PHASE_DISCHARGE,1800,1116,-4.538348115406e-14,-1.084875171387e-13
200,PHASE_DISCHARGE,1800,1117,-7.857923526451e-14,-2.397483825908e-13
200,PHASE_DISCHARGE,1800,1118,-1.063798245926e-13,-4.391986830551e-13
200,PHASE_DISCHARGE,1800,1119,-1.097765112018e-13,-6.857240676402e-13
200,PHASE_DISCHARGE,1800,1120,-7.417229328016e-14,-9.257183473218e-13
200,PHASE_DISCHARGE,1800,1121,-1.341251341150e-15,-1.089700859897e-12
200,PHASE_DISCHARGE,1800,1122,8.726107924093e-14,-1.124450432260e-12
200,PHASE_DISCHARGE,1800,1123,1.606363139183e-13,-1.020709320532e-12
200,PHASE_DISCHARGE,1800,1124,1.953720996053e-13,-8.170066210748e-13
200,PHASE_DISCHARGE,1800,1125,1.871401814641e-13,-5.775792220765e-13
200,PHASE_DISCHARGE,1800,1126,1.492110233395e-13,-3.610101085777e-13
200,PHASE_DISCHARGE,1800,1127,1.015342958443e-13,-1.996268358298e-13
200,PHASE_DISCHARGE,1800,1128,5.976900474771e-14,-9.768286664528e-14
200,PHASE_DISCHARGE,1800,1129,3.068639812724e-14,-4.229353636041e-14
200,PHASE_DISCHARGE,1800,1130,1.381467704883e-14,-1.619512643061e-14
200,PHASE_DISCHARGE,1800,1131,5.473339283195e-15,-5.479839475614e-15
200,PHASE_DISCHARGE,1800,1132,1.913435655580e-15,-1.636129403813e-15
200,PHASE_DISCHARGE,1800,1133,5.913586386823e-16,-4.301520332428e-16
200,PHASE_DISCHARGE,1800,1134,1.617979321627e-16,-9.927149116458e-17
200,PHASE_DISCHARGE,1800,1135,3.923104318377e-17,-2.001575015193e-17
200,PHASE_DISCHARGE,1800,1136,8.436238707488e-18,-3.499647755199e-18
200,PHASE_DISCHARGE,1800,1137,1.609750345233e-18,-5.239771563268e-19
200,PHASE_DISCHARGE,1800,1138,2.726491842749e-19,-6.560892730767e-20
200,PHASE_DISCHARGE,1800,1139,4.099750883643e-20,-6.515549159049e-21
200,PHASE_DISCHARGE,1800,1140,5.472942869602e-21,-4.336633546590e-22
200,PHASE_DISCHARGE,1800,1141,6.485283026233e-22,-3.506917970822e-25
200,PHASE_DISCHARGE,1800,1142,6.819376662148e-23,5.329066084491e-24
200,PHASE_DISCHARGE,1800,1143,6.359937788147e-24,1.003612463181e-24
200,PHASE_DISCHARGE,1800,1144,5.257115889538e-25,1.258851227732e-25
200,PHASE_DISCHARGE,1800,1145,3.847806453792e-26,1.247615614017e-26
200,PHASE_DISCHARGE,1800,1146,2.490556822338e-27,1.029734772236e-27
200,PHASE_DISCHARGE,1800,1147,1.423191737969e-28,7.239181580562e-29
200,PHASE_DISCHARGE,1800,1148,7.163659124345e-30,4.382588862305e-30
200,PHASE_DISCHARGE,1800,1149,3.166534877947e-31,2.296702538284e-31
200,PHASE_DISCHARGE,1800,1150,1.223966587807e-32,1.043459249027e-32
200,PHASE_DISCHARGE,1800,1151,4.111893385527e-34,4.103468600277e-34
200,PHASE_DISCHARGE,1800,1152,1.189592588484e-35,1.389448417212e-35
200,PHASE_DISCHARGE,1800,1153,2.919749081242e-37,4.006285886236e-37
200,PHASE_DISCHARGE,1800,1154,5.917877076610e-39,9.615528124164e-39
200,PHASE_DISCHARGE,1800,1155,9.346501130028e-41,1.821549375919e-40
200,PHASE_DISCHARGE,1800,1156,9.634263394553e-43,2.289390129111e-42
200,PHASE_DISCHARGE,1800,1157,1.505794984867e-47,-9.308445878280e-46
200,PHASE_DISCHARGE,1800,1158,-2.526707083987e-46,-1.077554254769e-45
200,PHASE_DISCHARGE,1800,1159,-5.961864326056e-48,-3.829497206894e-47
200,PHASE_DISCHARGE,1800,1160,-7.040437127054e-50,-9.149756442505e-49
200,PHASE_DISCHARGE,1800,1161,2.252973846645e-53,-6.102160235020e-50
200,PHASE_DISCHARGE,1800,1162,3.242147010791e-49,-4.100450358951e-48
200,PHASE_DISCHARGE,1800,1163,3.885513104711e-47,-2.447499069366e-46
200,PHASE_DISCHARGE,1800,1164,3.119752221337e-45,-1.297414705539e-44
200,PHASE_DISCHARGE,1800,1165,1.986412862763e-43,-6.106064678678e-43
200,PHASE_DISCHARGE,1800,1166,1.057384631365e-41,-2.550134653914e-41
200,PHASE_DISCHARGE,1800,1167,4.816795996988e-40,-9.444909558184e-40
200,PHASE_DISCHARGE,1800,1168,1.900942002629e-38,-3.099448072334e-38
200,PHASE_DISCHARGE,1800,1169,6.545390568018e-37,-9.001678724735e-37
200,PHASE_DISCHARGE,1800,1170,1.974749848185e-35,-2.310276465685e-35
200,PHASE_DISCHARGE,1800,1171,5.233733948915e-34,-5.229407210729e-34
200,PHASE_DISCHARGE,1800,1172,1.220228761658e-32,-1.041257584506e-32
200,PHASE_DISCHARGE,1800,1173,2.503882470878e-31,-1.817415225425e-31
200,PHASE_DISCHARGE,1800,1174,4.520497625137e-30,-2.767091780208e-30
200,PHASE_DISCHARGE,1800,1175,7.171925118398e-29,-3.649422782762e-29
200,PHASE_DISCHARGE,1800,1176,9.976310078581e-28,-4.125375641296e-28
200,PHASE_DISCHARGE,1800,1177,1.212074622636e-26,-3.929274019771e-27
200,PHASE_DISCHARGE,1800,1178,1.278173199545e-25,-3.058087134705e-26
200,PHASE_DISCHARGE,1800,1179,1.157489804436e-24,-1.822125634517e-25
200,PHASE_DISCHARGE,1800,1180,8.825809489382e-24,-6.839215604793e-25
200,PHASE_DISCHARGE,1800,1181,5.432387129634e-23,9.249297020021e-26
200,PHASE_DISCHARGE,1800,1182,2.394733342535e-22,1.957074922993e-23
200,PHASE_DISCHARGE,1800,1183,3.442882189525e-22,5.965012509202e-23
200,PHASE_DISCHARGE,1800,1184,-6.300702934381e-21,-1.479916442224e-21
200,PHASE_DISCHARGE,1800,1185,-8.276999588182e-20,-2.670419062535e-20
200,PHASE_DISCHARGE,1800,1186,-6.501908493641e-19,-2.683268951958e-19
200,PHASE_DISCHARGE,1800,1187,-3.943868809739e-18,-2.004809759225e-18
200,PHASE_DISCHARGE,1800,1188,-1.977026582484e-17,-1.209512190327e-17
200,PHASE_DISCHARGE,1800,1189,-8.421588174419e-17,-6.110829869392e-17
200,PHASE_DISCHARGE,1800,1190,-3.090434497157e-16,-2.636728425279e-16
200,PHASE_DISCHARGE,1800,1191,-9.841149004588e-16,-9.832345618778e-16
200,PHASE_DISCHARGE,1800,1192,-2.729491278086e-15,-3.193262095506e-15
200,PHASE_DISCHARGE,1800,1193,-6.602281769063e-15,-9.080465660428e-15
200,PHASE_DISCHARGE,1800,1194,-1.391759941525e-14,-2.269496771077e-14
200,PHASE_DISCHARGE,1800,1195,-2.549170298675e-14,-4.999350393368e-14
200,PHASE_DISCHARGE,1800,1196,-4.032131568611e-14,-9.726829742980e-14
200,PHASE_DISCHARGE,1800,1197,-5.444430672203e-14,-1.674151852093e-13
200,PHASE_DISCHARGE,1800,1198,-6.133829103867e-14,-2.552186148021e-13
200,PHASE_DISCHARGE,1800,1199,-5.471250205566e-14,-3.449253669601e-13
200,PHASE_DISCHARGE,1800,1200,-3.263925975532e-14,-4.135546512667e-13
200,PHASE_DISCHARGE,1800,1201,-9.326367504391e-17,-4.400995483590e-13
200,PHASE_DISCHARGE,1800,1202,3.264130166135e-14,-4.158353449308e-13
200,PHASE_DISCHARGE,1800,1203,5.519172142222e-14,-3.489157676925e-13
200,PHASE_DISCHARGE,1800,1204,6.236551088144e-14,-2.599933645289e-13
200,PHASE_DISCHARGE,1800,1205,5.585889913003e-14,-1.720275138287e-13
200,PHASE_DISCHARGE,1800,1206,4.183186782971e-14,-1.010447646067e-13
200,PHASE_DISCHARGE,1800,1207,2.682194142597e-14,-5.266528076406e-14
200,PHASE_DISCHARGE,1800,1208,1.491074735035e-14,-2.434227478423e-14
200,PHASE_DISCHARGE,1800,1209,7.240133640294e-15,-9.969090130915e-15
200,PHASE_DISCHARGE,1800,1210,3.084943036446e-15,-3.613376156400e-15
200,PHASE_DISCHARGE,1800,1211,1.156938508730e-15,-1.157378400182e-15
200,PHASE_DISCHARGE,1800,1212,3.826399300568e-16,-3.269336691419e-16
200,PHASE_DISCHARGE,1800,1213,1.117437440183e-16,-8.122056045900e-17
200,PHASE_DISCHARGE,1800,1214,2.883379486733e-17,-1.767753369549e-17
200,PHASE_DISCHARGE,1800,1215,6.575266680533e-18,-3.352041966384e-18
200,PHASE_DISCHARGE,1800,1216,1.324803688307e-18,-5.491016793340e-19
200,PHASE_DISCHARGE,1800,1217,2.356703117800e-19,-7.663634403781e-20
200,PHASE_DISCHARGE,1800,1218,3.696747564801e-20,-8.885174106510e-21
200,PHASE_DISCHARGE,1800,1219,5.103014467985e-21,-8.097067660711e-22
200,PHASE_DISCHARGE,1800,1220,6.180261255996e-22,-4.883340421130e-23
200,PHASE_DISCHARGE,1800,1221,6.536513130156e-23,-2.309280545585e-26
200,PHASE_DISCHARGE,1800,1222,5.993229927067e-24,4.691885917641e-25
200,PHASE_DISCHARGE,1800,1223,4.705281276174e-25,7.428184724574e-26
200,PHASE_DISCHARGE,1800,1224,3.090959787580e-26,7.399377709228e-27
200,PHASE_DISCHARGE,1800,1225,1.614068429418e-27,5.227411160372e-28
200,PHASE_DISCHARGE,1800,1226,5.712111386410e-29,2.353773635525e-29
200,PHASE_DISCHARGE,1800,1227,1.507493422003e-31,6.881611667245e-32
200,PHASE_DISCHARGE,1800,1228,-1.768107648896e-31,-1.088217693215e-31
200,PHASE_DISCHARGE,1800,1229,-1.766400202270e-32,-1.285889789719e-32
200,PHASE_DISCHARGE,1800,1230,-1.157747265048e-33,-9.900345857822e-34
200,PHASE_DISCHARGE,1800,1231,-5.962245358980e-35,-5.967642372020e-35
200,PHASE_DISCHARGE,1800,1232,-2.546026807330e-36,-2.983177216174e-36
200,PHASE_DISCHARGE,1800,1233,-9.217030058897e-38,-1.269405582170e-37
200,PHASE_DISCHARGE,1800,1234,-2.856254913722e-39,-4.663625382134e-39
200,PHASE_DISCHARGE,1800,1235,-7.598395102436e-41,-1.492080261180e-40
200,PHASE_DISCHARGE,1800,1236,-1.730776684893e-42,-4.180772323740e-42
200,PHASE_DISCHARGE,1800,1237,-3.344422125050e-44,-1.029922971798e-43
200,PHASE_DISCHARGE,1800,1238,-5.366471000406e-46,-2.236873403865e-45
200,PHASE_DISCHARGE,1800,1239,-6.791161115466e-48,-4.291863341321e-47
200,PHASE_DISCHARGE,1800,1240,-5.723889639857e-50,-7.285639767070e-49
200,PHASE_DISCHARGE,1800,1241,1.403791765812e-54,-1.095433978479e-50
200,PHASE_DISCHARGE,1800,1242,4.997713610670e-50,-6.338336892292e-49
200,PHASE_DISCHARGE,1800,1243,5.600583944147e-48,-3.532526946682e-47
200,PHASE_DISCHARGE,1800,1244,4.175083258031e-46,-1.737777181821e-45
200,PHASE_DISCHARGE,1800,1245,2.447597292293e-44,-7.528317556621e-44
200,PHASE_DISCHARGE,1800,1246,1.186474266666e-42,-2.862793840877e-42
200,PHASE_DISCHARGE,1800,1247,4.848930536737e-41,-9.511301768837e-41
200,PHASE_DISCHARGE,1800,1248,1.680956744985e-39,-2.741478958829e-39
200,PHASE_DISCHARGE,1800,1249,4.927677558579e-38,-6.777931416031e-38
200,PHASE_DISCHARGE,1800,1250,1.204188349516e-36,-1.408794148724e-36
200,PHASE_DISCHARGE,1800,1251,2.364335729978e-35,-2.361714146410e-35
200,PHASE_DISCHARGE,1800,1252,3.346220079647e-34,-2.852406028085e-34
200,PHASE_DISCHARGE,1800,1253,1.779344932998e-33,-1.282154334534e-33
200,PHASE_DISCHARGE,1800,1254,-7.527229240973e-32,4.631153421351e-32
200,PHASE_DISCHARGE,1800,1255,-3.237748713110e-30,1.652624476314e-30
200,PHASE_DISCHARGE,1800,1256,-8.018512153653e-29,3.325527076770e-29
200,PHASE_DISCHARGE,1800,1257,-1.522583418470e-27,4.952532353899e-28
200,PHASE_DISCHARGE,1800,1258,-2.385464682595e-26,5.733252755616e-27
200,PHASE_DISCHARGE,1800,1259,-3.178198412762e-25,5.040381863566e-26
200,PHASE_DISCHARGE,1800,1260,-3.656734415358e-24,2.884224178280e-25
200,PHASE_DISCHARGE,1800,1261,-3.665861648185e-23,5.448398700035e-27
200,PHASE_DISCHARGE,1800,1262,-3.219938354805e-22,-2.529894943300e-23
200,PHASE_DISCHARGE,1800,1263,-2.487131145550e-21,-3.936229661523e-22
200,PHASE_DISCHARGE,1800,1264,-1.693574727012e-20,-4.064000436927e-21
200,PHASE_DISCHARGE,1800,1265,-1.018340583111e-19,-3.307685965484e-20
200,PHASE_DISCHARGE,1800,1266,-5.413063520631e-19,-2.241588802555e-19
200,PHASE_DISCHARGE,1800,1267,-2.545294550986e-18,-1.296620642846e-18
200,PHASE_DISCHARGE,1800,1268,-1.058999670320e-17,-6.488396887698e-18
200,PHASE_DISCHARGE,1800,1269,-3.898342267699e-17,-2.831861605732e-17
200,PHASE_DISCHARGE,1800,1270,-1.269096120302e-16,-1.083752468984e-16
200,PHASE_DISCHARGE,1800,1271,-3.650580056433e-16,-3.650076018843e-16
200,PHASE_DISCHARGE,1800,1272,-9.265694203054e-16,-1.084727158733e-15
200,PHASE_DISCHARGE,1800,1273,-2.070772885531e-15,-2.849787496694e-15
200,PHASE_DISCHARGE,1800,1274,-4.062272678580e-15,-6.628090431903e-15
200,PHASE_DISCHARGE,1800,1275,-6.961966141774e-15,-1.366154599927e-14
200,PHASE_DISCHARGE,1800,1276,-1.034605170729e-14,-2.497329049600e-14
200,PHASE_DISCHARGE,1800,1277,-1.316471762792e-14,-4.050855249851e-14
200,PHASE_DISCHARGE,1800,1278,-1.400646081113e-14,-5.832574530041e-14
200,PHASE_DISCHARGE,1800,1279,-1.181329958364e-14,-7.455737667903e-14
200,PHASE_DISCHARGE,1800,1280,-6.664404224082e-15,-8.461419968283e-14
200,PHASE_DISCHARGE,1800,1281,-5.188833273357e-18,-8.524248788989e-14
200,PHASE_DISCHARGE,1800,1282,5.992894298911e-15,-7.620731555555e-14
200,PHASE_DISCHARGE,1800,1283,9.567290427260e-15,-6.043032880380e-14
200,PHASE_DISCHARGE,1800,1284,1.019436562814e-14,-4.247485104695e-14
200,PHASE_DISCHARGE,1800,1285,8.588079818185e-15,-2.643752407141e-14
200,PHASE_DISCHARGE,1800,1286,6.027214701291e-15,-1.455392841674e-14
200,PHASE_DISCHARGE,1800,1287,3.603938194330e-15,-7.074453321564e-15
200,PHASE_DISCHARGE,1800,1288,1.856278445243e-15,-3.029724321590e-15
200,PHASE_DISCHARGE,1800,1289,8.279411215658e-16,-1.139775269021e-15
200,PHASE_DISCHARGE,1800,1290,3.203070675587e-16,-3.751057587747e-16
200,PHASE_DISCHARGE,1800,1291,1.073374691391e-16,-1.073612447761e-16
200,PHASE_DISCHARGE,1800,1292,3.100598389049e-17,-2.648852605012e-17
200,PHASE_DISCHARGE,1800,1293,7.641939699213e-18,-5.554020010248e-18
200,PHASE_DISCHARGE,1800,1294,1.573944039478e-18,-9.649514292080e-19
200,PHASE_DISCHARGE,1800,1295,2.583425008893e-19,-1.317269710681e-19
200,PHASE_DISCHARGE,1800,1296,2.920508107391e-20,-1.211578533419e-20
200,PHASE_DISCHARGE,1800,1297,5.242554477622e-22,-1.736560169802e-22
200,PHASE_DISCHARGE,1800,1298,-7.788340010732e-22,1.864483160677e-22
200,PHASE_DISCHARGE,1800,1299,-2.509144599763e-22,3.966339850476e-23
200,PHASE_DISCHARGE,1800,1300,-5.201932730530e-23,4.083812558453e-24
200,PHASE_DISCHARGE,1800,1301,-8.467006231348e-24,-1.212194040614e-27
200,PHASE_DISCHARGE,1800,1302,-1.147504341610e-24,-9.044081150452e-26
200,PHASE_DISCHARGE,1800,1303,-1.328310364473e-25,-2.105102344159e-26
200,PHASE_DISCHARGE,1800,1304,-1.330863240359e-26,-3.196231348289e-27
200,PHASE_DISCHARGE,1800,1305,-1.163062082274e-27,-3.779900493911e-28
200,PHASE_DISCHARGE,1800,1306,-8.907860499101e-29,-3.690390801108e-29
200,PHASE_DISCHARGE,1800,1307,-5.997245659638e-30,-3.056161589094e-30
200,PHASE_DISCHARGE,1800,1308,-3.555897425130e-31,-2.179299445939e-31
200,PHASE_DISCHARGE,1800,1309,-1.858736134409e-32,-1.350580299078e-32
200,PHASE_DISCHARGE,1800,1310,-8.568764748632e-34,-7.319042656518e-34
200,PHASE_DISCHARGE,1800,1311,-3.482906916631e-35,-3.483181978499e-35
200,PHASE_DISCHARGE,1800,1312,-1.247076801863e-36,-1.460249235706e-36
200,PHASE_DISCHARGE,1800,1313,-3.926707580223e-38,-5.405049679916e-38
200,PHASE_DISCHARGE,1800,1314,-1.084248286964e-39,-1.769465800988e-39
200,PHASE_DISCHARGE,1800,1315,-2.613690748757e-41,-5.130065495044e-41
200,PHASE_DISCHARGE,1800,1316,-5.460850848652e-43,-1.318481898917e-42
200,PHASE_DISCHARGE,1800,1317,-9.766808411520e-45,-3.006222777267e-44
200,PHASE_DISCHARGE,1800,1318,-1.460492647173e-46,-6.084177015092e-46
200,PHASE_DISCHARGE,1800,1319,-1.731457986878e-48,-1.093403235735e-47
200,PHASE_DISCHARGE,1800,1320,-1.373037801931e-50,-1.745242472035e-49
200,PHASE_DISCHARGE,1800,1321,6.944266092050e-56,-2.474384769627e-51
200,PHASE_DISCHARGE,1800,1322,1.305146501618e-51,-1.652496377967e-50
200,PHASE_DISCHARGE,1800,1323,4.314416311427e-50,-2.706595701172e-49
200,PHASE_DISCHARGE,1800,1324,-5.757360860100e-48,2.404340199299e-47
200,PHASE_DISCHARGE,1800,1325,-9.673459683838e-46,2.979439124028e-45
200,PHASE_DISCHARGE,1800,1326,-8.456361113462e-44,2.042329950045e-43
200,PHASE_DISCHARGE,1800,1327,-5.427918208848e-42,1.065544487977e-41
200,PHASE_DISCHARGE,1800,1328,-2.800415120416e-40,4.570633799339e-40
200,PHASE_DISCHARGE,1800,1329,-1.207301514059e-38,1.661922137819e-38
200,PHASE_DISCHARGE,1800,1330,-4.439734399670e-37,5.198804767460e-37
200,PHASE_DISCHARGE,1800,1331,-1.409941811738e-35,1.410067643776e-35
200,PHASE_DISCHARGE,1800,1332,-3.897789570000e-34,3.329291698032e-34
200,PHASE_DISCHARGE,1800,1333,-9.431584553905e-33,6.852953724914e-33
200,PHASE_DISCHARGE,1800,1334,-2.005364007833e-31,1.228976452565e-31
200,PHASE_DISCHARGE,1800,1335,-3.757389619377e-30,1.914623580040e-30
200,PHASE_DISCHARGE,1800,1336,-6.217187022879e-29,2.575439400143e-29
200,PHASE_DISCHARGE,1800,1337,-9.099594742858e-28,2.956890126400e-28
200,PHASE_DISCHARGE,1800,1338,-1.179529686858e-26,2.832094310019e-27
200,PHASE_DISCHARGE,1800,1339,-1.355387371559e-25,2.147032337237e-26
200,PHASE_DISCHARGE,1800,1340,-1.381629066376e-24,1.087660413613e-25
200,PHASE_DISCHARGE,1800,1341,-1.250008775945e-23,2.536578986645e-28
200,PHASE_DISCHARGE,1800,1342,-1.004094255874e-22,-7.900419897211e-24
200,PHASE_DISCHARGE,1800,1343,-7.162347767108e-22,-1.134265671291e-22
200,PHASE_DISCHARGE,1800,1344,-4.537039935551e-21,-1.089158684300e-21
200,PHASE_DISCHARGE,1800,1345,-2.551998045189e-20,-8.291436983782e-21
200,PHASE_DISCHARGE,1800,1346,-1.274287700263e-19,-5.278008628102e-20
200,PHASE_DISCHARGE,1800,1347,-5.646132349248e-19,-2.876723942177e-19
200,PHASE_DISCHARGE,1800,1348,-2.218529088254e-18,-1.359463455426e-18
200,PHASE_DISCHARGE,1800,1349,-7.724029352045e-18,-5.611631485827e-18
200,PHASE_DISCHARGE,1800,1350,-2.380105093849e-17,-2.032730238725e-17
200,PHASE_DISCHARGE,1800,1351,-6.481364606897e-17,-6.481137080076e-17
200,PHASE_DISCHARGE,1800,1352,-1.556597553219e-16,-1.822475758506e-16
200,PHASE_DISCHARGE,1800,1353,-3.287989386738e-16,-4.525355596033e-16
200,PHASE_DISCHARGE,1800,1354,-6.085011438640e-16,-9.929417550569e-16
200,PHASE_DISCHARGE,1800,1355,-9.812019125635e-16,-1.925624367149e-15
200,PHASE_DISCHARGE,1800,1356,-1.366947155323e-15,-3.299911797566e-15
200,PHASE_DISCHARGE,1800,1357,-1.622669777071e-15,-4.993697124997e-15
200,PHASE_DISCHARGE,1800,1358,-1.600297283160e-15,-6.665039408353e-15
200,PHASE_DISCHARGE,1800,1359,-1.240494620433e-15,-7.830904108533e-15
200,PHASE_DISCHARGE,1800,1360,-6.358093573547e-16,-8.075867374479e-15
200,PHASE_DISCHARGE,1800,1361,-2.270161452122e-19,-7.278090447603e-15
200,PHASE_DISCHARGE,1800,1362,4.477838656354e-16,-5.692266566726e-15
200,PHASE_DISCHARGE,1800,1363,6.047232133821e-16,-3.819151801688e-15
200,PHASE_DISCHARGE,1800,1364,5.164882386289e-16,-2.151859772216e-15
200,PHASE_DISCHARGE,1800,1365,3.158495107741e-16,-9.723497622167e-16
200,PHASE_DISCHARGE,1800,1366,1.274156775118e-16,-3.077354814038e-16
200,PHASE_DISCHARGE,1800,1367,1.149510035856e-17,-2.261734387311e-17
200,PHASE_DISCHARGE,1800,1368,-3.318227856911e-17,5.412488395048e-17
200,PHASE_DISCHARGE,1800,1369,-3.580642280524e-17,4.927426641172e-17
200,PHASE_DISCHARGE,1800,1370,-2.395342102168e-17,2.804269041095e-17
200,PHASE_DISCHARGE,1800,1371,-1.240267950760e-17,1.240167176047e-17
200,PHASE_DISCHARGE,1800,1372,-5.302326705430e-18,4.528322703903e-18
200,PHASE_DISCHARGE,1800,1373,-1.925397246158e-18,1.398806087118e-18
200,PHASE_DISCHARGE,1800,1374,-6.028994746215e-19,3.694389157818e-19
200,PHASE_DISCHARGE,1800,1375,-1.642806214446e-19,8.370118659332e-20
200,PHASE_DISCHARGE,1800,1376,-3.918382614058e-20,1.622969450500e-20
200,PHASE_DISCHARGE,1800,1377,-8.214121351017e-21,2.668791978837e-21
200,PHASE_DISCHARGE,1800,1378,-1.517734976800e-21,3.643538323845e-22
200,PHASE_DISCHARGE,1800,1379,-2.476959210925e-22,3.922797627449e-23
200,PHASE_DISCHARGE,1800,1380,-3.576011395040e-23,2.813962105964e-24
200,PHASE_DISCHARGE,1800,1381,-4.572244774166e-24,-4.975371106307e-29
200,PHASE_DISCHARGE,1800,1382,-5.181657073182e-25,-4.078585476441e-26
200,PHASE_DISCHARGE,1800,1383,-5.207931537794e-26,-8.249069237344e-27
200,PHASE_DISCHARGE,1800,1384,-4.643818165040e-27,-1.114927276749e-27
200,PHASE_DISCHARGE,1800,1385,-3.674269714279e-28,-1.193878361761e-28
200,PHASE_DISCHARGE,1800,1386,-2.579560683763e-29,-1.068514629461e-29
200,PHASE_DISCHARGE,1800,1387,-1.606613970545e-30,-8.186273007703e-31
200,PHASE_DISCHARGE,1800,1388,-8.873462842123e-32,-5.437762392722e-32
200,PHASE_DISCHARGE,1800,1389,-4.343249095520e-33,-3.155606941469e-33
200,PHASE_DISCHARGE,1800,1390,-1.882254293226e-34,-1.607621994729e-34
200,PHASE_DISCHARGE,1800,1391,-7.213219105376e-36,-7.213328376204e-36
200,PHASE_DISCHARGE,1800,1392,-2.440066319408e-37,-2.856994107909e-37
200,PHASE_DISCHARGE,1800,1393,-7.268282276661e-39,-1.000409031993e-38
200,PHASE_DISCHARGE,1800,1394,-1.899810500831e-40,-3.100261445335e-40
200,PHASE_DISCHARGE,1800,1395,-4.335328434442e-42,-8.508721310407e-42
200,PHASE_DISCHARGE,1800,1396,-8.569338471160e-44,-2.068866596193e-43
200,PHASE_DISCHARGE,1800,1397,-1.448116183483e-45,-4.456963379961e-45
200,PHASE_DISCHARGE,1800,1398,-2.041934415260e-47,-8.505574560643e-47
200,PHASE_DISCHARGE,1800,1399,-2.276209445321e-49,-1.437220883784e-48
200,PHASE_DISCHARGE,1800,1400,-1.690797276778e-51,-2.148605528392e-50
200,PHASE_DISCHARGE,1800,1401,2.668644210669e-57,-2.838511536952e-52
200,PHASE_DISCHARGE,1800,1402,-1.317442888972e-51,1.674193948745e-50
200,PHASE_DISCHARGE,1800,1403,-1.742896951730e-49,1.100488322073e-48
200,PHASE_DISCHARGE,1800,1404,-1.530531709709e-47,6.375360275640e-47
200,PHASE_DISCHARGE,1800,1405,-1.059466400265e-45,3.260787776562e-45
200,PHASE_DISCHARGE,1800,1406,-6.105956502818e-44,1.474137918494e-43
200,PHASE_DISCHARGE,1800,1407,-3.003368475662e-42,5.894538769872e-42
200,PHASE_DISCHARGE,1800,1408,-1.277908859739e-40,2.085386692671e-40
200,PHASE_DISCHARGE,1800,1409,-4.742156761513e-39,6.527098942984e-39
200,PHASE_DISCHARGE,1800,1410,-1.542961530863e-37,1.806596107399e-37
200,PHASE_DISCHARGE,1800,1411,-4.418065130493e-36,4.418111882202e-36
200,PHASE_DISCHARGE,1800,1412,-1.116204555535e-34,9.533385609107e-35
200,PHASE_DISCHARGE,1800,1413,-2.492986969125e-33,1.811279743187e-33
200,PHASE_DISCHARGE,1800,1414,-4.929176627123e-32,3.020635613742e-32
200,PHASE_DISCHARGE,1800,1415,-8.636965197611e-31,4.400804130941e-31
200,PHASE_DISCHARGE,1800,1416,-1.342184026600e-29,5.559579935805e-30
200,PHASE_DISCHARGE,1800,1417,-1.850803340981e-28,6.013716523906e-29
200,PHASE_DISCHARGE,1800,1418,-2.265458690490e-27,5.438991782173e-28
200,PHASE_DISCHARGE,1800,1419,-2.461936269124e-26,3.899435908419e-27
200,PHASE_DISCHARGE,1800,1420,-2.375369405349e-25,1.869562446620e-26
200,PHASE_DISCHARGE,1800,1421,-2.034515489994e-24,9.105994815093e-30
200,PHASE_DISCHARGE,1800,1422,-1.546458998610e-23,-1.217019034703e-24
200,PHASE_DISCHARGE,1800,1423,-1.042699452019e-22,-1.651424219439e-23
200,PHASE_DISCHARGE,1800,1424,-6.232054989747e-22,-1.496152682784e-22
200,PHASE_DISCHARGE,1800,1425,-3.298811996336e-21,-1.071831031907e-21
200,PHASE_DISCHARGE,1800,1426,-1.544575240315e-20,-6.397747044699e-21
200,PHASE_DISCHARGE,1800,1427,-6.386835278664e-20,-3.254211460700e-20
200,PHASE_DISCHARGE,1800,1428,-2.327322185505e-19,-1.426166331487e-19
200,PHASE_DISCHARGE,1800,1429,-7.451887001414e-19,-5.414041493802e-19
200,PHASE_DISCHARGE,1800,1430,-2.088257954868e-18,-1.783515896206e-18
200,PHASE_DISCHARGE,1800,1431,-5.092655627731e-18,-5.092576761312e-18
200,PHASE_DISCHARGE,1800,1432,-1.071689742889e-17,-1.254764739342e-17
200,PHASE_DISCHARGE,1800,1433,-1.920016074845e-17,-2.642615680797e-17
200,PHASE_DISCHARGE,1800,1434,-2.860174829517e-17,-4.667237550570e-17
200,PHASE_DISCHARGE,1800,1435,-3.375510716658e-17,-6.624495618258e-17
200,PHASE_DISCHARGE,1800,1436,-2.764644433143e-17,-6.673793193091e-17
200,PHASE_DISCHARGE,1800,1437,-6.443571218024e-18,-1.981882318045e-17
200,PHASE_DISCHARGE,1800,1438,2.412554380765e-17,1.005130606482e-16
200,PHASE_DISCHARGE,1800,1439,4.710693015416e-17,2.974642564172e-16
200,PHASE_DISCHARGE,1800,1440,4.219306620622e-17,5.362096167831e-16
200,PHASE_DISCHARGE,1800,1441,-7.592393604716e-21,7.498375051393e-16
200,PHASE_DISCHARGE,1800,1442,-6.840948203662e-17,8.691371409951e-16
200,PHASE_DISCHARGE,1800,1443,-1.359890202404e-16,8.585650336257e-16
200,PHASE_DISCHARGE,1800,1444,-1.760250594986e-16,7.331795589641e-16
200,PHASE_DISCHARGE,1800,1445,-1.773110284493e-16,5.456985008777e-16
200,PHASE_DISCHARGE,1800,1446,-1.473696888126e-16,3.557777362815e-16
200,PHASE_DISCHARGE,1800,1447,-1.038561458682e-16,2.038272998009e-16
200,PHASE_DISCHARGE,1800,1448,-6.300566175604e-17,1.028151236435e-16
200,PHASE_DISCHARGE,1800,1449,-3.321291318325e-17,4.571335938025e-17
200,PHASE_DISCHARGE,1800,1450,-1.530743942414e-17,1.792260647131e-17
200,PHASE_DISCHARGE,1800,1451,-6.194962182678e-18,6.194929689743e-18
200,PHASE_DISCHARGE,1800,1452,-2.208345438031e-18,1.886095801310e-18
200,PHASE_DISCHARGE,1800,1453,-6.950062544487e-19,5.049491400560e-19
200,PHASE_DISCHARGE,1800,1454,-1.934452408986e-19,1.185428107401e-19
200,PHASE_DISCHARGE,1800,1455,-4.768135746448e-20,2.429473895042e-20
200,PHASE_DISCHARGE,1800,1456,-1.041830111358e-20,4.315377004738e-21
200,PHASE_DISCHARGE,1800,1457,-2.019443715855e-21,6.561526927399e-22
200,PHASE_DISCHARGE,1800,1458,-3.474516033531e-22,8.341505565006e-23
200,PHASE_DISCHARGE,1800,1459,-5.308253905575e-23,8.407347987900e-24
200,PHASE_DISCHARGE,1800,1460,-7.202872675551e-24,5.668652829445e-25
200,PHASE_DISCHARGE,1800,1461,-8.681572685861e-25,-1.545249337504e-30
200,PHASE_DISCHARGE,1800,1462,-9.294240660924e-26,-7.314890922933e-27
200,PHASE_DISCHARGE,1800,1463,-8.836458327903e-27,-1.399573411837e-27
200,PHASE_DISCHARGE,1800,1464,-7.458573031919e-28,-1.790658828947e-28
200,PHASE_DISCHARGE,1800,1465,-5.586538148679e-29,-1.815187217289e-29
200,PHASE_DISCHARGE,1800,1466,-3.710712125601e-30,-1.537035091900e-30
200,PHASE_DISCHARGE,1800,1467,-2.183853859443e-31,-1.112734156704e-31
200,PHASE_DISCHARGE,1800,1468,-1.137497076700e-32,-6.970620492984e-33
200,PHASE_DISCHARGE,1800,1469,-5.235983133647e-34,-3.804180014100e-34
200,PHASE_DISCHARGE,1800,1470,-2.125854928596e-35,-1.815659122956e-35
200,PHASE_DISCHARGE,1800,1471,-7.593780035574e-37,-7.593812694098e-37
200,PHASE_DISCHARGE,1800,1472,-2.378486248264e-38,-2.784862547285e-38
200,PHASE_DISCHARGE,1800,1473,-6.501992401014e-40,-8.949271643632e-40
200,PHASE_DISCHARGE,1800,1474,-1.541161596657e-41,-2.514962652213e-41
200,PHASE_DISCHARGE,1800,1475,-3.137000614383e-43,-6.156757492163e-43
200,PHASE_DISCHARGE,1800,1476,-5.401669381923e-45,-1.304091618818e-44
200,PHASE_DISCHARGE,1800,1477,-7.672762642774e-47,-2.361468569974e-46
200,PHASE_DISCHARGE,1800,1478,-8.575781178383e-49,-3.572158798588e-48
200,PHASE_DISCHARGE,1800,1479,-6.783728147900e-51,-4.283305604337e-50
200,PHASE_DISCHARGE,1800,1480,-2.710166485257e-53,-3.444296559139e-52
200,PHASE_DISCHARGE,1800,1481,7.667328377881e-59,-4.835643423454e-56
200,PHASE_DISCHARGE,1800,1482,-3.464919640342e-52,4.402661946618e-51
200,PHASE_DISCHARGE,1800,1483,-4.228572951057e-50,2.669834839539e-49
200,PHASE_DISCHARGE,1800,1484,-3.451713862259e-48,1.437749020423e-47
200,PHASE_DISCHARGE,1800,1485,-2.233793921816e-46,6.874934945179e-46
200,PHASE_DISCHARGE,1800,1486,-1.208803390400e-44,2.918317879230e-44
200,PHASE_DISCHARGE,1800,1487,-5.600923436607e-43,1.099245816833e-42
200,PHASE_DISCHARGE,1800,1488,-2.250145211063e-41,3.671911348345e-41
200,PHASE_DISCHARGE,1800,1489,-7.896271241917e-40,1.086830725986e-39
200,PHASE_DISCHARGE,1800,1490,-2.431722898844e-38,2.847187315612e-38
200,PHASE_DISCHARGE,1800,1491,-6.591773055861e-37,6.591785953388e-37
200,PHASE_DISCHARGE,1800,1492,-1.575975044981e-35,1.346012541572e-35
200,PHASE_DISCHARGE,1800,1493,-3.327379102881e-34,2.417487538158e-34
200,PHASE_DISCHARGE,1800,1494,-6.208232028231e-33,3.804418278198e-33
200,PHASE_DISCHARGE,1800,1495,-1.023887415227e-31,5.216980672209e-32
200,PHASE_DISCHARGE,1800,1496,-1.492360373562e-30,6.181578430615e-31
200,PHASE_DISCHARGE,1800,1497,-1.921125259470e-29,6.242139092629e-30
200,PHASE_DISCHARGE,1800,1498,-2.181694803061e-28,5.237814390821e-29
200,PHASE_DISCHARGE,1800,1499,-2.181687987309e-27,3.455484171088e-28
200,PHASE_DISCHARGE,1800,1500,-1.915785038600e-26,1.507783734272e-27
200,PHASE_DISCHARGE,1800,1501,-1.471061086830e-25,2.408976080037e-31
200,PHASE_DISCHARGE,1800,1502,-9.812826960897e-25,-7.722676349853e-26
200,PHASE_DISCHARGE,1800,1503,-5.625034344398e-24,-8.909049401534e-25
200,PHASE_DISCHARGE,1800,1504,-2.716928497360e-23,-6.522686355581e-24
200,PHASE_DISCHARGE,1800,1505,-1.060761808050e-22,-3.446577340200e-23
200,PHASE_DISCHARGE,1800,1506,-2.980913388418e-22,-1.234710652528e-22
200,PHASE_DISCHARGE,1800,1507,-2.922738345703e-22,-1.489097023892e-22
200,PHASE_DISCHARGE,1800,1508,2.944847640909e-21,1.804652539283e-21
200,PHASE_DISCHARGE,1800,1509,2.484160573011e-20,1.804866531132e-20
200,PHASE_DISCHARGE,1800,1510,1.230765941920e-19,1.051179752259e-19
200,PHASE_DISCHARGE,1800,1511,4.678142712936e-19,4.678162691864e-19
200,PHASE_DISCHARGE,1800,1512,1.461173551933e-18,1.710820152292e-18
200,PHASE_DISCHARGE,1800,1513,3.852128350123e-18,5.302014814634e-18
200,PHASE_DISCHARGE,1800,1514,8.671862498124e-18,1.415122933751e-17
200,PHASE_DISCHARGE,1800,1515,1.673360398297e-17,3.284162590527e-17
200,PHASE_DISCHARGE,1800,1516,2.762069798973e-17,6.668242445183e-17
200,PHASE_DISCHARGE,1800,1517,3.865032094425e-17,1.189537635364e-16
200,PHASE_DISCHARGE,1800,1518,4.489188689265e-17,1.869887293517e-16
200,PHASE_DISCHARGE,1800,1519,4.111216046313e-17,2.595730116035e-16
200,PHASE_DISCHARGE,1800,1520,2.508305841128e-17,3.187128083538e-16
200,PHASE_DISCHARGE,1800,1521,-1.838830161736e-22,3.465317959123e-16
200,PHASE_DISCHARGE,1800,1522,-2.628123709696e-17,3.339326639064e-16
200,PHASE_DISCHARGE,1800,1523,-4.519783260727e-17,2.853670237935e-16
200,PHASE_DISCHARGE,1800,1524,-5.193911601678e-17,2.163415680493e-16
200,PHASE_DISCHARGE,1800,1525,-4.728481954964e-17,1.455275030635e-16
200,PHASE_DISCHARGE,1800,1526,-3.597833895146e-17,8.685929527742e-17
200,PHASE_DISCHARGE,1800,1527,-2.343342219824e-17,4.599063669953e-17
200,PHASE_DISCHARGE,1800,1528,-1.323280861347e-17,2.159396296687e-17
200,PHASE_DISCHARGE,1800,1529,-6.528202060863e-18,8.985292432915e-18
200,PHASE_DISCHARGE,1800,1530,-2.827307010202e-18,3.310348809486e-18
200,PHASE_DISCHARGE,1800,1531,-1.078463320611e-18,1.078462569576e-18
200,PHASE_DISCHARGE,1800,1532,-3.631322992739e-19,3.101440672083e-19
200,PHASE_DISCHARGE,1800,1533,-1.081004095682e-19,7.853948850441e-20
200,PHASE_DISCHARGE,1800,1534,-2.848092499445e-20,1.745311994738e-20
200,PHASE_DISCHARGE,1800,1535,-6.645719159607e-21,3.386160181887e-21
200,PHASE_DISCHARGE,1800,1536,-1.373892671285e-21,5.690844223263e-22
200,PHASE_DISCHARGE,1800,1537,-2.516684111800e-22,8.177192612907e-23
200,PHASE_DISCHARGE,1800,1538,-4.084104846565e-23,9.805052725803e-24
200,PHASE_DISCHARGE,1800,1539,-5.869005009943e-24,9.295568447673e-25
200,PHASE_DISCHARGE,1800,1540,-7.462817381812e-25,5.873335694497e-26
200,PHASE_DISCHARGE,1800,1541,-8.387215162951e-26,-3.401811811868e-32
200,PHASE_DISCHARGE,1800,1542,-8.317638388819e-27,-6.546159497911e-28
200,PHASE_DISCHARGE,1800,1543,-7.261768131014e-28,-1.150154547791e-28
200,PHASE_DISCHARGE,1800,1544,-5.562882154608e-29,-1.335532852629e-29
200,PHASE_DISCHARGE,1800,1545,-3.720840918106e-30,-1.208976861096e-30
200,PHASE_DISCHARGE,1800,1546,-2.156621368815e-31,-8.933034950277e-32
200,PHASE_DISCHARGE,1800,1547,-1.069659446810e-32,-5.450197862989e-33
200,PHASE_DISCHARGE,1800,1548,-4.436225162403e-34,-2.718528531786e-34
200,PHASE_DISCHARGE,1800,1549,-1.462491584047e-35,-1.062565628563e-35
200,PHASE_DISCHARGE,1800,1550,-3.283460691917e-37,-2.804356106221e-37
200,PHASE_DISCHARGE,1800,1551,-8.233737111993e-40,-8.234420344299e-40
200,PHASE_DISCHARGE,1800,1552,3.759662650828e-40,4.401972421376e-40
200,PHASE_DISCHARGE,1800,1553,2.354119315464e-41,3.240157564276e-41
200,PHASE_DISCHARGE,1800,1554,9.500378324794e-43,1.550317647733e-42
200,PHASE_DISCHARGE,1800,1555,2.969690479560e-44,5.828336079087e-44
200,PHASE_DISCHARGE,1800,1556,7.553961599080e-46,1.823684950330e-45
200,PHASE_DISCHARGE,1800,1557,1.582938077473e-47,4.871775359662e-47
200,PHASE_DISCHARGE,1800,1558,2.703935174093e-49,1.126268264732e-48
200,PHASE_DISCHARGE,1800,1559,3.597786471923e-51,2.271548403389e-50
200,PHASE_DISCHARGE,1800,1560,3.162022674054e-53,4.017716719960e-52
200,PHASE_DISCHARGE,1800,1561,1.520429076663e-60,6.253613224082e-54
200,PHASE_DISCHARGE,1800,1562,-4.484773197066e-53,5.698457287325e-52
200,PHASE_DISCHARGE,1800,1563,-5.174292913660e-51,3.266923689015e-50
200,PHASE_DISCHARGE,1800,1564,-3.986185232018e-49,1.660366954592e-48
200,PHASE_DISCHARGE,1800,1565,-2.428511982556e-47,7.474196035523e-47
200,PHASE_DISCHARGE,1800,1566,-1.232899105530e-45,2.976483350008e-45
200,PHASE_DISCHARGE,1800,1567,-5.334618325937e-44,1.046978314538e-43
200,PHASE_DISCHARGE,1800,1568,-1.989202893804e-42,3.246085640782e-42
200,PHASE_DISCHARGE,1800,1569,-6.427041067769e-41,8.846067352557e-41
200,PHASE_DISCHARGE,1800,1570,-1.802729512984e-39,2.110726126472e-39
200,PHASE_DISCHARGE,1800,1571,-4.385583370254e-38,4.385585787469e-38
200,PHASE_DISCHARGE,1800,1572,-9.215437845699e-37,7.870732493454e-37
200,PHASE_DISCHARGE,1800,1573,-1.657982481207e-35,1.204595730448e-35
200,PHASE_DISCHARGE,1800,1574,-2.509536485656e-34,1.537847556529e-34
200,PHASE_DISCHARGE,1800,1575,-3.075431615637e-33,1.567013187559e-33
200,PHASE_DISCHARGE,1800,1576,-2.742539149715e-32,1.136000434973e-32
200,PHASE_DISCHARGE,1800,1577,-9.684089169919e-32,3.146596055599e-32
200,PHASE_DISCHARGE,1800,1578,2.300451683183e-30,-5.522844464741e-31
200,PHASE_DISCHARGE,1800,1579,6.375379968113e-29,-1.009755651113e-29
200,PHASE_DISCHARGE,1800,1580,1.001874551829e-27,-7.884873616269e-29
200,PHASE_DISCHARGE,1800,1581,1.204692124950e-26,4.252864533294e-33
200,PHASE_DISCHARGE,1800,1582,1.194683754335e-25,9.402397685089e-27
200,PHASE_DISCHARGE,1800,1583,1.007304696661e-24,1.595416168810e-25
200,PHASE_DISCHARGE,1800,1584,7.332467933653e-24,1.760371221076e-24
200,PHASE_DISCHARGE,1800,1585,4.648324857230e-23,1.510333104812e-23
200,PHASE_DISCHARGE,1800,1586,2.579874888061e-22,1.068619580242e-22
200,PHASE_DISCHARGE,1800,1587,1.257771404501e-21,6.408667315848e-22
200,PHASE_DISCHARGE,1800,1588,5.397638797624e-21,3.307678113104e-21
200,PHASE_DISCHARGE,1800,1589,2.041337855593e-20,1.483119072061e-20
200,PHASE_DISCHARGE,1800,1590,6.806685717193e-20,5.813459859098e-20
200,PHASE_DISCHARGE,1800,1591,2.000718953530e-19,2.000719284506e-19
200,PHASE_DISCHARGE,1800,1592,5.179546855991e-19,6.064471132496e-19
200,PHASE_DISCHARGE,1800,1593,1.179031121382e-18,1.622797364339e-18
200,PHASE_DISCHARGE,1800,1594,2.353315469833e-18,3.840262402618e-18
200,PHASE_DISCHARGE,1800,1595,4.100410010028e-18,8.047509035798e-18
200,PHASE_DISCHARGE,1800,1596,6.192000754917e-18,1.494881477642e-17
200,PHASE_DISCHARGE,1800,1597,8.003964534787e-18,2.463367476696e-17
200,PHASE_DISCHARGE,1800,1598,8.650212781008e-18,3.603073820850e-17
200,PHASE_DISCHARGE,1800,1599,7.411754098507e-18,4.679599008554e-17
200,PHASE_DISCHARGE,1800,1600,4.248387978293e-18,5.398092380804e-17
200,PHASE_DISCHARGE,1800,1601,-2.845823563117e-24,5.531117450858e-17
200,PHASE_DISCHARGE,1800,1602,-3.961848470571e-18,5.034002529367e-17
200,PHASE_DISCHARGE,1800,1603,-6.444417493230e-18,4.068843758282e-17
200,PHASE_DISCHARGE,1800,1604,-7.009826891559e-18,2.919802397802e-17
200,PHASE_DISCHARGE,1800,1605,-6.041394443335e-18,1.859349709730e-17
200,PHASE_DISCHARGE,1800,1606,-4.349516519872e-18,1.050066030036e-17
200,PHASE_DISCHARGE,1800,1607,-2.677418171940e-18,5.254728381443e-18
200,PHASE_DISCHARGE,1800,1608,-1.426255996859e-18,2.327437988555e-18
200,PHASE_DISCHARGE,1800,1609,-6.619600524209e-19,9.111097481023e-19
200,PHASE_DISCHARGE,1800,1610,-2.687238311976e-19,3.146351467176e-19
200,PHASE_DISCHARGE,1800,1611,-9.561089589283e-20,9.561088509060e-20
200,PHASE_DISCHARGE,1800,1612,-2.983507946283e-20,2.548156203724e-20
200,PHASE_DISCHARGE,1800,1613,-8.160668412123e-21,5.929071860335e-21
200,PHASE_DISCHARGE,1800,1614,-1.952912558011e-21,1.196746167286e-21
200,PHASE_DISCHARGE,1800,1615,-4.073937602078e-22,2.075774489075e-22
200,PHASE_DISCHARGE,1800,1616,-7.361336911921e-23,3.049164817770e-23
200,PHASE_DISCHARGE,1800,1617,-1.139314690315e-23,3.701856491562e-24
200,PHASE_DISCHARGE,1800,1618,-1.478567892859e-24,3.549725337674e-25
200,PHASE_DISCHARGE,1800,1619,-1.535144267110e-25,2.431426645265e-26
200,PHASE_DISCHARGE,1800,1620,-1.107176227230e-26,8.713627087291e-28
200,PHASE_DISCHARGE,1800,1621,-1.535781047147e-28,-4.519517124213e-34
200,PHASE_DISCHARGE,1800,1622,1.118134615723e-28,8.799862683565e-30
200,PHASE_DISCHARGE,1800,1623,2.313411401112e-29,3.664079170773e-30
200,PHASE_DISCHARGE,1800,1624,3.046912753248e-30,7.314986431219e-31
200,PHASE_DISCHARGE,1800,1625,3.141835201088e-31,1.020843835972e-31
200,PHASE_DISCHARGE,1800,1626,2.693201942790e-32,1.115560557582e-32
200,PHASE_DISCHARGE,1800,1627,1.968918798826e-33,1.003214100167e-33
200,PHASE_DISCHARGE,1800,1628,1.243740993530e-34,7.621653827892e-35
200,PHASE_DISCHARGE,1800,1629,6.838187897214e-36,4.968233912998e-36
200,PHASE_DISCHARGE,1800,1630,3.286007339550e-37,2.806515207407e-37
200,PHASE_DISCHARGE,1800,1631,1.383142487473e-38,1.383142404235e-38
200,PHASE_DISCHARGE,1800,1632,5.103425575692e-40,5.975343295493e-40
200,PHASE_DISCHARGE,1800,1633,1.649752125711e-41,2.270688883058e-41
200,PHASE_DISCHARGE,1800,1634,4.663274108441e-43,7.609771343117e-43
200,PHASE_DISCHARGE,1800,1635,1.148207282371e-44,2.253483561538e-44
200,PHASE_DISCHARGE,1800,1636,2.446139684815e-46,5.905503288096e-46
200,PHASE_DISCHARGE,1800,1637,4.455081186404e-48,1.371132920616e-47
200,PHASE_DISCHARGE,1800,1638,6.777332740775e-50,2.822962046370e-49
200,PHASE_DISCHARGE,1800,1639,8.168337268272e-52,5.157284663146e-51
200,PHASE_DISCHARGE,1800,1640,6.582947948036e-54,8.364426870465e-53
200,PHASE_DISCHARGE,1800,1641,1.683776303805e-62,1.204730763622e-54
200,PHASE_DISCHARGE,1800,1642,-2.416414209931e-54,3.070346754017e-53
200,PHASE_DISCHARGE,1800,1643,-2.381037976279e-52,1.503328616280e-51
200,PHASE_DISCHARGE,1800,1644,-1.493593341448e-50,6.221265410425e-50
200,PHASE_DISCHARGE,1800,1645,-6.809519254323e-49,2.095755028703e-48
200,PHASE_DISCHARGE,1800,1646,-2.153275998787e-47,5.198469811500e-47
200,PHASE_DISCHARGE,1800,1647,-2.872164623865e-46,5.636945850737e-46
200,PHASE_DISCHARGE,1800,1648,1.733571874747e-44,-2.828930600591e-44
200,PHASE_DISCHARGE,1800,1649,1.644301077204e-42,-2.263185844254e-42
200,PHASE_DISCHARGE,1800,1650,8.361405587798e-41,-9.789947038599e-41
200,PHASE_DISCHARGE,1800,1651,3.201168557914e-39,-3.201168317159e-39
200,PHASE_DISCHARGE,1800,1652,1.001797505490e-37,-8.556158507324e-38
200,PHASE_DISCHARGE,1800,1653,2.650236330535e-36,-1.925509311178e-36
200,PHASE_DISCHARGE,1800,1654,6.029986767423e-35,-3.695180487605e-35
200,PHASE_DISCHARGE,1800,1655,1.191975797272e-33,-6.073419800028e-34
200,PHASE_DISCHARGE,1800,1656,2.060352652787e-32,-8.534259789287e-33
200,PHASE_DISCHARGE,1800,1657,3.127776616449e-31,-1.016276186538e-31
200,PHASE_DISCHARGE,1800,1658,4.182983279355e-30,-1.004245387800e-30
200,PHASE_DISCHARGE,1800,1659,4.939231754812e-29,-7.822974087395e-30
200,PHASE_DISCHARGE,1800,1660,5.157810249353e-28,-4.059284252396e-29
200,PHASE_DISCHARGE,1800,1661,4.768991464898e-27,3.759876652278e-35
200,PHASE_DISCHARGE,1800,1662,3.907711835111e-26,3.075436196809e-27
200,PHASE_DISCHARGE,1800,1663,2.839346732848e-25,4.497083626656e-26
200,PHASE_DISCHARGE,1800,1664,1.830134211590e-24,4.393763625325e-25
200,PHASE_DISCHARGE,1800,1665,1.046643675593e-23,3.400751518868e-24
200,PHASE_DISCHARGE,1800,1666,5.310894245373e-23,2.199844458908e-23
200,PHASE_DISCHARGE,1800,1667,2.390610172540e-22,1.218076738358e-22
200,PHASE_DISCHARGE,1800,1668,9.542305301255e-22,5.847532274032e-22
200,PHASE_DISCHARGE,1800,1669,3.375447415243e-21,2.452406122522e-21
200,PHASE_DISCHARGE,1800,1670,1.057183596753e-20,9.029200992454e-21
200,PHASE_DISCHARGE,1800,1671,2.927934654816e-20,2.927934680363e-20
200,PHASE_DISCHARGE,1800,1672,7.158209365585e-20,8.381186401605e-20
200,PHASE_DISCHARGE,1800,1673,1.541067418727e-19,2.121097351739e-19
200,PHASE_DISCHARGE,1800,1674,2.911459497012e-19,4.751070135231e-19
200,PHASE_DISCHARGE,1800,1675,4.802470447901e-19,9.425379045993e-19
200,PHASE_DISCHARGE,1800,1676,6.862361031949e-19,1.656720525759e-18
200,PHASE_DISCHARGE,1800,1677,8.384298124240e-19,2.580421665200e-18
200,PHASE_DISCHARGE,1800,1678,8.548922385011e-19,3.560882506194e-18
200,PHASE_DISCHARGE,1800,1679,6.892540888034e-19,4.351779159188e-18
200,PHASE_DISCHARGE,1800,1680,3.704132610434e-19,4.706546975758e-18
200,PHASE_DISCHARGE,1800,1681,-1.877623377261e-26,4.499744443230e-18
200,PHASE_DISCHARGE,1800,1682,-2.988293403195e-19,3.796986568434e-18
200,PHASE_DISCHARGE,1800,1683,-4.468881217023e-19,2.821540471618e-18
200,PHASE_DISCHARGE,1800,1684,-9.804020444925e-8,3.106924910669e-8
200,PHASE_DISCHARGE,1800,1685,-9.479773869921e-8,2.441020436878e-8
200,PHASE_DISCHARGE,1800,1686,-8.211311502623e-8,1.624620838278e-8
200,PHASE_DISCHARGE,1800,1687,-6.369158651530e-8,8.764399941941e-9
200,PHASE_DISCHARGE,1800,1688,-4.422099886299e-8,3.377699128422e-9
200,PHASE_DISCHARGE,1800,1689,-2.747020935645e-8,3.778508262553e-10
200,PHASE_DISCHARGE,1800,1690,-1.526087397465e-8,-7.746308096685e-10
200,PHASE_DISCHARGE,1800,1691,-7.578140331207e-9,-8.921780604656e-10
200,PHASE_DISCHARGE,1800,1692,-3.361818007295e-9,-6.315047260084e-10
200,PHASE_DISCHARGE,1800,1693,-1.331531360745e-9,-3.487995391029e-10
200,PHASE_DISCHARGE,1800,1694,-4.705415239899e-10,-1.605106761015e-10
200,PHASE_DISCHARGE,1800,1695,-1.482423009595e-10,-6.325686393674e-11
200,PHASE_DISCHARGE,1800,1696,-4.159778387677e-11,-2.165314739296e-11
200,PHASE_DISCHARGE,1800,1697,-1.038490237077e-11,-6.490746823303e-12
200,PHASE_DISCHARGE,1800,1698,-2.303341043061e-12,-1.712587914942e-12
200,PHASE_DISCHARGE,1800,1699,-4.530572521429e-13,-3.990864476455e-13
200,PHASE_DISCHARGE,1800,1700,-7.883959434427e-14,-8.232791858067e-14
200,PHASE_DISCHARGE,1800,1701,-1.209740677586e-14,-1.505924185163e-14
200,PHASE_DISCHARGE,1800,1702,-1.628973322888e-15,-2.445334123951e-15
200,PHASE_DISCHARGE,1800,1703,-1.910801915787e-16,-3.527820175050e-16
200,PHASE_DISCHARGE,1800,1704,-1.928881998492e-17,-4.524265039455e-17
200,PHASE_DISCHARGE,1800,1705,-1.638300169638e-18,-5.159545890918e-18
200,PHASE_DISCHARGE,1800,1706,-1.114097734774e-19,-5.233188046714e-19
200,PHASE_DISCHARGE,1800,1707,-5.209995636459e-21,-4.720732513826e-20
200,PHASE_DISCHARGE,1800,1708,-3.016214361816e-23,-3.786735522833e-21
200,PHASE_DISCHARGE,1800,1709,2.601705456987e-23,-2.700099364853e-22
200,PHASE_DISCHARGE,1800,1710,3.504459401456e-24,-1.710452495890e-23
200,PHASE_DISCHARGE,1800,1711,3.081387600438e-25,-9.618482980100e-25
200,PHASE_DISCHARGE,1800,1712,2.140388215623e-26,-4.795923799352e-26
200,PHASE_DISCHARGE,1800,1713,1.243652657536e-27,-2.116996829687e-27
200,PHASE_DISCHARGE,1800,1714,6.197140656714e-29,-8.254382833641e-29
200,PHASE_DISCHARGE,1800,1715,2.683171305575e-30,-2.833868552203e-30
200,PHASE_DISCHARGE,1800,1716,1.017190163302e-31,-8.526016547257e-32
200,PHASE_DISCHARGE,1800,1717,3.392777497183e-33,-2.231329258490e-33
200,PHASE_DISCHARGE,1800,1718,9.988501957310e-35,-5.016639709701e-35
200,PHASE_DISCHARGE,1800,1719,2.601271102108e-36,-9.465008695113e-37
200,PHASE_DISCHARGE,1800,1720,6.001550845083e-38,-1.421954445223e-38
200,PHASE_DISCHARGE,1800,1721,1.227936194212e-39,-1.440206816564e-40
200,PHASE_DISCHARGE,1800,1722,2.229485406290e-41,-3.549251227873e-44
200,PHASE_DISCHARGE,1800,1723,3.593368358619e-43,4.062433115852e-44
200,PHASE_DISCHARGE,1800,1724,5.141660641148e-45,1.179541769380e-45
200,PHASE_DISCHARGE,1800,1725,3.360460088355e-43,2.126475347413e-43
200,PHASE_DISCHARGE,1800,1726,1.958740305566e-41,1.448709532168e-41
200,PHASE_DISCHARGE,1800,1727,1.018190699765e-39,8.703239776959e-40
200,PHASE_DISCHARGE,1800,1728,4.719799910516e-38,4.627077431677e-38
200,PHASE_DISCHARGE,1800,1729,1.950749422182e-36,2.182683976794e-36
200,PHASE_DISCHARGE,1800,1730,7.187390340782e-35,9.153754108588e-35
200,PHASE_DISCHARGE,1800,1731,2.359928040935e-33,3.418386078463e-33
200,PHASE_DISCHARGE,1800,1732,6.902279880184e-32,1.138216179342e-31
200,PHASE_DISCHARGE,1800,1733,1.797134387611e-30,3.382935974472e-30
200,PHASE_DISCHARGE,1800,1734,4.161731529603e-29,8.983613469405e-29
200,PHASE_DISCHARGE,1800,1735,8.560731186968e-28,2.133411303733e-27
200,PHASE_DISCHARGE,1800,1736,1.561213781816e-26,4.534273574594e-26
200,PHASE_DISCHARGE,1800,1737,2.516960188299e-25,8.631081056890e-25
200,PHASE_DISCHARGE,1800,1738,3.571039782286e-24,1.472434883143e-23
200,PHASE_DISCHARGE,1800,1739,4.425956447176e-23,2.252600960459e-22
200,PHASE_DISCHARGE,1800,1740,4.730136088868e-22,3.092052176504e-21
200,PHASE_DISCHARGE,1800,1741,4.249731207105e-21,3.810055234706e-20
200,PHASE_DISCHARGE,1800,1742,3.023647918496e-20,4.216109257867e-19
200,PHASE_DISCHARGE,1800,1743,1.385622504506e-19,4.191075261138e-18
200,PHASE_DISCHARGE,1800,1744,-1.823508362254e-19,3.743414189085e-17
200,PHASE_DISCHARGE,1800,1745,-1.277843900545e-17,3.004628871125e-16
200,PHASE_DISCHARGE,1800,1746,-1.741676000815e-16,2.167205538176e-15
200,PHASE_DISCHARGE,1800,1747,-1.669183333880e-15,1.404607828186e-14
200,PHASE_DISCHARGE,1800,1748,-1.295510938391e-14,8.178427466354e-14
200,PHASE_DISCHARGE,1800,1749,-8.534084929648e-14,4.276762896097e-13
200,PHASE_DISCHARGE,1800,1750,-4.873764031283e-13,2.007807952484e-12
200,PHASE_DISCHARGE,1800,1751,-2.440240345114e-12,8.458346918421e-12
200,PHASE_DISCHARGE,1800,1752,-1.078152929480e-11,3.195707893347e-11
200,PHASE_DISCHARGE,1800,1753,-4.220216634176e-11,1.082178455174e-10
200,PHASE_DISCHARGE,1800,1754,-1.467208044313e-10,3.282346468942e-10
200,PHASE_DISCHARGE,1800,1755,-4.537973051277e-10,8.910422873622e-10
200,PHASE_DISCHARGE,1800,1756,-1.250004739280e-9,2.163133618211e-9
200,PHASE_DISCHARGE,1800,1757,-3.068654028442e-9,4.691850130067e-9
200,PHASE_DISCHARGE,1800,1758,-6.716943895025e-9,9.083147072517e-9
200,PHASE_DISCHARGE,1800,1759,-1.311330625998e-8,1.567652577149e-8
200,PHASE_DISCHARGE,1800,1760,-2.283751213722e-8,2.408700054448e-8
200,PHASE_DISCHARGE,1800,1761,-3.548341524144e-8,3.289289763436e-8
200,PHASE_DISCHARGE,1800,1762,-4.918804688307e-8,3.983663149181e-8
200,PHASE_DISCHARGE,1800,1763,-6.083420896953e-8,4.266846321753e-8
200,PHASE_DISCHARGE,1800,1764,-6.712262397478e-8,4.026228220629e-8
200,PHASE_DISCHARGE,1800,1765,-6.606700983811e-8,3.328253269098e-8
200,PHASE_DISCHARGE,1800,1766,-5.800159229514e-8,2.389242746445e-8
200,PHASE_DISCHARGE,1800,1767,-4.541100335055e-8,1.467423941017e-8
200,PHASE_DISCHARGE,1800,1768,-3.169957348859e-8,7.491177648535e-9
200,PHASE_DISCHARGE,1800,1769,-1.972409157320e-8,2.965921176920e-9
200,PHASE_DISCHARGE,1800,1770,-1.093556980453e-8,7.019005181182e-10
200,PHASE_DISCHARGE,1800,1771,-5.400053685778e-9,-1.266057429285e-10
200,PHASE_DISCHARGE,1800,1772,-2.373722717704e-9,-2.703508508551e-10
200,PHASE_DISCHARGE,1800,1773,-9.281909039582e-10,-1.938041319653e-10
200,PHASE_DISCHARGE,1800,1774,-3.225796273963e-10,-1.000676847660e-10
200,PHASE_DISCHARGE,1800,1775,-9.952511554748e-11,-4.188231380320e-11
200,PHASE_DISCHARGE,1800,1776,-2.721889612096e-11,-1.481570948028e-11
200,PHASE_DISCHARGE,1800,1777,-6.585192934838e-12,-4.517406490569e-12
200,PHASE_DISCHARGE,1800,1778,-1.405409278977e-12,-1.200025451033e-12
200,PHASE_DISCHARGE,1800,1779,-2.635182721998e-13,-2.795289815131e-13
200,PHASE_DISCHARGE,1800,1780,-4.314462435696e-14,-5.733056707428e-14
200,PHASE_DISCHARGE,1800,1781,-6.107244576496e-15,-1.038129588006e-14
200,PHASE_DISCHARGE,1800,1782,-7.343979900898e-16,-1.662705504585e-15
200,PHASE_DISCHARGE,1800,1783,-7.237081688599e-17,-2.358301123547e-16
200,PHASE_DISCHARGE,1800,1784,-5.316916119113e-18,-2.964303560101e-17
200,PHASE_DISCHARGE,1800,1785,-1.830533081114e-19,-3.303242248654e-18
200,PHASE_DISCHARGE,1800,1786,2.231548140289e-20,-3.263324544805e-19
200,PHASE_DISCHARGE,1800,1787,5.585627235988e-21,-2.857222694859e-20
200,PHASE_DISCHARGE,1800,1788,7.307084260012e-22,-2.215609268789e-21
200,PHASE_DISCHARGE,1800,1789,7.236640140402e-23,-1.519896455736e-22
200,PHASE_DISCHARGE,1800,1790,5.901989062880e-24,-9.207798123338e-24
200,PHASE_DISCHARGE,1800,1791,4.097181840777e-25,-4.913616085327e-25
200,PHASE_DISCHARGE,1800,1792,2.461040265847e-26,-2.300763433742e-26
200,PHASE_DISCHARGE,1800,1793,1.291033253779e-27,-9.396444082022e-28
200,PHASE_DISCHARGE,1800,1794,5.948921771682e-29,-3.314362266828e-29
200,PHASE_DISCHARGE,1800,1795,2.416893758464e-30,-9.920088267232e-31
200,PHASE_DISCHARGE,1800,1796,8.679809481885e-32,-2.429367880366e-32
200,PHASE_DISCHARGE,1800,1797,2.760407798051e-33,-4.419197959953e-34
200,PHASE_DISCHARGE,1800,1798,7.783804352659e-35,-3.670585315082e-36
200,PHASE_DISCHARGE,1800,1799,1.947794173442e-36,1.207068344376e-37
200,PHASE_DISCHARGE,1800,1800,4.327869434893e-38,7.351504418776e-39
200,PHASE_DISCHARGE,1800,1801,8.541351731012e-40,2.381998663763e-40
200,PHASE_DISCHARGE,1800,1802,1.497437160720e-41,5.860344954670e-42
200,PHASE_DISCHARGE,1800,1803,2.331844676488e-43,1.188852676622e-43
200,PHASE_DISCHARGE,1800,1804,3.224389819442e-45,2.054699287456e-45
200,PHASE_DISCHARGE,1800,1805,2.120018450866e-43,1.111540121464e-43
200,PHASE_DISCHARGE,1800,1806,1.250774723114e-41,7.290869498404e-42
200,PHASE_DISCHARGE,1800,1807,6.626296690705e-40,4.243999133646e-40
200,PHASE_DISCHARGE,1800,1808,3.154371495497e-38,2.198386558168e-38
200,PHASE_DISCHARGE,1800,1809,1.350153413429e-36,1.015631045625e-36
200,PHASE_DISCHARGE,1800,1810,5.199062263480e-35,4.192669177233e-35
200,PHASE_DISCHARGE,1800,1811,1.801899034303e-33,1.549090331499e-33
200,PHASE_DISCHARGE,1800,1812,5.622422253545e-32,5.129954046483e-32
200,PHASE_DISCHARGE,1800,1813,1.579594218784e-30,1.524539908518e-30
200,PHASE_DISCHARGE,1800,1814,3.995254314557e-29,4.070149638272e-29
200,PHASE_DISCHARGE,1800,1815,9.094262295393e-28,9.770161182330e-28
200,PHASE_DISCHARGE,1800,1816,1.861914478998e-26,2.110070055861e-26
200,PHASE_DISCHARGE,1800,1817,3.425831929299e-25,4.101908862773e-25
200,PHASE_DISCHARGE,1800,1818,5.658943381941e-24,7.179003931016e-24
200,PHASE_DISCHARGE,1800,1819,8.381548524860e-23,1.131186791024e-22
200,PHASE_DISCHARGE,1800,1820,1.111468285742e-21,1.604407454076e-21
200,PHASE_DISCHARGE,1800,1821,1.317400507124e-20,2.047624784313e-20
200,PHASE_DISCHARGE,1800,1822,1.392931297146e-19,2.350324025722e-19
200,PHASE_DISCHARGE,1800,1823,1.310733290723e-18,2.424876394381e-18
200,PHASE_DISCHARGE,1800,1824,1.094507921250e-17,2.247244634961e-17
200,PHASE_DISCHARGE,1800,1825,8.080309720286e-17,1.869429795087e-16
200,PHASE_DISCHARGE,1800,1826,5.247263663948e-16,1.394956736310e-15
200,PHASE_DISCHARGE,1800,1827,2.975028527085e-15,9.330461195463e-15
200,PHASE_DISCHARGE,1800,1828,1.455140488878e-14,5.590394370743e-14
200,PHASE_DISCHARGE,1800,1829,6.009120001840e-14,2.998438536689e-13
200,PHASE_DISCHARGE,1800,1830,2.000539694607e-13,1.438757417635e-12
200,PHASE_DISCHARGE,1800,1831,4.689165396365e-13,6.172394412310e-12
200,PHASE_DISCHARGE,1800,1832,2.565181704356e-13,2.366087827815e-11
200,PHASE_DISCHARGE,1800,1833,-4.600147877555e-12,8.099427071935e-11
200,PHASE_DISCHARGE,1800,1834,-3.155812528337e-11,2.474283131398e-10
200,PHASE_DISCHARGE,1800,1835,-1.362959651664e-10,6.740969734387e-10
200,PHASE_DISCHARGE,1800,1836,-4.611366539932e-10,1.636621497877e-9
200,PHASE_DISCHARGE,1800,1837,-1.300605848185e-9,3.537977403496e-9
200,PHASE_DISCHARGE,1800,1838,-3.140021819767e-9,6.803033558219e-9
200,PHASE_DISCHARGE,1800,1839,-6.578767979775e-9,1.162124763607e-8
200,PHASE_DISCHARGE,1800,1840,-1.205711541115e-8,1.760863938037e-8
200,PHASE_DISCHARGE,1800,1841,-1.942673544203e-8,2.361750912243e-8
200,PHASE_DISCHARGE,1800,1842,-2.760855441272e-8,2.796245933474e-8
200,PHASE_DISCHARGE,1800,1843,-3.468524928089e-8,2.911062509483e-8
200,PHASE_DISCHARGE,1800,1844,-3.858045443632e-8,2.649345856817e-8
200,PHASE_DISCHARGE,1800,1845,-3.803280344684e-8,2.088480435246e-8
200,PHASE_DISCHARGE,1800,1846,-3.325065931378e-8,1.403353147875e-8
200,PHASE_DISCHARGE,1800,1847,-2.578937137392e-8,7.786085404100e-9
200,PHASE_DISCHARGE,1800,1848,-1.774628077866e-8,3.294418826056e-9
200,PHASE_DISCHARGE,1800,1849,-1.083203664646e-8,7.625378958138e-10
200,PHASE_DISCHARGE,1800,1850,-5.861827283181e-9,-2.738679979564e-10
200,PHASE_DISCHARGE,1800,1851,-2.810036539031e-9,-4.748138799705e-10
200,PHASE_DISCHARGE,1800,1852,-1.191776717000e-9,-3.579790028486e-10
200,PHASE_DISCHARGE,1800,1853,-4.463480376793e-10,-1.992211826796e-10
200,PHASE_DISCHARGE,1800,1854,-1.472203165756e-10,-9.049992948087e-11
200,PHASE_DISCHARGE,1800,1855,-4.259114905714e-11,-3.483648181843e-11
200,PHASE_DISCHARGE,1800,1856,-1.074007873416e-11,-1.156897706493e-11
200,PHASE_DISCHARGE,1800,1857,-2.336448242720e-12,-3.347679094298e-12
200,PHASE_DISCHARGE,1800,1858,-4.304169231163e-13,-8.491367409061e-13
200,PHASE_DISCHARGE,1800,1859,-6.458412559486e-14,-1.895129899171e-13
200,PHASE_DISCHARGE,1800,1860,-7.099082073741e-15,-3.730667296423e-14
200,PHASE_DISCHARGE,1800,1861,-3.162189301376e-16,-6.487671494715e-15
200,PHASE_DISCHARGE,1800,1862,8.887389315545e-17,-9.975377258286e-16
200,PHASE_DISCHARGE,1800,1863,3.091143626117e-17,-1.356626000346e-16
200,PHASE_DISCHARGE,1800,1864,6.073055710048e-18,-1.631634136463e-17
200,PHASE_DISCHARGE,1800,1865,9.147822486302e-19,-1.734366913236e-18
200,PHASE_DISCHARGE,1800,1866,1.139606291203e-19,-1.627360771260e-19
200,PHASE_DISCHARGE,1800,1867,1.210748800836e-20,-1.345204592911e-20
200,PHASE_DISCHARGE,1800,1868,1.114169627560e-21,-9.765954017232e-22
200,PHASE_DISCHARGE,1800,1869,8.960229018192e-23,-6.196920733453e-23
200,PHASE_DISCHARGE,1800,1870,6.332600146475e-24,-3.410387270011e-24
200,PHASE_DISCHARGE,1800,1871,3.947771215554e-25,-1.606138326336e-25
200,PHASE_DISCHARGE,1800,1872,2.176445129523e-26,-6.308152895186e-27
200,PHASE_DISCHARGE,1800,1873,1.063092107684e-27,-1.945586170998e-28
200,PHASE_DISCHARGE,1800,1874,4.606899663991e-29,-3.830990982289e-30
200,PHASE_DISCHARGE,1800,1875,1.772955726464e-30,2.152868435594e-32
200,PHASE_DISCHARGE,1800,1876,6.064085597326e-32,6.355723095548e-33
200,PHASE_DISCHARGE,1800,1877,1.844404044175e-33,3.623400593175e-34
200,PHASE_DISCHARGE,1800,1878,4.990594608587e-35,1.439833392691e-35
200,PHASE_DISCHARGE,1800,1879,1.201675365394e-36,4.594291203501e-37
200,PHASE_DISCHARGE,1800,1880,2.575462432566e-38,1.234245192912e-38
200,PHASE_DISCHARGE,1800,1881,4.913837431642e-40,2.853077874996e-40
200,PHASE_DISCHARGE,1800,1882,8.346898763520e-42,5.742532688304e-42
200,PHASE_DISCHARGE,1800,1883,1.262389941494e-43,1.013674288321e-43
200,PHASE_DISCHARGE,1800,1884,1.699974847559e-45,1.576714196196e-45
200,PHASE_DISCHARGE,1800,1885,1.159032861007e-43,2.942732836461e-45
200,PHASE_DISCHARGE,1800,1886,7.133537195331e-42,2.449252646648e-43
200,PHASE_DISCHARGE,1800,1887,3.962557582410e-40,1.761491571364e-41
200,PHASE_DISCHARGE,1800,1888,1.985644735945e-38,1.125533800559e-39
200,PHASE_DISCHARGE,1800,1889,8.969761505251e-37,6.442861282161e-38
200,PHASE_DISCHARGE,1800,1890,3.649534317492e-35,3.304002425195e-36
200,PHASE_DISCHARGE,1800,1891,1.336116620988e-33,1.513496931389e-34
200,PHASE_DISCHARGE,1800,1892,4.396899482536e-32,6.173331454126e-33
200,PHASE_DISCHARGE,1800,1893,1.299210257381e-30,2.236609759672e-31
200,PHASE_DISCHARGE,1800,1894,3.443364393374e-29,7.186685123304e-30
200,PHASE_DISCHARGE,1800,1895,8.177300113633e-28,2.046478197015e-28
200,PHASE_DISCHARGE,1800,1896,1.738317761258e-26,5.163436883322e-27
200,PHASE_DISCHARGE,1800,1897,3.304640748914e-25,1.154493299523e-25
200,PHASE_DISCHARGE,1800,1898,5.612909744437e-24,2.288345908021e-24
200,PHASE_DISCHARGE,1800,1899,8.509688607440e-23,4.022824830274e-23
200,PHASE_DISCHARGE,1800,1900,1.150486938601e-21,6.275329603123e-22
200,PHASE_DISCHARGE,1800,1901,1.385617533161e-20,8.690637149223e-21
200,PHASE_DISCHARGE,1800,1902,1.484903020665e-19,1.068995146187e-19
200,PHASE_DISCHARGE,1800,1903,1.414043234557e-18,1.168388567540e-18
200,PHASE_DISCHARGE,1800,1904,1.194614409982e-17,1.135114899718e-17
200,PHASE_DISCHARGE,1800,1905,8.934954435962e-17,9.805269180219e-17
200,PHASE_DISCHARGE,1800,1906,5.900123250703e-16,7.532577564523e-16
200,PHASE_DISCHARGE,1800,1907,3.426664841040e-15,5.147054732436e-15
200,PHASE_DISCHARGE,1800,1908,1.740541013690e-14,3.128522892733e-14
200,PHASE_DISCHARGE,1800,1909,7.664291351927e-14,1.691549148479e-13
200,PHASE_DISCHARGE,1800,1910,2.881872241721e-13,8.134959887797e-13
200,PHASE_DISCHARGE,1800,1911,8.984495253700e-13,3.479114316339e-12
200,PHASE_DISCHARGE,1800,1912,2.162639699518e-12,1.322787757414e-11
200,PHASE_DISCHARGE,1800,1913,3.057335725446e-12,4.469135493230e-11
200,PHASE_DISCHARGE,1800,1914,-3.856376247298e-12,1.340895747801e-10
200,PHASE_DISCHARGE,1800,1915,-4.643611763193e-11,3.569692648744e-10
200,PHASE_DISCHARGE,1800,1916,-2.005808252418e-10,8.422155998104e-10
200,PHASE_DISCHARGE,1800,1917,-6.267308473292e-10,1.758243120917e-9
200,PHASE_DISCHARGE,1800,1918,-1.587627881533e-9,3.240677220841e-9
200,PHASE_DISCHARGE,1800,1919,-3.395954548297e-9,5.256845883794e-9
200,PHASE_DISCHARGE,1800,1920,-6.251933363210e-9,7.470125768180e-9
200,PHASE_DISCHARGE,1800,1921,-1.000928547726e-8,9.232251366163e-9
200,PHASE_DISCHARGE,1800,1922,-1.402078790518e-8,9.804565663689e-9
200,PHASE_DISCHARGE,1800,1923,-1.724782329446e-8,8.749102610866e-9
200,PHASE_DISCHARGE,1800,1924,-1.867482239439e-8,6.244053001600e-9
200,PHASE_DISCHARGE,1800,1925,-1.781788981946e-8,3.063916192026e-9
200,PHASE_DISCHARGE,1800,1926,-1.498622022073e-8,1.945161162261e-10
200,PHASE_DISCHARGE,1800,1927,-1.110683310078e-8,-1.658458921290e-9
200,PHASE_DISCHARGE,1800,1928,-7.244629734331e-9,-2.336150353997e-9
200,PHASE_DISCHARGE,1800,1929,-4.149354612720e-9,-2.142047377736e-9
200,PHASE_DISCHARGE,1800,1930,-2.078935420546e-9,-1.549034414848e-9
200,PHASE_DISCHARGE,1800,1931,-9.055349984291e-10,-9.356636357814e-10
200,PHASE_DISCHARGE,1800,1932,-3.393049728857e-10,-4.839949608052e-10
200,PHASE_DISCHARGE,1800,1933,-1.072556188483e-10,-2.172136104217e-10
200,PHASE_DISCHARGE,1800,1934,-2.743074793982e-11,-8.522308405438e-11
200,PHASE_DISCHARGE,1800,1935,-5.041264662105e-12,-2.937017495565e-11
200,PHASE_DISCHARGE,1800,1936,-3.077447762826e-13,-8.917921157588e-12
200,PHASE_DISCHARGE,1800,1937,2.283281859629e-13,-2.390533111289e-12
200,PHASE_DISCHARGE,1800,1938,1.263330596656e-13,-5.664303937718e-13
200,PHASE_DISCHARGE,1800,1939,4.179608838114e-14,-1.187202186062e-13
200,PHASE_DISCHARGE,1800,1940,1.071070974736e-14,-2.201580309126e-14
200,PHASE_DISCHARGE,1800,1941,2.277756334870e-15,-3.611563351656e-15
200,PHASE_DISCHARGE,1800,1942,4.136915593318e-16,-5.237587995984e-16
200,PHASE_DISCHARGE,1800,1943,6.512252614371e-17,-6.707172544109e-17
200,PHASE_DISCHARGE,1800,1944,8.961855258174e-18,-7.570438397762e-18
200,PHASE_DISCHARGE,1800,1945,1.084014906932e-18,-7.510329449138e-19
200,PHASE_DISCHARGE,1800,1946,1.156720667612e-19,-6.520680906210e-20
200,PHASE_DISCHARGE,1800,1947,1.091673362995e-20,-4.921368601000e-21
200,PHASE_DISCHARGE,1800,1948,9.129371016680e-22,-3.192371130468e-22
200,PHASE_DISCHARGE,1800,1949,6.774598406594e-23,-1.742913849413e-23
200,PHASE_DISCHARGE,1800,1950,4.465724491811e-24,-7.653107472841e-25
200,PHASE_DISCHARGE,1800,1951,2.617214383273e-25,-2.364746663975e-26
200,PHASE_DISCHARGE,1800,1952,1.364679043596e-26,-1.770220670237e-28
200,PHASE_DISCHARGE,1800,1953,6.334668406002e-28,3.909694600607e-29
200,PHASE_DISCHARGE,1800,1954,2.619079882916e-29,3.521126240982e-30
200,PHASE_DISCHARGE,1800,1955,9.649857881600e-31,1.985256466065e-31
200,PHASE_DISCHARGE,1800,1956,3.169985750897e-32,8.747291845934e-33
200,PHASE_DISCHARGE,1800,1957,9.289468293055e-34,3.207251869701e-34
200,PHASE_DISCHARGE,1800,1958,2.429889916577e-35,1.005137854308e-35
200,PHASE_DISCHARGE,1800,1959,5.677529928945e-37,2.730216117772e-37
200,PHASE_DISCHARGE,1800,1960,1.186024360460e-38,6.480319534166e-39
200,PHASE_DISCHARGE,1800,1961,2.217498641398e-40,1.351118620948e-40
200,PHASE_DISCHARGE,1800,1962,3.715804485661e-42,2.483376020135e-42
200,PHASE_DISCHARGE,1800,1963,5.589487114400e-44,4.034389519342e-44
200,PHASE_DISCHARGE,1800,1964,7.562444647275e-46,5.804788977787e-46
200,PHASE_DISCHARGE,1800,1965,5.530316916486e-44,-4.762399719324e-44
200,PHASE_DISCHARGE,1800,1966,3.632819852040e-42,-2.876033580943e-42
200,PHASE_DISCHARGE,1800,1967,2.139932860536e-40,-1.539176293037e-40
200,PHASE_DISCHARGE,1800,1968,1.128759676506e-38,-7.284170298624e-39
200,PHASE_DISCHARGE,1800,1969,5.325309910516e-37,-3.039922645727e-37
200,PHASE_DISCHARGE,1800,1970,2.245039066900e-35,-1.114477817613e-35
200,PHASE_DISCHARGE,1800,1971,8.451016121505e-34,-3.569164287871e-34
200,PHASE_DISCHARGE,1800,1972,2.838755828050e-32,-9.897155842872e-33
200,PHASE_DISCHARGE,1800,1973,8.504511989181e-31,-2.340446267697e-31
200,PHASE_DISCHARGE,1800,1974,2.271253020498e-29,-4.581244868815e-30
200,PHASE_DISCHARGE,1800,1975,5.404792547021e-28,-6.903187256073e-29
200,PHASE_DISCHARGE,1800,1976,1.145485001873e-26,-6.034952409287e-28
200,PHASE_DISCHARGE,1800,1977,2.161124860830e-25,5.213929747514e-27
200,PHASE_DISCHARGE,1800,1978,3.627466006580e-24,3.758091457315e-25
200,PHASE_DISCHARGE,1800,1979,5.413354287077e-23,1.011564232115e-23
200,PHASE_DISCHARGE,1800,1980,7.176441093816e-22,1.976118678010e-22
200,PHASE_DISCHARGE,1800,1981,8.442628453931e-21,3.132229408096e-21
200,PHASE_DISCHARGE,1800,1982,8.802100863119e-20,4.193210740550e-20
200,PHASE_DISCHARGE,1800,1983,8.118200720388e-19,4.832006236101e-19
200,PHASE_DISCHARGE,1800,1984,6.607581763259e-18,4.842780276563e-18
200,PHASE_DISCHARGE,1800,1985,4.729858861733e-17,4.247411241863e-17
200,PHASE_DISCHARGE,1800,1986,2.962723876585e-16,3.272506586140e-16
200,PHASE_DISCHARGE,1800,1987,1.611277321601e-15,2.220263842882e-15
200,PHASE_DISCHARGE,1800,1988,7.508629246782e-15,1.328351453420e-14
200,PHASE_DISCHARGE,1800,1989,2.924499406989e-14,7.012926814535e-14
200,PHASE_DISCHARGE,1800,1990,8.995767923417e-14,3.267218686957e-13
200,PHASE_DISCHARGE,1800,1991,1.812692476206e-13,1.342415913856e-12
200,PHASE_DISCHARGE,1800,1992,-4.554263818765e-14,4.857867990795e-12
200,PHASE_DISCHARGE,1800,1993,-2.543080499238e-12,1.544756618725e-11
200,PHASE_DISCHARGE,1800,1994,-1.463352475032e-11,4.300649953155e-11
200,PHASE_DISCHARGE,1800,1995,-5.748881727506e-11,1.042084019288e-10
200,PHASE_DISCHARGE,1800,1996,-1.799857239949e-10,2.176058127133e-10
200,PHASE_DISCHARGE,1800,1997,-4.719619700612e-10,3.846256188435e-10
200,PHASE_DISCHARGE,1800,1998,-1.059707644132e-9,5.542942034785e-10
200,PHASE_DISCHARGE,1800,1999,-2.060885773124e-9,5.887812647969e-10
200,PHASE_DISCHARGE,1800,2000,-3.493691259818e-9,2.706500490991e-10
200,PHASE_DISCHARGE,1800,2001,-5.181004260262e-9,-6.091022775866e-10
200,PHASE_DISCHARGE,1800,2002,-6.732336257683e-9,-2.096897469910e-9
200,PHASE_DISCHARGE,1800,2003,-7.666999571895e-9,-3.952285797125e-9
200,PHASE_DISCHARGE,1800,2004,-7.642934388427e-9,-5.675918181405e-9
200,PHASE_DISCHARGE,1800,2005,-6.649598065152e-9,-6.722229721364e-9
200,PHASE_DISCHARGE,1800,2006,-5.022052782612e-9,-6.776924487332e-9
200,PHASE_DISCHARGE,1800,2007,-3.260892921260e-9,-5.908590753147e-9
200,PHASE_DISCHARGE,1800,2008,-1.787863329466e-9,-4.495706692179e-9
200,PHASE_DISCHARGE,1800,2009,-7.966066848945e-10,-3.002013737499e-9
200,PHASE_DISCHARGE,1800,2010,-2.596784015665e-10,-1.765737348812e-9
200,PHASE_DISCHARGE,1800,2011,-3.455156622816e-11,-9.171142219864e-10
200,PHASE_DISCHARGE,1800,2012,2.799926019185e-11,-4.213613278802e-10
200,PHASE_DISCHARGE,1800,2013,2.882078787149e-11,-1.714499215065e-10
200,PHASE_DISCHARGE,1800,2014,1.667137545401e-11,-6.183262511298e-11
200,PHASE_DISCHARGE,1800,2015,7.379111190852e-12,-1.977464358825e-11
200,PHASE_DISCHARGE,1800,2016,2.697357265441e-12,-5.609338600687e-12
200,PHASE_DISCHARGE,1800,2017,8.398528369714e-13,-1.411329421104e-12
200,PHASE_DISCHARGE,1800,2018,2.262504486953e-13,-3.148940252644e-13
200,PHASE_DISCHARGE,1800,2019,5.321200491956e-14,-6.227663864658e-14
200,PHASE_DISCHARGE,1800,2020,1.098804900360e-14,-1.090948157384e-14
200,PHASE_DISCHARGE,1800,2021,1.999688619701e-15,-1.691068187471e-15
200,PHASE_DISCHARGE,1800,2022,3.215736911111e-16,-2.316257556660e-16
200,PHASE_DISCHARGE,1800,2023,4.578294058412e-17,-2.797988504927e-17
200,PHASE_DISCHARGE,1800,2024,5.778948964681e-18,-2.972930642790e-18
200,PHASE_DISCHARGE,1800,2025,6.474219824119e-19,-2.768068185829e-19
200,PHASE_DISCHARGE,1800,2026,6.443020589676e-20,-2.246194137887e-20
200,PHASE_DISCHARGE,1800,2027,5.699746190466e-21,-1.575238825206e-21
200,PHASE_DISCHARGE,1800,2028,4.484775836169e-22,-9.415122522350e-23
200,PHASE_DISCHARGE,1800,2029,3.140337783300e-23,-4.673665374991e-24
200,PHASE_DISCHARGE,1800,2030,1.957894972794e-24,-1.818487738418e-25
200,PHASE_DISCHARGE,1800,2031,1.087485804991e-25,-4.594924675091e-27
200,PHASE_DISCHARGE,1800,2032,5.384720945872e-27,1.374981310198e-29
200,PHASE_DISCHARGE,1800,2033,2.378815421660e-28,9.673368643059e-30
200,PHASE_DISCHARGE,1800,2034,9.385775454319e-30,6.645074830282e-31
200,PHASE_DISCHARGE,1800,2035,3.311959094379e-31,3.022353585605e-32
200,PHASE_DISCHARGE,1800,2036,1.047078691060e-32,1.046594496691e-33
200,PHASE_DISCHARGE,1800,2037,2.972664029739e-34,2.811867331267e-35
200,PHASE_DISCHARGE,1800,2038,7.600077981714e-36,5.546401073713e-37
200,PHASE_DISCHARGE,1800,2039,1.755734790270e-37,5.901433071281e-39
200,PHASE_DISCHARGE,1800,2040,3.678677825720e-39,-8.661336105528e-41
200,PHASE_DISCHARGE,1800,2041,7.017069989812e-41,-6.754856068682e-42
200,PHASE_DISCHARGE,1800,2042,1.222615973597e-42,-2.195851774234e-43
200,PHASE_DISCHARGE,1800,2043,1.950235588323e-44,-5.192623284566e-45
200,PHASE_DISCHARGE,1800,2044,2.850318586940e-46,-9.914292509725e-47
200,PHASE_DISCHARGE,1800,2045,2.274972012626e-44,-4.266890424023e-44
200,PHASE_DISCHARGE,1800,2046,1.590202092831e-42,-2.510063147104e-42
200,PHASE_DISCHARGE,1800,2047,9.773756890166e-41,-1.308671569362e-40
200,PHASE_DISCHARGE,1800,2048,5.296594660569e-39,-6.037490918146e-39
200,PHASE_DISCHARGE,1800,2049,2.535666625912e-37,-2.459404121127e-37
200,PHASE_DISCHARGE,1800,2050,1.073818098232e-35,-8.819779521861e-36
200,PHASE_DISCHARGE,1800,2051,4.026316241901e-34,-2.772528007691e-34
200,PHASE_DISCHARGE,1800,2052,1.337424826176e-32,-7.590314376017e-33
200,PHASE_DISCHARGE,1800,2053,3.936697238712e-31,-1.790720214785e-31
200,PHASE_DISCHARGE,1800,2054,1.026814235470e-29,-3.572658646918e-30
200,PHASE_DISCHARGE,1800,2055,2.372584079455e-28,-5.796190796899e-29
200,PHASE_DISCHARGE,1800,2056,4.853510972871e-27,-6.874582463824e-28
200,PHASE_DISCHARGE,1800,2057,8.781383261363e-26,-3.292286527137e-27
200,PHASE_DISCHARGE,1800,2058,1.403112364832e-24,9.971254597102e-26
200,PHASE_DISCHARGE,1800,2059,1.975563185091e-23,3.710761108114e-24
200,PHASE_DISCHARGE,1800,2060,2.443163733957e-22,7.776254201233e-23
200,PHASE_DISCHARGE,1800,2061,2.640894299616e-21,1.244124159322e-21
200,PHASE_DISCHARGE,1800,2062,2.475807651828e-20,1.637761868004e-20
200,PHASE_DISCHARGE,1800,2063,1.986601326650e-19,1.827208498350e-19
200,PHASE_DISCHARGE,1800,2064,1.330444707686e-18,1.752244496380e-18
200,PHASE_DISCHARGE,1800,2065,7.018857950014e-18,1.454523727487e-17
200,PHASE_DISCHARGE,1800,2066,2.403341064375e-17,1.048236516916e-16
200,PHASE_DISCHARGE,1800,2067,-1.456363368830e-17,6.558489144972e-16
200,PHASE_DISCHARGE,1800,2068,-1.046355364181e-15,3.551788702063e-15
200,PHASE_DISCHARGE,1800,2069,-1.025408734223e-14,1.653172099196e-14
200,PHASE_DISCHARGE,1800,2070,-6.907846243281e-14,6.520178392289e-14
200,PHASE_DISCHARGE,1800,2071,-3.716103285313e-13,2.115072589742e-13
200,PHASE_DISCHARGE,1800,2072,-1.676248025168e-12,5.232511499569e-13
200,PHASE_DISCHARGE,1800,2073,-6.480644532462e-12,7.246118928073e-13
200,PHASE_DISCHARGE,1800,2074,-2.172421081398e-11,-1.288300232945e-12
200,PHASE_DISCHARGE,1800,2075,-6.356117892841e-11,-1.373287525373e-11
200,PHASE_DISCHARGE,1800,2076,-1.629525104136e-10,-5.997180509778e-11
200,PHASE_DISCHARGE,1800,2077,-3.668719630479e-10,-1.917400188101e-10
200,PHASE_DISCHARGE,1800,2078,-7.260880388762e-10,-4.986797974856e-10
200,PHASE_DISCHARGE,1800,2079,-1.263228908600e-9,-1.096867943724e-9
200,PHASE_DISCHARGE,1800,2080,-1.929967152270e-9,-2.078939700572e-9
200,PHASE_DISCHARGE,1800,2081,-2.583602182499e-9,-3.431071204966e-9
200,PHASE_DISCHARGE,1800,2082,-3.018633990479e-9,-4.962636785491e-9
200,PHASE_DISCHARGE,1800,2083,-3.058001514341e-9,-6.317193791925e-9
200,PHASE_DISCHARGE,1800,2084,-2.655351279489e-9,-7.097819748038e-9
200,PHASE_DISCHARGE,1800,2085,-1.933872696357e-9,-7.053564212115e-9
200,PHASE_DISCHARGE,1800,2086,-1.125731661553e-9,-6.209010040995e-9
200,PHASE_DISCHARGE,1800,2087,-4.523322093486e-10,-4.846626030701e-9
200,PHASE_DISCHARGE,1800,2088,-2.865320526926e-11,-3.357421073396e-9
200,PHASE_DISCHARGE,1800,2089,1.538109362595e-10,-2.065237007842e-9
200,PHASE_DISCHARGE,1800,2090,1.770716003447e-10,-1.128506327301e-9
200,PHASE_DISCHARGE,1800,2091,1.314224019140e-10,-5.479216303037e-10
200,PHASE_DISCHARGE,1800,2092,7.668421559409e-11,-2.364134975137e-10
200,PHASE_DISCHARGE,1800,2093,3.730110123782e-11,-9.065284488641e-11
200,PHASE_DISCHARGE,1800,2094,1.551467844470e-11,-3.089057995115e-11
200,PHASE_DISCHARGE,1800,2095,5.591441447546e-12,-9.353147380980e-12
200,PHASE_DISCHARGE,1800,2096,1.759616008149e-12,-2.515989682884e-12
200,PHASE_DISCHARGE,1800,2097,4.858681124362e-13,-6.011808071037e-13
200,PHASE_DISCHARGE,1800,2098,1.180825814739e-13,-1.275809207296e-13
200,PHASE_DISCHARGE,1800,2099,2.531151900385e-14,-2.404556502683e-14
200,PHASE_DISCHARGE,1800,2100,4.791808063938e-15,-4.025623965685e-15
200,PHASE_DISCHARGE,1800,2101,8.018344491880e-16,-5.990160879739e-16
200,PHASE_DISCHARGE,1800,2102,1.186453138192e-16,-7.932584593790e-17
200,PHASE_DISCHARGE,1800,2103,1.552469259235e-17,-9.371816311997e-18
200,PHASE_DISCHARGE,1800,2104,1.795937897861e-18,-9.919539443560e-19
200,PHASE_DISCHARGE,1800,2105,1.835742682791e-19,-9.469314275934e-20
200,PHASE_DISCHARGE,1800,2106,1.656545086203e-20,-8.232053841015e-21
200,PHASE_DISCHARGE,1800,2107,1.318062998673e-21,-6.598146533183e-22
200,PHASE_DISCHARGE,1800,2108,9.232476716720e-23,-4.939470295016e-23
200,PHASE_DISCHARGE,1800,2109,5.681748338448e-24,-3.486981178656e-24
200,PHASE_DISCHARGE,1800,2110,3.064715444411e-25,-2.326507113578e-25
200,PHASE_DISCHARGE,1800,2111,1.445100662901e-26,-1.458023530942e-26
200,PHASE_DISCHARGE,1800,2112,5.942604622954e-28,-8.482164057570e-28
200,PHASE_DISCHARGE,1800,2113,2.129890655189e-29,-4.521120956860e-29
200,PHASE_DISCHARGE,1800,2114,6.686837979347e-31,-2.183228543830e-30
200,PHASE_DISCHARGE,1800,2115,1.875575047279e-32,-9.472826298430e-32
200,PHASE_DISCHARGE,1800,2116,4.940367607088e-34,-3.672971765148e-33
200,PHASE_DISCHARGE,1800,2117,1.329263824523e-35,-1.268431415786e-34
200,PHASE_DISCHARGE,1800,2118,3.895382565161e-37,-3.894098590802e-36
200,PHASE_DISCHARGE,1800,2119,1.206972416219e-38,-1.061721165403e-37
200,PHASE_DISCHARGE,1800,2120,3.626612674533e-40,-2.569710803520e-39
200,PHASE_DISCHARGE,1800,2121,9.895216272275e-42,-5.520315383570e-41
200,PHASE_DISCHARGE,1800,2122,2.379035480731e-43,-1.052561143190e-42
200,PHASE_DISCHARGE,1800,2123,4.992273276735e-45,-1.781363406220e-44
200,PHASE_DISCHARGE,1800,2124,9.135151685541e-47,-2.676023489383e-46
200,PHASE_DISCHARGE,1800,2125,7.689663627735e-45,-1.889680008969e-44
200,PHASE_DISCHARGE,1800,2126,5.475361248029e-43,-1.053326525195e-42
200,PHASE_DISCHARGE,1800,2127,3.353455853097e-41,-5.167997771145e-41
200,PHASE_DISCHARGE,1800,2128,1.782510287945e-39,-2.222838726336e-39
200,PHASE_DISCHARGE,1800,2129,8.263785159398e-38,-8.330516062859e-38
200,PHASE_DISCHARGE,1800,2130,3.349868522479e-36,-2.693830814352e-36
200,PHASE_DISCHARGE,1800,2131,1.188252843837e-34,-7.388577382679e-35
200,PHASE_DISCHARGE,1800,2132,3.685268225540e-33,-1.660543986609e-33
200,PHASE_DISCHARGE,1800,2133,9.967483055240e-32,-2.798841413330e-32
200,PHASE_DISCHARGE,1800,2134,2.339191639916e-30,-2.359735342016e-31
200,PHASE_DISCHARGE,1800,2135,4.720025213794e-29,5.042398600072e-30
200,PHASE_DISCHARGE,1800,2136,8.049886229703e-28,3.033161062339e-28
200,PHASE_DISCHARGE,1800,2137,1.119330672169e-26,8.915139267443e-27
200,PHASE_DISCHARGE,1800,2138,1.152302060345e-25,1.951391825444e-25
200,PHASE_DISCHARGE,1800,2139,5.395707714995e-25,3.475364471468e-24
200,PHASE_DISCHARGE,1800,2140,-1.001323818989e-23,5.202644329097e-23
200,PHASE_DISCHARGE,1800,2141,-3.420563957348e-22,6.638689944637e-22
200,PHASE_DISCHARGE,1800,2142,-6.203917105428e-21,7.257521719156e-21
200,PHASE_DISCHARGE,1800,2143,-8.522642108061e-20,6.790157879047e-20
200,PHASE_DISCHARGE,1800,2144,-9.629262078283e-19,5.394973274390e-19
200,PHASE_DISCHARGE,1800,2145,-9.244376139460e-18,3.572074224168e-18
200,PHASE_DISCHARGE,1800,2146,-7.664325091159e-17,1.883861606298e-17
200,PHASE_DISCHARGE,1800,2147,-5.538324166931e-16,6.882550697737e-17
200,PHASE_DISCHARGE,1800,2148,-3.507927133716e-15,4.887632742350e-17
200,PHASE_DISCHARGE,1800,2149,-1.954712202576e-14,-1.762779198445e-15
200,PHASE_DISCHARGE,1800,2150,-9.605782910643e-14,-1.840141889076e-14
200,PHASE_DISCHARGE,1800,2151,-4.169671136180e-13,-1.221663362543e-13
200,PHASE_DISCHARGE,1800,2152,-1.600425360381e-12,-6.352270061056e-13
200,PHASE_DISCHARGE,1800,2153,-5.434752090849e-12,-2.748879275086e-12
200,PHASE_DISCHARGE,1800,2154,-1.633092257646e-11,-1.016368004132e-11
200,PHASE_DISCHARGE,1800,2155,-4.341539955406e-11,-3.255491062378e-11
200,PHASE_DISCHARGE,1800,2156,-1.020530954115e-10,-9.107498145938e-11
200,PHASE_DISCHARGE,1800,2157,-2.118897978281e-10,-2.236994833850e-10
200,PHASE_DISCHARGE,1800,2158,-3.879716275775e-10,-4.841085910254e-10
200,PHASE_DISCHARGE,1800,2159,-6.249705833020e-10,-9.253441358617e-10
200,PHASE_DISCHARGE,1800,2160,-8.825646110512e-10,-1.565004257039e-9
200,PHASE_DISCHARGE,1800,2161,-1.086696044131e-9,-2.344982561215e-9
200,PHASE_DISCHARGE,1800,2162,-1.156584381489e-9,-3.115906087724e-9
200,PHASE_DISCHARGE,1800,2163,-1.048179450157e-9,-3.674045697020e-9
200,PHASE_DISCHARGE,1800,2164,-7.854698566769e-10,-3.846146566721e-9
200,PHASE_DISCHARGE,1800,2165,-4.533770800608e-10,-3.575704170000e-9
200,PHASE_DISCHARGE,1800,2166,-1.537395728614e-10,-2.952737226553e-9
200,PHASE_DISCHARGE,1800,2167,4.484894648940e-11,-2.165891354189e-9
200,PHASE_DISCHARGE,1800,2168,1.299803645132e-10,-1.411150260178e-9
200,PHASE_DISCHARGE,1800,2169,1.327331844631e-10,-8.165289321294e-10
200,PHASE_DISCHARGE,1800,2170,9.744136023201e-11,-4.195041542099e-10
200,PHASE_DISCHARGE,1800,2171,5.763175958138e-11,-1.913149219284e-10
200,PHASE_DISCHARGE,1800,2172,2.857367782378e-11,-7.742518222900e-11
200,PHASE_DISCHARGE,1800,2173,1.208518538986e-11,-2.779873782937e-11
200,PHASE_DISCHARGE,1800,2174,4.395417093384e-12,-8.853667670112e-12
200,PHASE_DISCHARGE,1800,2175,1.378276198093e-12,-2.501787567950e-12
200,PHASE_DISCHARGE,1800,2176,3.719898670385e-13,-6.276641550564e-13
200,PHASE_DISCHARGE,1800,2177,8.584161198885e-14,-1.400605005940e-13
200,PHASE_DISCHARGE,1800,2178,1.668855601323e-14,-2.789454980849e-14
200,PHASE_DISCHARGE,1800,2179,2.645762022535e-15,-4.988883136284e-15
200,PHASE_DISCHARGE,1800,2180,3.137178673336e-16,-8.091925994907e-16
200,PHASE_DISCHARGE,1800,2181,1.868221536672e-17,-1.207161174935e-16
200,PHASE_DISCHARGE,1800,2182,-2.724754496142e-18,-1.684196576134e-17
200,PHASE_DISCHARGE,1800,2183,-1.156856936961e-18,-2.229921142745e-18
200,PHASE_DISCHARGE,1800,2184,-2.386092245111e-19,-2.819260932046e-19
200,PHASE_DISCHARGE,1800,2185,-3.670646514150e-20,-3.384614133447e-20
200,PHASE_DISCHARGE,1800,2186,-4.612072582821e-21,-3.803521358120e-21
200,PHASE_DISCHARGE,1800,2187,-4.900815225901e-22,-3.934635249427e-22
200,PHASE_DISCHARGE,1800,2188,-4.479235283174e-23,-3.693873233089e-23
200,PHASE_DISCHARGE,1800,2189,-3.554191406105e-24,-3.115618703210e-24
200,PHASE_DISCHARGE,1800,2190,-2.461696271127e-25,-2.346162275418e-25
200,PHASE_DISCHARGE,1800,2191,-1.492980341126e-26,-1.571723102593e-26
200,PHASE_DISCHARGE,1800,2192,-7.941565642648e-28,-9.350033774160e-28
200,PHASE_DISCHARGE,1800,2193,-3.706607289235e-29,-4.935593898380e-29
200,PHASE_DISCHARGE,1800,2194,-1.516917358856e-30,-2.311430292753e-30
200,PHASE_DISCHARGE,1800,2195,-5.432533298536e-32,-9.605006484868e-32
200,PHASE_DISCHARGE,1800,2196,-1.696236742357e-33,-3.542519884896e-33
200,PHASE_DISCHARGE,1800,2197,-4.588006869090e-35,-1.160023417518e-34
200,PHASE_DISCHARGE,1800,2198,-1.062937132967e-36,-3.373637964442e-36
200,PHASE_DISCHARGE,1800,2199,-2.064456127332e-38,-8.716179644257e-38
200,PHASE_DISCHARGE,1800,2200,-3.204910547979e-40,-2.000974280162e-39
200,PHASE_DISCHARGE,1800,2201,-3.441421645921e-42,-4.082288806227e-41
200,PHASE_DISCHARGE,1800,2202,-6.299595837979e-45,-7.401770628268e-43
200,PHASE_DISCHARGE,1800,2203,8.109604059427e-46,-1.192668208995e-44
200,PHASE_DISCHARGE,1800,2204,2.494596532446e-47,-5.143659279343e-47
200,PHASE_DISCHARGE,1800,2205,1.891600665149e-45,-2.556972950026e-45
200,PHASE_DISCHARGE,1800,2206,1.189983509663e-43,-9.755619294302e-44
200,PHASE_DISCHARGE,1800,2207,6.248213573209e-42,-2.138221814468e-42
200,PHASE_DISCHARGE,1800,2208,2.710992448241e-40,4.963855641111e-41
200,PHASE_DISCHARGE,1800,2209,9.381614031727e-39,8.766735879078e-39
200,PHASE_DISCHARGE,1800,2210,2.315172133006e-37,5.927020637863e-37
200,PHASE_DISCHARGE,1800,2211,1.976514407568e-36,2.909362634704e-35
200,PHASE_DISCHARGE,1800,2212,-1.742465581208e-34,1.156726446645e-33
200,PHASE_DISCHARGE,1800,2213,-1.276655389020e-32,3.874186641459e-32
200,PHASE_DISCHARGE,1800,2214,-5.501874601431e-31,1.113156931962e-30
200,PHASE_DISCHARGE,1800,2215,-1.824695026488e-29,2.770036394537e-29
200,PHASE_DISCHARGE,1800,2216,-4.999502422587e-28,6.000240413562e-28
200,PHASE_DISCHARGE,1800,2217,-1.165683394371e-26,1.134039697829e-26
200,PHASE_DISCHARGE,1800,2218,-2.348487020627e-25,1.870685042457e-25
200,PHASE_DISCHARGE,1800,2219,-4.125085414955e-24,2.688888335564e-24
200,PHASE_DISCHARGE,1800,2220,-6.353063920805e-23,3.354165891628e-23
200,PHASE_DISCHARGE,1800,2221,-8.611912593573e-22,3.603049982712e-22
200,PHASE_DISCHARGE,1800,2222,-1.030253765158e-20,3.284701112530e-21
200,PHASE_DISCHARGE,1800,2223,-1.089811866786e-19,2.466453115744e-20
200,PHASE_DISCHARGE,1800,2224,-1.020772804861e-18,1.415466234282e-19
200,PHASE_DISCHARGE,1800,2225,-8.474603292767e-18,4.588596935449e-19
200,PHASE_DISCHARGE,1800,2226,-6.240786079222e-17,-1.789365295580e-18
200,PHASE_DISCHARGE,1800,2227,-4.078548652039e-16,-4.529147942551e-17
200,PHASE_DISCHARGE,1800,2228,-2.366200111844e-15,-4.594441908593e-16
200,PHASE_DISCHARGE,1800,2229,-1.218810015013e-14,-3.403220834929e-15
200,PHASE_DISCHARGE,1800,2230,-5.573780967808e-14,-2.048218115826e-14
200,PHASE_DISCHARGE,1800,2231,-2.262644336776e-13,-1.041549842622e-13
200,PHASE_DISCHARGE,1800,2232,-8.150577790553e-13,-4.559621286118e-13
200,PHASE_DISCHARGE,1800,2233,-2.604012442139e-12,-1.736289551450e-12
200,PHASE_DISCHARGE,1800,2234,-7.373435649963e-12,-5.787439710959e-12
200,PHASE_DISCHARGE,1800,2235,-1.848650391938e-11,-1.695387655048e-11
200,PHASE_DISCHARGE,1800,2236,-4.098789912313e-11,-4.376470907830e-11
200,PHASE_DISCHARGE,1800,2237,-8.023566129218e-11,-9.972802499240e-11
200,PHASE_DISCHARGE,1800,2238,-1.383792504507e-10,-2.008351352638e-10
200,PHASE_DISCHARGE,1800,2239,-2.096802285429e-10,-3.576621820265e-10
200,PHASE_DISCHARGE,1800,2240,-2.781085027697e-10,-5.634096807814e-10
200,PHASE_DISCHARGE,1800,2241,-3.212531605922e-10,-7.849481633757e-10
200,PHASE_DISCHARGE,1800,2242,-3.209214258061e-10,-9.667384132602e-10
200,PHASE_DISCHARGE,1800,2243,-2.744624439749e-10,-1.051560086792e-9
200,PHASE_DISCHARGE,1800,2244,-1.979839395943e-10,-1.008793673188e-9
200,PHASE_DISCHARGE,1800,2245,-1.178047909621e-10,-8.517445874922e-10
200,PHASE_DISCHARGE,1800,2246,-5.606038258427e-11,-6.310129744119e-10
200,PHASE_DISCHARGE,1800,2247,-2.100405009740e-11,-4.083596932662e-10
200,PHASE_DISCHARGE,1800,2248,-7.653140025899e-12,-2.292661638347e-10
200,PHASE_DISCHARGE,1800,2249,-5.536564299605e-12,-1.104259864954e-10
200,PHASE_DISCHARGE,1800,2250,-6.176838412536e-12,-4.472410872015e-11
200,PHASE_DISCHARGE,1800,2251,-5.861902966595e-12,-1.460925990080e-11
200,PHASE_DISCHARGE,1800,2252,-4.373130948151e-12,-3.430459714289e-12
200,PHASE_DISCHARGE,1800,2253,-2.639708825593e-12,-2.879509653918e-13
200,PHASE_DISCHARGE,1800,2254,-1.326021609459e-12,2.246337207527e-13
200,PHASE_DISCHARGE,1800,2255,-5.651442885083e-13,1.560935599526e-13
200,PHASE_DISCHARGE,1800,2256,-2.070086171394e-13,6.246172258822e-14
200,PHASE_DISCHARGE,1800,2257,-6.574606045110e-14,1.881348610875e-14
200,PHASE_DISCHARGE,1800,2258,-1.821790248296e-14,4.530352577160e-15
200,PHASE_DISCHARGE,1800,2259,-4.424050247026e-15,8.803879372778e-16
200,PHASE_DISCHARGE,1800,2260,-9.446470891886e-16,1.343061290586e-16
200,PHASE_DISCHARGE,1800,2261,-1.777958374942e-16,1.437235356973e-17
200,PHASE_DISCHARGE,1800,2262,-2.955208494035e-17,4.814029254845e-19
200,PHASE_DISCHARGE,1800,2263,-4.343937156709e-18,-2.212158330445e-19
200,PHASE_DISCHARGE,1800,2264,-5.652856181910e-19,-6.826056675429e-20
200,PHASE_DISCHARGE,1800,2265,-6.517432838452e-20,-1.260968708320e-20
200,PHASE_DISCHARGE,1800,2266,-6.660994164721e-21,-1.796056325619e-21
200,PHASE_DISCHARGE,1800,2267,-6.036583900110e-22,-2.113015974659e-22
200,PHASE_DISCHARGE,1800,2268,-4.851553632024e-23,-2.113998951593e-23
200,PHASE_DISCHARGE,1800,2269,-3.457542023858e-24,-1.826079616613e-24
200,PHASE_DISCHARGE,1800,2270,-2.184322924905e-25,-1.374154159140e-25
200,PHASE_DISCHARGE,1800,2271,-1.222609816794e-26,-9.060188599417e-27
200,PHASE_DISCHARGE,1800,2272,-6.057735882926e-28,-5.254163477687e-28
200,PHASE_DISCHARGE,1800,2273,-2.653679815415e-29,-2.687268788985e-29
200,PHASE_DISCHARGE,1800,2274,-1.025989377105e-30,-1.214517104977e-30
200,PHASE_DISCHARGE,1800,2275,-3.492319399540e-32,-4.857264544321e-32
200,PHASE_DISCHARGE,1800,2276,-1.042794196758e-33,-1.720734875958e-33
200,PHASE_DISCHARGE,1800,2277,-2.716769649953e-35,-5.403497738858e-35
200,PHASE_DISCHARGE,1800,2278,-6.123063987371e-37,-1.504768476141e-36
200,PHASE_DISCHARGE,1800,2279,-1.176512883581e-38,-3.717039681430e-38
200,PHASE_DISCHARGE,1800,2280,-1.873502999506e-40,-8.144556555624e-40
200,PHASE_DISCHARGE,1800,2281,-2.311974550039e-42,-1.582710173850e-41
200,PHASE_DISCHARGE,1800,2282,-1.728477654246e-44,-2.726621738928e-43
200,PHASE_DISCHARGE,1800,2283,8.015283984882e-47,-4.161549394807e-45
200,PHASE_DISCHARGE,1800,2284,5.800862059721e-48,-5.621818421488e-47
200,PHASE_DISCHARGE,1800,2285,2.058315244386e-46,2.369011435180e-45
200,PHASE_DISCHARGE,1800,2286,-2.050657036225e-45,1.643584918023e-43
200,PHASE_DISCHARGE,1800,2287,-1.068060027970e-42,9.969856921215e-42
200,PHASE_DISCHARGE,1800,2288,-1.062929194451e-40,5.310387704675e-40
200,PHASE_DISCHARGE,1800,2289,-7.321470560197e-39,2.490732959664e-38
200,PHASE_DISCHARGE,1800,2290,-4.025574712415e-37,1.030605839896e-36
200,PHASE_DISCHARGE,1800,2291,-1.853982479809e-35,3.766373811039e-35
200,PHASE_DISCHARGE,1800,2292,-7.313729689481e-34,1.216431236572e-33
200,PHASE_DISCHARGE,1800,2293,-2.501846984055e-32,3.472584352642e-32
200,PHASE_DISCHARGE,1800,2294,-7.476973459497e-31,8.759808609164e-31
200,PHASE_DISCHARGE,1800,2295,-1.961853154322e-29,1.951107203517e-29
200,PHASE_DISCHARGE,1800,2296,-4.534721166935e-28,3.832049683035e-28
200,PHASE_DISCHARGE,1800,2297,-9.256013248602e-27,6.622667021018e-27
200,PHASE_DISCHARGE,1800,2298,-1.671278042983e-25,1.003915526751e-25
200,PHASE_DISCHARGE,1800,2299,-2.672923239512e-24,1.328265521684e-24
200,PHASE_DISCHARGE,1800,2300,-3.790103487670e-23,1.521852045054e-23
200,PHASE_DISCHARGE,1800,2301,-4.768066507978e-22,1.489664043366e-22
200,PHASE_DISCHARGE,1800,2302,-5.324373517248e-21,1.213875310781e-21
200,PHASE_DISCHARGE,1800,2303,-5.279115339720e-20,7.754127794950e-21
200,PHASE_DISCHARGE,1800,2304,-4.648192047486e-19,3.160477275826e-20
200,PHASE_DISCHARGE,1800,2305,-3.634450302374e-18,-3.517284695799e-20
200,PHASE_DISCHARGE,1800,2306,-2.523284762518e-17,-2.196361044634e-18
200,PHASE_DISCHARGE,1800,2307,-1.555057712500e-16,-2.565487755568e-17
200,PHASE_DISCHARGE,1800,2308,-8.503436953004e-16,-2.077752971546e-16
200,PHASE_DISCHARGE,1800,2309,-4.123385935219e-15,-1.344332665813e-15
200,PHASE_DISCHARGE,1800,2310,-1.771690945185e-14,-7.280847129976e-15
200,PHASE_DISCHARGE,1800,2311,-6.738537192239e-14,-3.369977354117e-14
200,PHASE_DISCHARGE,1800,2312,-2.265924933347e-13,-1.347077112138e-13
200,PHASE_DISCHARGE,1800,2313,-6.725969160642e-13,-4.675284248550e-13
200,PHASE_DISCHARGE,1800,2314,-1.759003213048e-12,-1.412032069162e-12
200,PHASE_DISCHARGE,1800,2315,-4.043704762801e-12,-3.710399108355e-12
200,PHASE_DISCHARGE,1800,2316,-8.149225648555e-12,-8.460214341095e-12
200,PHASE_DISCHARGE,1800,2317,-1.435440802841e-11,-1.663931936875e-11
200,PHASE_DISCHARGE,1800,2318,-2.204021967429e-11,-2.790451144492e-11
200,PHASE_DISCHARGE,1800,2319,-2.947619463050e-11,-3.899388141121e-11
200,PHASE_DISCHARGE,1800,2320,-3.452763659739e-11,-4.305085210986e-11
200,PHASE_DISCHARGE,1800,2321,-3.622517344036e-11,-3.159263140825e-11
200,PHASE_DISCHARGE,1800,2322,-3.602499094296e-11,5.666519636340e-13
200,PHASE_DISCHARGE,1800,2323,-3.723259162619e-11,5.007361618485e-11
200,PHASE_DISCHARGE,1800,2324,-4.243537313835e-11,1.039159995788e-10
200,PHASE_DISCHARGE,1800,2325,-5.092886408865e-11,1.447522678896e-10
200,PHASE_DISCHARGE,1800,2326,-5.862123700543e-11,1.598699520379e-10
200,PHASE_DISCHARGE,1800,2327,-6.077763302276e-11,1.475307564291e-10
200,PHASE_DISCHARGE,1800,2328,-5.529413433422e-11,1.164322243349e-10
200,PHASE_DISCHARGE,1800,2329,-4.382883473180e-11,7.954984699038e-11
200,PHASE_DISCHARGE,1800,2330,-3.027544831544e-11,4.738373703628e-11
200,PHASE_DISCHARGE,1800,2331,-1.827199011007e-11,2.470954453416e-11
200,PHASE_DISCHARGE,1800,2332,-9.663737062943e-12,1.130861885770e-11
200,PHASE_DISCHARGE,1800,2333,-4.491300643634e-12,4.547736503708e-12
200,PHASE_DISCHARGE,1800,2334,-1.838649749040e-12,1.607383887525e-12
200,PHASE_DISCHARGE,1800,2335,-6.643276137597e-13,4.989551832745e-13
200,PHASE_DISCHARGE,1800,2336,-2.121885211400e-13,1.357748038883e-13
200,PHASE_DISCHARGE,1800,2337,-5.999073346829e-14,3.228075242988e-14
200,PHASE_DISCHARGE,1800,2338,-1.502877360601e-14,6.667898323333e-15
200,PHASE_DISCHARGE,1800,2339,-3.338874612074e-15,1.185135607407e-15
200,PHASE_DISCHARGE,1800,2340,-6.582543289970e-16,1.780775625371e-16
200,PHASE_DISCHARGE,1800,2341,-1.152164711119e-16,2.180124064188e-17
200,PHASE_DISCHARGE,1800,2342,-1.791062784254e-17,1.969464714190e-18
200,PHASE_DISCHARGE,1800,2343,-2.473282074948e-18,7.859081316669e-20
200,PHASE_DISCHARGE,1800,2344,-3.034171062389e-19,-1.404036853858e-20
200,PHASE_DISCHARGE,1800,2345,-3.306688436327e-20,-4.137859302398e-21
200,PHASE_DISCHARGE,1800,2346,-3.200817834099e-21,-6.587570612557e-22
200,PHASE_DISCHARGE,1800,2347,-2.751127945136e-22,-7.961698970385e-23
200,PHASE_DISCHARGE,1800,2348,-2.098663961879e-23,-7.915702004886e-24
200,PHASE_DISCHARGE,1800,2349,-1.419967014672e-24,-6.683595493769e-25
200,PHASE_DISCHARGE,1800,2350,-8.514150690100e-26,-4.868771220446e-26
200,PHASE_DISCHARGE,1800,2351,-4.518921154598e-27,-3.087080224370e-27
200,PHASE_DISCHARGE,1800,2352,-2.119832727711e-28,-1.712708733207e-28
200,PHASE_DISCHARGE,1800,2353,-8.771381809334e-30,-8.341035842809e-30
200,PHASE_DISCHARGE,1800,2354,-3.192666941768e-31,-3.572491782047e-31
200,PHASE_DISCHARGE,1800,2355,-1.018414005470e-32,-1.346873728323e-32
200,PHASE_DISCHARGE,1800,2356,-2.831638785805e-34,-4.470128178007e-34
200,PHASE_DISCHARGE,1800,2357,-6.807187109806e-36,-1.305068724652e-35
200,PHASE_DISCHARGE,1800,2358,-1.396440412819e-37,-3.346163483471e-37
200,PHASE_DISCHARGE,1800,2359,-2.387901364202e-39,-7.512887191382e-39
200,PHASE_DISCHARGE,1800,2360,-3.239050338328e-41,-1.470130105360e-40
200,PHASE_DISCHARGE,1800,2361,-3.018229996498e-43,-2.487644993009e-42
200,PHASE_DISCHARGE,1800,2362,-5.545736036590e-46,-3.590387124759e-44
200,PHASE_DISCHARGE,1800,2363,4.674243769926e-47,-4.303225761228e-46
200,PHASE_DISCHARGE,1800,2364,1.144617314947e-48,2.665692132922e-47
200,PHASE_DISCHARGE,1800,2365,-6.978009398867e-47,1.868094066044e-45
200,PHASE_DISCHARGE,1800,2366,-1.368742024835e-44,1.161707270429e-43
200,PHASE_DISCHARGE,1800,2367,-1.279590855044e-42,6.412485920306e-42
200,PHASE_DISCHARGE,1800,2368,-8.913292597923e-41,3.142220510149e-40
200,PHASE_DISCHARGE,1800,2369,-5.076553262672e-39,1.366801351989e-38
200,PHASE_DISCHARGE,1800,2370,-2.449640348574e-37,5.276411644207e-37
200,PHASE_DISCHARGE,1800,2371,-1.019056250882e-35,1.807028533927e-35
200,PHASE_DISCHARGE,1800,2372,-3.690688509472e-34,5.486872640440e-34
200,PHASE_DISCHARGE,1800,2373,-1.170674534777e-32,1.475888148988e-32
200,PHASE_DISCHARGE,1800,2374,-3.264916341367e-31,3.512804907284e-31
200,PHASE_DISCHARGE,1800,2375,-8.026783994246e-30,7.386819137667e-30
200,PHASE_DISCHARGE,1800,2376,-1.742614922967e-28,1.369490171236e-28
200,PHASE_DISCHARGE,1800,2377,-3.344616244872e-27,2.232115418580e-27
200,PHASE_DISCHARGE,1800,2378,-5.678985090014e-26,3.185533491112e-26
200,PHASE_DISCHARGE,1800,2379,-8.533029300086e-25,3.957287587405e-25
200,PHASE_DISCHARGE,1800,2380,-1.134543875106e-23,4.240435208183e-24
200,PHASE_DISCHARGE,1800,2381,-1.334292102688e-22,3.860195101389e-23
200,PHASE_DISCHARGE,1800,2382,-1.386917971334e-21,2.900816137114e-22
200,PHASE_DISCHARGE,1800,2383,-1.272557320463e-20,1.684022495414e-21
200,PHASE_DISCHARGE,1800,2384,-1.028779748466e-19,5.980157386004e-21
200,PHASE_DISCHARGE,1800,2385,-7.308108867607e-19,-1.014814770693e-20
200,PHASE_DISCHARGE,1800,2386,-4.543403920091e-18,-3.804222132234e-19
200,PHASE_DISCHARGE,1800,2387,-2.456921768740e-17,-3.702660095435e-18
200,PHASE_DISCHARGE,1800,2388,-1.144314058654e-16,-2.432511714158e-17
200,PHASE_DISCHARGE,1800,2389,-4.511288365090e-16,-1.187805424593e-16
200,PHASE_DISCHARGE,1800,2390,-1.453595349413e-15,-4.143574492809e-16
200,PHASE_DISCHARGE,1800,2391,-3.498273084727e-15,-7.278929149975e-16
200,PHASE_DISCHARGE,1800,2392,-4.144940487410e-15,2.555359623197e-15
200,PHASE_DISCHARGE,1800,2393,1.327824604370e-14,3.119166484235e-14
200,PHASE_DISCHARGE,1800,2394,1.114721138357e-13,1.757530696016e-13
200,PHASE_DISCHARGE,1800,2395,4.614295712784e-13,7.296043341037e-13
200,PHASE_DISCHARGE,1800,2396,1.416539043442e-12,2.458168394208e-12
200,PHASE_DISCHARGE,1800,2397,3.511165487510e-12,6.978737380575e-12
200,PHASE_DISCHARGE,1800,2398,7.230459409965e-12,1.701070091365e-11
200,PHASE_DISCHARGE,1800,2399,1.246332442946e-11,3.598583118790e-11
200,PHASE_DISCHARGE,1800,2400,1.785669578333e-11,6.652049028132e-11
200,PHASE_DISCHARGE,1800,2401,2.068549867064e-11,1.079367782956e-10
200,PHASE_DISCHARGE,1800,2402,1.784855860762e-11,1.542240952699e-10
200,PHASE_DISCHARGE,1800,2403,7.822870379202e-12,1.944875784728e-10
200,PHASE_DISCHARGE,1800,2404,-7.696604163555e-12,2.168233256490e-10
200,PHASE_DISCHARGE,1800,2405,-2.399394022222e-11,2.139513735558e-10
200,PHASE_DISCHARGE,1800,2406,-3.563516896568e-11,1.870201025986e-10
200,PHASE_DISCHARGE,1800,2407,-3.935779929733e-11,1.449013480372e-10
200,PHASE_DISCHARGE,1800,2408,-3.548380594271e-11,9.954266346705e-11
200,PHASE_DISCHARGE,1800,2409,-2.706915532970e-11,6.063794098225e-11
200,PHASE_DISCHARGE,1800,2410,-1.778573593926e-11,3.275136071405e-11
200,PHASE_DISCHARGE,1800,2411,-1.016732890122e-11,1.567891146295e-11
200,PHASE_DISCHARGE,1800,2412,-5.088743989516e-12,6.648806117909e-12
200,PHASE_DISCHARGE,1800,2413,-2.239185961877e-12,2.495263803467e-12
200,PHASE_DISCHARGE,1800,2414,-8.687428197681e-13,8.276830551253e-13
200,PHASE_DISCHARGE,1800,2415,-2.977790252190e-13,2.422032340530e-13
200,PHASE_DISCHARGE,1800,2416,-9.030814845172e-14,6.236177656918e-14
200,PHASE_DISCHARGE,1800,2417,-2.425683185258e-14,1.407401789108e-14
200,PHASE_DISCHARGE,1800,2418,-5.774552879159e-15,2.768075405309e-15
200,PHASE_DISCHARGE,1800,2419,-1.218897519716e-15,4.701273395086e-16
200,PHASE_DISCHARGE,1800,2420,-2.281747918923e-16,6.786322669635e-17
200,PHASE_DISCHARGE,1800,2421,-3.788031206901e-17,8.069383358144e-18
200,PHASE_DISCHARGE,1800,2422,-5.575776812610e-18,7.317512470459e-19
200,PHASE_DISCHARGE,1800,2423,-7.273503670593e-19,3.703177217989e-20
200,PHASE_DISCHARGE,1800,2424,-8.402607886050e-20,-2.439874521300e-21
200,PHASE_DISCHARGE,1800,2425,-8.587411548192e-21,-9.420924581287e-22
200,PHASE_DISCHARGE,1800,2426,-7.752697649662e-22,-1.490560555514e-22
200,PHASE_DISCHARGE,1800,2427,-6.170268404991e-23,-1.715615802859e-23
200,PHASE_DISCHARGE,1800,2428,-4.316983461169e-24,-1.591623386421e-24
200,PHASE_DISCHARGE,1800,2429,-2.644287625537e-25,-1.233157779622e-25
200,PHASE_DISCHARGE,1800,2430,-1.409429160866e-26,-8.091602640657e-27
200,PHASE_DISCHARGE,1800,2431,-6.474427659514e-28,-4.511665000246e-28
200,PHASE_DISCHARGE,1800,2432,-2.521047304420e-29,-2.126388669182e-29
200,PHASE_DISCHARGE,1800,2433,-8.054341445891e-31,-8.327026308335e-31
200,PHASE_DISCHARGE,1800,2434,-1.948178284963e-32,-2.594137919869e-32
200,PHASE_DISCHARGE,1800,2435,-2.557245590231e-34,-5.615409978623e-34
200,PHASE_DISCHARGE,1800,2436,5.125654118822e-36,-2.643059858706e-36
200,PHASE_DISCHARGE,1800,2437,4.922901176688e-37,4.751485262523e-37
200,PHASE_DISCHARGE,1800,2438,2.017403835404e-38,2.938506332001e-38
200,PHASE_DISCHARGE,1800,2439,5.959289047113e-40,1.144625858172e-39
200,PHASE_DISCHARGE,1800,2440,1.389424638529e-41,3.481752792859e-41
200,PHASE_DISCHARGE,1800,2441,2.607272410557e-43,8.798956044476e-43
200,PHASE_DISCHARGE,1800,2442,3.862907849763e-45,1.897356685716e-44
200,PHASE_DISCHARGE,1800,2443,4.130515757410e-47,3.540075339398e-46
200,PHASE_DISCHARGE,1800,2444,1.904860404689e-49,5.762108771589e-48
200,PHASE_DISCHARGE,1800,2445,-4.033039987992e-47,6.754239184824e-46
200,PHASE_DISCHARGE,1800,2446,-5.507725919244e-45,3.970416701265e-44
200,PHASE_DISCHARGE,1800,2447,-4.542873122042e-43,2.071236373038e-42
200,PHASE_DISCHARGE,1800,2448,-2.899884848063e-41,9.583166753287e-41
200,PHASE_DISCHARGE,1800,2449,-1.531368815932e-39,3.929511212971e-39
200,PHASE_DISCHARGE,1800,2450,-6.876171143799e-38,1.426515746749e-37
200,PHASE_DISCHARGE,1800,2451,-2.661167412557e-36,4.578776801616e-36
200,PHASE_DISCHARGE,1800,2452,-8.941166952981e-35,1.297220010582e-34
200,PHASE_DISCHARGE,1800,2453,-2.617764507528e-33,3.236686130753e-33
200,PHASE_DISCHARGE,1800,2454,-6.687825807152e-32,7.091459004536e-32
200,PHASE_DISCHARGE,1800,2455,-1.490096835587e-30,1.358984295384e-30
200,PHASE_DISCHARGE,1800,2456,-2.887798624754e-29,2.265748064724e-29
200,PHASE_DISCHARGE,1800,2457,-4.841144355802e-28,3.261925491589e-28
200,PHASE_DISCHARGE,1800,2458,-6.948458488630e-27,4.011642032878e-27
200,PHASE_DISCHARGE,1800,2459,-8.370524261878e-26,4.148110363590e-26
200,PHASE_DISCHARGE,1800,2460,-8.100825382102e-25,3.522532517817e-25
200,PHASE_DISCHARGE,1800,2461,-5.540990610496e-24,2.383518452670e-24
200,PHASE_DISCHARGE,1800,2462,-1.035130215002e-23,1.290577593878e-23
200,PHASE_DISCHARGE,1800,2463,4.098883261008e-22,7.669937955324e-23
200,PHASE_DISCHARGE,1800,2464,8.185530637273e-21,9.526124770900e-22
200,PHASE_DISCHARGE,1800,2465,1.006830990542e-19,1.545284407884e-20
200,PHASE_DISCHARGE,1800,2466,9.628509364287e-19,2.062934945263e-19
200,PHASE_DISCHARGE,1800,2467,7.636851235979e-18,2.180937871619e-18
200,PHASE_DISCHARGE,1800,2468,5.162152238439e-17,1.880277469826e-17
200,PHASE_DISCHARGE,1800,2469,3.015336208445e-16,1.356258446924e-16
200,PHASE_DISCHARGE,1800,2470,1.534079790785e-15,8.329459340872e-16
200,PHASE_DISCHARGE,1800,2471,6.829811393355e-15,4.407399148219e-15
200,PHASE_DISCHARGE,1800,2472,2.668293980101e-14,2.025755690419e-14
200,PHASE_DISCHARGE,1800,2473,9.161758167138e-14,8.134882494033e-14
200,PHASE_DISCHARGE,1800,2474,2.766078667981e-13,2.866240920009e-13
200,PHASE_DISCHARGE,1800,2475,7.340289782989e-13,8.888750993791e-13
200,PHASE_DISCHARGE,1800,2476,1.709683498492e-12,2.432056881313e-12
200,PHASE_DISCHARGE,1800,2477,3.485883306689e-12,5.881779910814e-12
200,PHASE_DISCHARGE,1800,2478,6.193540111228e-12,1.259106065555e-11
200,PHASE_DISCHARGE,1800,2479,9.516787817893e-12,2.388425547519e-11
200,PHASE_DISCHARGE,1800,2480,1.247800190125e-11,4.018131346950e-11
200,PHASE_DISCHARGE,1800,2481,1.360020843676e-11,5.998973229432e-11
200,PHASE_DISCHARGE,1800,2482,1.158762204360e-11,7.951916045346e-11
200,PHASE_DISCHARGE,1800,2483,6.224599494454e-12,9.361478016749e-11
200,PHASE_DISCHARGE,1800,2484,-1.172959559824e-12,9.789729475482e-11
200,PHASE_DISCHARGE,1800,2485,-8.245464337960e-12,9.094311628024e-11
200,PHASE_DISCHARGE,1800,2486,-1.279797567412e-11,7.504211354141e-11
200,PHASE_DISCHARGE,1800,2487,-1.389370211419e-11,5.498972605538e-11
200,PHASE_DISCHARGE,1800,2488,-1.209733978776e-11,3.577187200094e-11
200,PHASE_DISCHARGE,1800,2489,-8.846464093004e-12,2.064698765263e-11
200,PHASE_DISCHARGE,1800,2490,-5.548816929153e-12,1.056609273437e-11
200,PHASE_DISCHARGE,1800,2491,-3.018994105501e-12,4.789615976292e-12
200,PHASE_DISCHARGE,1800,2492,-1.434151603369e-12,1.920758199045e-12
200,PHASE_DISCHARGE,1800,2493,-5.971928230423e-13,6.803298159739e-13
200,PHASE_DISCHARGE,1800,2494,-2.184941690864e-13,2.123748122102e-13
200,PHASE_DISCHARGE,1800,2495,-7.032396904313e-14,5.825946909930e-14
200,PHASE_DISCHARGE,1800,2496,-1.991813591222e-14,1.398903458124e-14
200,PHASE_DISCHARGE,1800,2497,-4.961993185657e-15,2.923677218061e-15
200,PHASE_DISCHARGE,1800,2498,-1.085692536303e-15,5.274568272624e-16
200,PHASE_DISCHARGE,1800,2499,-2.080993228575e-16,8.107535432830e-17
200,PHASE_DISCHARGE,1800,2500,-3.479134012030e-17,1.038165740293e-17
200,PHASE_DISCHARGE,1800,2501,-5.037399429987e-18,1.059009967974e-18
200,PHASE_DISCHARGE,1800,2502,-6.238873370300e-19,7.665668704632e-20
200,PHASE_DISCHARGE,1800,2503,-6.455654400482e-20,2.128663126097e-21
200,PHASE_DISCHARGE,1800,2504,-5.291434141581e-21,-3.555534641316e-22
200,PHASE_DISCHARGE,1800,2505,-2.896740272665e-22,-6.150989704261e-23
200,PHASE_DISCHARGE,1800,2506,8.582560458714e-26,-3.796748271168e-24
200,PHASE_DISCHARGE,1800,2507,2.481590410363e-24,2.566919962771e-25
200,PHASE_DISCHARGE,1800,2508,3.847162498996e-25,9.771409718635e-26
200,PHASE_DISCHARGE,1800,2509,3.988860154199e-26,1.453597689193e-26
200,PHASE_DISCHARGE,1800,2510,3.274432946649e-27,1.537550064326e-27
200,PHASE_DISCHARGE,1800,2511,2.242968926594e-28,1.296441881521e-28
200,PHASE_DISCHARGE,1800,2512,1.311825816402e-29,9.109145649554e-30
200,PHASE_DISCHARGE,1800,2513,6.627814547020e-31,5.453926535676e-31
200,PHASE_DISCHARGE,1800,2514,2.910988255946e-32,2.818957501854e-32
200,PHASE_DISCHARGE,1800,2515,1.115004680665e-33,1.268241830562e-33
200,PHASE_DISCHARGE,1800,2516,3.728506433449e-35,4.994306278367e-35
200,PHASE_DISCHARGE,1800,2517,1.087567729670e-36,1.728307709133e-36
200,PHASE_DISCHARGE,1800,2518,2.759121071439e-38,5.270948644996e-38
200,PHASE_DISCHARGE,1800,2519,6.052348196863e-40,1.419741624946e-39
200,PHASE_DISCHARGE,1800,2520,1.135443263519e-41,3.382878584224e-41
200,PHASE_DISCHARGE,1800,2521,1.783380355200e-43,7.139293557092e-43
200,PHASE_DISCHARGE,1800,2522,2.235611959022e-45,1.335738284140e-44
200,PHASE_DISCHARGE,1800,2523,1.932567680546e-47,2.217109499941e-46
200,PHASE_DISCHARGE,1800,2524,2.652909903014e-50,1.904821239645e-48
200,PHASE_DISCHARGE,1800,2525,-7.250391495158e-48,1.147712562851e-46
200,PHASE_DISCHARGE,1800,2526,-8.498712426491e-46,6.049321370129e-45
200,PHASE_DISCHARGE,1800,2527,-6.058594152114e-44,2.771171325081e-43
200,PHASE_DISCHARGE,1800,2528,-3.252168064346e-42,1.091754828842e-41
200,PHASE_DISCHARGE,1800,2529,-1.371062585320e-40,3.630112416403e-40
200,PHASE_DISCHARGE,1800,2530,-4.453635823101e-39,9.798424677426e-39
200,PHASE_DISCHARGE,1800,2531,-9.863949378146e-38,1.933316664423e-37
200,PHASE_DISCHARGE,1800,2532,-4.837418693879e-37,1.576201997727e-36
200,PHASE_DISCHARGE,1800,2533,8.272902638978e-35,-7.344030228747e-35
200,PHASE_DISCHARGE,1800,2534,5.084814674599e-33,-4.535376179979e-33
200,PHASE_DISCHARGE,1800,2535,1.952784794207e-31,-1.550601513562e-31
200,PHASE_DISCHARGE,1800,2536,5.829604427507e-30,-4.008303747501e-30
200,PHASE_DISCHARGE,1800,2537,1.441128844461e-28,-8.432077431012e-29
200,PHASE_DISCHARGE,1800,2538,3.032464457278e-27,-1.481559315186e-27
200,PHASE_DISCHARGE,1800,2539,5.511221141065e-26,-2.191190757618e-26
200,PHASE_DISCHARGE,1800,2540,8.726345439403e-25,-2.715814187376e-25
200,PHASE_DISCHARGE,1800,2541,1.210541208816e-23,-2.765168538388e-24
200,PHASE_DISCHARGE,1800,2542,1.476858430702e-22,-2.188547314612e-23
200,PHASE_DISCHARGE,1800,2543,1.588801332034e-21,-1.105133250284e-22
200,PHASE_DISCHARGE,1800,2544,1.510091551964e-20,1.267249232009e-22
200,PHASE_DISCHARGE,1800,2545,1.269812691289e-19,1.099289706911e-20
200,PHASE_DISCHARGE,1800,2546,9.455962600336e-19,1.568907877560e-19
200,PHASE_DISCHARGE,1800,2547,6.240114972080e-18,1.544026508358e-18
200,PHASE_DISCHARGE,1800,2548,3.650714601295e-17,1.212944671912e-17
200,PHASE_DISCHARGE,1800,2549,1.893818857111e-16,7.985509860684e-17
200,PHASE_DISCHARGE,1800,2550,8.710735610547e-16,4.505636884178e-16
200,PHASE_DISCHARGE,1800,2551,3.551475786844e-15,2.205416803701e-15
200,PHASE_DISCHARGE,1800,2552,1.282842274658e-14,9.434174353991e-15
200,PHASE_DISCHARGE,1800,2553,4.101964615031e-14,3.543798503176e-14
200,PHASE_DISCHARGE,1800,2554,1.159702001389e-13,1.172721784853e-13
200,PHASE_DISCHARGE,1800,2555,2.894022178881e-13,3.426640927840e-13
200,PHASE_DISCHARGE,1800,2556,6.359424225672e-13,8.855054517845e-13
200,PHASE_DISCHARGE,1800,2557,1.226300667043e-12,2.026097414413e-12
200,PHASE_DISCHARGE,1800,2558,2.064495940877e-12,4.107894108645e-12
200,PHASE_DISCHARGE,1800,2559,3.010167875420e-12,7.383942542300e-12
200,PHASE_DISCHARGE,1800,2560,3.750311285640e-12,1.177018387342e-11
200,PHASE_DISCHARGE,1800,2561,3.892074354741e-12,1.663890492892e-11
200,PHASE_DISCHARGE,1800,2562,3.174859336970e-12,2.085646951104e-11
200,PHASE_DISCHARGE,1800,2563,1.678168820756e-12,2.317193785437e-11
200,PHASE_DISCHARGE,1800,2564,-1.489623947164e-13,2.280402449317e-11
200,PHASE_DISCHARGE,1800,2565,-1.700880946144e-12,1.986004567018e-11
200,PHASE_DISCHARGE,1800,2566,-2.536418056198e-12,1.528607683785e-11
200,PHASE_DISCHARGE,1800,2567,-2.579089454583e-12,1.037926806380e-11
200,PHASE_DISCHARGE,1800,2568,-2.074646202793e-12,6.201424897810e-12
200,PHASE_DISCHARGE,1800,2569,-1.382589929984e-12,3.248713742845e-12
200,PHASE_DISCHARGE,1800,2570,-7.770074604044e-13,1.484379945379e-12
200,PHASE_DISCHARGE,1800,2571,-3.700692255619e-13,5.867901842219e-13
200,PHASE_DISCHARGE,1800,2572,-1.486885623805e-13,1.980235064255e-13
200,PHASE_DISCHARGE,1800,2573,-4.954135109218e-14,5.565610284790e-14
200,PHASE_DISCHARGE,1800,2574,-1.309310899763e-14,1.233394950226e-14
200,PHASE_DISCHARGE,1800,2575,-2.383976587212e-15,1.812970735494e-15
200,PHASE_DISCHARGE,1800,2576,-7.838274783262e-17,-2.609367446671e-18
200,PHASE_DISCHARGE,1800,2577,1.554888631070e-16,-1.097010479668e-16
200,PHASE_DISCHARGE,1800,2578,8.029530150390e-17,-4.407479881574e-17
200,PHASE_DISCHARGE,1800,2579,2.645680760812e-17,-1.158679585523e-17
200,PHASE_DISCHARGE,1800,2580,6.826240247548e-18,-2.330848997454e-18
200,PHASE_DISCHARGE,1800,2581,1.464696500334e-18,-3.699916156216e-19
200,PHASE_DISCHARGE,1800,2582,2.682745460603e-19,-4.518805804655e-20
200,PHASE_DISCHARGE,1800,2583,4.252455755631e-20,-3.705304682755e-21
200,PHASE_DISCHARGE,1800,2584,5.880867806515e-21,-4.308293043489e-23
200,PHASE_DISCHARGE,1800,2585,7.131983537265e-22,5.145020059533e-23
200,PHASE_DISCHARGE,1800,2586,7.610678461120e-23,1.159460291884e-23
200,PHASE_DISCHARGE,1800,2587,7.162815325680e-24,1.678842727080e-24
200,PHASE_DISCHARGE,1800,2588,5.954876001928e-25,1.902102761881e-25
200,PHASE_DISCHARGE,1800,2589,4.377604519077e-26,1.789476376562e-26
200,PHASE_DISCHARGE,1800,2590,2.847320279070e-27,1.435149536275e-27
200,PHASE_DISCHARGE,1800,2591,1.638983563040e-28,9.950682309293e-29
200,PHASE_DISCHARGE,1800,2592,8.348421975250e-30,6.015329192756e-30
200,PHASE_DISCHARGE,1800,2593,3.761173826217e-31,3.187820609783e-31
200,PHASE_DISCHARGE,1800,2594,1.497447380425e-32,1.486556937559e-32
200,PHASE_DISCHARGE,1800,2595,5.261221924505e-34,6.116111433980e-34
200,PHASE_DISCHARGE,1800,2596,1.627892412054e-35,2.224402811075e-35
200,PHASE_DISCHARGE,1800,2597,4.422099640037e-37,7.161644923274e-37
200,PHASE_DISCHARGE,1800,2598,1.049712117542e-38,2.043281782849e-38
200,PHASE_DISCHARGE,1800,2599,2.161546541647e-40,5.169995113918e-40
200,PHASE_DISCHARGE,1800,2600,3.813740695240e-42,1.160723194527e-41
200,PHASE_DISCHARGE,1800,2601,5.633957623122e-44,2.313076341388e-43
200,PHASE_DISCHARGE,1800,2602,6.620574788424e-46,4.092094388365e-45
200,PHASE_DISCHARGE,1800,2603,5.275396842399e-48,6.426842487040e-47
200,PHASE_DISCHARGE,1800,2604,3.065393260177e-51,8.959404853796e-49
200,PHASE_DISCHARGE,1800,2605,1.193776245334e-48,-1.255787168600e-47
200,PHASE_DISCHARGE,1800,2606,1.763695984235e-46,-1.034959623711e-45
200,PHASE_DISCHARGE,1800,2607,1.756611352403e-44,-7.032777876437e-44
200,PHASE_DISCHARGE,1800,2608,1.353465295170e-42,-4.061573109027e-42
200,PHASE_DISCHARGE,1800,2609,8.534964973394e-41,-2.023978709946e-40
200,PHASE_DISCHARGE,1800,2610,4.533532936789e-39,-8.777090165797e-39
200,PHASE_DISCHARGE,1800,2611,2.062578439378e-37,-3.329044738746e-37
200,PHASE_DISCHARGE,1800,2612,8.122897025333e-36,-1.107701158587e-35
200,PHASE_DISCHARGE,1800,2613,2.788802400727e-34,-3.238780719038e-34
200,PHASE_DISCHARGE,1800,2614,8.388635213160e-33,-8.326652219987e-33
200,PHASE_DISCHARGE,1800,2615,2.218699403263e-31,-1.881754698308e-31
200,PHASE_DISCHARGE,1800,2616,5.173733915874e-30,-3.733435369232e-30
200,PHASE_DISCHARGE,1800,2617,1.065834647037e-28,-6.486735874068e-29
200,PHASE_DISCHARGE,1800,2618,1.942811601612e-27,-9.828105253972e-28
200,PHASE_DISCHARGE,1800,2619,3.137226634837e-26,-1.289268395885e-26
200,PHASE_DISCHARGE,1800,2620,4.491936497445e-25,-1.446225807846e-25
200,PHASE_DISCHARGE,1800,2621,5.706828831844e-24,-1.354438659781e-24
200,PHASE_DISCHARGE,1800,2622,6.436504208694e-23,-1.002780786720e-23
200,PHASE_DISCHARGE,1800,2623,6.446892462584e-22,-4.913438576515e-23
200,PHASE_DISCHARGE,1800,2624,5.735683894234e-21,1.395544224431e-23
200,PHASE_DISCHARGE,1800,2625,4.533001684632e-20,3.677325611668e-21
200,PHASE_DISCHARGE,1800,2626,3.182200367436e-19,5.118173371705e-20
200,PHASE_DISCHARGE,1800,2627,1.983935585560e-18,4.813197229634e-19
200,PHASE_DISCHARGE,1800,2628,1.098099757672e-17,3.597122717115e-18
200,PHASE_DISCHARGE,1800,2629,5.393331545779e-17,2.249337660725e-17
200,PHASE_DISCHARGE,1800,2630,2.348985741811e-16,1.204171904396e-16
200,PHASE_DISCHARGE,1800,2631,9.064040328320e-16,5.585925212147e-16
200,PHASE_DISCHARGE,1800,2632,3.095074425319e-15,2.260992410866e-15
200,PHASE_DISCHARGE,1800,2633,9.338178680695e-15,8.019076666075e-15
200,PHASE_DISCHARGE,1800,2634,2.484400206055e-14,2.498394515422e-14
200,PHASE_DISCHARGE,1800,2635,5.812853003242e-14,6.846910485258e-14
200,PHASE_DISCHARGE,1800,2636,1.191777560615e-13,1.651257513763e-13
200,PHASE_DISCHARGE,1800,2637,2.130365440355e-13,3.503069806816e-13
200,PHASE_DISCHARGE,1800,2638,3.296171519371e-13,6.528807540065e-13
200,PHASE_DISCHARGE,1800,2639,4.365792649808e-13,1.066392988364e-12
200,PHASE_DISCHARGE,1800,2640,4.861462648364e-13,1.520345941620e-12
200,PHASE_DISCHARGE,1800,2641,4.403607822765e-13,1.879380482720e-12
200,PHASE_DISCHARGE,1800,2642,3.018715491148e-13,1.991448993059e-12
200,PHASE_DISCHARGE,1800,2643,1.240442629066e-13,1.770533253146e-12
200,PHASE_DISCHARGE,1800,2644,-1.562529394468e-14,1.260105890895e-12
200,PHASE_DISCHARGE,1800,2645,-6.350973181113e-14,6.236740983843e-13
200,PHASE_DISCHARGE,1800,2646,-2.165996513883e-14,6.074099527902e-14
200,PHASE_DISCHARGE,1800,2647,6.138693991108e-14,-2.935358266453e-13
200,PHASE_DISCHARGE,1800,2648,1.292586432726e-13,-4.168962334557e-13
200,PHASE_DISCHARGE,1800,2649,1.519796539829e-13,-3.761491505013e-13
200,PHASE_DISCHARGE,1800,2650,1.331082940153e-13,-2.654345103187e-13
200,PHASE_DISCHARGE,1800,2651,9.423617148990e-14,-1.555434361122e-13
200,PHASE_DISCHARGE,1800,2652,5.590885771243e-14,-7.763374672092e-14
200,PHASE_DISCHARGE,1800,2653,2.834130859156e-14,-3.342446168880e-14
200,PHASE_DISCHARGE,1800,2654,1.242016729930e-14,-1.249786814481e-14
200,PHASE_DISCHARGE,1800,2655,4.741591065245e-15,-4.072483573975e-15
200,PHASE_DISCHARGE,1800,2656,1.585237728443e-15,-1.157808478573e-15
200,PHASE_DISCHARGE,1800,2657,4.658777914640e-16,-2.869550437066e-16
200,PHASE_DISCHARGE,1800,2658,1.206864453726e-16,-6.181330534007e-17
200,PHASE_DISCHARGE,1800,2659,2.761565322930e-17,-1.150226998426e-17
200,PHASE_DISCHARGE,1800,2660,5.590455037880e-18,-1.827831571205e-18
200,PHASE_DISCHARGE,1800,2661,1.002435493933e-18,-2.425093717843e-19
200,PHASE_DISCHARGE,1800,2662,1.593602166688e-19,-2.551087907323e-20
200,PHASE_DISCHARGE,1800,2663,2.247571890011e-20,-1.804769207724e-21
200,PHASE_DISCHARGE,1800,2664,2.813647448146e-21,-4.302055589848e-24
200,PHASE_DISCHARGE,1800,2665,3.127431711662e-22,2.414728216200e-23
200,PHASE_DISCHARGE,1800,2666,3.087039021226e-23,4.843730060434e-24
200,PHASE_DISCHARGE,1800,2667,2.706103319631e-24,6.456343008213e-25
200,PHASE_DISCHARGE,1800,2668,2.106417340054e-25,6.811781222480e-26
200,PHASE_DISCHARGE,1800,2669,1.455549684936e-26,6.005624539060e-27
200,PHASE_DISCHARGE,1800,2670,8.924940125766e-28,4.532104757502e-28
200,PHASE_DISCHARGE,1800,2671,4.852992098010e-29,2.964788602231e-29
200,PHASE_DISCHARGE,1800,2672,2.338139201429e-30,1.693847847163e-30
200,PHASE_DISCHARGE,1800,2673,9.969944673217e-32,8.491188521617e-32
200,PHASE_DISCHARGE,1800,2674,3.756799142924e-33,3.746191208924e-33
200,PHASE_DISCHARGE,1800,2675,1.248431062869e-34,1.457450942333e-34
200,PHASE_DISCHARGE,1800,2676,3.648676546763e-36,5.006272228497e-36
200,PHASE_DISCHARGE,1800,2677,9.342523406297e-38,1.519285827334e-37
200,PHASE_DISCHARGE,1800,2678,2.084240324190e-39,4.074259297024e-39
200,PHASE_DISCHARGE,1800,2679,4.017354354822e-41,9.652152925551e-41
200,PHASE_DISCHARGE,1800,2680,6.599256098843e-43,2.018543116895e-42
200,PHASE_DISCHARGE,1800,2681,9.011703169281e-45,3.721448632970e-44
200,PHASE_DISCHARGE,1800,2682,9.692907374007e-47,6.035865503420e-46
200,PHASE_DISCHARGE,1800,2683,6.963599577446e-49,8.585051352316e-48
200,PHASE_DISCHARGE,1800,2684,2.912204206929e-52,-1.909672528176e-49
200,PHASE_DISCHARGE,1800,2685,1.094856160171e-48,-1.366408357947e-47
200,PHASE_DISCHARGE,1800,2686,1.382876501209e-46,-8.656845514014e-46
200,PHASE_DISCHARGE,1800,2687,1.173134392483e-44,-4.859674602136e-44
200,PHASE_DISCHARGE,1800,2688,7.889413960739e-43,-2.418333636904e-42
200,PHASE_DISCHARGE,1800,2689,4.433980917288e-41,-1.067029188200e-40
200,PHASE_DISCHARGE,1800,2690,2.132634440791e-39,-4.174256944499e-39
200,PHASE_DISCHARGE,1800,2691,8.891300148801e-38,-1.447495241924e-37
200,PHASE_DISCHARGE,1800,2692,3.237964508300e-36,-4.447066846051e-36
200,PHASE_DISCHARGE,1800,2693,1.035108348597e-34,-1.209496052050e-34
200,PHASE_DISCHARGE,1800,2694,2.914486051113e-33,-2.908743646635e-33
200,PHASE_DISCHARGE,1800,2695,7.244660873745e-32,-6.175332507846e-32
200,PHASE_DISCHARGE,1800,2696,1.592490990883e-30,-1.154661657229e-30
200,PHASE_DISCHARGE,1800,2697,3.099218792314e-29,-1.895093053609e-29
200,PHASE_DISCHARGE,1800,2698,5.344413402626e-28,-2.716601613125e-28
200,PHASE_DISCHARGE,1800,2699,8.170558215780e-27,-3.375012496457e-27
200,PHASE_DISCHARGE,1800,2700,1.107728187075e-25,-3.587097115763e-26
200,PHASE_DISCHARGE,1800,2701,1.331911568182e-24,-3.183392207727e-25
200,PHASE_DISCHARGE,1800,2702,1.420094868226e-23,-2.234082326948e-24
200,PHASE_DISCHARGE,1800,2703,1.342155644795e-22,-1.041775567570e-23
200,PHASE_DISCHARGE,1800,2704,1.123750319161e-21,1.260622306793e-24
200,PHASE_DISCHARGE,1800,2705,8.327807278822e-21,6.653037980443e-22
200,PHASE_DISCHARGE,1800,2706,5.455575951531e-20,8.710942446764e-21
200,PHASE_DISCHARGE,1800,2707,3.153892382611e-19,7.616818766267e-20
200,PHASE_DISCHARGE,1800,2708,1.605118537925e-18,5.241439095928e-19
200,PHASE_DISCHARGE,1800,2709,7.167271170300e-18,2.982468876777e-18
200,PHASE_DISCHARGE,1800,2710,2.794198513209e-17,1.430213195761e-17
200,PHASE_DISCHARGE,1800,2711,9.440170565130e-17,5.812873914845e-17
200,PHASE_DISCHARGE,1800,2712,2.730574897246e-16,1.994756409797e-16
200,PHASE_DISCHARGE,1800,2713,6.615946926736e-16,5.688974310022e-16
200,PHASE_DISCHARGE,1800,2714,1.281956706073e-15,1.294280565566e-15
200,PHASE_DISCHARGE,1800,2715,1.738501387343e-15,2.071479637941e-15
200,PHASE_DISCHARGE,1800,2716,5.933366397952e-16,9.123019918059e-16
200,PHASE_DISCHARGE,1800,2717,-5.182977273038e-15,-8.225132596542e-15
200,PHASE_DISCHARGE,1800,2718,-1.968848093818e-14,-3.812036708692e-14
200,PHASE_DISCHARGE,1800,2719,-4.538348115406e-14,-1.084875171387e-13
200,PHASE_DISCHARGE,1800,2720,-7.857923526452e-14,-2.397483825909e-13
200,PHASE_DISCHARGE,1800,2721,-1.063798245926e-13,-4.391986830551e-13
200,PHASE_DISCHARGE,1800,2722,-1.097765112018e-13,-6.857240676402e-13
200,PHASE_DISCHARGE,1800,2723,-7.417229328016e-14,-9.257183473218e-13
200,PHASE_DISCHARGE,1800,2724,-1.341251341142e-15,-1.089700859897e-12
200,PHASE_DISCHARGE,1800,2725,8.726107924094e-14,-1.124450432260e-12
200,PHASE_DISCHARGE,1800,2726,1.606363139183e-13,-1.020709320532e-12
200,PHASE_DISCHARGE,1800,2727,1.953720996052e-13,-8.170066210748e-13
200,PHASE_DISCHARGE,1800,2728,1.871401814641e-13,-5.775792220765e-13
200,PHASE_DISCHARGE,1800,2729,1.492110233395e-13,-3.610101085777e-13
200,PHASE_DISCHARGE,1800,2730,1.015342958443e-13,-1.996268358298e-13
200,PHASE_DISCHARGE,1800,2731,5.976900474771e-14,-9.768286664528e-14
200,PHASE_DISCHARGE,1800,2732,3.068639812724e-14,-4.229353636041e-14
200,PHASE_DISCHARGE,1800,2733,1.381467704883e-14,-1.619512643062e-14
200,PHASE_DISCHARGE,1800,2734,5.473339283195e-15,-5.479839475614e-15
200,PHASE_DISCHARGE,1800,2735,1.913435655579e-15,-1.636129403813e-15
200,PHASE_DISCHARGE,1800,2736,5.913586386823e-16,-4.301520332429e-16
200,PHASE_DISCHARGE,1800,2737,1.617979321628e-16,-9.927149116460e-17
200,PHASE_DISCHARGE,1800,2738,3.923104318376e-17,-2.001575015192e-17
200,PHASE_DISCHARGE,1800,2739,8.436238707486e-18,-3.499647755199e-18
200,PHASE_DISCHARGE,1800,2740,1.609750345233e-18,-5.239771563267e-19
200,PHASE_DISCHARGE,1800,2741,2.726491842749e-19,-6.560892730768e-20
200,PHASE_DISCHARGE,1800,2742,4.099750883644e-20,-6.515549159051e-21
200,PHASE_DISCHARGE,1800,2743,5.472942869601e-21,-4.336633546589e-22
200,PHASE_DISCHARGE,1800,2744,6.485283026232e-22,-3.506917970774e-25
200,PHASE_DISCHARGE,1800,2745,6.819376662149e-23,5.329066084491e-24
200,PHASE_DISCHARGE,1800,2746,6.359937788148e-24,1.003612463181e-24
200,PHASE_DISCHARGE,1800,2747,5.257115889537e-25,1.258851227732e-25
200,PHASE_DISCHARGE,1800,2748,3.847806453791e-26,1.247615614016e-26
200,PHASE_DISCHARGE,1800,2749,2.490556822338e-27,1.029734772236e-27
200,PHASE_DISCHARGE,1800,2750,1.423191737970e-28,7.239181580564e-29
200,PHASE_DISCHARGE,1800,2751,7.163659124347e-30,4.382588862306e-30
200,PHASE_DISCHARGE,1800,2752,3.166534877947e-31,2.296702538284e-31
200,PHASE_DISCHARGE,1800,2753,1.223966587807e-32,1.043459249026e-32
200,PHASE_DISCHARGE,1800,2754,4.111893385528e-34,4.103468600278e-34
200,PHASE_DISCHARGE,1800,2755,1.189592588484e-35,1.389448417212e-35
200,PHASE_DISCHARGE,1800,2756,2.919749081243e-37,4.006285886237e-37
200,PHASE_DISCHARGE,1800,2757,5.917877076608e-39,9.615528124160e-39
200,PHASE_DISCHARGE,1800,2758,9.346501130024e-41,1.821549375918e-40
200,PHASE_DISCHARGE,1800,2759,9.634263394557e-43,2.289390129112e-42
200,PHASE_DISCHARGE,1800,2760,1.505794985037e-47,-9.308445878231e-46
200,PHASE_DISCHARGE,1800,2761,-2.526707083986e-46,-1.077554254768e-45
200,PHASE_DISCHARGE,1800,2762,-5.961864326054e-48,-3.829497206893e-47
200,PHASE_DISCHARGE,1800,2763,-7.040437127057e-50,-9.149756442508e-49
200,PHASE_DISCHARGE,1800,2764,2.252973846634e-53,-1.734564115247e-50
200,PHASE_DISCHARGE,1800,2765,3.242147010789e-49,-4.100450358949e-48
200,PHASE_DISCHARGE,1800,2766,3.885513104713e-47,-2.447499069367e-46
200,PHASE_DISCHARGE,1800,2767,3.119752221338e-45,-1.297414705540e-44
200,PHASE_DISCHARGE,1800,2768,1.986412862762e-43,-6.106064678676e-43
200,PHASE_DISCHARGE,1800,2769,1.057384631364e-41,-2.550134653913e-41
200,PHASE_DISCHARGE,1800,2770,4.816795996989e-40,-9.444909558187e-40
200,PHASE_DISCHARGE,1800,2771,1.900942002630e-38,-3.099448072335e-38
200,PHASE_DISCHARGE,1800,2772,6.545390568016e-37,-9.001678724733e-37
200,PHASE_DISCHARGE,1800,2773,1.974749848184e-35,-2.310276465685e-35
200,PHASE_DISCHARGE,1800,2774,5.233733948913e-34,-5.229407210727e-34
200,PHASE_DISCHARGE,1800,2775,1.220228761658e-32,-1.041257584507e-32
200,PHASE_DISCHARGE,1800,2776,2.503882470879e-31,-1.817415225426e-31
200,PHASE_DISCHARGE,1800,2777,4.520497625136e-30,-2.767091780207e-30
200,PHASE_DISCHARGE,1800,2778,7.171925118396e-29,-3.649422782761e-29
200,PHASE_DISCHARGE,1800,2779,9.976310078583e-28,-4.125375641297e-28
200,PHASE_DISCHARGE,1800,2780,1.212074622636e-26,-3.929274019772e-27
200,PHASE_DISCHARGE,1800,2781,1.278173199545e-25,-3.058087134706e-26
200,PHASE_DISCHARGE,1800,2782,1.157489804436e-24,-1.822125634517e-25
200,PHASE_DISCHARGE,1800,2783,8.825809489380e-24,-6.839215604793e-25
200,PHASE_DISCHARGE,1800,2784,5.432387129635e-23,9.249297020063e-26
200,PHASE_DISCHARGE,1800,2785,2.394733342536e-22,1.957074922993e-23
200,PHASE_DISCHARGE,1800,2786,3.442882189525e-22,5.965012509202e-23
200,PHASE_DISCHARGE,1800,2787,-6.300702934379e-21,-1.479916442224e-21
200,PHASE_DISCHARGE,1800,2788,-8.276999588184e-20,-2.670419062536e-20
200,PHASE_DISCHARGE,1800,2789,-6.501908493642e-19,-2.683268951959e-19
200,PHASE_DISCHARGE,1800,2790,-3.943868809739e-18,-2.004809759225e-18
200,PHASE_DISCHARGE,1800,2791,-1.977026582484e-17,-1.209512190327e-17
200,PHASE_DISCHARGE,1800,2792,-8.421588174418e-17,-6.110829869391e-17
200,PHASE_DISCHARGE,1800,2793,-3.090434497157e-16,-2.636728425279e-16
200,PHASE_DISCHARGE,1800,2794,-9.841149004589e-16,-9.832345618779e-16
200,PHASE_DISCHARGE,1800,2795,-2.729491278085e-15,-3.193262095506e-15
200,PHASE_DISCHARGE,1800,2796,-6.602281769062e-15,-9.080465660428e-15
200,PHASE_DISCHARGE,1800,2797,-1.391759941525e-14,-2.269496771077e-14
200,PHASE_DISCHARGE,1800,2798,-2.549170298675e-14,-4.999350393368e-14
200,PHASE_DISCHARGE,1800,2799,-4.032131568611e-14,-9.726829742980e-14
200,PHASE_DISCHARGE,1800,2800,-5.444430672203e-14,-1.674151852093e-13
200,PHASE_DISCHARGE,1800,2801,-6.133829103867e-14,-2.552186148021e-13
200,PHASE_DISCHARGE,1800,2802,-5.471250205566e-14,-3.449253669601e-13
200,PHASE_DISCHARGE,1800,2803,-3.263925975532e-14,-4.135546512667e-13
200,PHASE_DISCHARGE,1800,2804,-9.326367504067e-17,-4.400995483590e-13
200,PHASE_DISCHARGE,1800,2805,3.264130166135e-14,-4.158353449308e-13
200,PHASE_DISCHARGE,1800,2806,5.519172142221e-14,-3.489157676925e-13
200,PHASE_DISCHARGE,1800,2807,6.236551088144e-14,-2.599933645289e-13
200,PHASE_DISCHARGE,1800,2808,5.585889913002e-14,-1.720275138287e-13
200,PHASE_DISCHARGE,1800,2809,4.183186782971e-14,-1.010447646067e-13
200,PHASE_DISCHARGE,1800,2810,2.682194142598e-14,-5.266528076406e-14
200,PHASE_DISCHARGE,1800,2811,1.491074735035e-14,-2.434227478423e-14
200,PHASE_DISCHARGE,1800,2812,7.240133640293e-15,-9.969090130914e-15
200,PHASE_DISCHARGE,1800,2813,3.084943036445e-15,-3.613376156400e-15
200,PHASE_DISCHARGE,1800,2814,1.156938508730e-15,-1.157378400182e-15
200,PHASE_DISCHARGE,1800,2815,3.826399300569e-16,-3.269336691420e-16
200,PHASE_DISCHARGE,1800,2816,1.117437440183e-16,-8.122056045899e-17
200,PHASE_DISCHARGE,1800,2817,2.883379486732e-17,-1.767753369549e-17
200,PHASE_DISCHARGE,1800,2818,6.575266680534e-18,-3.352041966384e-18
200,PHASE_DISCHARGE,1800,2819,1.324803688307e-18,-5.491016793341e-19
200,PHASE_DISCHARGE,1800,2820,2.356703117800e-19,-7.663634403782e-20
200,PHASE_DISCHARGE,1800,2821,3.696747564801e-20,-8.885174106508e-21
200,PHASE_DISCHARGE,1800,2822,5.103014467984e-21,-8.097067660709e-22
200,PHASE_DISCHARGE,1800,2823,6.180261255997e-22,-4.883340421131e-23
200,PHASE_DISCHARGE,1800,2824,6.536513130157e-23,-2.309280545628e-26
200,PHASE_DISCHARGE,1800,2825,5.993229927066e-24,4.691885917640e-25
200,PHASE_DISCHARGE,1800,2826,4.705281276172e-25,7.428184724572e-26
200,PHASE_DISCHARGE,1800,2827,3.090959787581e-26,7.399377709229e-27
200,PHASE_DISCHARGE,1800,2828,1.614068429419e-27,5.227411160373e-28
200,PHASE_DISCHARGE,1800,2829,5.712111386412e-29,2.353773635526e-29
200,PHASE_DISCHARGE,1800,2830,1.507493422002e-31,6.881611667239e-32
200,PHASE_DISCHARGE,1800,2831,-1.768107648896e-31,-1.088217693215e-31
200,PHASE_DISCHARGE,1800,2832,-1.766400202270e-32,-1.285889789719e-32
200,PHASE_DISCHARGE,1800,2833,-1.157747265049e-33,-9.900345857824e-34
200,PHASE_DISCHARGE,1800,2834,-5.962245358978e-35,-5.967642372018e-35
200,PHASE_DISCHARGE,1800,2835,-2.546026807330e-36,-2.983177216173e-36
200,PHASE_DISCHARGE,1800,2836,-9.217030058899e-38,-1.269405582170e-37
200,PHASE_DISCHARGE,1800,2837,-2.856254913723e-39,-4.663625382135e-39
200,PHASE_DISCHARGE,1800,2838,-7.598395102439e-41,-1.492080261181e-40
200,PHASE_DISCHARGE,1800,2839,-1.730776684892e-42,-4.180772323738e-42
200,PHASE_DISCHARGE,1800,2840,-3.344422125049e-44,-1.029922971798e-43
200,PHASE_DISCHARGE,1800,2841,-5.366471000408e-46,-2.236873403866e-45
200,PHASE_DISCHARGE,1800,2842,-6.791161115468e-48,-4.291863341323e-47
200,PHASE_DISCHARGE,1800,2843,-5.723889639854e-50,-7.285639767067e-49
200,PHASE_DISCHARGE,1800,2844,1.403791765892e-54,-1.005518045978e-50
200,PHASE_DISCHARGE,1800,2845,4.997713610673e-50,-6.338336892295e-49
200,PHASE_DISCHARGE,1800,2846,5.600583944145e-48,-3.532526946681e-47
200,PHASE_DISCHARGE,1800,2847,4.175083258029e-46,-1.737777181820e-45
200,PHASE_DISCHARGE,1800,2848,2.447597292294e-44,-7.528317556624e-44
200,PHASE_DISCHARGE,1800,2849,1.186474266667e-42,-2.862793840878e-42
200,PHASE_DISCHARGE,1800,2850,4.848930536735e-41,-9.511301768835e-41
200,PHASE_DISCHARGE,1800,2851,1.680956744984e-39,-2.741478958829e-39
200,PHASE_DISCHARGE,1800,2852,4.927677558581e-38,-6.777931416033e-38
200,PHASE_DISCHARGE,1800,2853,1.204188349517e-36,-1.408794148724e-36
200,PHASE_DISCHARGE,1800,2854,2.364335729979e-35,-2.361714146410e-35
200,PHASE_DISCHARGE,1800,2855,3.346220079646e-34,-2.852406028085e-34
200,PHASE_DISCHARGE,1800,2856,1.779344932998e-33,-1.282154334534e-33
200,PHASE_DISCHARGE,1800,2857,-7.527229240977e-32,4.631153421353e-32
200,PHASE_DISCHARGE,1800,2858,-3.237748713111e-30,1.652624476314e-30
200,PHASE_DISCHARGE,1800,2859,-8.018512153651e-29,3.325527076769e-29
200,PHASE_DISCHARGE,1800,2860,-1.522583418470e-27,4.952532353898e-28
200,PHASE_DISCHARGE,1800,2861,-2.385464682595e-26,5.733252755615e-27
200,PHASE_DISCHARGE,1800,2862,-3.178198412763e-25,5.040381863567e-26
200,PHASE_DISCHARGE,1800,2863,-3.656734415359e-24,2.884224178280e-25
200,PHASE_DISCHARGE,1800,2864,-3.665861648184e-23,5.448398700286e-27
200,PHASE_DISCHARGE,1800,2865,-3.219938354804e-22,-2.529894943299e-23
200,PHASE_DISCHARGE,1800,2866,-2.487131145551e-21,-3.936229661524e-22
200,PHASE_DISCHARGE,1800,2867,-1.693574727012e-20,-4.064000436928e-21
200,PHASE_DISCHARGE,1800,2868,-1.018340583111e-19,-3.307685965484e-20
200,PHASE_DISCHARGE,1800,2869,-5.413063520631e-19,-2.241588802554e-19
200,PHASE_DISCHARGE,1800,2870,-2.545294550986e-18,-1.296620642846e-18
200,PHASE_DISCHARGE,1800,2871,-1.058999670320e-17,-6.488396887699e-18
200,PHASE_DISCHARGE,1800,2872,-3.898342267699e-17,-2.831861605733e-17
200,PHASE_DISCHARGE,1800,2873,-1.269096120301e-16,-1.083752468984e-16
200,PHASE_DISCHARGE,1800,2874,-3.650580056433e-16,-3.650076018843e-16
200,PHASE_DISCHARGE,1800,2875,-9.265694203055e-16,-1.084727158733e-15
200,PHASE_DISCHARGE,1800,2876,-2.070772885531e-15,-2.849787496695e-15
200,PHASE_DISCHARGE,1800,2877,-4.062272678580e-15,-6.628090431904e-15
200,PHASE_DISCHARGE,1800,2878,-6.961966141774e-15,-1.366154599927e-14
200,PHASE_DISCHARGE,1800,2879,-1.034605170729e-14,-2.497329049600e-14
200,PHASE_DISCHARGE,1800,2880,-1.316471762792e-14,-4.050855249851e-14
200,PHASE_DISCHARGE,1800,2881,-1.400646081113e-14,-5.832574530041e-14
200,PHASE_DISCHARGE,1800,2882,-1.181329958364e-14,-7.455737667903e-14
200,PHASE_DISCHARGE,1800,2883,-6.664404224083e-15,-8.461419968283e-14
200,PHASE_DISCHARGE,1800,2884,-5.188833273941e-18,-8.524248788989e-14
200,PHASE_DISCHARGE,1800,2885,5.992894298912e-15,-7.620731555555e-14
200,PHASE_DISCHARGE,1800,2886,9.567290427260e-15,-6.043032880380e-14
200,PHASE_DISCHARGE,1800,2887,1.019436562814e-14,-4.247485104695e-14
200,PHASE_DISCHARGE,1800,2888,8.588079818186e-15,-2.643752407141e-14
200,PHASE_DISCHARGE,1800,2889,6.027214701291e-15,-1.455392841673e-14
200,PHASE_DISCHARGE,1800,2890,3.603938194330e-15,-7.074453321564e-15
200,PHASE_DISCHARGE,1800,2891,1.856278445243e-15,-3.029724321590e-15
200,PHASE_DISCHARGE,1800,2892,8.279411215659e-16,-1.139775269021e-15
200,PHASE_DISCHARGE,1800,2893,3.203070675587e-16,-3.751057587748e-16
200,PHASE_DISCHARGE,1800,2894,1.073374691391e-16,-1.073612447761e-16
200,PHASE_DISCHARGE,1800,2895,3.100598389048e-17,-2.648852605011e-17
200,PHASE_DISCHARGE,1800,2896,7.641939699214e-18,-5.554020010248e-18
200,PHASE_DISCHARGE,1800,2897,1.573944039478e-18,-9.649514292081e-19
200,PHASE_DISCHARGE,1800,2898,2.583425008893e-19,-1.317269710681e-19
200,PHASE_DISCHARGE,1800,2899,2.920508107390e-20,-1.211578533419e-20
200,PHASE_DISCHARGE,1800,2900,5.242554477626e-22,-1.736560169803e-22
200,PHASE_DISCHARGE,1800,2901,-7.788340010732e-22,1.864483160677e-22
200,PHASE_DISCHARGE,1800,2902,-2.509144599763e-22,3.966339850476e-23
200,PHASE_DISCHARGE,1800,2903,-5.201932730529e-23,4.083812558452e-24
200,PHASE_DISCHARGE,1800,2904,-8.467006231347e-24,-1.212194040676e-27
200,PHASE_DISCHARGE,1800,2905,-1.147504341610e-24,-9.044081150452e-26
200,PHASE_DISCHARGE,1800,2906,-1.328310364474e-25,-2.105102344160e-26
200,PHASE_DISCHARGE,1800,2907,-1.330863240359e-26,-3.196231348288e-27
200,PHASE_DISCHARGE,1800,2908,-1.163062082274e-27,-3.779900493910e-28
200,PHASE_DISCHARGE,1800,2909,-8.907860499099e-29,-3.690390801108e-29
200,PHASE_DISCHARGE,1800,2910,-5.997245659640e-30,-3.056161589095e-30
200,PHASE_DISCHARGE,1800,2911,-3.555897425131e-31,-2.179299445940e-31
200,PHASE_DISCHARGE,1800,2912,-1.858736134408e-32,-1.350580299078e-32
200,PHASE_DISCHARGE,1800,2913,-8.568764748629e-34,-7.319042656515e-34
200,PHASE_DISCHARGE,1800,2914,-3.482906916632e-35,-3.483181978500e-35
200,PHASE_DISCHARGE,1800,2915,-1.247076801864e-36,-1.460249235706e-36
200,PHASE_DISCHARGE,1800,2916,-3.926707580221e-38,-5.405049679914e-38
200,PHASE_DISCHARGE,1800,2917,-1.084248286963e-39,-1.769465800988e-39
200,PHASE_DISCHARGE,1800,2918,-2.613690748756e-41,-5.130065495042e-41
200,PHASE_DISCHARGE,1800,2919,-5.460850848654e-43,-1.318481898918e-42
200,PHASE_DISCHARGE,1800,2920,-9.766808411524e-45,-3.006222777268e-44
200,PHASE_DISCHARGE,1800,2921,-1.460492647173e-46,-6.084177015090e-46
200,PHASE_DISCHARGE,1800,2922,-1.731457986878e-48,-1.093403235735e-47
200,PHASE_DISCHARGE,1800,2923,-1.373037801932e-50,-1.745242472036e-49
200,PHASE_DISCHARGE,1800,2924,6.944266090404e-56,-2.474384769628e-51
200,PHASE_DISCHARGE,1800,2925,1.305146501617e-51,-1.652496377966e-50
200,PHASE_DISCHARGE,1800,2926,4.314416311428e-50,-2.706595701172e-49
200,PHASE_DISCHARGE,1800,2927,-5.757360860103e-48,2.404340199300e-47
200,PHASE_DISCHARGE,1800,2928,-9.673459683834e-46,2.979439124027e-45
200,PHASE_DISCHARGE,1800,2929,-8.456361113458e-44,2.042329950044e-43
200,PHASE_DISCHARGE,1800,2930,-5.427918208850e-42,1.065544487978e-41
200,PHASE_DISCHARGE,1800,2931,-2.800415120417e-40,4.570633799341e-40
200,PHASE_DISCHARGE,1800,2932,-1.207301514059e-38,1.661922137819e-38
200,PHASE_DISCHARGE,1800,2933,-4.439734399669e-37,5.198804767458e-37
200,PHASE_DISCHARGE,1800,2934,-1.409941811737e-35,1.410067643776e-35
200,PHASE_DISCHARGE,1800,2935,-3.897789570002e-34,3.329291698033e-34
200,PHASE_DISCHARGE,1800,2936,-9.431584553908e-33,6.852953724916e-33
200,PHASE_DISCHARGE,1800,2937,-2.005364007833e-31,1.228976452564e-31
200,PHASE_DISCHARGE,1800,2938,-3.757389619376e-30,1.914623580039e-30
200,PHASE_DISCHARGE,1800,2939,-6.217187022881e-29,2.575439400144e-29
200,PHASE_DISCHARGE,1800,2940,-9.099594742861e-28,2.956890126400e-28
200,PHASE_DISCHARGE,1800,2941,-1.179529686858e-26,2.832094310020e-27
200,PHASE_DISCHARGE,1800,2942,-1.355387371559e-25,2.147032337237e-26
200,PHASE_DISCHARGE,1800,2943,-1.381629066375e-24,1.087660413613e-25
200,PHASE_DISCHARGE,1800,2944,-1.250008775945e-23,2.536578985730e-28
200,PHASE_DISCHARGE,1800,2945,-1.004094255874e-22,-7.900419897213e-24
200,PHASE_DISCHARGE,1800,2946,-7.162347767107e-22,-1.134265671291e-22
200,PHASE_DISCHARGE,1800,2947,-4.537039935550e-21,-1.089158684299e-21
200,PHASE_DISCHARGE,1800,2948,-2.551998045189e-20,-8.291436983781e-21
200,PHASE_DISCHARGE,1800,2949,-1.274287700264e-19,-5.278008628102e-20
200,PHASE_DISCHARGE,1800,2950,-5.646132349248e-19,-2.876723942177e-19
200,PHASE_DISCHARGE,1800,2951,-2.218529088254e-18,-1.359463455426e-18
200,PHASE_DISCHARGE,1800,2952,-7.724029352044e-18,-5.611631485826e-18
200,PHASE_DISCHARGE,1800,2953,-2.380105093849e-17,-2.032730238725e-17
200,PHASE_DISCHARGE,1800,2954,-6.481364606898e-17,-6.481137080076e-17
200,PHASE_DISCHARGE,1800,2955,-1.556597553219e-16,-1.822475758506e-16
200,PHASE_DISCHARGE,1800,2956,-3.287989386738e-16,-4.525355596032e-16
200,PHASE_DISCHARGE,1800,2957,-6.085011438640e-16,-9.929417550568e-16
200,PHASE_DISCHARGE,1800,2958,-9.812019125636e-16,-1.925624367149e-15
200,PHASE_DISCHARGE,1800,2959,-1.366947155323e-15,-3.299911797566e-15
200,PHASE_DISCHARGE,1800,2960,-1.622669777071e-15,-4.993697124996e-15
200,PHASE_DISCHARGE,1800,2961,-1.600297283160e-15,-6.665039408353e-15
200,PHASE_DISCHARGE,1800,2962,-1.240494620433e-15,-7.830904108533e-15
200,PHASE_DISCHARGE,1800,2963,-6.358093573547e-16,-8.075867374479e-15
200,PHASE_DISCHARGE,1800,2964,-2.270161452621e-19,-7.278090447603e-15
200,PHASE_DISCHARGE,1800,2965,4.477838656354e-16,-5.692266566726e-15
200,PHASE_DISCHARGE,1800,2966,6.047232133821e-16,-3.819151801688e-15
200,PHASE_DISCHARGE,1800,2967,5.164882386289e-16,-2.151859772216e-15
200,PHASE_DISCHARGE,1800,2968,3.158495107741e-16,-9.723497622166e-16
200,PHASE_DISCHARGE,1800,2969,1.274156775118e-16,-3.077354814038e-16
200,PHASE_DISCHARGE,1800,2970,1.149510035857e-17,-2.261734387312e-17
200,PHASE_DISCHARGE,1800,2971,-3.318227856911e-17,5.412488395048e-17
200,PHASE_DISCHARGE,1800,2972,-3.580642280524e-17,4.927426641172e-17
200,PHASE_DISCHARGE,1800,2973,-2.395342102168e-17,2.804269041095e-17
200,PHASE_DISCHARGE,1800,2974,-1.240267950760e-17,1.240167176047e-17
200,PHASE_DISCHARGE,1800,2975,-5.302326705430e-18,4.528322703903e-18
200,PHASE_DISCHARGE,1800,2976,-1.925397246157e-18,1.398806087118e-18
200,PHASE_DISCHARGE,1800,2977,-6.028994746214e-19,3.694389157818e-19
200,PHASE_DISCHARGE,1800,2978,-1.642806214446e-19,8.370118659333e-20
200,PHASE_DISCHARGE,1800,2979,-3.918382614059e-20,1.622969450501e-20
200,PHASE_DISCHARGE,1800,2980,-8.214121351016e-21,2.668791978837e-21
200,PHASE_DISCHARGE,1800,2981,-1.517734976800e-21,3.643538323844e-22
200,PHASE_DISCHARGE,1800,2982,-2.476959210924e-22,3.922797627448e-23
200,PHASE_DISCHARGE,1800,2983,-3.576011395040e-23,2.813962105965e-24
200,PHASE_DISCHARGE,1800,2984,-4.572244774167e-24,-4.975371103160e-29
200,PHASE_DISCHARGE,1800,2985,-5.181657073181e-25,-4.078585476441e-26
200,PHASE_DISCHARGE,1800,2986,-5.207931537792e-26,-8.249069237342e-27
200,PHASE_DISCHARGE,1800,2987,-4.643818165041e-27,-1.114927276750e-27
200,PHASE_DISCHARGE,1800,2988,-3.674269714280e-28,-1.193878361762e-28
200,PHASE_DISCHARGE,1800,2989,-2.579560683764e-29,-1.068514629462e-29
200,PHASE_DISCHARGE,1800,2990,-1.606613970544e-30,-8.186273007701e-31
200,PHASE_DISCHARGE,1800,2991,-8.873462842120e-32,-5.437762392721e-32
200,PHASE_DISCHARGE,1800,2992,-4.343249095521e-33,-3.155606941470e-33
200,PHASE_DISCHARGE,1800,2993,-1.882254293226e-34,-1.607621994730e-34
200,PHASE_DISCHARGE,1800,2994,-7.213219105374e-36,-7.213328376202e-36
200,PHASE_DISCHARGE,1800,2995,-2.440066319407e-37,-2.856994107909e-37
200,PHASE_DISCHARGE,1800,2996,-7.268282276659e-39,-1.000409031992e-38
200,PHASE_DISCHARGE,1800,2997,-1.899810500832e-40,-3.100261445336e-40
200,PHASE_DISCHARGE,1800,2998,-4.335328434443e-42,-8.508721310410e-42
200,PHASE_DISCHARGE,1800,2999,-8.569338471156e-44,-2.068866596192e-43
200,PHASE_DISCHARGE,1800,3000,-1.448116183482e-45,-4.456963379959e-45
200,PHASE_DISCHARGE,1800,3001,-2.041934415261e-47,-8.505574560646e-47
200,PHASE_DISCHARGE,1800,3002,-2.276209445322e-49,-1.437220883785e-48
200,PHASE_DISCHARGE,1800,3003,-1.690797276778e-51,-2.148605528391e-50
200,PHASE_DISCHARGE,1800,3004,2.668644212685e-57,-2.838511536951e-52
200,PHASE_DISCHARGE,1800,3005,-1.317442888972e-51,1.674193948746e-50
200,PHASE_DISCHARGE,1800,3006,-1.742896951730e-49,1.100488322072e-48
200,PHASE_DISCHARGE,1800,3007,-1.530531709709e-47,6.375360275638e-47
200,PHASE_DISCHARGE,1800,3008,-1.059466400265e-45,3.260787776563e-45
200,PHASE_DISCHARGE,1800,3009,-6.105956502820e-44,1.474137918494e-43
200,PHASE_DISCHARGE,1800,3010,-3.003368475661e-42,5.894538769870e-42
200,PHASE_DISCHARGE,1800,3011,-1.277908859738e-40,2.085386692670e-40
200,PHASE_DISCHARGE,1800,3012,-4.742156761512e-39,6.527098942982e-39
200,PHASE_DISCHARGE,1800,3013,-1.542961530863e-37,1.806596107399e-37
200,PHASE_DISCHARGE,1800,3014,-4.418065130494e-36,4.418111882203e-36
200,PHASE_DISCHARGE,1800,3015,-1.116204555534e-34,9.533385609105e-35
200,PHASE_DISCHARGE,1800,3016,-2.492986969125e-33,1.811279743187e-33
200,PHASE_DISCHARGE,1800,3017,-4.929176627124e-32,3.020635613742e-32
200,PHASE_DISCHARGE,1800,3018,-8.636965197614e-31,4.400804130943e-31
200,PHASE_DISCHARGE,1800,3019,-1.342184026600e-29,5.559579935804e-30
200,PHASE_DISCHARGE,1800,3020,-1.850803340980e-28,6.013716523905e-29
200,PHASE_DISCHARGE,1800,3021,-2.265458690489e-27,5.438991782172e-28
200,PHASE_DISCHARGE,1800,3022,-2.461936269124e-26,3.899435908420e-27
200,PHASE_DISCHARGE,1800,3023,-2.375369405349e-25,1.869562446620e-26
200,PHASE_DISCHARGE,1800,3024,-2.034515489993e-24,9.105994829095e-30
200,PHASE_DISCHARGE,1800,3025,-1.546458998610e-23,-1.217019034703e-24
200,PHASE_DISCHARGE,1800,3026,-1.042699452019e-22,-1.651424219440e-23
200,PHASE_DISCHARGE,1800,3027,-6.232054989747e-22,-1.496152682784e-22
200,PHASE_DISCHARGE,1800,3028,-3.298811996336e-21,-1.071831031907e-21
200,PHASE_DISCHARGE,1800,3029,-1.544575240315e-20,-6.397747044698e-21
200,PHASE_DISCHARGE,1800,3030,-6.386835278664e-20,-3.254211460700e-20
200,PHASE_DISCHARGE,1800,3031,-2.327322185506e-19,-1.426166331487e-19
200,PHASE_DISCHARGE,1800,3032,-7.451887001415e-19,-5.414041493803e-19
200,PHASE_DISCHARGE,1800,3033,-2.088257954868e-18,-1.783515896206e-18
200,PHASE_DISCHARGE,1800,3034,-5.092655627730e-18,-5.092576761311e-18
200,PHASE_DISCHARGE,1800,3035,-1.071689742889e-17,-1.254764739343e-17
200,PHASE_DISCHARGE,1800,3036,-1.920016074845e-17,-2.642615680797e-17
200,PHASE_DISCHARGE,1800,3037,-2.860174829518e-17,-4.667237550570e-17
200,PHASE_DISCHARGE,1800,3038,-3.375510716658e-17,-6.624495618258e-17
200,PHASE_DISCHARGE,1800,3039,-2.764644433143e-17,-6.673793193091e-17
200,PHASE_DISCHARGE,1800,3040,-6.443571218020e-18,-1.981882318044e-17
200,PHASE_DISCHARGE,1800,3041,2.412554380766e-17,1.005130606482e-16
200,PHASE_DISCHARGE,1800,3042,4.710693015416e-17,2.974642564172e-16
200,PHASE_DISCHARGE,1800,3043,4.219306620622e-17,5.362096167830e-16
200,PHASE_DISCHARGE,1800,3044,-7.592393610228e-21,7.498375051393e-16
200,PHASE_DISCHARGE,1800,3045,-6.840948203663e-17,8.691371409951e-16
200,PHASE_DISCHARGE,1800,3046,-1.359890202404e-16,8.585650336257e-16
200,PHASE_DISCHARGE,1800,3047,-1.760250594986e-16,7.331795589641e-16
200,PHASE_DISCHARGE,1800,3048,-1.773110284493e-16,5.456985008777e-16
200,PHASE_DISCHARGE,1800,3049,-1.473696888126e-16,3.557777362815e-16
200,PHASE_DISCHARGE,1800,3050,-1.038561458682e-16,2.038272998009e-16
200,PHASE_DISCHARGE,1800,3051,-6.300566175604e-17,1.028151236435e-16
200,PHASE_DISCHARGE,1800,3052,-3.321291318326e-17,4.571335938025e-17
200,PHASE_DISCHARGE,1800,3053,-1.530743942414e-17,1.792260647131e-17
200,PHASE_DISCHARGE,1800,3054,-6.194962182677e-18,6.194929689742e-18
200,PHASE_DISCHARGE,1800,3055,-2.208345438031e-18,1.886095801309e-18
200,PHASE_DISCHARGE,1800,3056,-6.950062544488e-19,5.049491400560e-19
200,PHASE_DISCHARGE,1800,3057,-1.934452408987e-19,1.185428107401e-19
200,PHASE_DISCHARGE,1800,3058,-4.768135746447e-20,2.429473895042e-20
200,PHASE_DISCHARGE,1800,3059,-1.041830111358e-20,4.315377004738e-21
200,PHASE_DISCHARGE,1800,3060,-2.019443715855e-21,6.561526927398e-22
200,PHASE_DISCHARGE,1800,3061,-3.474516033532e-22,8.341505565007e-23
200,PHASE_DISCHARGE,1800,3062,-5.308253905576e-23,8.407347987901e-24
200,PHASE_DISCHARGE,1800,3063,-7.202872675550e-24,5.668652829444e-25
200,PHASE_DISCHARGE,1800,3064,-8.681572685859e-25,-1.545249343865e-30
200,PHASE_DISCHARGE,1800,3065,-9.294240660926e-26,-7.314890922934e-27
200,PHASE_DISCHARGE,1800,3066,-8.836458327905e-27,-1.399573411837e-27
200,PHASE_DISCHARGE,1800,3067,-7.458573031917e-28,-1.790658828947e-28
200,PHASE_DISCHARGE,1800,3068,-5.586538148678e-29,-1.815187217288e-29
200,PHASE_DISCHARGE,1800,3069,-3.710712125600e-30,-1.537035091900e-30
200,PHASE_DISCHARGE,1800,3070,-2.183853859443e-31,-1.112734156704e-31
200,PHASE_DISCHARGE,1800,3071,-1.137497076701e-32,-6.970620492986e-33
200,PHASE_DISCHARGE,1800,3072,-5.235983133645e-34,-3.804180014098e-34
200,PHASE_DISCHARGE,1800,3073,-2.125854928596e-35,-1.815659122955e-35
200,PHASE_DISCHARGE,1800,3074,-7.593780035576e-37,-7.593812694100e-37
200,PHASE_DISCHARGE,1800,3075,-2.378486248265e-38,-2.784862547286e-38
200,PHASE_DISCHARGE,1800,3076,-6.501992401016e-40,-8.949271643635e-40
200,PHASE_DISCHARGE,1800,3077,-1.541161596657e-41,-2.514962652213e-41
200,PHASE_DISCHARGE,1800,3078,-3.137000614382e-43,-6.156757492161e-43
200,PHASE_DISCHARGE,1800,3079,-5.401669381925e-45,-1.304091618819e-44
200,PHASE_DISCHARGE,1800,3080,-7.672762642777e-47,-2.361468569975e-46
200,PHASE_DISCHARGE,1800,3081,-8.575781178379e-49,-3.572158798586e-48
200,PHASE_DISCHARGE,1800,3082,-6.783728147897e-51,-4.283305604335e-50
200,PHASE_DISCHARGE,1800,3083,-2.710166485258e-53,-3.444296559140e-52
200,PHASE_DISCHARGE,1800,3084,7.667328377851e-59,-4.835643423492e-56
200,PHASE_DISCHARGE,1800,3085,-3.464919640341e-52,4.402661946617e-51
200,PHASE_DISCHARGE,1800,3086,-4.228572951059e-50,2.669834839540e-49
200,PHASE_DISCHARGE,1800,3087,-3.451713862261e-48,1.437749020424e-47
200,PHASE_DISCHARGE,1800,3088,-2.233793921816e-46,6.874934945177e-46
200,PHASE_DISCHARGE,1800,3089,-1.208803390399e-44,2.918317879229e-44
200,PHASE_DISCHARGE,1800,3090,-5.600923436609e-43,1.099245816833e-42
200,PHASE_DISCHARGE,1800,3091,-2.250145211064e-41,3.671911348346e-41
200,PHASE_DISCHARGE,1800,3092,-7.896271241915e-40,1.086830725986e-39
200,PHASE_DISCHARGE,1800,3093,-2.431722898843e-38,2.847187315611e-38
200,PHASE_DISCHARGE,1800,3094,-6.591773055859e-37,6.591785953386e-37
200,PHASE_DISCHARGE,1800,3095,-1.575975044982e-35,1.346012541572e-35
200,PHASE_DISCHARGE,1800,3096,-3.327379102882e-34,2.417487538159e-34
200,PHASE_DISCHARGE,1800,3097,-6.208232028229e-33,3.804418278198e-33
200,PHASE_DISCHARGE,1800,3098,-1.023887415227e-31,5.216980672207e-32
200,PHASE_DISCHARGE,1800,3099,-1.492360373562e-30,6.181578430617e-31
200,PHASE_DISCHARGE,1800,3100,-1.921125259471e-29,6.242139092631e-30
200,PHASE_DISCHARGE,1800,3101,-2.181694803061e-28,5.237814390822e-29
200,PHASE_DISCHARGE,1800,3102,-2.181687987309e-27,3.455484171088e-28
200,PHASE_DISCHARGE,1800,3103,-1.915785038600e-26,1.507783734272e-27
200,PHASE_DISCHARGE,1800,3104,-1.471061086831e-25,2.408976069258e-31
200,PHASE_DISCHARGE,1800,3105,-9.812826960899e-25,-7.722676349855e-26
200,PHASE_DISCHARGE,1800,3106,-5.625034344397e-24,-8.909049401533e-25
200,PHASE_DISCHARGE,1800,3107,-2.716928497360e-23,-6.522686355580e-24
200,PHASE_DISCHARGE,1800,3108,-1.060761808050e-22,-3.446577340201e-23
200,PHASE_DISCHARGE,1800,3109,-2.980913388418e-22,-1.234710652528e-22
200,PHASE_DISCHARGE,1800,3110,-2.922738345702e-22,-1.489097023891e-22
200,PHASE_DISCHARGE,1800,3111,2.944847640909e-21,1.804652539282e-21
200,PHASE_DISCHARGE,1800,3112,2.484160573011e-20,1.804866531132e-20
200,PHASE_DISCHARGE,1800,3113,1.230765941920e-19,1.051179752260e-19
200,PHASE_DISCHARGE,1800,3114,4.678142712937e-19,4.678162691864e-19
200,PHASE_DISCHARGE,1800,3115,1.461173551933e-18,1.710820152292e-18
200,PHASE_DISCHARGE,1800,3116,3.852128350123e-18,5.302014814633e-18
200,PHASE_DISCHARGE,1800,3117,8.671862498123e-18,1.415122933751e-17
200,PHASE_DISCHARGE,1800,3118,1.673360398297e-17,3.284162590528e-17
200,PHASE_DISCHARGE,1800,3119,2.762069798973e-17,6.668242445183e-17
200,PHASE_DISCHARGE,1800,3120,3.865032094425e-17,1.189537635364e-16
200,PHASE_DISCHARGE,1800,3121,4.489188689265e-17,1.869887293517e-16
200,PHASE_DISCHARGE,1800,3122,4.111216046313e-17,2.595730116035e-16
200,PHASE_DISCHARGE,1800,3123,2.508305841128e-17,3.187128083538e-16
200,PHASE_DISCHARGE,1800,3124,-1.838830187208e-22,3.465317959123e-16
200,PHASE_DISCHARGE,1800,3125,-2.628123709695e-17,3.339326639064e-16
200,PHASE_DISCHARGE,1800,3126,-4.519783260727e-17,2.853670237935e-16
200,PHASE_DISCHARGE,1800,3127,-5.193911601678e-17,2.163415680492e-16
200,PHASE_DISCHARGE,1800,3128,-4.728481954964e-17,1.455275030635e-16
200,PHASE_DISCHARGE,1800,3129,-3.597833895146e-17,8.685929527742e-17
200,PHASE_DISCHARGE,1800,3130,-2.343342219824e-17,4.599063669954e-17
200,PHASE_DISCHARGE,1800,3131,-1.323280861347e-17,2.159396296687e-17
200,PHASE_DISCHARGE,1800,3132,-6.528202060863e-18,8.985292432914e-18
200,PHASE_DISCHARGE,1800,3133,-2.827307010201e-18,3.310348809486e-18
200,PHASE_DISCHARGE,1800,3134,-1.078463320612e-18,1.078462569576e-18
200,PHASE_DISCHARGE,1800,3135,-3.631322992740e-19,3.101440672084e-19
200,PHASE_DISCHARGE,1800,3136,-1.081004095682e-19,7.853948850440e-20
200,PHASE_DISCHARGE,1800,3137,-2.848092499445e-20,1.745311994738e-20
200,PHASE_DISCHARGE,1800,3138,-6.645719159608e-21,3.386160181888e-21
200,PHASE_DISCHARGE,1800,3139,-1.373892671285e-21,5.690844223264e-22
200,PHASE_DISCHARGE,1800,3140,-2.516684111800e-22,8.177192612908e-23
200,PHASE_DISCHARGE,1800,3141,-4.084104846564e-23,9.805052725801e-24
200,PHASE_DISCHARGE,1800,3142,-5.869005009942e-24,9.295568447671e-25
200,PHASE_DISCHARGE,1800,3143,-7.462817381814e-25,5.873335694499e-26
200,PHASE_DISCHARGE,1800,3144,-8.387215162952e-26,-3.401811754137e-32
200,PHASE_DISCHARGE,1800,3145,-8.317638388817e-27,-6.546159497910e-28
200,PHASE_DISCHARGE,1800,3146,-7.261768131012e-28,-1.150154547791e-28
200,PHASE_DISCHARGE,1800,3147,-5.562882154609e-29,-1.335532852629e-29
200,PHASE_DISCHARGE,1800,3148,-3.720840918107e-30,-1.208976861097e-30
200,PHASE_DISCHARGE,1800,3149,-2.156621368815e-31,-8.933034950279e-32
200,PHASE_DISCHARGE,1800,3150,-1.069659446810e-32,-5.450197862988e-33
200,PHASE_DISCHARGE,1800,3151,-4.436225162402e-34,-2.718528531786e-34
200,PHASE_DISCHARGE,1800,3152,-1.462491584047e-35,-1.062565628564e-35
200,PHASE_DISCHARGE,1800,3153,-3.283460691918e-37,-2.804356106222e-37
200,PHASE_DISCHARGE,1800,3154,-8.233737111981e-40,-8.234420344288e-40
200,PHASE_DISCHARGE,1800,3155,3.759662650827e-40,4.401972421375e-40
200,PHASE_DISCHARGE,1800,3156,2.354119315464e-41,3.240157564277e-41
200,PHASE_DISCHARGE,1800,3157,9.500378324797e-43,1.550317647733e-42
200,PHASE_DISCHARGE,1800,3158,2.969690479561e-44,5.828336079089e-44
200,PHASE_DISCHARGE,1800,3159,7.553961599077e-46,1.823684950329e-45
200,PHASE_DISCHARGE,1800,3160,1.582938077472e-47,4.871775359661e-47
200,PHASE_DISCHARGE,1800,3161,2.703935174094e-49,1.126268264733e-48
200,PHASE_DISCHARGE,1800,3162,3.597786471924e-51,2.271548403390e-50
200,PHASE_DISCHARGE,1800,3163,3.162022674052e-53,4.017716719959e-52
200,PHASE_DISCHARGE,1800,3164,1.520429032227e-60,6.253613224080e-54
200,PHASE_DISCHARGE,1800,3165,-4.484773197068e-53,5.698457287327e-52
200,PHASE_DISCHARGE,1800,3166,-5.174292913658e-51,3.266923689013e-50
200,PHASE_DISCHARGE,1800,3167,-3.986185232016e-49,1.660366954592e-48
200,PHASE_DISCHARGE,1800,3168,-2.428511982557e-47,7.474196035526e-47
200,PHASE_DISCHARGE,1800,3169,-1.232899105530e-45,2.976483350009e-45
200,PHASE_DISCHARGE,1800,3170,-5.334618325935e-44,1.046978314538e-43
200,PHASE_DISCHARGE,1800,3171,-1.989202893803e-42,3.246085640781e-42
200,PHASE_DISCHARGE,1800,3172,-6.427041067771e-41,8.846067352559e-41
200,PHASE_DISCHARGE,1800,3173,-1.802729512984e-39,2.110726126473e-39
200,PHASE_DISCHARGE,1800,3174,-4.385583370256e-38,4.385585787470e-38
200,PHASE_DISCHARGE,1800,3175,-9.215437845697e-37,7.870732493452e-37
200,PHASE_DISCHARGE,1800,3176,-1.657982481207e-35,1.204595730448e-35
200,PHASE_DISCHARGE,1800,3177,-2.509536485657e-34,1.537847556529e-34
200,PHASE_DISCHARGE,1800,3178,-3.075431615637e-33,1.567013187559e-33
200,PHASE_DISCHARGE,1800,3179,-2.742539149715e-32,1.136000434973e-32
200,PHASE_DISCHARGE,1800,3180,-9.684089169919e-32,3.146596055599e-32
200,PHASE_DISCHARGE,1800,3181,2.300451683182e-30,-5.522844464740e-31
200,PHASE_DISCHARGE,1800,3182,6.375379968115e-29,-1.009755651113e-29
200,PHASE_DISCHARGE,1800,3183,1.001874551830e-27,-7.884873616271e-29
200,PHASE_DISCHARGE,1800,3184,1.204692124949e-26,4.252864450370e-33
200,PHASE_DISCHARGE,1800,3185,1.194683754335e-25,9.402397685086e-27
200,PHASE_DISCHARGE,1800,3186,1.007304696661e-24,1.595416168810e-25
200,PHASE_DISCHARGE,1800,3187,7.332467933654e-24,1.760371221077e-24
200,PHASE_DISCHARGE,1800,3188,4.648324857231e-23,1.510333104812e-23
200,PHASE_DISCHARGE,1800,3189,2.579874888061e-22,1.068619580242e-22
200,PHASE_DISCHARGE,1800,3190,1.257771404501e-21,6.408667315847e-22
200,PHASE_DISCHARGE,1800,3191,5.397638797624e-21,3.307678113104e-21
200,PHASE_DISCHARGE,1800,3192,2.041337855593e-20,1.483119072061e-20
200,PHASE_DISCHARGE,1800,3193,6.806685717192e-20,5.813459859097e-20
200,PHASE_DISCHARGE,1800,3194,2.000718953530e-19,2.000719284506e-19
200,PHASE_DISCHARGE,1800,3195,5.179546855992e-19,6.064471132496e-19
200,PHASE_DISCHARGE,1800,3196,1.179031121382e-18,1.622797364340e-18
200,PHASE_DISCHARGE,1800,3197,2.353315469833e-18,3.840262402618e-18
200,PHASE_DISCHARGE,1800,3198,4.100410010028e-18,8.047509035798e-18
200,PHASE_DISCHARGE,1800,3199,6.192000754917e-18,1.494881477642e-17
200,PHASE_DISCHARGE,1800,3200,8.003964534787e-18,2.463367476696e-17
200,PHASE_DISCHARGE,1800,3201,8.650212781008e-18,3.603073820850e-17
200,PHASE_DISCHARGE,1800,3202,7.411754098508e-18,4.679599008554e-17
200,PHASE_DISCHARGE,1800,3203,4.248387978293e-18,5.398092380804e-17
200,PHASE_DISCHARGE,1800,3204,-2.845823183654e-24,5.531117450858e-17
200,PHASE_DISCHARGE,1800,3205,-3.961848470571e-18,5.034002529367e-17
200,PHASE_DISCHARGE,1800,3206,-6.444417493230e-18,4.068843758282e-17
200,PHASE_DISCHARGE,1800,3207,-7.009826891559e-18,2.919802397802e-17
200,PHASE_DISCHARGE,1800,3208,-6.041394443335e-18,1.859349709730e-17
200,PHASE_DISCHARGE,1800,3209,-4.349516519872e-18,1.050066030036e-17
200,PHASE_DISCHARGE,1800,3210,-2.677418171940e-18,5.254728381443e-18
200,PHASE_DISCHARGE,1800,3211,-1.426255996859e-18,2.327437988556e-18
200,PHASE_DISCHARGE,1800,3212,-6.619600524210e-19,9.111097481024e-19
200,PHASE_DISCHARGE,1800,3213,-2.687238311976e-19,3.146351467176e-19
200,PHASE_DISCHARGE,1800,3214,-9.561089589283e-20,9.561088509059e-20
200,PHASE_DISCHARGE,1800,3215,-2.983507946282e-20,2.548156203723e-20
200,PHASE_DISCHARGE,1800,3216,-8.160668412125e-21,5.929071860335e-21
200,PHASE_DISCHARGE,1800,3217,-1.952912558012e-21,1.196746167286e-21
200,PHASE_DISCHARGE,1800,3218,-4.073937602078e-22,2.075774489075e-22
200,PHASE_DISCHARGE,1800,3219,-7.361336911920e-23,3.049164817769e-23
200,PHASE_DISCHARGE,1800,3220,-1.139314690315e-23,3.701856491563e-24
200,PHASE_DISCHARGE,1800,3221,-1.478567892859e-24,3.549725337675e-25
200,PHASE_DISCHARGE,1800,3222,-1.535144267110e-25,2.431426645265e-26
200,PHASE_DISCHARGE,1800,3223,-1.107176227229e-26,8.713627087287e-28
200,PHASE_DISCHARGE,1800,3224,-1.535781047146e-28,-4.519517135466e-34
200,PHASE_DISCHARGE,1800,3225,1.118134615723e-28,8.799862683565e-30
200,PHASE_DISCHARGE,1800,3226,2.313411401113e-29,3.664079170774e-30
200,PHASE_DISCHARGE,1800,3227,3.046912753247e-30,7.314986431217e-31
200,PHASE_DISCHARGE,1800,3228,3.141835201087e-31,1.020843835972e-31
200,PHASE_DISCHARGE,1800,3229,2.693201942789e-32,1.115560557582e-32
200,PHASE_DISCHARGE,1800,3230,1.968918798827e-33,1.003214100167e-33
200,PHASE_DISCHARGE,1800,3231,1.243740993531e-34,7.621653827894e-35
200,PHASE_DISCHARGE,1800,3232,6.838187897212e-36,4.968233912996e-36
200,PHASE_DISCHARGE,1800,3233,3.286007339549e-37,2.806515207406e-37
200,PHASE_DISCHARGE,1800,3234,1.383142487472e-38,1.383142404235e-38
200,PHASE_DISCHARGE,1800,3235,5.103425575691e-40,5.975343295491e-40
200,PHASE_DISCHARGE,1800,3236,1.649752125710e-41,2.270688883056e-41
200,PHASE_DISCHARGE,1800,3237,4.663274108442e-43,7.609771343119e-43
200,PHASE_DISCHARGE,1800,3238,1.148207282372e-44,2.253483561539e-44
200,PHASE_DISCHARGE,1800,3239,2.446139684816e-46,5.905503288098e-46
200,PHASE_DISCHARGE,1800,3240,4.455081186405e-48,1.371132920617e-47
200,PHASE_DISCHARGE,1800,3241,6.777332740772e-50,2.822962046369e-49
200,PHASE_DISCHARGE,1800,3242,8.168337268268e-52,5.157284663145e-51
200,PHASE_DISCHARGE,1800,3243,6.582947948033e-54,8.364426870462e-53
200,PHASE_DISCHARGE,1800,3244,1.683775394290e-62,1.204730763621e-54
200,PHASE_DISCHARGE,1800,3245,-2.416414209932e-54,3.070346754018e-53
200,PHASE_DISCHARGE,1800,3246,-2.381037976279e-52,1.503328616280e-51
200,PHASE_DISCHARGE,1800,3247,-1.493593341447e-50,6.221265410422e-50
200,PHASE_DISCHARGE,1800,3248,-6.809519254321e-49,2.095755028702e-48
200,PHASE_DISCHARGE,1800,3249,-2.153275998787e-47,5.198469811499e-47
200,PHASE_DISCHARGE,1800,3250,-2.872164623865e-46,5.636945850737e-46
200,PHASE_DISCHARGE,1800,3251,1.733571874748e-44,-2.828930600592e-44
200,PHASE_DISCHARGE,1800,3252,1.644301077204e-42,-2.263185844255e-42
200,PHASE_DISCHARGE,1800,3253,8.361405587801e-41,-9.789947038602e-41
200,PHASE_DISCHARGE,1800,3254,3.201168557915e-39,-3.201168317160e-39
200,PHASE_DISCHARGE,1800,3255,1.001797505489e-37,-8.556158507321e-38
200,PHASE_DISCHARGE,1800,3256,2.650236330535e-36,-1.925509311177e-36
200,PHASE_DISCHARGE,1800,3257,6.029986767421e-35,-3.695180487604e-35
200,PHASE_DISCHARGE,1800,3258,1.191975797272e-33,-6.073419800026e-34
200,PHASE_DISCHARGE,1800,3259,2.060352652788e-32,-8.534259789289e-33
200,PHASE_DISCHARGE,1800,3260,3.127776616450e-31,-1.016276186539e-31
200,PHASE_DISCHARGE,1800,3261,4.182983279356e-30,-1.004245387801e-30
200,PHASE_DISCHARGE,1800,3262,4.939231754813e-29,-7.822974087397e-30
200,PHASE_DISCHARGE,1800,3263,5.157810249354e-28,-4.059284252396e-29
200,PHASE_DISCHARGE,1800,3264,4.768991464897e-27,3.759873369598e-35
200,PHASE_DISCHARGE,1800,3265,3.907711835110e-26,3.075436196809e-27
200,PHASE_DISCHARGE,1800,3266,2.839346732848e-25,4.497083626655e-26
200,PHASE_DISCHARGE,1800,3267,1.830134211589e-24,4.393763625325e-25
200,PHASE_DISCHARGE,1800,3268,1.046643675593e-23,3.400751518867e-24
200,PHASE_DISCHARGE,1800,3269,5.310894245374e-23,2.199844458908e-23
200,PHASE_DISCHARGE,1800,3270,2.390610172540e-22,1.218076738358e-22
200,PHASE_DISCHARGE,1800,3271,9.542305301256e-22,5.847532274033e-22
200,PHASE_DISCHARGE,1800,3272,3.375447415243e-21,2.452406122522e-21
200,PHASE_DISCHARGE,1800,3273,1.057183596753e-20,9.029200992453e-21
200,PHASE_DISCHARGE,1800,3274,2.927934654816e-20,2.927934680363e-20
200,PHASE_DISCHARGE,1800,3275,7.158209365584e-20,8.381186401604e-20
200,PHASE_DISCHARGE,1800,3276,1.541067418727e-19,2.121097351739e-19
200,PHASE_DISCHARGE,1800,3277,2.911459497012e-19,4.751070135230e-19
200,PHASE_DISCHARGE,1800,3278,4.802470447902e-19,9.425379045993e-19
200,PHASE_DISCHARGE,1800,3279,6.862361031949e-19,1.656720525759e-18
200,PHASE_DISCHARGE,1800,3280,8.384298124241e-19,2.580421665200e-18
200,PHASE_DISCHARGE,1800,3281,8.548922385011e-19,3.560882506194e-18
200,PHASE_DISCHARGE,1800,3282,6.892540888034e-19,4.351779159188e-18
200,PHASE_DISCHARGE,1800,3283,3.704132610435e-19,4.706546975758e-18
200,PHASE_DISCHARGE,1800,3284,-1.877620290212e-26,4.499744443230e-18
200,PHASE_DISCHARGE,1800,3285,-2.988293403194e-19,3.796986568434e-18
200,PHASE_DISCHARGE,1800,3286,-4.468881217023e-19,2.821540471618e-18
200,PHASE_DISCHARGE,1800,3287,-4.418721033999e-19,1.840529730859e-18
200,PHASE_DISCHARGE,1800,3288,-3.408391714414e-19,1.048995087562e-18
200,PHASE_DISCHARGE,1800,3289,-2.148231756418e-19,5.186290152580e-19
200,PHASE_DISCHARGE,1800,3290,-1.120062540873e-19,2.198246470980e-19
200,PHASE_DISCHARGE,1800,3291,-4.791538424394e-20,7.819079906936e-20
200,PHASE_DISCHARGE,1800,3292,-1.620228901316e-20,2.230053709663e-20
200,PHASE_DISCHARGE,1800,3293,-3.818874069830e-21,4.471326854969e-21
200,PHASE_DISCHARGE,1800,3294,-2.326777538837e-22,2.326776946364e-22
200,PHASE_DISCHARGE,1800,3295,3.395052625936e-22,-2.899649039536e-22
200,PHASE_DISCHARGE,1800,3296,2.285331437830e-22,-1.660390522179e-22
200,PHASE_DISCHARGE,1800,3297,9.500716853267e-23,-5.822046872175e-23
200,PHASE_DISCHARGE,1800,3298,3.067921698927e-23,-1.563184202777e-23
200,PHASE_DISCHARGE,1800,3299,8.209165119610e-24,-3.400347566215e-24
200,PHASE_DISCHARGE,1800,3300,1.871330546750e-24,-6.080321592634e-25
200,PHASE_DISCHARGE,1800,3301,3.687167448372e-25,-8.852105954840e-26
200,PHASE_DISCHARGE,1800,3302,6.333382844774e-26,-1.003109311099e-26
200,PHASE_DISCHARGE,1800,3303,9.535454266324e-27,-7.504565435604e-28
200,PHASE_DISCHARGE,1800,3304,1.262969685068e-27,-1.984216256001e-36
200,PHASE_DISCHARGE,1800,3305,1.475317310409e-28,1.161099883992e-29
200,PHASE_DISCHARGE,1800,3306,1.522604032721e-29,2.411567856674e-30
200,PHASE_DISCHARGE,1800,3307,1.390056520250e-30,3.337230428476e-31
200,PHASE_DISCHARGE,1800,3308,1.123517820392e-31,3.650530677129e-32
200,PHASE_DISCHARGE,1800,3309,8.043483508876e-33,3.331719949877e-33
200,PHASE_DISCHARGE,1800,3310,5.101696050438e-34,2.599443968191e-34
200,PHASE_DISCHARGE,1800,3311,2.866567326229e-35,1.756634713917e-35
200,PHASE_DISCHARGE,1800,3312,1.426381491138e-36,1.036326813025e-36
200,PHASE_DISCHARGE,1800,3313,6.281266288737e-38,5.364708210813e-38
200,PHASE_DISCHARGE,1800,3314,2.445360767010e-39,2.445360764237e-39
200,PHASE_DISCHARGE,1800,3315,8.403375869818e-41,9.839088980548e-41
200,PHASE_DISCHARGE,1800,3316,2.543383981138e-42,3.500667724827e-42
200,PHASE_DISCHARGE,1800,3317,6.757844071806e-44,1.102779923849e-43
200,PHASE_DISCHARGE,1800,3318,1.568685650131e-45,3.078718933470e-45
200,PHASE_DISCHARGE,1800,3319,3.157169775804e-47,7.622082082582e-47
200,PHASE_DISCHARGE,1800,3320,5.439444333433e-49,1.674088825411e-48
200,PHASE_DISCHARGE,1800,3321,7.833039601000e-51,3.262695799552e-50
200,PHASE_DISCHARGE,1800,3322,8.937008431691e-53,5.642605039164e-52
200,PHASE_DISCHARGE,1800,3323,6.814045787466e-55,8.658066047590e-54
200,PHASE_DISCHARGE,1800,3324,3.930359768856e-65,1.178288060370e-55
200,PHASE_DISCHARGE,1800,3325,2.345424584723e-55,-2.980144465638e-54
200,PHASE_DISCHARGE,1800,3326,3.397600348594e-53,-2.145160426067e-52
200,PHASE_DISCHARGE,1800,3327,3.196011851190e-51,-1.331234740006e-50
200,PHASE_DISCHARGE,1800,3328,2.335687014864e-49,-7.188505463873e-49
200,PHASE_DISCHARGE,1800,3329,1.406902257148e-47,-3.396562506977e-47
200,PHASE_DISCHARGE,1800,3330,7.180322357884e-46,-1.409217608290e-45
200,PHASE_DISCHARGE,1800,3331,3.152959905176e-44,-5.145162938023e-44
200,PHASE_DISCHARGE,1800,3332,1.202554426472e-42,-1.655174170287e-42
200,PHASE_DISCHARGE,1800,3333,4.008968748370e-41,-4.693899317966e-41
200,PHASE_DISCHARGE,1800,3334,1.173287111403e-39,-1.173287111057e-39
200,PHASE_DISCHARGE,1800,3335,3.024079588995e-38,-2.582807967594e-38
200,PHASE_DISCHARGE,1800,3336,6.880454505024e-37,-4.998942808730e-37
200,PHASE_DISCHARGE,1800,3337,1.384341519491e-35,-8.483255740124e-36
200,PHASE_DISCHARGE,1800,3338,2.466354694759e-34,-1.256670484193e-34
200,PHASE_DISCHARGE,1800,3339,3.894924740253e-33,-1.613330651489e-33
200,PHASE_DISCHARGE,1800,3340,5.456447361308e-32,-1.772907218744e-32
200,PHASE_DISCHARGE,1800,3341,6.784780865541e-31,-1.628881770405e-31
200,PHASE_DISCHARGE,1800,3342,7.491168986548e-30,-1.186484606909e-30
200,PHASE_DISCHARGE,1800,3343,7.346132222034e-29,-5.781531440911e-30
200,PHASE_DISCHARGE,1800,3344,6.398979686479e-28,2.626950424076e-38
200,PHASE_DISCHARGE,1800,3345,4.951029278883e-27,3.896544549680e-28
200,PHASE_DISCHARGE,1800,3346,3.402084782750e-26,5.388372943648e-27
200,PHASE_DISCHARGE,1800,3347,2.075538847407e-25,4.982927909706e-26
200,PHASE_DISCHARGE,1800,3348,1.123716918199e-24,3.651177597443e-25
200,PHASE_DISCHARGE,1800,3349,5.395736003290e-24,2.234987031688e-24
200,PHASE_DISCHARGE,1800,3350,2.295874464996e-23,1.169806468816e-23
200,PHASE_DISCHARGE,1800,3351,8.647140950512e-23,5.298974789835e-23
200,PHASE_DISCHARGE,1800,3352,2.878749239454e-22,2.091533749992e-22
200,PHASE_DISCHARGE,1800,3353,8.455393641064e-22,7.221588397016e-22
200,PHASE_DISCHARGE,1800,3354,2.185744647570e-21,2.185744647620e-21
200,PHASE_DISCHARGE,1800,3355,4.956559367955e-21,5.803385385497e-21
200,PHASE_DISCHARGE,1800,3356,9.816041263718e-21,1.351062172622e-20
200,PHASE_DISCHARGE,1800,3357,1.687085084608e-20,2.753072641691e-20
200,PHASE_DISCHARGE,1800,3358,2.493350787794e-20,4.893476450107e-20
200,PHASE_DISCHARGE,1800,3359,3.123921239280e-20,7.541813023761e-20
200,PHASE_DISCHARGE,1800,3360,3.240590727831e-20,9.973512733908e-20
200,PHASE_DISCHARGE,1800,3361,2.664278039692e-20,1.109751670635e-19
200,PHASE_DISCHARGE,1800,3362,1.577510468680e-20,9.960009111218e-20
200,PHASE_DISCHARGE,1800,3363,5.029784851589e-21,6.390947610509e-20
200,PHASE_DISCHARGE,1800,3364,-5.436174775243e-32,1.310275861457e-20
200,PHASE_DISCHARGE,1800,3365,2.863071774608e-21,-3.637877614264e-20
200,PHASE_DISCHARGE,1800,3366,1.098974612210e-20,-6.938652622429e-20
