coh_id,n1_bot,n2_bot,n4_top,n3_top,length,interface_type
1,3787,3788,34075,34076,1.2048161798855571e-8,PE_PCC
2,3788,3789,34076,34077,1.2060675078767945e-8,PE_PCC
3,3789,3790,34077,34078,1.2073188370168099e-8,PE_PCC
4,3790,3791,34078,34079,1.208570167302035e-8,PE_PCC
5,3791,3792,34079,34080,1.2098214987289175e-8,PE_PCC
6,3792,3793,34080,34081,1.2110728312939199e-8,PE_PCC
7,3793,3794,34081,34082,1.2123241649935135e-8,PE_PCC
8,3794,3795,34082,34083,1.2135754998241912e-8,PE_PCC
9,3795,3796,34083,34084,1.2148268357824597e-8,PE_PCC
10,3796,3797,34084,34085,1.2160781728648355e-8,PE_PCC
11,3797,3798,34085,34086,1.2173295110678515e-8,PE_PCC
12,3798,3799,34086,34087,1.2185808503880603e-8,PE_PCC
13,3799,3800,34087,34088,1.2198321908220132e-8,PE_PCC
14,3800,3801,34088,34089,1.2210835323663031e-8,PE_PCC
15,3801,3802,34089,34090,1.2223348750174976e-8,PE_PCC
16,3802,3803,34090,34091,1.2235862187722254e-8,PE_PCC
17,3803,3804,34091,34092,1.2248375636270906e-8,PE_PCC
18,3804,3805,34092,34093,1.2260889095787148e-8,PE_PCC
19,3805,3806,34093,34094,1.2273402566237637e-8,PE_PCC
20,3806,3807,34094,34095,1.2285916047588858e-8,PE_PCC
21,3807,3808,34095,34096,1.229842953980756e-8,PE_PCC
22,3808,3809,34096,34097,1.2310943042860536e-8,PE_PCC
23,3809,3810,34097,34098,1.2323456556714982e-8,PE_PCC
24,3810,3811,34098,34099,1.2335970081337698e-8,PE_PCC
25,3811,3812,34099,34100,1.2348483616696278e-8,PE_PCC
26,3812,3813,34100,34101,1.2360997162757971e-8,PE_PCC
27,3813,3814,34101,34102,1.23735107194902e-8,PE_PCC
28,3814,3815,34102,34103,1.238602428686084e-8,PE_PCC
29,3815,3816,34103,34104,1.239853786483753e-8,PE_PCC
30,3816,3817,34104,34105,1.2411051453388143e-8,PE_PCC
31,3817,3818,34105,34106,1.242356505248097e-8,PE_PCC
32,3818,3819,34106,34107,1.2436078662084003e-8,PE_PCC
33,3819,3820,34107,34108,1.2448592282165515e-8,PE_PCC
34,3820,3821,34108,34109,1.2461105912694065e-8,PE_PCC
35,3821,3822,34109,34110,1.2473619553637988e-8,PE_PCC
36,3822,3823,34110,34111,1.2486133204966354e-8,PE_PCC
37,3823,3824,34111,34112,1.249864686664762e-8,PE_PCC
38,3824,3825,34112,34113,1.251116053865085e-8,PE_PCC
39,3825,3826,34113,34114,1.2523674220945033e-8,PE_PCC
40,3826,3827,34114,34115,1.2536187913499588e-8,PE_PCC
41,3827,3828,34115,34116,1.2548701616283556e-8,PE_PCC
42,3828,3829,34116,34117,1.2561215329266442e-8,PE_PCC
43,3829,3830,34117,34118,1.257372905241784e-8,PE_PCC
44,3830,3831,34118,34119,1.258624278570729e-8,PE_PCC
45,3831,3832,34119,34120,1.2598756529104862e-8,PE_PCC
46,3832,3833,34120,34121,1.2611270282580191e-8,PE_PCC
47,3833,3834,34121,34122,1.262378404610342e-8,PE_PCC
48,3834,3835,34122,34123,1.2636297819644675e-8,PE_PCC
49,3835,3836,34123,34124,1.2648811603174153e-8,PE_PCC
50,3836,3837,34124,34125,1.2661325396662483e-8,PE_PCC
51,3837,3838,34125,34126,1.2673839200079906e-8,PE_PCC
52,3838,3839,34126,34127,1.2686353013397137e-8,PE_PCC
53,3839,3840,34127,34128,1.269886683658482e-8,PE_PCC
54,3840,3841,34128,34129,1.2711380669614047e-8,PE_PCC
55,3841,3842,34129,34130,1.272389451245555e-8,PE_PCC
56,3842,3843,34130,34131,1.27364083650805e-8,PE_PCC
57,3843,3844,34131,34132,1.2748922227460041e-8,PE_PCC
58,3844,3845,34132,34133,1.2761436099565503e-8,PE_PCC
59,3845,3846,34133,34134,1.2773949981368297e-8,PE_PCC
60,3846,3847,34134,34135,1.2786463872839829e-8,PE_PCC
61,3847,3848,34135,34136,1.2798977773952141e-8,PE_PCC
62,3848,3849,34136,34137,1.2811491684676583e-8,PE_PCC
63,3849,3850,34137,34138,1.2824005604985103e-8,PE_PCC
64,3850,3851,34138,34139,1.283651953484977e-8,PE_PCC
65,3851,3852,34139,34140,1.2849033474242564e-8,PE_PCC
66,3852,3853,34140,34141,1.2861547423135692e-8,PE_PCC
67,3853,3854,34141,34142,1.2874061381501493e-8,PE_PCC
68,3854,3855,34142,34143,1.2886575349312376e-8,PE_PCC
69,3855,3856,34143,34144,1.28990893265406e-8,PE_PCC
70,3856,3857,34144,34145,1.2911603313159356e-8,PE_PCC
71,3857,3858,34145,34146,1.2924117309140872e-8,PE_PCC
72,3858,3859,34146,34147,1.2936631314458073e-8,PE_PCC
73,3859,3860,34147,34148,1.294914532908405e-8,PE_PCC
74,3860,3861,34148,34149,1.2961659352991668e-8,PE_PCC
75,3861,3862,34149,34150,1.2974173386154064e-8,PE_PCC
76,3862,3863,34150,34151,1.298668742854463e-8,PE_PCC
77,3863,3864,34151,34152,1.2999201480136625e-8,PE_PCC
78,3864,3865,34152,34153,1.3011715540903365e-8,PE_PCC
79,3865,3866,34153,34154,1.3024229610818856e-8,PE_PCC
80,3866,3867,34154,34155,1.3036743689856359e-8,PE_PCC
81,3867,3868,34155,34156,1.3049257777989602e-8,PE_PCC
82,3868,3869,34156,34157,1.3061771875192666e-8,PE_PCC
83,3869,3870,34157,34158,1.3074285981439318e-8,PE_PCC
84,3870,3871,34158,34159,1.3086800096703757e-8,PE_PCC
85,3871,3872,34159,34160,1.3099314220960071e-8,PE_PCC
86,3872,3873,34160,34161,1.3111828354182516e-8,PE_PCC
87,3873,3874,34161,34162,1.3124342496345293e-8,PE_PCC
88,3874,3875,34162,34163,1.313685664742333e-8,PE_PCC
89,3875,3876,34163,34164,1.3149370807390698e-8,PE_PCC
90,3876,3877,34164,34165,1.3161884976222196e-8,PE_PCC
91,3877,3878,34165,34166,1.3174399153892568e-8,PE_PCC
92,3878,3879,34166,34167,1.3186913340376644e-8,PE_PCC
93,3879,3880,34167,34168,1.3199427535649364e-8,PE_PCC
94,3880,3881,34168,34169,1.3211941739685744e-8,PE_PCC
95,3881,3882,34169,34170,1.3224455952460917e-8,PE_PCC
96,3882,3883,34170,34171,1.32369701739501e-8,PE_PCC
97,3883,3884,34171,34172,1.324948440412842e-8,PE_PCC
98,3884,3885,34172,34173,1.3261998642971753e-8,PE_PCC
99,3885,3886,34173,34174,1.327451289045517e-8,PE_PCC
100,3886,3887,34174,34175,1.328702714655439e-8,PE_PCC
101,3887,3888,34175,34176,1.3299541411245063e-8,PE_PCC
102,3888,3889,34176,34177,1.3312055684502966e-8,PE_PCC
103,3889,3890,34177,34178,1.3324569966303978e-8,PE_PCC
104,3890,3891,34178,34179,1.3337084256624059e-8,PE_PCC
105,3891,3892,34179,34180,1.3349598555439231e-8,PE_PCC
106,3892,3893,34180,34181,1.3362112862725515e-8,PE_PCC
107,3893,3894,34181,34182,1.3374627178459533e-8,PE_PCC
108,3894,3895,34182,34183,1.338714150261712e-8,PE_PCC
109,3895,3896,34183,34184,1.3399655835174883e-8,PE_PCC
110,3896,3897,34184,34185,1.3412170176109357e-8,PE_PCC
111,3897,3898,34185,34186,1.3424684525397006e-8,PE_PCC
112,3898,3899,34186,34187,1.3437198883014507e-8,PE_PCC
113,3899,3900,34187,34188,1.3449713248938683e-8,PE_PCC
114,3900,3901,34188,34189,1.3462227623146313e-8,PE_PCC
115,3901,3902,34189,34190,1.3474742005614138e-8,PE_PCC
116,3902,3903,34190,34191,1.3487256396319901e-8,PE_PCC
117,3903,3904,34191,34192,1.3499770795239403e-8,PE_PCC
118,3904,3905,34192,34193,1.3512285202351276e-8,PE_PCC
119,3905,3906,34193,34194,1.3524799617631485e-8,PE_PCC
120,3906,3907,34194,34195,1.3537314041058147e-8,PE_PCC
121,3907,3908,34195,34196,1.3549828472608982e-8,PE_PCC
122,3908,3909,34196,34197,1.35623429122602e-8,PE_PCC
123,3909,3910,34197,34198,1.3574857359991017e-8,PE_PCC
124,3910,3911,34198,34199,1.3587371815777553e-8,PE_PCC
125,3911,3912,34199,34200,1.3599886279599077e-8,PE_PCC
126,3912,3913,34200,34201,1.3612400751431965e-8,PE_PCC
127,3913,3914,34201,34202,1.3624915231255538e-8,PE_PCC
128,3914,3915,34202,34203,1.363742971904644e-8,PE_PCC
129,3915,3916,34203,34204,1.3649944214783746e-8,PE_PCC
130,3916,3917,34204,34205,1.3662458718445687e-8,PE_PCC
131,3917,3918,34205,34206,1.3674973230009432e-8,PE_PCC
132,3918,3919,34206,34207,1.36874877494547e-8,PE_PCC
133,3919,3920,34207,34208,1.3700002276758484e-8,PE_PCC
134,3920,3921,34208,34209,1.3712516811900682e-8,PE_PCC
135,3921,3922,34209,34210,1.3725031354858448e-8,PE_PCC
136,3922,3923,34210,34211,1.3737545905611828e-8,PE_PCC
137,3923,3924,34211,34212,1.3750060464138136e-8,PE_PCC
138,3924,3925,34212,34213,1.3762575030417197e-8,PE_PCC
139,3925,3926,34213,34214,1.3775089604427927e-8,PE_PCC
140,3926,3927,34214,34215,1.378760418614816e-8,PE_PCC
141,3927,3928,34215,34216,1.380011877555838e-8,PE_PCC
142,3928,3929,34216,34217,1.3812633372636265e-8,PE_PCC
143,3929,3930,34217,34218,1.3825147977362363e-8,PE_PCC
144,3930,3931,34218,34219,1.3837662589714573e-8,PE_PCC
145,3931,3932,34219,34220,1.3850177209673595e-8,PE_PCC
146,3932,3933,34220,34221,1.386269183721742e-8,PE_PCC
147,3933,3934,34221,34222,1.38752064723266e-8,PE_PCC
148,3934,3935,34222,34223,1.3887721114980633e-8,PE_PCC
149,3935,3936,34223,34224,1.3900235765158207e-8,PE_PCC
150,3936,3937,34224,34225,1.391275042284025e-8,PE_PCC
151,3937,3938,34225,34226,1.3925265088005306e-8,PE_PCC
152,3938,3939,34226,34227,1.3937779760634417e-8,PE_PCC
153,3939,3940,34227,34228,1.3950294440706271e-8,PE_PCC
154,3940,3941,34228,34229,1.3962809128202253e-8,PE_PCC
155,3941,3942,34229,34230,1.397532382310088e-8,PE_PCC
156,3942,3943,34230,34231,1.3987838525383406e-8,PE_PCC
157,3943,3944,34231,34232,1.4000353235030131e-8,PE_PCC
158,3944,3945,34232,34233,1.4012867952020018e-8,PE_PCC
159,3945,3946,34233,34234,1.4025382676335131e-8,PE_PCC
160,3946,3947,34234,34235,1.403789740795421e-8,PE_PCC
161,3947,3948,34235,34236,1.4050412146859303e-8,PE_PCC
162,3948,3949,34236,34237,1.406292689302954e-8,PE_PCC
163,3949,3950,34237,34238,1.4075441646446845e-8,PE_PCC
164,3950,3951,34238,34239,1.4087956407090504e-8,PE_PCC
165,3951,3952,34239,34240,1.4100471174942494e-8,PE_PCC
166,3952,3953,34240,34241,1.4112985949983516e-8,PE_PCC
167,3953,3954,34241,34242,1.4125500732193373e-8,PE_PCC
168,3954,3955,34242,34243,1.413801552155453e-8,PE_PCC
169,3955,3956,34243,34244,1.4150530318046531e-8,PE_PCC
170,3956,3957,34244,34245,1.4163045121651924e-8,PE_PCC
171,3957,3958,34245,34246,1.4175559932350504e-8,PE_PCC
172,3958,3959,34246,34247,1.418807475012473e-8,PE_PCC
173,3959,3960,34247,34248,1.4200589574954716e-8,PE_PCC
174,3960,3961,34248,34249,1.4213104406822738e-8,PE_PCC
175,3961,3962,34249,34250,1.4225619245710234e-8,PE_PCC
176,3962,3963,34250,34251,1.423813409159771e-8,PE_PCC
177,3963,3964,34251,34252,1.425064894446806e-8,PE_PCC
178,3964,3965,34252,34253,1.4263163804301502e-8,PE_PCC
179,3965,3966,34253,34254,1.4275678671081184e-8,PE_PCC
180,3966,3967,34254,34255,1.4288193544787372e-8,PE_PCC
181,3967,3968,34255,34256,1.4300708425403357e-8,PE_PCC
182,3968,3969,34256,34257,1.4313223312909557e-8,PE_PCC
183,3969,3970,34257,34258,1.4325738207288988e-8,PE_PCC
184,3970,3971,34258,34259,1.4338253108523673e-8,PE_PCC
185,3971,3972,34259,34260,1.4350768016594583e-8,PE_PCC
186,3972,3973,34260,34261,1.4363282931485302e-8,PE_PCC
187,3973,3974,34261,34262,1.4375797853176534e-8,PE_PCC
188,3974,3975,34262,34263,1.4388312781652055e-8,PE_PCC
189,3975,3976,34263,34264,1.4400827716892643e-8,PE_PCC
190,3976,3977,34264,34265,1.4413342658882183e-8,PE_PCC
191,3977,3978,34265,34266,1.4425857607601708e-8,PE_PCC
192,3978,3979,34266,34267,1.4438372563034995e-8,PE_PCC
193,3979,3980,34267,34268,1.4450887525163349e-8,PE_PCC
194,3980,3981,34268,34269,1.4463402493970328e-8,PE_PCC
195,3981,3982,34269,34270,1.4475917469438752e-8,PE_PCC
196,3982,3983,34270,34271,1.448843245155008e-8,PE_PCC
197,3983,3984,34271,34272,1.4500947440288775e-8,PE_PCC
198,3984,3985,34272,34273,1.4513462435636124e-8,PE_PCC
199,3985,3986,34273,34274,1.4525977437576458e-8,PE_PCC
200,3986,3987,34274,34275,1.4538492446091393e-8,PE_PCC
201,3987,3988,34275,34276,1.4551007461165419e-8,PE_PCC
202,3988,3989,34276,34277,1.4563522482780046e-8,PE_PCC
203,3989,3990,34277,34278,1.4576037510919727e-8,PE_PCC
204,3990,3991,34278,34279,1.4588552545567382e-8,PE_PCC
205,3991,3992,34279,34280,1.4601067586705528e-8,PE_PCC
206,3992,3993,34280,34281,1.4613582634318632e-8,PE_PCC
207,3993,3994,34281,34282,1.4626097688388776e-8,PE_PCC
208,3994,3995,34282,34283,1.4638612748900984e-8,PE_PCC
209,3995,3996,34283,34284,1.4651127815836913e-8,PE_PCC
210,3996,3997,34284,34285,1.4663642889181937e-8,PE_PCC
211,3997,3998,34285,34286,1.4676157968918016e-8,PE_PCC
212,3998,3999,34286,34287,1.4688673055029995e-8,PE_PCC
213,3999,4000,34287,34288,1.4701188147501511e-8,PE_PCC
214,4000,4001,34288,34289,1.4713703246315287e-8,PE_PCC
215,4001,4002,34289,34290,1.4726218351456643e-8,PE_PCC
216,4002,4003,34290,34291,1.4738733462907918e-8,PE_PCC
217,4003,4004,34291,34292,1.475124858065459e-8,PE_PCC
218,4004,4005,34292,34293,1.476376370467915e-8,PE_PCC
219,4005,4006,34293,34294,1.4776278834967142e-8,PE_PCC
220,4006,4007,34294,34295,1.4788793971501098e-8,PE_PCC
221,4007,4008,34295,34296,1.4801309114266433e-8,PE_PCC
222,4008,4009,34296,34297,1.4813824263247225e-8,PE_PCC
223,4009,4010,34297,34298,1.4826339418426691e-8,PE_PCC
224,4010,4011,34298,34299,1.4838854579790622e-8,PE_PCC
225,4011,4012,34299,34300,1.4851369747321862e-8,PE_PCC
226,4012,4013,34300,34301,1.4863884921006365e-8,PE_PCC
227,4013,4014,34301,34302,1.4876400100827083e-8,PE_PCC
228,4014,4015,34302,34303,1.4888915286770046e-8,PE_PCC
229,4015,4016,34303,34304,1.4901430478818335e-8,PE_PCC
230,4016,4017,34304,34305,1.49139456769577e-8,PE_PCC
231,4017,4018,34305,34306,1.4926460881172423e-8,PE_PCC
232,4018,4019,34306,34307,1.4938976091448034e-8,PE_PCC
233,4019,4020,34307,34308,1.4951491307767023e-8,PE_PCC
234,4020,4021,34308,34309,1.496400653011648e-8,PE_PCC
235,4021,4022,34309,34310,1.4976521758480545e-8,PE_PCC
236,4022,4023,34310,34311,1.498903699284491e-8,PE_PCC
237,4023,4024,34311,34312,1.500155223319233e-8,PE_PCC
238,4024,4025,34312,34313,1.5014067479510026e-8,PE_PCC
239,4025,4026,34313,34314,1.5026582731782374e-8,PE_PCC
240,4026,4027,34314,34315,1.5039097989994478e-8,PE_PCC
241,4027,4028,34315,34316,1.505161325413235e-8,PE_PCC
242,4028,4029,34316,34317,1.506412852417894e-8,PE_PCC
243,4029,4030,34317,34318,1.507664380012167e-8,PE_PCC
244,4030,4031,34318,34319,1.5089159081945195e-8,PE_PCC
245,4031,4032,34319,34320,1.510167436963576e-8,PE_PCC
246,4032,4033,34320,34321,1.511418966317634e-8,PE_PCC
247,4033,4034,34321,34322,1.5126704962554866e-8,PE_PCC
248,4034,4035,34322,34323,1.5139220267755904e-8,PE_PCC
249,4035,4036,34323,34324,1.515173557876519e-8,PE_PCC
250,4036,4037,34324,34325,1.5164250895569013e-8,PE_PCC
251,4037,4038,34325,34326,1.5176766218150827e-8,PE_PCC
252,4038,4039,34326,34327,1.5189281546498522e-8,PE_PCC
253,4039,4040,34327,34328,1.5201796880597217e-8,PE_PCC
254,4040,4041,34328,34329,1.521431222043338e-8,PE_PCC
255,4041,4042,34329,34330,1.522682756599072e-8,PE_PCC
256,4042,4043,34330,34331,1.5239342917257175e-8,PE_PCC
257,4043,4044,34331,34332,1.5251858274218275e-8,PE_PCC
258,4044,4045,34332,34333,1.5264373636859698e-8,PE_PCC
259,4045,4046,34333,34334,1.5276889005168396e-8,PE_PCC
260,4046,4047,34334,34335,1.5289404379128144e-8,PE_PCC
261,4047,4048,34335,34336,1.5301919758727384e-8,PE_PCC
262,4048,4049,34336,34337,1.5314435143951496e-8,PE_PCC
263,4049,4050,34337,34338,1.5326950534787446e-8,PE_PCC
264,4050,4051,34338,34339,1.533946593121926e-8,PE_PCC
265,4051,4052,34339,34340,1.5351981333235518e-8,PE_PCC
266,4052,4053,34340,34341,1.5364496740821782e-8,PE_PCC
267,4053,4054,34341,34342,1.5377012153964487e-8,PE_PCC
268,4054,4055,34342,34343,1.5389527572650877e-8,PE_PCC
269,4055,4056,34343,34344,1.5402042996865033e-8,PE_PCC
270,4056,4057,34344,34345,1.5414558426595883e-8,PE_PCC
271,4057,4058,34345,34346,1.54270738618292e-8,PE_PCC
272,4058,4059,34346,34347,1.5439589302552393e-8,PE_PCC
273,4059,4060,34347,34348,1.545210474874977e-8,PE_PCC
274,4060,4061,34348,34349,1.5464620200410385e-8,PE_PCC
275,4061,4062,34349,34350,1.5477135657520215e-8,PE_PCC
276,4062,4063,34350,34351,1.5489651120066046e-8,PE_PCC
277,4063,4064,34351,34352,1.550216658803546e-8,PE_PCC
278,4064,4065,34352,34353,1.5514682061413047e-8,PE_PCC
279,4065,4066,34353,34354,1.5527197540188013e-8,PE_PCC
280,4066,4067,34354,34355,1.5539713024346606e-8,PE_PCC
281,4067,4068,34355,34356,1.5552228513876565e-8,PE_PCC
282,4068,4069,34356,34357,1.5564744008762558e-8,PE_PCC
283,4069,4070,34357,34358,1.5577259508994106e-8,PE_PCC
284,4070,4071,34358,34359,1.558977501455749e-8,PE_PCC
285,4071,4072,34359,34360,1.5602290525439852e-8,PE_PCC
286,4072,4073,34360,34361,1.5614806041629263e-8,PE_PCC
287,4073,4074,34361,34362,1.562732156311051e-8,PE_PCC
288,4074,4075,34362,34363,1.5639837089873465e-8,PE_PCC
289,4075,4076,34363,34364,1.565235262190439e-8,PE_PCC
290,4076,4077,34364,34365,1.566486815919169e-8,PE_PCC
291,4077,4078,34365,34366,1.5677383701720162e-8,PE_PCC
292,4078,4079,34366,34367,1.5689899249479858e-8,PE_PCC
293,4079,4080,34367,34368,1.5702414802457422e-8,PE_PCC
294,4080,4081,34368,34369,1.571493036064029e-8,PE_PCC
295,4081,4082,34369,34370,1.5727445924016912e-8,PE_PCC
296,4082,4083,34370,34371,1.5739961492572517e-8,PE_PCC
297,4083,4084,34371,34372,1.5752477066297108e-8,PE_PCC
298,4084,4085,34372,34373,1.5764992645177647e-8,PE_PCC
299,4085,4086,34373,34374,1.5777508229202496e-8,PE_PCC
300,4086,4087,34374,34375,1.5790023818357248e-8,PE_PCC
301,4087,4088,34375,34376,1.5802539412632035e-8,PE_PCC
302,4088,4089,34376,34377,1.581505501201378e-8,PE_PCC
303,4089,4090,34377,34378,1.582757061649052e-8,PE_PCC
304,4090,4091,34378,34379,1.5840086226050855e-8,PE_PCC
305,4091,4092,34379,34380,1.5852601840680526e-8,PE_PCC
306,4092,4093,34380,34381,1.586511746036972e-8,PE_PCC
307,4093,4094,34381,34382,1.5877633085105838e-8,PE_PCC
308,4094,4095,34382,34383,1.589014871487763e-8,PE_PCC
309,4095,4096,34383,34384,1.590266434967091e-8,PE_PCC
310,4096,4097,34384,34385,1.5915179989476147e-8,PE_PCC
311,4097,4098,34385,34386,1.5927695634280817e-8,PE_PCC
312,4098,4099,34386,34387,1.5940211284073046e-8,PE_PCC
313,4099,4100,34387,34388,1.5952726938841987e-8,PE_PCC
314,4100,4101,34388,34389,1.596524259857345e-8,PE_PCC
315,4101,4102,34389,34390,1.5977758263258232e-8,PE_PCC
316,4102,4103,34390,34391,1.5990273932883886e-8,PE_PCC
317,4103,4104,34391,34392,1.6002789607439626e-8,PE_PCC
318,4104,4105,34392,34393,1.601530528691146e-8,PE_PCC
319,4105,4106,34393,34394,1.6027820971290313e-8,PE_PCC
320,4106,4107,34394,34395,1.6040336660563886e-8,PE_PCC
321,4107,4108,34395,34396,1.6052852354720723e-8,PE_PCC
322,4108,4109,34396,34397,1.606536805375021e-8,PE_PCC
323,4109,4110,34397,34398,1.6077883757638595e-8,PE_PCC
324,4110,4111,34398,34399,1.609039946637685e-8,PE_PCC
325,4111,4112,34399,34400,1.6102915179953028e-8,PE_PCC
326,4112,4113,34400,34401,1.6115430898356524e-8,PE_PCC
327,4113,4114,34401,34402,1.6127946621573688e-8,PE_PCC
328,4114,4115,34402,34403,1.614046234959583e-8,PE_PCC
329,4115,4116,34403,34404,1.615297808241097e-8,PE_PCC
330,4116,4117,34404,34405,1.616549382000785e-8,PE_PCC
331,4117,4118,34405,34406,1.6178009562376253e-8,PE_PCC
332,4118,4119,34406,34407,1.619052530950274e-8,PE_PCC
333,4119,4120,34407,34408,1.6203041061378647e-8,PE_PCC
334,4120,4121,34408,34409,1.6215556817992206e-8,PE_PCC
335,4121,4122,34409,34410,1.622807257933317e-8,PE_PCC
336,4122,4123,34410,34411,1.6240588345388382e-8,PE_PCC
337,4123,4124,34411,34412,1.6253104116149115e-8,PE_PCC
338,4124,4125,34412,34413,1.6265619891604e-8,PE_PCC
339,4125,4126,34413,34414,1.6278135671741893e-8,PE_PCC
340,4126,4127,34414,34415,1.6290651456553083e-8,PE_PCC
341,4127,4128,34415,34416,1.6303167246024175e-8,PE_PCC
342,4128,4129,34416,34417,1.6315683040146956e-8,PE_PCC
343,4129,4130,34417,34418,1.6328198838909914e-8,PE_PCC
344,4130,4131,34418,34419,1.6340714642303342e-8,PE_PCC
345,4131,4132,34419,34420,1.6353230450313874e-8,PE_PCC
346,4132,4133,34420,34421,1.6365746262933576e-8,PE_PCC
347,4133,4134,34421,34422,1.6378262080151042e-8,PE_PCC
348,4134,4135,34422,34423,1.639077790195564e-8,PE_PCC
349,4135,4136,34423,34424,1.6403293728337875e-8,PE_PCC
350,4136,4137,34424,34425,1.6415809559284518e-8,PE_PCC
351,4137,4138,34425,34426,1.6428325394787886e-8,PE_PCC
352,4138,4139,34426,34427,1.644084123483666e-8,PE_PCC
353,4139,4140,34427,34428,1.645335707942125e-8,PE_PCC
354,4140,4141,34428,34429,1.6465872928528838e-8,PE_PCC
355,4141,4142,34429,34430,1.6478388782151645e-8,PE_PCC
356,4142,4143,34430,34431,1.649090464027852e-8,PE_PCC
357,4143,4144,34431,34432,1.6503420502899264e-8,PE_PCC
358,4144,4145,34432,34433,1.6515936370004452e-8,PE_PCC
359,4145,4146,34433,34434,1.65284522415814e-8,PE_PCC
360,4146,4147,34434,34435,1.654096811762246e-8,PE_PCC
361,4147,4148,34435,34436,1.6553483998116697e-8,PE_PCC
362,4148,4149,34436,34437,1.656599988305483e-8,PE_PCC
363,4149,4150,34437,34438,1.657851577242429e-8,PE_PCC
364,4150,4151,34438,34439,1.6591031666217558e-8,PE_PCC
365,4151,4152,34439,34440,1.6603547564423798e-8,PE_PCC
366,4152,4153,34440,34441,1.6616063467033008e-8,PE_PCC
367,4153,4154,34441,34442,1.662857937403617e-8,PE_PCC
368,4154,4155,34442,34443,1.6641095285420755e-8,PE_PCC
369,4155,4156,34443,34444,1.6653611201179407e-8,PE_PCC
370,4156,4157,34444,34445,1.666612712130153e-8,PE_PCC
371,4157,4158,34445,34446,1.6678643045778053e-8,PE_PCC
372,4158,4159,34446,34447,1.6691158974596673e-8,PE_PCC
373,4159,4160,34447,34448,1.6703674907750162e-8,PE_PCC
374,4160,4161,34448,34449,1.6716190845227956e-8,PE_PCC
375,4161,4162,34449,34450,1.672870678702037e-8,PE_PCC
376,4162,4163,34450,34451,1.6741222733118413e-8,PE_PCC
377,4163,4164,34451,34452,1.6753738683510145e-8,PE_PCC
378,4164,4165,34452,34453,1.676625463818833e-8,PE_PCC
379,4165,4166,34453,34454,1.677877059714253e-8,PE_PCC
380,4166,4167,34454,34455,1.6791286560364155e-8,PE_PCC
381,4167,4168,34455,34456,1.6803802527840945e-8,PE_PCC
382,4168,4169,34456,34457,1.681631849956608e-8,PE_PCC
383,4169,4170,34457,34458,1.682883447552912e-8,PE_PCC
384,4170,4171,34458,34459,1.684135045572167e-8,PE_PCC
385,4171,4172,34459,34460,1.6853866440131488e-8,PE_PCC
386,4172,4173,34460,34461,1.6866382428751938e-8,PE_PCC
387,4173,4174,34461,34462,1.6878898421572714e-8,PE_PCC
388,4174,4175,34462,34463,1.6891414418584524e-8,PE_PCC
389,4175,4176,34463,34464,1.690393041977889e-8,PE_PCC
390,4176,4177,34464,34465,1.691644642514392e-8,PE_PCC
391,4177,4178,34465,34466,1.692896243467297e-8,PE_PCC
392,4178,4179,34466,34467,1.6941478448356015e-8,PE_PCC
393,4179,4180,34467,34468,1.6953994466184655e-8,PE_PCC
394,4180,4181,34468,34469,1.6966510488147058e-8,PE_PCC
395,4181,4182,34469,34470,1.697902651423679e-8,PE_PCC
396,4182,4183,34470,34471,1.6991542544443844e-8,PE_PCC
397,4183,4184,34471,34472,1.7004058578759087e-8,PE_PCC
398,4184,4185,34472,34473,1.701657461717436e-8,PE_PCC
399,4185,4186,34473,34474,1.7029090659677993e-8,PE_PCC
400,4186,4187,34474,34475,1.7041606706263547e-8,PE_PCC
401,4187,4188,34475,34476,1.7054122756921262e-8,PE_PCC
402,4188,4189,34476,34477,1.706663881164297e-8,PE_PCC
403,4189,4190,34477,34478,1.7079154870417177e-8,PE_PCC
404,4190,4191,34478,34479,1.7091670933237547e-8,PE_PCC
405,4191,4192,34479,34480,1.710418700009435e-8,PE_PCC
406,4192,4193,34480,34481,1.711670307097873e-8,PE_PCC
407,4193,4194,34481,34482,1.7129219145882725e-8,PE_PCC
408,4194,4195,34482,34483,1.7141735224794928e-8,PE_PCC
409,4195,4196,34483,34484,1.7154251307709156e-8,PE_PCC
410,4196,4197,34484,34485,1.7166767394615805e-8,PE_PCC
411,4197,4198,34485,34486,1.717928348550703e-8,PE_PCC
412,4198,4199,34486,34487,1.7191799580371485e-8,PE_PCC
413,4199,4200,34487,34488,1.7204315679203107e-8,PE_PCC
414,4200,4201,34488,34489,1.721683178199242e-8,PE_PCC
415,4201,4202,34489,34490,1.722934788873073e-8,PE_PCC
416,4202,4203,34490,34491,1.7241863999410415e-8,PE_PCC
417,4203,4204,34491,34492,1.725438011402017e-8,PE_PCC
418,4204,4205,34492,34493,1.7266896232554125e-8,PE_PCC
419,4205,4206,34493,34494,1.7279412355002855e-8,PE_PCC
420,4206,4207,34494,34495,1.729192848135879e-8,PE_PCC
421,4207,4208,34495,34496,1.7304444611610734e-8,PE_PCC
422,4208,4209,34496,34497,1.7316960745752936e-8,PE_PCC
423,4209,4210,34497,34498,1.7329476883776018e-8,PE_PCC
424,4210,4211,34498,34499,1.7341993025671665e-8,PE_PCC
425,4211,4212,34499,34500,1.7354509171432435e-8,PE_PCC
426,4212,4213,34500,34501,1.7367025321047034e-8,PE_PCC
427,4213,4214,34501,34502,1.7379541474510196e-8,PE_PCC
428,4214,4215,34502,34503,1.7392057631812373e-8,PE_PCC
429,4215,4216,34503,34504,1.740457379294636e-8,PE_PCC
430,4216,4217,34504,34505,1.7417089957901124e-8,PE_PCC
431,4217,4218,34505,34506,1.742960612667128e-8,PE_PCC
432,4218,4219,34506,34507,1.7442122299247616e-8,PE_PCC
433,4219,4220,34507,34508,1.745463847562171e-8,PE_PCC
434,4220,4221,34508,34509,1.7467154655786787e-8,PE_PCC
435,4221,4222,34509,34510,1.7479670839731572e-8,PE_PCC
436,4222,4223,34510,34511,1.74921870274509e-8,PE_PCC
437,4223,4224,34511,34512,1.7504703218935698e-8,PE_PCC
438,4224,4225,34512,34513,1.75172194141787e-8,PE_PCC
439,4225,4226,34513,34514,1.752973561316938e-8,PE_PCC
440,4226,4227,34514,34515,1.7542251815902157e-8,PE_PCC
441,4227,4228,34515,34516,1.75547680223683e-8,PE_PCC
442,4228,4229,34516,34517,1.7567284232559773e-8,PE_PCC
443,4229,4230,34517,34518,1.7579800446469563e-8,PE_PCC
444,4230,4231,34518,34519,1.7592316664086967e-8,PE_PCC
445,4231,4232,34519,34520,1.7604832885406806e-8,PE_PCC
446,4232,4233,34520,34521,1.7617349110420287e-8,PE_PCC
447,4233,4234,34521,34522,1.762986533912046e-8,PE_PCC
448,4234,4235,34522,34523,1.7642381571496768e-8,PE_PCC
449,4235,4236,34523,34524,1.765489780754409e-8,PE_PCC
450,4236,4237,34524,34525,1.766741404725371e-8,PE_PCC
451,4237,4238,34525,34526,1.7679930290617872e-8,PE_PCC
452,4238,4239,34526,34527,1.7692446537629716e-8,PE_PCC
453,4239,4240,34527,34528,1.7704962788278785e-8,PE_PCC
454,4240,4241,34528,34529,1.771747904256011e-8,PE_PCC
455,4241,4242,34529,34530,1.7729995300465075e-8,PE_PCC
456,4242,4243,34530,34531,1.7742511561986884e-8,PE_PCC
457,4243,4244,34531,34532,1.7755027827115227e-8,PE_PCC
458,4244,4245,34532,34533,1.77675440958452e-8,PE_PCC
459,4245,4246,34533,34534,1.778006036816914e-8,PE_PCC
460,4246,4247,34534,34535,1.7792576644075872e-8,PE_PCC
461,4247,4248,34535,34536,1.780509292356424e-8,PE_PCC
462,4248,4249,34536,34537,1.781760920661932e-8,PE_PCC
463,4249,4250,34537,34538,1.7830125493240985e-8,PE_PCC
464,4250,4251,34538,34539,1.7842641783416135e-8,PE_PCC
465,4251,4252,34539,34540,1.7855158077137488e-8,PE_PCC
466,4252,4253,34540,34541,1.786767437440286e-8,PE_PCC
467,4253,4254,34541,34542,1.7880190675197672e-8,PE_PCC
468,4254,4255,34542,34543,1.7892706979521704e-8,PE_PCC
469,4255,4256,34543,34544,1.7905223287362176e-8,PE_PCC
470,4256,4257,34544,34545,1.7917739598711625e-8,PE_PCC
471,4257,4258,34545,34546,1.7930255913568187e-8,PE_PCC
472,4258,4259,34546,34547,1.794277223191918e-8,PE_PCC
473,4259,4260,34547,34548,1.7955288553757084e-8,PE_PCC
474,4260,4261,34548,34549,1.796780487908035e-8,PE_PCC
475,4261,4262,34549,34550,1.798032120787416e-8,PE_PCC
476,4262,4263,34550,34551,1.7992837540138606e-8,PE_PCC
477,4263,4264,34551,34552,1.8005353875861116e-8,PE_PCC
478,4264,4265,34552,34553,1.8017870215034383e-8,PE_PCC
479,4265,4266,34553,34554,1.803038655765671e-8,PE_PCC
480,4266,4267,34554,34555,1.804290290371361e-8,PE_PCC
481,4267,4268,34555,34556,1.8055419253205213e-8,PE_PCC
482,4268,4269,34556,34557,1.8067935606119012e-8,PE_PCC
483,4269,4270,34557,34558,1.8080451962447776e-8,PE_PCC
484,4270,4271,34558,34559,1.8092968322190003e-8,PE_PCC
485,4271,4272,34559,34560,1.8105484685331192e-8,PE_PCC
486,4272,4273,34560,34561,1.8118001051871782e-8,PE_PCC
487,4273,4274,34561,34562,1.8130517421799042e-8,PE_PCC
488,4274,4275,34562,34563,1.8143033795106022e-8,PE_PCC
489,4275,4276,34563,34564,1.815555017179137e-8,PE_PCC
490,4276,4277,34564,34565,1.8168066551842434e-8,PE_PCC
491,4277,4278,34565,34566,1.8180582935252317e-8,PE_PCC
492,4278,4279,34566,34567,1.8193099322019647e-8,PE_PCC
493,4279,4280,34567,34568,1.8205615712130047e-8,PE_PCC
494,4280,4281,34568,34569,1.82181321055841e-8,PE_PCC
495,4281,4282,34569,34570,1.823064850236931e-8,PE_PCC
496,4282,4283,34570,34571,1.8243164902478837e-8,PE_PCC
497,4283,4284,34571,34572,1.825568130591141e-8,PE_PCC
498,4284,4285,34572,34573,1.826819771265278e-8,PE_PCC
499,4285,4286,34573,34574,1.8280714122703553e-8,PE_PCC
500,4286,4287,34574,34575,1.829323053605142e-8,PE_PCC
501,4287,4288,34575,34576,1.830574695268952e-8,PE_PCC
502,4288,4289,34576,34577,1.8318263372616778e-8,PE_PCC
503,4289,4290,34577,34578,1.8330779795819022e-8,PE_PCC
504,4290,4291,34578,34579,1.834329622229688e-8,PE_PCC
505,4291,4292,34579,34580,1.8355812652038183e-8,PE_PCC
506,4292,4293,34580,34581,1.8368329085036197e-8,PE_PCC
507,4293,4294,34581,34582,1.8380845521289908e-8,PE_PCC
508,4294,4295,34582,34583,1.839336196078704e-8,PE_PCC
509,4295,4296,34583,34584,1.8405878403520987e-8,PE_PCC
510,4296,4297,34584,34585,1.8418394849490673e-8,PE_PCC
511,4297,4298,34585,34586,1.8430911298682213e-8,PE_PCC
512,4298,4299,34586,34587,1.8443427751096317e-8,PE_PCC
513,4299,4300,34587,34588,1.845594420672102e-8,PE_PCC
514,4300,4301,34588,34589,1.846846066554962e-8,PE_PCC
515,4301,4302,34589,34590,1.8480977127581344e-8,PE_PCC
516,4302,4303,34590,34591,1.8493493592802156e-8,PE_PCC
517,4303,4304,34591,34592,1.8506010061213e-8,PE_PCC
518,4304,4305,34592,34593,1.8518526532801918e-8,PE_PCC
519,4305,4306,34593,34594,1.8531043007562382e-8,PE_PCC
520,4306,4307,34594,34595,1.8543559485493708e-8,PE_PCC
521,4307,4308,34595,34596,1.8556075966583702e-8,PE_PCC
522,4308,4309,34596,34597,1.856859245082594e-8,PE_PCC
523,4309,4310,34597,34598,1.8581108938219985e-8,PE_PCC
524,4310,4311,34598,34599,1.8593625428751608e-8,PE_PCC
525,4311,4312,34599,34600,1.8606141922422228e-8,PE_PCC
526,4312,4313,34600,34601,1.8618658419219816e-8,PE_PCC
527,4313,4314,34601,34602,1.863117491913794e-8,PE_PCC
528,4314,4315,34602,34603,1.8643691422176162e-8,PE_PCC
529,4315,4316,34603,34604,1.865620792832052e-8,PE_PCC
530,4316,4317,34604,34605,1.866872443757243e-8,PE_PCC
531,4317,4318,34605,34606,1.868124094991985e-8,PE_PCC
532,4318,4319,34606,34607,1.8693757465356633e-8,PE_PCC
533,4319,4320,34607,34608,1.8706273983882287e-8,PE_PCC
534,4320,4321,34608,34609,1.871879050548297e-8,PE_PCC
535,4321,4322,34609,34610,1.8731307030160146e-8,PE_PCC
536,4322,4323,34610,34611,1.8743823557901925e-8,PE_PCC
537,4323,4324,34611,34612,1.8756340088702205e-8,PE_PCC
538,4324,4325,34612,34613,1.8768856622560575e-8,PE_PCC
539,4325,4326,34613,34614,1.8781373159465173e-8,PE_PCC
540,4326,4327,34614,34615,1.8793889699409935e-8,PE_PCC
541,4327,4328,34615,34616,1.8806406242394515e-8,PE_PCC
542,4328,4329,34616,34617,1.8818922788405204e-8,PE_PCC
543,4329,4330,34617,34618,1.8831439337443615e-8,PE_PCC
544,4330,4331,34618,34619,1.884395588949798e-8,PE_PCC
545,4331,4332,34619,34620,1.8856472444562293e-8,PE_PCC
546,4332,4333,34620,34621,1.8868989002636292e-8,PE_PCC
547,4333,4334,34621,34622,1.8881505563706373e-8,PE_PCC
548,4334,4335,34622,34623,1.889402212777419e-8,PE_PCC
549,4335,4336,34623,34624,1.890653869482808e-8,PE_PCC
550,4336,4337,34624,34625,1.891905526486211e-8,PE_PCC
551,4337,4338,34625,34626,1.8931571837876067e-8,PE_PCC
552,4338,4339,34626,34627,1.8944088413856472e-8,PE_PCC
553,4339,4340,34627,34628,1.895660499280504e-8,PE_PCC
554,4340,4341,34628,34629,1.896912157471018e-8,PE_PCC
555,4341,4342,34629,34630,1.8981638159566046e-8,PE_PCC
556,4342,4343,34630,34631,1.8994154747372534e-8,PE_PCC
557,4343,4344,34631,34632,1.9006671338118063e-8,PE_PCC
558,4344,4345,34632,34633,1.9019187931796808e-8,PE_PCC
559,4345,4346,34633,34634,1.9031704528408878e-8,PE_PCC
560,4346,4347,34634,34635,1.9044221127940607e-8,PE_PCC
561,4347,4348,34635,34636,1.9056737730394034e-8,PE_PCC
562,4348,4349,34636,34637,1.9069254335757685e-8,PE_PCC
563,4349,4350,34637,34638,1.9081770944025748e-8,PE_PCC
564,4350,4351,34638,34639,1.9094287555198255e-8,PE_PCC
565,4351,4352,34639,34640,1.9106804169261873e-8,PE_PCC
566,4352,4353,34640,34641,1.9119320786218635e-8,PE_PCC
567,4353,4354,34641,34642,1.9131837406057116e-8,PE_PCC
568,4354,4355,34642,34643,1.914435402877154e-8,PE_PCC
569,4355,4356,34643,34644,1.915687065436209e-8,PE_PCC
570,4356,4357,34644,34645,1.9169387282815492e-8,PE_PCC
571,4357,4358,34645,34646,1.9181903914133737e-8,PE_PCC
572,4358,4359,34646,34647,1.919442054830563e-8,PE_PCC
573,4359,4360,34647,34648,1.9206937185325344e-8,PE_PCC
574,4360,4361,34648,34649,1.9219453825193358e-8,PE_PCC
575,4361,4362,34649,34650,1.9231970467898036e-8,PE_PCC
576,4362,4363,34650,34651,1.9244487113434126e-8,PE_PCC
577,4363,4364,34651,34652,1.9257003761801742e-8,PE_PCC
578,4364,4365,34652,34653,1.9269520412987638e-8,PE_PCC
579,4365,4366,34653,34654,1.9282037066994114e-8,PE_PCC
580,4366,4367,34654,34655,1.9294553723809858e-8,PE_PCC
581,4367,4368,34655,34656,1.9307070383429393e-8,PE_PCC
582,4368,4369,34656,34657,1.931958704585309e-8,PE_PCC
583,4369,4370,34657,34658,1.933210371106773e-8,PE_PCC
584,4370,4371,34658,34659,1.9344620379075712e-8,PE_PCC
585,4371,4372,34659,34660,1.9357137049865736e-8,PE_PCC
586,4372,4373,34660,34661,1.93696537234324e-8,PE_PCC
587,4373,4374,34661,34662,1.938217039977622e-8,PE_PCC
588,4374,4375,34662,34663,1.9394687078883975e-8,PE_PCC
589,4375,4376,34663,34664,1.940720376075817e-8,PE_PCC
590,4376,4377,34664,34665,1.9419720445387537e-8,PE_PCC
591,4377,4378,34665,34666,1.9432237132766784e-8,PE_PCC
592,4378,4379,34666,34667,1.944475382289646e-8,PE_PCC
593,4379,4380,34667,34668,1.9457270515765452e-8,PE_PCC
594,4380,4381,34668,34669,1.9469787211368327e-8,PE_PCC
595,4381,4382,34669,34670,1.9482303909705857e-8,PE_PCC
596,4382,4383,34670,34671,1.9494820610764792e-8,PE_PCC
597,4383,4384,34671,34672,1.9507337314547838e-8,PE_PCC
598,4384,4385,34672,34673,1.9519854021043907e-8,PE_PCC
599,4385,4386,34673,34674,1.953237073024756e-8,PE_PCC
600,4386,4387,34674,34675,1.9544887442159805e-8,PE_PCC
601,4387,4388,34675,34676,1.9557404156767287e-8,PE_PCC
602,4388,4389,34676,34677,1.9569920874072896e-8,PE_PCC
603,4389,4390,34677,34678,1.9582437594065456e-8,PE_PCC
604,4390,4391,34678,34679,1.9594954316739887e-8,PE_PCC
605,4391,4392,34679,34680,1.9607471042096958e-8,PE_PCC
606,4392,4393,34680,34681,1.961998777012346e-8,PE_PCC
607,4393,4394,34681,34682,1.963250450082254e-8,PE_PCC
608,4394,4395,34682,34683,1.96450212341828e-8,PE_PCC
609,4395,4396,34683,34684,1.9657537970199443e-8,PE_PCC
610,4396,4397,34684,34685,1.9670054708873073e-8,PE_PCC
611,4397,4398,34685,34686,1.9682571450193022e-8,PE_PCC
612,4398,4399,34686,34687,1.9695088194153752e-8,PE_PCC
613,4399,4400,34687,34688,1.9707604940756752e-8,PE_PCC
614,4400,4401,34688,34689,1.9720121689988558e-8,PE_PCC
615,4401,4402,34689,34690,1.9732638441852456e-8,PE_PCC
616,4402,4403,34690,34691,1.97451551963373e-8,PE_PCC
617,4403,4404,34691,34692,1.9757671953438134e-8,PE_PCC
618,4404,4405,34692,34693,1.9770188713155947e-8,PE_PCC
619,4405,4406,34693,34694,1.978270547547795e-8,PE_PCC
620,4406,4407,34694,34695,1.979522224040696e-8,PE_PCC
621,4407,4408,34695,34696,1.9807739007932176e-8,PE_PCC
622,4408,4409,34696,34697,1.9820255778048698e-8,PE_PCC
623,4409,4410,34697,34698,1.983277255075753e-8,PE_PCC
624,4410,4411,34698,34699,1.9845289326045818e-8,PE_PCC
625,4411,4412,34699,34700,1.9857806103916695e-8,PE_PCC
626,4412,4413,34700,34701,1.9870322884359263e-8,PE_PCC
627,4413,4414,34701,34702,1.9882839667368622e-8,PE_PCC
628,4414,4415,34702,34703,1.9895356452946026e-8,PE_PCC
629,4415,4416,34703,34704,1.990787324108057e-8,PE_PCC
630,4416,4417,34704,34705,1.992039003176739e-8,PE_PCC
631,4417,4418,34705,34706,1.9932906825007788e-8,PE_PCC
632,4418,4419,34706,34707,1.994542362078884e-8,PE_PCC
633,4419,4420,34707,34708,1.9957940419113874e-8,PE_PCC
634,4420,4421,34708,34709,1.9970457219972047e-8,PE_PCC
635,4421,4422,34709,34710,1.9982974023358557e-8,PE_PCC
636,4422,4423,34710,34711,1.9995490829274768e-8,PE_PCC
637,4423,4424,34711,34712,2.0008007637707814e-8,PE_PCC
638,4424,4425,34712,34713,2.0020524448661078e-8,PE_PCC
639,4425,4426,34713,34714,2.0033041262123797e-8,PE_PCC
640,4426,4427,34714,34715,2.0045558078091188e-8,PE_PCC
641,4427,4428,34715,34716,2.0058074896564685e-8,PE_PCC
642,4428,4429,34716,34717,2.007059171753154e-8,PE_PCC
643,4429,4430,34717,34718,2.008310854099512e-8,PE_PCC
644,4430,4431,34718,34719,2.009562536694476e-8,PE_PCC
645,4431,4432,34719,34720,2.010814219537569e-8,PE_PCC
646,4432,4433,34720,34721,2.0120659026289553e-8,PE_PCC
647,4433,4434,34721,34722,2.0133175859675422e-8,PE_PCC
648,4434,4435,34722,34723,2.014569269552886e-8,PE_PCC
649,4435,4436,34723,34724,2.0158209533851152e-8,PE_PCC
650,4436,4437,34724,34725,2.0170726374629932e-8,PE_PCC
651,4437,4438,34725,34726,2.0183243217868402e-8,PE_PCC
652,4438,4439,34726,34727,2.0195760063556085e-8,PE_PCC
653,4439,4440,34727,34728,2.02082769116884e-8,PE_PCC
654,4440,4441,34728,34729,2.0220793762266714e-8,PE_PCC
655,4441,4442,34729,34730,2.0233310615278694e-8,PE_PCC
656,4442,4443,34730,34731,2.0245827470727816e-8,PE_PCC
657,4443,4444,34731,34732,2.025834432860326e-8,PE_PCC
658,4444,4445,34732,34733,2.0270861188900846e-8,PE_PCC
659,4445,4446,34733,34734,2.028337805162206e-8,PE_PCC
660,4446,4447,34734,34735,2.0295894916754176e-8,PE_PCC
661,4447,4448,34735,34736,2.0308411784301023e-8,PE_PCC
662,4448,4449,34736,34737,2.0320928654252014e-8,PE_PCC
663,4449,4450,34737,34738,2.033344552660263e-8,PE_PCC
664,4450,4451,34738,34739,2.03459624013546e-8,PE_PCC
665,4451,4452,34739,34740,2.0358479278497432e-8,PE_PCC
666,4452,4453,34740,34741,2.0370996158026596e-8,PE_PCC
667,4453,4454,34741,34742,2.038351303994397e-8,PE_PCC
668,4454,4455,34742,34743,2.039602992423682e-8,PE_PCC
669,4455,4456,34743,34744,2.04085468109091e-8,PE_PCC
670,4456,4457,34744,34745,2.0421063699950214e-8,PE_PCC
671,4457,4458,34745,34746,2.0433580591355832e-8,PE_PCC
672,4458,4459,34746,34747,2.044609748512778e-8,PE_PCC
673,4459,4460,34747,34748,2.045861438125345e-8,PE_PCC
674,4460,4461,34748,34749,2.047113127973682e-8,PE_PCC
675,4461,4462,34749,34750,2.0483648180567337e-8,PE_PCC
676,4462,4463,34750,34751,2.0496165083740698e-8,PE_PCC
677,4463,4464,34751,34752,2.0508681989258858e-8,PE_PCC
678,4464,4465,34752,34753,2.052119889710919e-8,PE_PCC
679,4465,4466,34753,34754,2.0533715807295772e-8,PE_PCC
680,4466,4467,34754,34755,2.0546232719808108e-8,PE_PCC
681,4467,4468,34755,34756,2.055874963464188e-8,PE_PCC
682,4468,4469,34756,34757,2.057126655179917e-8,PE_PCC
683,4469,4470,34757,34758,2.058378347126943e-8,PE_PCC
684,4470,4471,34758,34759,2.059630039304853e-8,PE_PCC
685,4471,4472,34759,34760,2.0608817317138437e-8,PE_PCC
686,4472,4473,34760,34761,2.0621334243526572e-8,PE_PCC
687,4473,4474,34761,34762,2.063385117221724e-8,PE_PCC
688,4474,4475,34762,34763,2.0646368103199854e-8,PE_PCC
689,4475,4476,34763,34764,2.065888503647033e-8,PE_PCC
690,4476,4477,34764,34765,2.067140197203071e-8,PE_PCC
691,4477,4478,34765,34766,2.0683918909868514e-8,PE_PCC
692,4478,4479,34766,34767,2.0696435849987946e-8,PE_PCC
693,4479,4480,34767,34768,2.0708952792378717e-8,PE_PCC
694,4480,4481,34768,34769,2.072146973703652e-8,PE_PCC
695,4481,4482,34769,34770,2.073398668396375e-8,PE_PCC
696,4482,4483,34770,34771,2.074650363314768e-8,PE_PCC
697,4483,4484,34771,34772,2.0759020584592716e-8,PE_PCC
698,4484,4485,34772,34773,2.077153753828854e-8,PE_PCC
699,4485,4486,34773,34774,2.0784054494231076e-8,PE_PCC
700,4486,4487,34774,34775,2.0796571452422393e-8,PE_PCC
701,4487,4488,34775,34776,2.0809088412852365e-8,PE_PCC
702,4488,4489,34776,34777,2.08216053755169e-8,PE_PCC
703,4489,4490,34777,34778,2.0834122340418074e-8,PE_PCC
704,4490,4491,34778,34779,2.0846639307543706e-8,PE_PCC
705,4491,4492,34779,34780,2.0859156276898106e-8,PE_PCC
706,4492,4493,34780,34781,2.0871673248470936e-8,PE_PCC
707,4493,4494,34781,34782,2.088419022225821e-8,PE_PCC
708,4494,4495,34782,34783,2.0896707198262293e-8,PE_PCC
709,4495,4496,34783,34784,2.0909224176470703e-8,PE_PCC
710,4496,4497,34784,34785,2.0921741156888052e-8,PE_PCC
711,4497,4498,34785,34786,2.093425813950389e-8,PE_PCC
712,4498,4499,34786,34787,2.0946775124314413e-8,PE_PCC
713,4499,4500,34787,34788,2.0959292111321957e-8,PE_PCC
714,4500,4501,34788,34789,2.097180910051411e-8,PE_PCC
715,4501,4502,34789,34790,2.098432609189551e-8,PE_PCC
716,4502,4503,34790,34791,2.0996843085455786e-8,PE_PCC
717,4503,4504,34791,34792,2.1009360081191144e-8,PE_PCC
718,4504,4505,34792,34793,2.1021877079103972e-8,PE_PCC
719,4505,4506,34793,34794,2.103439407918408e-8,PE_PCC
720,4506,4507,34794,34795,2.104691108142756e-8,PE_PCC
721,4507,4508,34795,34796,2.105942808583697e-8,PE_PCC
722,4508,4509,34796,34797,2.10719450923999e-8,PE_PCC
723,4509,4510,34797,34798,2.1084462101121057e-8,PE_PCC
724,4510,4511,34798,34799,2.1096979111990226e-8,PE_PCC
725,4511,4512,34799,34800,2.110949612500351e-8,PE_PCC
726,4512,4513,34800,34801,2.1122013140163587e-8,PE_PCC
727,4513,4514,34801,34802,2.1134530157458064e-8,PE_PCC
728,4514,4515,34802,34803,2.114704717689166e-8,PE_PCC
729,4515,4516,34803,34804,2.1159564198454243e-8,PE_PCC
730,4516,4517,34804,34805,2.1172081222142012e-8,PE_PCC
731,4517,4518,34805,34806,2.118459824795753e-8,PE_PCC
732,4518,4519,34806,34807,2.1197115275888618e-8,PE_PCC
733,4519,4520,34807,34808,2.120963230593995e-8,PE_PCC
734,4520,4521,34808,34809,2.1222149338101517e-8,PE_PCC
735,4521,4522,34809,34810,2.1234666372369313e-8,PE_PCC
736,4522,4523,34810,34811,2.124718340874646e-8,PE_PCC
737,4523,4524,34811,34812,2.1259700447222332e-8,PE_PCC
738,4524,4525,34812,34813,2.127221748779361e-8,PE_PCC
739,4525,4526,34813,34814,2.128473453046275e-8,PE_PCC
740,4526,4527,34814,34815,2.129725157521761e-8,PE_PCC
741,4527,4528,34815,34816,2.1309768622063226e-8,PE_PCC
742,4528,4529,34816,34817,2.1322285670989152e-8,PE_PCC
743,4529,4530,34817,34818,2.1334802721992003e-8,PE_PCC
744,4530,4531,34818,34819,2.1347319775074506e-8,PE_PCC
745,4531,4532,34819,34820,2.1359836830224225e-8,PE_PCC
746,4532,4533,34820,34821,2.1372353887446462e-8,PE_PCC
747,4533,4534,34821,34822,2.138487094673087e-8,PE_PCC
748,4534,4535,34822,34823,2.1397388008073777e-8,PE_PCC
749,4535,4536,34823,34824,2.1409905071478428e-8,PE_PCC
750,4536,4537,34824,34825,2.14224221369321e-8,PE_PCC
751,4537,4538,34825,34826,2.143493920444013e-8,PE_PCC
752,4538,4539,34826,34827,2.1447456273992394e-8,PE_PCC
753,4539,4540,34827,34828,2.145997334558516e-8,PE_PCC
754,4540,4541,34828,34829,2.1472490419221665e-8,PE_PCC
755,4541,4542,34829,34830,2.148500749489151e-8,PE_PCC
756,4542,4543,34830,34831,2.149752457259129e-8,PE_PCC
757,4543,4544,34831,34832,2.151004165232405e-8,PE_PCC
758,4544,4545,34832,34833,2.1522558734077353e-8,PE_PCC
759,4545,4546,34833,34834,2.153507581785659e-8,PE_PCC
760,4546,4547,34834,34835,2.1547592903651562e-8,PE_PCC
761,4547,4548,34835,34836,2.156010999145879e-8,PE_PCC
762,4548,4549,34836,34837,2.1572627081281345e-8,PE_PCC
763,4549,4550,34837,34838,2.158514417310692e-8,PE_PCC
764,4550,4551,34838,34839,2.1597661266940855e-8,PE_PCC
765,4551,4552,34839,34840,2.1610178362773054e-8,PE_PCC
766,4552,4553,34840,34841,2.1622695460600046e-8,PE_PCC
767,4553,4554,34841,34842,2.1635212560424963e-8,PE_PCC
768,4554,4555,34842,34843,2.164772966223774e-8,PE_PCC
769,4555,4556,34843,34844,2.1660246766034915e-8,PE_PCC
770,4556,4557,34844,34845,2.1672763871819708e-8,PE_PCC
771,4557,4558,34845,34846,2.1685280979579795e-8,PE_PCC
772,4558,4559,34846,34847,2.169779808932063e-8,PE_PCC
773,4559,4560,34847,34848,2.1710315201032118e-8,PE_PCC
774,4560,4561,34848,34849,2.1722832314710894e-8,PE_PCC
775,4561,4562,34849,34850,2.1735349430360236e-8,PE_PCC
776,4562,4563,34850,34851,2.174786654796777e-8,PE_PCC
777,4563,4564,34851,34852,2.1760383667539023e-8,PE_PCC
778,4564,4565,34852,34853,2.1772900789064034e-8,PE_PCC
779,4565,4566,34853,34854,2.178541791253931e-8,PE_PCC
780,4566,4567,34854,34855,2.179793503796834e-8,PE_PCC
781,4567,4568,34855,34856,2.1810452165338618e-8,PE_PCC
782,4568,4569,34856,34857,2.1822969294655803e-8,PE_PCC
783,4569,4570,34857,34858,2.1835486425910062e-8,PE_PCC
784,4570,4571,34858,34859,2.1848003559097787e-8,PE_PCC
785,4571,4572,34859,34860,2.186052069422249e-8,PE_PCC
786,4572,4573,34860,34861,2.1873037831274103e-8,PE_PCC
787,4573,4574,34861,34862,2.1885554970249412e-8,PE_PCC
788,4574,4575,34862,34863,2.1898072111151543e-8,PE_PCC
789,4575,4576,34863,34864,2.1910589253968755e-8,PE_PCC
790,4576,4577,34864,34865,2.1923106398706205e-8,PE_PCC
791,4577,4578,34865,34866,2.1935623545354134e-8,PE_PCC
792,4578,4579,34866,34867,2.1948140693909253e-8,PE_PCC
793,4579,4580,34867,34868,2.196065784437505e-8,PE_PCC
794,4580,4581,34868,34869,2.1973174996739162e-8,PE_PCC
795,4581,4582,34869,34870,2.1985692151007535e-8,PE_PCC
796,4582,4583,34870,34871,2.1998209307169993e-8,PE_PCC
797,4583,4584,34871,34872,2.201072646522335e-8,PE_PCC
798,4584,4585,34872,34873,2.202324362517121e-8,PE_PCC
799,4585,4586,34873,34874,2.2035760787001204e-8,PE_PCC
800,4586,4587,34874,34875,2.2048277950719275e-8,PE_PCC
801,4587,4588,34875,34876,2.2060795116315304e-8,PE_PCC
802,4588,4589,34876,34877,2.2073312283786347e-8,PE_PCC
803,4589,4590,34877,34878,2.2085829453135643e-8,PE_PCC
804,4590,4591,34878,34879,2.2098346624353473e-8,PE_PCC
805,4591,4592,34879,34880,2.211086379743659e-8,PE_PCC
806,4592,4593,34880,34881,2.212338097238859e-8,PE_PCC
807,4593,4594,34881,34882,2.213589814919731e-8,PE_PCC
808,4594,4595,34882,34883,2.214841532786857e-8,PE_PCC
809,4595,4596,34883,34884,2.216093250839251e-8,PE_PCC
810,4596,4597,34884,34885,2.2173449690765957e-8,PE_PCC
811,4597,4598,34885,34886,2.2185966874992552e-8,PE_PCC
812,4598,4599,34886,34887,2.2198484061060124e-8,PE_PCC
813,4599,4600,34887,34888,2.2211001248974618e-8,PE_PCC
814,4600,4601,34888,34889,2.2223518438726134e-8,PE_PCC
815,4601,4602,34889,34890,2.2236035630311514e-8,PE_PCC
816,4602,4603,34890,34891,2.2248552823734534e-8,PE_PCC
817,4603,4604,34891,34892,2.2261070018982987e-8,PE_PCC
818,4604,4605,34892,34893,2.2273587216062884e-8,PE_PCC
819,4605,4606,34893,34894,2.228610441496428e-8,PE_PCC
820,4606,4607,34894,34895,2.2298621615684157e-8,PE_PCC
821,4607,4608,34895,34896,2.2311138818226314e-8,PE_PCC
822,4608,4609,34896,34897,2.232365602258074e-8,PE_PCC
823,4609,4610,34897,34898,2.233617322874449e-8,PE_PCC
824,4610,4611,34898,34899,2.2348690436721354e-8,PE_PCC
825,4611,4612,34899,34900,2.236120764649908e-8,PE_PCC
826,4612,4613,34900,34901,2.2373724858083935e-8,PE_PCC
827,4613,4614,34901,34902,2.2386242071465788e-8,PE_PCC
828,4614,4615,34902,34903,2.2398759286641905e-8,PE_PCC
829,4615,4616,34903,34904,2.241127650361599e-8,PE_PCC
830,4616,4617,34904,34905,2.2423793722375737e-8,PE_PCC
831,4617,4618,34905,34906,2.243631094292768e-8,PE_PCC
832,4618,4619,34906,34907,2.2448828165261732e-8,PE_PCC
833,4619,4620,34907,34908,2.2461345389374735e-8,PE_PCC
834,4620,4621,34908,34909,2.2473862615271004e-8,PE_PCC
835,4621,4622,34909,34910,2.2486379842938078e-8,PE_PCC
836,4622,4623,34910,34911,2.2498897072382154e-8,PE_PCC
837,4623,4624,34911,34912,2.2511414303593726e-8,PE_PCC
838,4624,4625,34912,34913,2.252393153656949e-8,PE_PCC
839,4625,4626,34913,34914,2.2536448771313504e-8,PE_PCC
840,4626,4627,34914,34915,2.2548966007816054e-8,PE_PCC
841,4627,4628,34915,34916,2.2561483246074008e-8,PE_PCC
842,4628,4629,34916,34917,2.2574000486091474e-8,PE_PCC
843,4629,4630,34917,34918,2.258651772785637e-8,PE_PCC
844,4630,4631,34918,34919,2.2599034971374856e-8,PE_PCC
845,4631,4632,34919,34920,2.2611552216637173e-8,PE_PCC
846,4632,4633,34920,34921,2.2624069463640477e-8,PE_PCC
847,4633,4634,34921,34922,2.2636586712388725e-8,PE_PCC
848,4634,4635,34922,34923,2.2649103962869844e-8,PE_PCC
849,4635,4636,34923,34924,2.2661621215090153e-8,PE_PCC
850,4636,4637,34924,34925,2.267413846903992e-8,PE_PCC
851,4637,4638,34925,34926,2.2686655724716214e-8,PE_PCC
852,4638,4639,34926,34927,2.2699172982123088e-8,PE_PCC
853,4639,4640,34927,34928,2.2711690241248535e-8,PE_PCC
854,4640,4641,34928,34929,2.2724207502098855e-8,PE_PCC
855,4641,4642,34929,34930,2.2736724764664332e-8,PE_PCC
856,4642,4643,34930,34931,2.274924202894212e-8,PE_PCC
857,4643,4644,34931,34932,2.276175929493631e-8,PE_PCC
858,4644,4645,34932,34933,2.2774276562637153e-8,PE_PCC
859,4645,4646,34933,34934,2.278679383204185e-8,PE_PCC
860,4646,4647,34934,34935,2.2799311103154476e-8,PE_PCC
861,4647,4648,34935,34936,2.2811828375963062e-8,PE_PCC
862,4648,4649,34936,34937,2.2824345650473953e-8,PE_PCC
863,4649,4650,34937,34938,2.2836862926677556e-8,PE_PCC
864,4650,4651,34938,34939,2.2849380204570878e-8,PE_PCC
865,4651,4652,34939,34940,2.286189748415838e-8,PE_PCC
866,4652,4653,34940,34941,2.2874414765427715e-8,PE_PCC
867,4653,4654,34941,34942,2.2886932048385586e-8,PE_PCC
868,4654,4655,34942,34943,2.289944933302222e-8,PE_PCC
869,4655,4656,34943,34944,2.2911966619334863e-8,PE_PCC
870,4656,4657,34944,34945,2.292448390732766e-8,PE_PCC
871,4657,4658,34945,34946,2.2937001196988718e-8,PE_PCC
872,4658,4659,34946,34947,2.2949518488324403e-8,PE_PCC
873,4659,4660,34947,34948,2.296203578132529e-8,PE_PCC
874,4660,4661,34948,34949,2.2974553075988482e-8,PE_PCC
875,4661,4662,34949,34950,2.2987070372318085e-8,PE_PCC
876,4662,4663,34950,34951,2.2999587670304693e-8,PE_PCC
877,4663,4664,34951,34952,2.3012104969945406e-8,PE_PCC
878,4664,4665,34952,34953,2.3024622271244608e-8,PE_PCC
879,4665,4666,34953,34954,2.3037139574190252e-8,PE_PCC
880,4666,4667,34954,34955,2.3049656878788925e-8,PE_PCC
881,4667,4668,34955,34956,2.306217418503106e-8,PE_PCC
882,4668,4669,34956,34957,2.3074691492913864e-8,PE_PCC
883,4669,4670,34957,34958,2.3087208802441666e-8,PE_PCC
884,4670,4671,34958,34959,2.3099726113602676e-8,PE_PCC
885,4671,4672,34959,34960,2.3112243426403202e-8,PE_PCC
886,4672,4673,34960,34961,2.312476074083389e-8,PE_PCC
887,4673,4674,34961,34962,2.3137278056891964e-8,PE_PCC
888,4674,4675,34962,34963,2.3149795374581808e-8,PE_PCC
889,4675,4676,34963,34964,2.3162312693891428e-8,PE_PCC
890,4676,4677,34964,34965,2.317483001482763e-8,PE_PCC
891,4677,4678,34965,34966,2.3187347337380577e-8,PE_PCC
892,4678,4679,34966,34967,2.3199864661547832e-8,PE_PCC
893,4679,4680,34967,34968,2.321238198733372e-8,PE_PCC
894,4680,4681,34968,34969,2.3224899314728676e-8,PE_PCC
895,4681,4682,34969,34970,2.3237416643729924e-8,PE_PCC
896,4682,4683,34970,34971,2.3249933974342143e-8,PE_PCC
897,4683,4684,34971,34972,2.3262451306553153e-8,PE_PCC
898,4684,4685,34972,34973,2.3274968640369857e-8,PE_PCC
899,4685,4686,34973,34974,2.3287485975782615e-8,PE_PCC
900,4686,4687,34974,34975,2.3300003312788798e-8,PE_PCC
901,4687,4688,34975,34976,2.3312520651392987e-8,PE_PCC
902,4688,4689,34976,34977,2.3325037991583097e-8,PE_PCC
903,4689,4690,34977,34978,2.3337555333366086e-8,PE_PCC
904,4690,4691,34978,34979,2.335007267673228e-8,PE_PCC
905,4691,4692,34979,34980,2.336259002167908e-8,PE_PCC
906,4692,4693,34980,34981,2.3375107368211142e-8,PE_PCC
907,4693,4694,34981,34982,2.3387624716316384e-8,PE_PCC
908,4694,4695,34982,34983,2.3400142066001767e-8,PE_PCC
909,4695,4696,34983,34984,2.3412659417257677e-8,PE_PCC
910,4696,4697,34984,34985,2.342517677008156e-8,PE_PCC
911,4697,4698,34985,34986,2.3437694124478003e-8,PE_PCC
912,4698,4699,34986,34987,2.345021148043748e-8,PE_PCC
913,4699,4700,34987,34988,2.346272883795728e-8,PE_PCC
914,4700,4701,34988,34989,2.3475246197042332e-8,PE_PCC
915,4701,4702,34989,34990,2.3487763557680287e-8,PE_PCC
916,4702,4703,34990,34991,2.3500280919878504e-8,PE_PCC
917,4703,4704,34991,34992,2.3512798283624683e-8,PE_PCC
918,4704,4705,34992,34993,2.3525315648928483e-8,PE_PCC
919,4705,4706,34993,34994,2.3537833015770524e-8,PE_PCC
920,4706,4707,34994,34995,2.355035038416289e-8,PE_PCC
921,4707,4708,34995,34996,2.356286775410301e-8,PE_PCC
922,4708,4709,34996,34997,2.3575385125574055e-8,PE_PCC
923,4709,4710,34997,34998,2.3587902498587886e-8,PE_PCC
924,4710,4711,34998,34999,2.360041987313742e-8,PE_PCC
925,4711,4712,34999,35000,2.361293724922493e-8,PE_PCC
926,4712,4713,35000,35001,2.36254546268335e-8,PE_PCC
927,4713,4714,35001,35002,2.3637972005975242e-8,PE_PCC
928,4714,4715,35002,35003,2.365048938664769e-8,PE_PCC
929,4715,4716,35003,35004,2.3663006768833873e-8,PE_PCC
930,4716,4717,35004,35005,2.3675524152545992e-8,PE_PCC
931,4717,4718,35005,35006,2.3688041537781592e-8,PE_PCC
932,4718,4719,35006,35007,2.3700558924523687e-8,PE_PCC
933,4719,4720,35007,35008,2.371307631278444e-8,PE_PCC
934,4720,4721,35008,35009,2.3725593702556704e-8,PE_PCC
935,4721,4722,35009,35010,2.373811109384274e-8,PE_PCC
936,4722,4723,35010,35011,2.3750628486625834e-8,PE_PCC
937,4723,4724,35011,35012,2.376314588091798e-8,PE_PCC
938,4724,4725,35012,35013,2.3775663276716855e-8,PE_PCC
939,4725,4726,35013,35014,2.3788180674005615e-8,PE_PCC
940,4726,4727,35014,35015,2.380069807279636e-8,PE_PCC
941,4727,4728,35015,35016,2.3813215473086706e-8,PE_PCC
942,4728,4729,35016,35017,2.382573287485985e-8,PE_PCC
943,4729,4730,35017,35018,2.383825027812789e-8,PE_PCC
944,4730,4731,35018,35019,2.3850767682888548e-8,PE_PCC
945,4731,4732,35019,35020,2.38632850891249e-8,PE_PCC
946,4732,4733,35020,35021,2.3875802496849163e-8,PE_PCC
947,4733,4734,35021,35022,2.388831990605416e-8,PE_PCC
948,4734,4735,35022,35023,2.3900837316742426e-8,PE_PCC
949,4735,4736,35023,35024,2.391335472889705e-8,PE_PCC
950,4736,4737,35024,35025,2.392587214253032e-8,PE_PCC
951,4737,4738,35025,35026,2.3938389557639923e-8,PE_PCC
952,4738,4739,35026,35027,2.3950906974208873e-8,PE_PCC
953,4739,4740,35027,35028,2.3963424392249613e-8,PE_PCC
954,4740,4741,35028,35029,2.3975941811759746e-8,PE_PCC
955,4741,4742,35029,35030,2.3988459232722448e-8,PE_PCC
956,4742,4743,35030,35031,2.4000976655149832e-8,PE_PCC
957,4743,4744,35031,35032,2.401349407903999e-8,PE_PCC
958,4744,4745,35032,35033,2.4026011504375635e-8,PE_PCC
959,4745,4746,35033,35034,2.4038528931169368e-8,PE_PCC
960,4746,4747,35034,35035,2.4051046359413983e-8,PE_PCC
961,4747,4748,35035,35036,2.4063563789112033e-8,PE_PCC
962,4748,4749,35036,35037,2.4076081220246625e-8,PE_PCC
963,4749,4750,35037,35038,2.4088598652830314e-8,PE_PCC
964,4750,4751,35038,35039,2.410111608686068e-8,PE_PCC
965,4751,4752,35039,35040,2.4113633522320765e-8,PE_PCC
966,4752,4753,35040,35041,2.4126150959223168e-8,PE_PCC
967,4753,4754,35041,35042,2.413866839756563e-8,PE_PCC
968,4754,4755,35042,35043,2.4151185837331136e-8,PE_PCC
969,4755,4756,35043,35044,2.4163703278532116e-8,PE_PCC
970,4756,4757,35044,35045,2.4176220721161636e-8,PE_PCC
971,4757,4758,35045,35046,2.4188738165222212e-8,PE_PCC
972,4758,4759,35046,35047,2.420125561069703e-8,PE_PCC
973,4759,4760,35047,35048,2.4213773057598622e-8,PE_PCC
974,4760,4761,35048,35049,2.4226290505924512e-8,PE_PCC
975,4761,4762,35049,35050,2.423880795565813e-8,PE_PCC
976,4762,4763,35050,35051,2.425132540681178e-8,PE_PCC
977,4763,4764,35051,35052,2.4263842859383506e-8,PE_PCC
978,4764,4765,35052,35053,2.427636031335601e-8,PE_PCC
979,4765,4766,35053,35054,2.428887776874216e-8,PE_PCC
980,4766,4767,35054,35055,2.430139522553975e-8,PE_PCC
981,4767,4768,35055,35056,2.4313912683731695e-8,PE_PCC
982,4768,4769,35056,35057,2.4326430143330724e-8,PE_PCC
983,4769,4770,35057,35058,2.4338947604329702e-8,PE_PCC
984,4770,4771,35058,35059,2.4351465066731482e-8,PE_PCC
985,4771,4772,35059,35060,2.4363982530518986e-8,PE_PCC
986,4772,4773,35060,35061,2.437649999570486e-8,PE_PCC
987,4773,4774,35061,35062,2.4389017462287153e-8,PE_PCC
988,4774,4775,35062,35063,2.4401534930248683e-8,PE_PCC
989,4775,4776,35063,35064,2.4414052399602275e-8,PE_PCC
990,4776,4777,35064,35065,2.4426569870345738e-8,PE_PCC
991,4777,4778,35065,35066,2.443908734246209e-8,PE_PCC
992,4778,4779,35066,35067,2.445160481596412e-8,PE_PCC
993,4779,4780,35067,35068,2.4464122290849673e-8,PE_PCC
994,4780,4781,35068,35069,2.4476639767101742e-8,PE_PCC
995,4781,4782,35069,35070,2.4489157244733113e-8,PE_PCC
996,4782,4783,35070,35071,2.4501674723736746e-8,PE_PCC
997,4783,4784,35071,35072,2.4514192204115487e-8,PE_PCC
998,4784,4785,35072,35073,2.452670968585232e-8,PE_PCC
999,4785,4786,35073,35074,2.4539227168959996e-8,PE_PCC
1000,4786,4787,35074,35075,2.4551744653436644e-8,PE_PCC
1001,4787,4788,35075,35076,2.4564262139264963e-8,PE_PCC
1002,4788,4789,35076,35077,2.457677962645804e-8,PE_PCC
1003,4789,4790,35077,35078,2.4589297115013755e-8,PE_PCC
1004,4790,4791,35078,35079,2.4601814604914897e-8,PE_PCC
1005,4791,4792,35079,35080,2.4614332096174604e-8,PE_PCC
1006,4792,4793,35080,35081,2.4626849588785695e-8,PE_PCC
1007,4793,4794,35081,35082,2.463936708275108e-8,PE_PCC
1008,4794,4795,35082,35083,2.4651884578053864e-8,PE_PCC
1009,4795,4796,35083,35084,2.4664402074706874e-8,PE_PCC
1010,4796,4797,35084,35085,2.4676919572707954e-8,PE_PCC
1011,4797,4798,35085,35086,2.4689437072040308e-8,PE_PCC
1012,4798,4799,35086,35087,2.4701954572716725e-8,PE_PCC
1013,4799,4800,35087,35088,2.4714472074735345e-8,PE_PCC
1014,4800,4801,35088,35089,2.4726989578078817e-8,PE_PCC
1015,4801,4802,35089,35090,2.4739507082760347e-8,PE_PCC
1016,4802,4803,35090,35091,2.4752024588778025e-8,PE_PCC
1017,4803,4804,35091,35092,2.4764542096114516e-8,PE_PCC
1018,4804,4805,35092,35093,2.4777059604783036e-8,PE_PCC
1019,4805,4806,35093,35094,2.4789577114776475e-8,PE_PCC
1020,4806,4807,35094,35095,2.4802094626098094e-8,PE_PCC
1021,4807,4808,35095,35096,2.4814612138730374e-8,PE_PCC
1022,4808,4809,35096,35097,2.48271296526866e-8,PE_PCC
1023,4809,4810,35097,35098,2.4839647167965058e-8,PE_PCC
1024,4810,4811,35098,35099,2.4852164684548227e-8,PE_PCC
1025,4811,4812,35099,35100,2.4864682202449433e-8,PE_PCC
1026,4812,4813,35100,35101,2.487719972166673e-8,PE_PCC
1027,4813,4814,35101,35102,2.488971724218295e-8,PE_PCC
1028,4814,4815,35102,35103,2.4902234764011227e-8,PE_PCC
1029,4815,4816,35103,35104,2.4914752287149677e-8,PE_PCC
1030,4816,4817,35104,35105,2.4927269811581083e-8,PE_PCC
1031,4817,4818,35105,35106,2.4939787337318724e-8,PE_PCC
1032,4818,4819,35106,35107,2.495230486435553e-8,PE_PCC
1033,4819,4820,35107,35108,2.4964822392694687e-8,PE_PCC
1034,4820,4821,35108,35109,2.4977339922318938e-8,PE_PCC
1035,4821,4822,35109,35110,2.4989857453241624e-8,PE_PCC
1036,4822,4823,35110,35111,2.500237498546079e-8,PE_PCC
1037,4823,4824,35111,35112,2.501489251895923e-8,PE_PCC
1038,4824,4825,35112,35113,2.50274100537503e-8,PE_PCC
1039,4825,4826,35113,35114,2.503992758983204e-8,PE_PCC
1040,4826,4827,35114,35115,2.505244512718725e-8,PE_PCC
1041,4827,4828,35115,35116,2.5064962665829324e-8,PE_PCC
1042,4828,4829,35116,35117,2.5077480205756268e-8,PE_PCC
1043,4829,4830,35117,35118,2.508999774695097e-8,PE_PCC
1044,4830,4831,35118,35119,2.5102515289426798e-8,PE_PCC
1045,4831,4832,35119,35120,2.5115032833176567e-8,PE_PCC
1046,4832,4833,35120,35121,2.512755037820383e-8,PE_PCC
1047,4833,4834,35121,35122,2.514006792449101e-8,PE_PCC
1048,4834,4835,35122,35123,2.5152585472051684e-8,PE_PCC
1049,4835,4836,35123,35124,2.5165103020884127e-8,PE_PCC
1050,4836,4837,35124,35125,2.517762057097071e-8,PE_PCC
1051,4837,4838,35125,35126,2.5190138122325312e-8,PE_PCC
1052,4838,4839,35126,35127,2.5202655674945763e-8,PE_PCC
1053,4839,4840,35127,35128,2.5215173228815022e-8,PE_PCC
1054,4840,4841,35128,35129,2.5227690783946373e-8,PE_PCC
1055,4841,4842,35129,35130,2.5240208340333103e-8,PE_PCC
1056,4842,4843,35130,35131,2.5252725897978183e-8,PE_PCC
1057,4843,4844,35131,35132,2.5265243456864468e-8,PE_PCC
1058,4844,4845,35132,35133,2.5277761017005632e-8,PE_PCC
1059,4845,4846,35133,35134,2.5290278578399544e-8,PE_PCC
1060,4846,4847,35134,35135,2.5302796141029288e-8,PE_PCC
1061,4847,4848,35135,35136,2.531531370490811e-8,PE_PCC
1062,4848,4849,35136,35137,2.532783127003443e-8,PE_PCC
1063,4849,4850,35137,35138,2.534034883639059e-8,PE_PCC
1064,4850,4851,35138,35139,2.535286640399072e-8,PE_PCC
1065,4851,4852,35139,35140,2.536538397283266e-8,PE_PCC
1066,4852,4853,35140,35141,2.5377901542898987e-8,PE_PCC
1067,4853,4854,35141,35142,2.5390419114203744e-8,PE_PCC
1068,4854,4855,35142,35143,2.540293668673968e-8,PE_PCC
1069,4855,4856,35143,35144,2.5415454260510186e-8,PE_PCC
1070,4856,4857,35144,35145,2.542797183549785e-8,PE_PCC
1071,4857,4858,35145,35146,2.5440489411716668e-8,PE_PCC
1072,4858,4859,35146,35147,2.5453006989164525e-8,PE_PCC
1073,4859,4860,35147,35148,2.5465524567824228e-8,PE_PCC
1074,4860,4861,35148,35149,2.547804214770947e-8,PE_PCC
1075,4861,4862,35149,35150,2.549055972881849e-8,PE_PCC
1076,4862,4863,35150,35151,2.550307731113389e-8,PE_PCC
1077,4863,4864,35151,35152,2.5515594894669483e-8,PE_PCC
1078,4864,4865,35152,35153,2.5528112479423525e-8,PE_PCC
1079,4865,4866,35153,35154,2.5540630065378534e-8,PE_PCC
1080,4866,4867,35154,35155,2.5553147652548393e-8,PE_PCC
1081,4867,4868,35155,35156,2.5565665240926125e-8,PE_PCC
1082,4868,4869,35156,35157,2.5578182830515147e-8,PE_PCC
1083,4869,4870,35157,35158,2.5590700421298085e-8,PE_PCC
1084,4870,4871,35158,35159,2.5603218013288763e-8,PE_PCC
1085,4871,4872,35159,35160,2.561573560648545e-8,PE_PCC
1086,4872,4873,35160,35161,2.5628253200870757e-8,PE_PCC
1087,4873,4874,35161,35162,2.564077079645857e-8,PE_PCC
1088,4874,4875,35162,35163,2.5653288393247047e-8,PE_PCC
1089,4875,4876,35163,35164,2.566580599121897e-8,PE_PCC
1090,4876,4877,35164,35165,2.5678323590388003e-8,PE_PCC
1091,4877,4878,35165,35166,2.569084119074742e-8,PE_PCC
1092,4878,4879,35166,35167,2.5703358792300613e-8,PE_PCC
1093,4879,4880,35167,35168,2.5715876395030097e-8,PE_PCC
1094,4880,4881,35168,35169,2.5728393998949878e-8,PE_PCC
1095,4881,4882,35169,35170,2.574091160405841e-8,PE_PCC
1096,4882,4883,35170,35171,2.575342921033787e-8,PE_PCC
1097,4883,4884,35171,35172,2.576594681780261e-8,PE_PCC
1098,4884,4885,35172,35173,2.5778464426450718e-8,PE_PCC
1099,4885,4886,35173,35174,2.5790982036264845e-8,PE_PCC
1100,4886,4887,35174,35175,2.5803499647258966e-8,PE_PCC
1101,4887,4888,35175,35176,2.5816017259431302e-8,PE_PCC
1102,4888,4889,35176,35177,2.582853487276456e-8,PE_PCC
1103,4889,4890,35177,35178,2.5841052487272746e-8,PE_PCC
1104,4890,4891,35178,35179,2.5853570102948725e-8,PE_PCC
1105,4891,4892,35179,35180,2.5866087719796376e-8,PE_PCC
1106,4892,4893,35180,35181,2.5878605337797897e-8,PE_PCC
1107,4893,4894,35181,35182,2.5891122956967612e-8,PE_PCC
1108,4894,4895,35182,35183,2.590364057730386e-8,PE_PCC
1109,4895,4896,35183,35184,2.5916158198789027e-8,PE_PCC
1110,4896,4897,35184,35185,2.592867582143711e-8,PE_PCC
1111,4897,4898,35185,35186,2.594119344524676e-8,PE_PCC
1112,4898,4899,35186,35187,2.595371107020034e-8,PE_PCC
1113,4899,4900,35187,35188,2.5966228696311887e-8,PE_PCC
1114,4900,4901,35188,35189,2.5978746323579965e-8,PE_PCC
1115,4901,4902,35189,35190,2.599126395198688e-8,PE_PCC
1116,4902,4903,35190,35191,2.6003781581546867e-8,PE_PCC
1117,4903,4904,35191,35192,2.6016299212253045e-8,PE_PCC
1118,4904,4905,35192,35193,2.6028816844108965e-8,PE_PCC
1119,4905,4906,35193,35194,2.6041334477097163e-8,PE_PCC
1120,4906,4907,35194,35195,2.6053852111231876e-8,PE_PCC
1121,4907,4908,35195,35196,2.6066369746511463e-8,PE_PCC
1122,4908,4909,35196,35197,2.607888738291829e-8,PE_PCC
1123,4909,4910,35197,35198,2.6091405020466733e-8,PE_PCC
1124,4910,4911,35198,35199,2.6103922659155142e-8,PE_PCC
1125,4911,4912,35199,35200,2.611644029896592e-8,PE_PCC
1126,4912,4913,35200,35201,2.6128957939913397e-8,PE_PCC
1127,4913,4914,35201,35202,2.6141475581990622e-8,PE_PCC
1128,4914,4915,35202,35203,2.6153993225201293e-8,PE_PCC
1129,4915,4916,35203,35204,2.616651086952785e-8,PE_PCC
1130,4916,4917,35204,35205,2.6179028514984648e-8,PE_PCC
1131,4917,4918,35205,35206,2.6191546161570034e-8,PE_PCC
1132,4918,4919,35206,35207,2.6204063809266403e-8,PE_PCC
1133,4919,4920,35207,35208,2.6216581458088283e-8,PE_PCC
1134,4920,4921,35208,35209,2.622909910803382e-8,PE_PCC
1135,4921,4922,35209,35210,2.6241616759085706e-8,PE_PCC
1136,4922,4923,35210,35211,2.6254134411257992e-8,PE_PCC
1137,4923,4924,35211,35212,2.6266652064549503e-8,PE_PCC
1138,4924,4925,35212,35213,2.627916971894231e-8,PE_PCC
1139,4925,4926,35213,35214,2.6291687374450976e-8,PE_PCC
1140,4926,4927,35214,35215,2.6304205031068495e-8,PE_PCC
1141,4927,4928,35215,35216,2.6316722688798697e-8,PE_PCC
1142,4928,4929,35216,35217,2.632924034762407e-8,PE_PCC
1143,4929,4930,35217,35218,2.6341758007558873e-8,PE_PCC
1144,4930,4931,35218,35219,2.6354275668601447e-8,PE_PCC
1145,4931,4932,35219,35220,2.6366793330734768e-8,PE_PCC
1146,4932,4933,35220,35221,2.637931099397255e-8,PE_PCC
1147,4933,4934,35221,35222,2.639182865831358e-8,PE_PCC
1148,4934,4935,35222,35223,2.6404346323740433e-8,PE_PCC
1149,4935,4936,35223,35224,2.6416863990267347e-8,PE_PCC
1150,4936,4937,35224,35225,2.6429381657892717e-8,PE_PCC
1151,4937,4938,35225,35226,2.64418993265992e-8,PE_PCC
1152,4938,4939,35226,35227,2.6454416996401166e-8,PE_PCC
1153,4939,4940,35227,35228,2.6466934667291494e-8,PE_PCC
1154,4940,4941,35228,35229,2.6479452339274392e-8,PE_PCC
1155,4941,4942,35229,35230,2.6491970012331883e-8,PE_PCC
1156,4942,4943,35230,35231,2.650448768647891e-8,PE_PCC
1157,4943,4944,35231,35232,2.6517005361713608e-8,PE_PCC
1158,4944,4945,35232,35233,2.6529523038018406e-8,PE_PCC
1159,4945,4946,35233,35234,2.6542040715407988e-8,PE_PCC
1160,4946,4947,35234,35235,2.655455839388072e-8,PE_PCC
1161,4947,4948,35235,35236,2.6567076073418996e-8,PE_PCC
1162,4948,4949,35236,35237,2.6579593754037498e-8,PE_PCC
1163,4949,4950,35237,35238,2.6592111435729226e-8,PE_PCC
1164,4950,4951,35238,35239,2.660462911849809e-8,PE_PCC
1165,4951,4952,35239,35240,2.6617146802326333e-8,PE_PCC
1166,4952,4953,35240,35241,2.6629664487228842e-8,PE_PCC
1167,4953,4954,35241,35242,2.6642182173203858e-8,PE_PCC
1168,4954,4955,35242,35243,2.6654699860233823e-8,PE_PCC
1169,4955,4956,35243,35244,2.6667217548333405e-8,PE_PCC
1170,4956,4957,35244,35245,2.667973523750113e-8,PE_PCC
1171,4957,4958,35245,35246,2.669225292771922e-8,PE_PCC
1172,4958,4959,35246,35247,2.670477061900248e-8,PE_PCC
1173,4959,4960,35247,35248,2.6717288311349392e-8,PE_PCC
1174,4960,4961,35248,35249,2.6729806004742226e-8,PE_PCC
1175,4961,4962,35249,35250,2.6742323699195717e-8,PE_PCC
1176,4962,4963,35250,35251,2.6754841394703006e-8,PE_PCC
1177,4963,4964,35251,35252,2.6767359091268054e-8,PE_PCC
1178,4964,4965,35252,35253,2.6779876788873057e-8,PE_PCC
1179,4965,4966,35253,35254,2.6792394487532953e-8,PE_PCC
1180,4966,4967,35254,35255,2.6804912187245986e-8,PE_PCC
1181,4967,4968,35255,35256,2.681742988799472e-8,PE_PCC
1182,4968,4969,35256,35257,2.6829947589793785e-8,PE_PCC
1183,4969,4970,35257,35258,2.6842465292641822e-8,PE_PCC
1184,4970,4971,35258,35259,2.6854982996520997e-8,PE_PCC
1185,4971,4972,35259,35260,2.686750070144625e-8,PE_PCC
1186,4972,4973,35260,35261,2.6880018407415872e-8,PE_PCC
1187,4973,4974,35261,35262,2.6892536114412505e-8,PE_PCC
1188,4974,4975,35262,35263,2.6905053822450802e-8,PE_PCC
1189,4975,4976,35263,35264,2.6917571531523705e-8,PE_PCC
1190,4976,4977,35264,35265,2.693008924163567e-8,PE_PCC
1191,4977,4978,35265,35266,2.6942606952768347e-8,PE_PCC
1192,4978,4979,35266,35267,2.6955124664937138e-8,PE_PCC
1193,4979,4980,35267,35268,2.696764237814027e-8,PE_PCC
1194,4980,4981,35268,35269,2.6980160092360144e-8,PE_PCC
1195,4981,4982,35269,35270,2.699267780761167e-8,PE_PCC
1196,4982,4983,35270,35271,2.700519552389345e-8,PE_PCC
1197,4983,4984,35271,35272,2.7017713241187413e-8,PE_PCC
1198,4984,4985,35272,35273,2.7030230959508942e-8,PE_PCC
1199,4985,4986,35273,35274,2.7042748678850805e-8,PE_PCC
1200,4986,4987,35274,35275,2.705526639921732e-8,PE_PCC
1201,4987,4988,35275,35276,2.7067784120590524e-8,PE_PCC
1202,4988,4989,35276,35277,2.708030184298521e-8,PE_PCC
1203,4989,4990,35277,35278,2.7092819566400465e-8,PE_PCC
1204,4990,4991,35278,35279,2.7105337290818067e-8,PE_PCC
1205,4991,4992,35279,35280,2.711785501625315e-8,PE_PCC
1206,4992,4993,35280,35281,2.713037274270442e-8,PE_PCC
1207,4993,4994,35281,35282,2.714289047015382e-8,PE_PCC
1208,4994,4995,35282,35283,2.7155408198616592e-8,PE_PCC
1209,4995,4996,35283,35284,2.7167925928091242e-8,PE_PCC
1210,4996,4997,35284,35285,2.7180443658559952e-8,PE_PCC
1211,4997,4998,35285,35286,2.7192961390037832e-8,PE_PCC
1212,4998,4999,35286,35287,2.7205479122517937e-8,PE_PCC
1213,4999,5000,35287,35288,2.721799685600448e-8,PE_PCC
1214,5000,5001,35288,35289,2.7230514590479434e-8,PE_PCC
1215,5001,5002,35289,35290,2.7243032325958066e-8,PE_PCC
1216,5002,5003,35290,35291,2.7255550062438986e-8,PE_PCC
1217,5003,5004,35291,35292,2.7268067799904178e-8,PE_PCC
1218,5004,5005,35292,35293,2.7280585538368915e-8,PE_PCC
1219,5005,5006,35293,35294,2.7293103277831854e-8,PE_PCC
1220,5006,5007,35294,35295,2.730562101827497e-8,PE_PCC
1221,5007,5008,35295,35296,2.7318138759713457e-8,PE_PCC
1222,5008,5009,35296,35297,2.733065650214617e-8,PE_PCC
1223,5009,5010,35297,35298,2.7343174245554932e-8,PE_PCC
1224,5010,5011,35298,35299,2.7355691989955028e-8,PE_PCC
1225,5011,5012,35299,35300,2.7368209735339667e-8,PE_PCC
1226,5012,5013,35300,35301,2.7380727481713015e-8,PE_PCC
1227,5013,5014,35301,35302,2.7393245229056897e-8,PE_PCC
1228,5014,5015,35302,35303,2.740576297738694e-8,PE_PCC
1229,5015,5016,35303,35304,2.7418280726701406e-8,PE_PCC
1230,5016,5017,35304,35305,2.743079847698275e-8,PE_PCC
1231,5017,5018,35305,35306,2.7443316228246022e-8,PE_PCC
1232,5018,5019,35306,35307,2.745583398048993e-8,PE_PCC
1233,5019,5020,35307,35308,2.74683517336964e-8,PE_PCC
1234,5020,5021,35308,35309,2.748086948788081e-8,PE_PCC
1235,5021,5022,35309,35310,2.749338724303642e-8,PE_PCC
1236,5022,5023,35310,35311,2.7505904999167325e-8,PE_PCC
1237,5023,5024,35311,35312,2.751842275625563e-8,PE_PCC
1238,5024,5025,35312,35313,2.753094051431638e-8,PE_PCC
1239,5025,5026,35313,35314,2.754345827334881e-8,PE_PCC
1240,5026,5027,35314,35315,2.755597603333428e-8,PE_PCC
1241,5027,5028,35315,35316,2.7568493794288607e-8,PE_PCC
1242,5028,5029,35316,35317,2.7581011556210575e-8,PE_PCC
1243,5029,5030,35317,35318,2.759352931908163e-8,PE_PCC
1244,5030,5031,35318,35319,2.760604708291768e-8,PE_PCC
1245,5031,5032,35319,35320,2.7618564847717185e-8,PE_PCC
1246,5032,5033,35320,35321,2.7631082613462216e-8,PE_PCC
1247,5033,5034,35321,35322,2.764360038016812e-8,PE_PCC
1248,5034,5035,35322,35323,2.7656118147828012e-8,PE_PCC
1249,5035,5036,35323,35324,2.7668635916446464e-8,PE_PCC
1250,5036,5037,35324,35325,2.7681153686004987e-8,PE_PCC
1251,5037,5038,35325,35326,2.769367145651924e-8,PE_PCC
1252,5038,5039,35326,35327,2.7706189227988087e-8,PE_PCC
1253,5039,5040,35327,35328,2.771870700039327e-8,PE_PCC
1254,5040,5041,35328,35329,2.773122477375038e-8,PE_PCC
1255,5041,5042,35329,35330,2.7743742548058177e-8,PE_PCC
1256,5042,5043,35330,35331,2.7756260323298332e-8,PE_PCC
1257,5043,5044,35331,35332,2.776877809948672e-8,PE_PCC
1258,5044,5045,35332,35333,2.7781295876621896e-8,PE_PCC
1259,5045,5046,35333,35334,2.7793813654685725e-8,PE_PCC
1260,5046,5047,35334,35335,2.780633143369383e-8,PE_PCC
1261,5047,5048,35335,35336,2.7818849213639345e-8,PE_PCC
1262,5048,5049,35336,35337,2.783136699452664e-8,PE_PCC
1263,5049,5050,35337,35338,2.7843884776337474e-8,PE_PCC
1264,5050,5051,35338,35339,2.785640255908757e-8,PE_PCC
1265,5051,5052,35339,35340,2.7868920342775702e-8,PE_PCC
1266,5052,5053,35340,35341,2.7881438127383515e-8,PE_PCC
1267,5053,5054,35341,35342,2.7893955912926913e-8,PE_PCC
1268,5054,5055,35342,35343,2.7906473699404502e-8,PE_PCC
1269,5055,5056,35343,35344,2.791899148679811e-8,PE_PCC
1270,5056,5057,35344,35345,2.793150927512345e-8,PE_PCC
1271,5057,5058,35345,35346,2.794402706437372e-8,PE_PCC
1272,5058,5059,35346,35347,2.795654485455321e-8,PE_PCC
1273,5059,5060,35347,35348,2.7969062645643582e-8,PE_PCC
1274,5060,5061,35348,35349,2.798158043766098e-8,PE_PCC
1275,5061,5062,35349,35350,2.7994098230603804e-8,PE_PCC
1276,5062,5063,35350,35351,2.800661602445389e-8,PE_PCC
1277,5063,5064,35351,35352,2.8019133819227248e-8,PE_PCC
1278,5064,5065,35352,35353,2.803165161492227e-8,PE_PCC
1279,5065,5066,35353,35354,2.8044169411520992e-8,PE_PCC
1280,5066,5067,35354,35355,2.805668720903919e-8,PE_PCC
1281,5067,5068,35355,35356,2.806920500747557e-8,PE_PCC
1282,5068,5069,35356,35357,2.80817228068118e-8,PE_PCC
1283,5069,5070,35357,35358,2.8094240607063802e-8,PE_PCC
1284,5070,5071,35358,35359,2.8106758408224777e-8,PE_PCC
1285,5071,5072,35359,35360,2.8119276210298995e-8,PE_PCC
1286,5072,5073,35360,35361,2.8131794013268302e-8,PE_PCC
1287,5073,5074,35361,35362,2.8144311817148467e-8,PE_PCC
1288,5074,5075,35362,35363,2.8156829621938528e-8,PE_PCC
1289,5075,5076,35363,35364,2.8169347427619826e-8,PE_PCC
1290,5076,5077,35364,35365,2.8181865234208472e-8,PE_PCC
1291,5077,5078,35365,35366,2.8194383041703343e-8,PE_PCC
1292,5078,5079,35366,35367,2.8206900850085922e-8,PE_PCC
1293,5079,5080,35367,35368,2.821941865937219e-8,PE_PCC
1294,5080,5081,35368,35369,2.8231936469561135e-8,PE_PCC
1295,5081,5082,35369,35370,2.824445428063413e-8,PE_PCC
1296,5082,5083,35370,35371,2.8256972092607297e-8,PE_PCC
1297,5083,5084,35371,35372,2.826948990547383e-8,PE_PCC
1298,5084,5085,35372,35373,2.828200771923812e-8,PE_PCC
1299,5085,5086,35373,35374,2.8294525533881744e-8,PE_PCC
1300,5086,5087,35374,35375,2.8307043349420887e-8,PE_PCC
1301,5087,5088,35375,35376,2.8319561165854236e-8,PE_PCC
1302,5088,5089,35376,35377,2.8332078983163487e-8,PE_PCC
1303,5089,5090,35377,35378,2.834459680136462e-8,PE_PCC
1304,5090,5091,35378,35379,2.835711462045651e-8,PE_PCC
1305,5091,5092,35379,35380,2.8369632440420704e-8,PE_PCC
1306,5092,5093,35380,35381,2.8382150261273322e-8,PE_PCC
1307,5093,5094,35381,35382,2.839466808301318e-8,PE_PCC
1308,5094,5095,35382,35383,2.8407185905621826e-8,PE_PCC
1309,5095,5096,35383,35384,2.8419703729115413e-8,PE_PCC
1310,5096,5097,35384,35385,2.8432221553486947e-8,PE_PCC
1311,5097,5098,35385,35386,2.844473937874118e-8,PE_PCC
1312,5098,5099,35386,35387,2.8457257204859405e-8,PE_PCC
1313,5099,5100,35387,35388,2.8469775031858088e-8,PE_PCC
1314,5100,5101,35388,35389,2.8482292859735844e-8,PE_PCC
1315,5101,5102,35389,35390,2.849481068847417e-8,PE_PCC
1316,5102,5103,35390,35391,2.8507328518089526e-8,PE_PCC
1317,5103,5104,35391,35392,2.8519846348580465e-8,PE_PCC
1318,5104,5105,35392,35393,2.853236417992867e-8,PE_PCC
1319,5105,5106,35393,35394,2.8544882012150255e-8,PE_PCC
1320,5106,5107,35394,35395,2.8557399845238366e-8,PE_PCC
1321,5107,5108,35395,35396,2.856991767919764e-8,PE_PCC
1322,5108,5109,35396,35397,2.8582435514009497e-8,PE_PCC
1323,5109,5110,35397,35398,2.8594953349690174e-8,PE_PCC
1324,5110,5111,35398,35399,2.8607471186238882e-8,PE_PCC
1325,5111,5112,35399,35400,2.8619989023636432e-8,PE_PCC
1326,5112,5113,35400,35401,2.8632506861899772e-8,PE_PCC
1327,5113,5114,35401,35402,2.8645024701027318e-8,PE_PCC
1328,5114,5115,35402,35403,2.8657542541000655e-8,PE_PCC
1329,5115,5116,35403,35404,2.8670060381836282e-8,PE_PCC
1330,5116,5117,35404,35405,2.8682578223532872e-8,PE_PCC
1331,5117,5118,35405,35406,2.869509606607182e-8,PE_PCC
1332,5118,5119,35406,35407,2.8707613909469536e-8,PE_PCC
1333,5119,5120,35407,35408,2.8720131753719153e-8,PE_PCC
1334,5120,5121,35408,35409,2.8732649598825457e-8,PE_PCC
1335,5121,5122,35409,35410,2.874516744476946e-8,PE_PCC
1336,5122,5123,35410,35411,2.875768529156789e-8,PE_PCC
1337,5123,5124,35411,35412,2.877020313921984e-8,PE_PCC
1338,5124,5125,35412,35413,2.878272098770594e-8,PE_PCC
1339,5125,5126,35413,35414,2.879523883704332e-8,PE_PCC
1340,5126,5127,35414,35415,2.8807756687230726e-8,PE_PCC
1341,5127,5128,35415,35416,2.882027453824918e-8,PE_PCC
1342,5128,5129,35416,35417,2.883279239011558e-8,PE_PCC
1343,5129,5130,35417,35418,2.8845310242828558e-8,PE_PCC
1344,5130,5131,35418,35419,2.8857828096369543e-8,PE_PCC
1345,5131,5132,35419,35420,2.8870345950754964e-8,PE_PCC
1346,5132,5133,35420,35421,2.888286380597791e-8,PE_PCC
1347,5133,5134,35421,35422,2.8895381662043166e-8,PE_PCC
1348,5134,5135,35422,35423,2.890789951893204e-8,PE_PCC
1349,5135,5136,35423,35424,2.8920417376661027e-8,PE_PCC
1350,5136,5137,35424,35425,2.8932935235229087e-8,PE_PCC
1351,5137,5138,35425,35426,2.8945453094617452e-8,PE_PCC
1352,5138,5139,35426,35427,2.8957970954842736e-8,PE_PCC
1353,5139,5140,35427,35428,2.8970488815903842e-8,PE_PCC
1354,5140,5141,35428,35429,2.8983006677782067e-8,PE_PCC
1355,5141,5142,35429,35430,2.8995524540493882e-8,PE_PCC
1356,5142,5143,35430,35431,2.9008042404032523e-8,PE_PCC
1357,5143,5144,35431,35432,2.902056026840264e-8,PE_PCC
1358,5144,5145,35432,35433,2.903307813358558e-8,PE_PCC
1359,5145,5146,35433,35434,2.9045595999597942e-8,PE_PCC
1360,5146,5147,35434,35435,2.9058113866438556e-8,PE_PCC
1361,5147,5148,35435,35436,2.9070631734088926e-8,PE_PCC
1362,5148,5149,35436,35437,2.9083149602565353e-8,PE_PCC
1363,5149,5150,35437,35438,2.9095667471867157e-8,PE_PCC
1364,5150,5151,35438,35439,2.9108185341975094e-8,PE_PCC
1365,5151,5152,35439,35440,2.9120703212906394e-8,PE_PCC
1366,5152,5153,35440,35441,2.913322108465935e-8,PE_PCC
1367,5153,5154,35441,35442,2.9145738957215904e-8,PE_PCC
1368,5154,5155,35442,35443,2.9158256830592055e-8,PE_PCC
1369,5155,5156,35443,35444,2.9170774704781405e-8,PE_PCC
1370,5156,5157,35444,35445,2.918329257978858e-8,PE_PCC
1371,5157,5158,35445,35446,2.9195810455594506e-8,PE_PCC
1372,5158,5159,35446,35447,2.9208328332216458e-8,PE_PCC
1373,5159,5160,35447,35448,2.9220846209653004e-8,PE_PCC
1374,5160,5161,35448,35449,2.9233364087885486e-8,PE_PCC
1375,5161,5162,35449,35450,2.9245881966930555e-8,PE_PCC
1376,5162,5163,35450,35451,2.925839984678715e-8,PE_PCC
1377,5163,5164,35451,35452,2.927091772743658e-8,PE_PCC
1378,5164,5165,35452,35453,2.9283435608895737e-8,PE_PCC
1379,5165,5166,35453,35454,2.929595349116314e-8,PE_PCC
1380,5166,5167,35454,35455,2.9308471374220256e-8,PE_PCC
1381,5167,5168,35455,35456,2.9320989258083913e-8,PE_PCC
1382,5168,5169,35456,35457,2.9333507142747006e-8,PE_PCC
1383,5169,5170,35457,35458,2.9346025028214576e-8,PE_PCC
1384,5170,5171,35458,35459,2.935854291446762e-8,PE_PCC
1385,5171,5172,35459,35460,2.9371060801523083e-8,PE_PCC
1386,5172,5173,35460,35461,2.938357868937995e-8,PE_PCC
1387,5173,5174,35461,35462,2.939609657801923e-8,PE_PCC
1388,5174,5175,35462,35463,2.940861446745787e-8,PE_PCC
1389,5175,5176,35463,35464,2.9421132357694925e-8,PE_PCC
1390,5176,5177,35464,35465,2.9433650248711262e-8,PE_PCC
1391,5177,5178,35465,35466,2.944616814052403e-8,PE_PCC
1392,5178,5179,35466,35467,2.9458686033126077e-8,PE_PCC
1393,5179,5180,35467,35468,2.947120392652246e-8,PE_PCC
1394,5180,5181,35468,35469,2.9483721820694198e-8,PE_PCC
1395,5181,5182,35469,35470,2.9496239715658268e-8,PE_PCC
1396,5182,5183,35470,35471,2.9508757611413658e-8,PE_PCC
1397,5183,5184,35471,35472,2.952127550794136e-8,PE_PCC
1398,5184,5185,35472,35473,2.9533793405258412e-8,PE_PCC
1399,5185,5186,35473,35474,2.9546311303363803e-8,PE_PCC
1400,5186,5187,35474,35475,2.9558829202238525e-8,PE_PCC
1401,5187,5188,35475,35476,2.9571347101899597e-8,PE_PCC
1402,5188,5189,35476,35477,2.958386500234601e-8,PE_PCC
1403,5189,5190,35477,35478,2.9596382903558833e-8,PE_PCC
1404,5190,5191,35478,35479,2.960890080555503e-8,PE_PCC
1405,5191,5192,35479,35480,2.9621418708327575e-8,PE_PCC
1406,5192,5193,35480,35481,2.9633936611881664e-8,PE_PCC
1407,5193,5194,35481,35482,2.964645451619793e-8,PE_PCC
1408,5194,5195,35482,35483,2.9658972421293954e-8,PE_PCC
1409,5195,5196,35483,35484,2.9671490327168165e-8,PE_PCC
1410,5196,5197,35484,35485,2.9684008233802123e-8,PE_PCC
1411,5197,5198,35485,35486,2.9696526141212485e-8,PE_PCC
1412,5198,5199,35486,35487,2.970904404939841e-8,PE_PCC
1413,5199,5200,35487,35488,2.9721561958340834e-8,PE_PCC
1414,5200,5201,35488,35489,2.9734079868056853e-8,PE_PCC
1415,5201,5202,35489,35490,2.9746597778545677e-8,PE_PCC
1416,5202,5203,35490,35491,2.9759115689788003e-8,PE_PCC
1417,5203,5204,35491,35492,2.9771633601801122e-8,PE_PCC
1418,5204,5205,35492,35493,2.97841515145778e-8,PE_PCC
1419,5205,5206,35493,35494,2.9796669428123538e-8,PE_PCC
1420,5206,5207,35494,35495,2.9809187342418915e-8,PE_PCC
1421,5207,5208,35495,35496,2.982170525748109e-8,PE_PCC
1422,5208,5209,35496,35497,2.983422317330933e-8,PE_PCC
1423,5209,5210,35497,35498,2.984674108988445e-8,PE_PCC
1424,5210,5211,35498,35499,2.9859259007223275e-8,PE_PCC
1425,5211,5212,35499,35500,2.987177692532559e-8,PE_PCC
1426,5212,5213,35500,35501,2.9884294844171715e-8,PE_PCC
1427,5213,5214,35501,35502,2.989681276377893e-8,PE_PCC
1428,5214,5215,35502,35503,2.990933068414052e-8,PE_PCC
1429,5215,5216,35503,35504,2.9921848605261295e-8,PE_PCC
1430,5216,5217,35504,35505,2.9934366527122195e-8,PE_PCC
1431,5217,5218,35505,35506,2.994688444974059e-8,PE_PCC
1432,5218,5219,35506,35507,2.995940237311548e-8,PE_PCC
1433,5219,5220,35507,35508,2.99719202972276e-8,PE_PCC
1434,5220,5221,35508,35509,2.998443822209432e-8,PE_PCC
1435,5221,5222,35509,35510,2.999695614771477e-8,PE_PCC
1436,5222,5223,35510,35511,3.000947407406969e-8,PE_PCC
1437,5223,5224,35511,35512,3.002199200117643e-8,PE_PCC
1438,5224,5225,35512,35513,3.003450992903403e-8,PE_PCC
1439,5225,5226,35513,35514,3.0047027857623284e-8,PE_PCC
1440,5226,5227,35514,35515,3.005954578696158e-8,PE_PCC
1441,5227,5228,35515,35516,3.007206371704187e-8,PE_PCC
1442,5228,5229,35516,35517,3.008458164786935e-8,PE_PCC
1443,5229,5230,35517,35518,3.009709957942475e-8,PE_PCC
1444,5230,5231,35518,35519,3.01096175117255e-8,PE_PCC
1445,5231,5232,35519,35520,3.012213544477063e-8,PE_PCC
1446,5232,5233,35520,35521,3.0134653378540966e-8,PE_PCC
1447,5233,5234,35521,35522,3.014717131305388e-8,PE_PCC
1448,5234,5235,35522,35523,3.0159689248308413e-8,PE_PCC
1449,5235,5236,35523,35524,3.017220718428535e-8,PE_PCC
1450,5236,5237,35524,35525,3.0184725121002134e-8,PE_PCC
1451,5237,5238,35525,35526,3.019724305845792e-8,PE_PCC
1452,5238,5239,35526,35527,3.0209760996633226e-8,PE_PCC
1453,5239,5240,35527,35528,3.022227893554568e-8,PE_PCC
1454,5240,5241,35528,35529,3.023479687518839e-8,PE_PCC
1455,5241,5242,35529,35530,3.0247314815566104e-8,PE_PCC
1456,5242,5243,35530,35531,3.025983275665996e-8,PE_PCC
1457,5243,5244,35531,35532,3.02723506984874e-8,PE_PCC
1458,5244,5245,35532,35533,3.028486864104722e-8,PE_PCC
1459,5245,5246,35533,35534,3.029738658432067e-8,PE_PCC
1460,5246,5247,35534,35535,3.030990452832461e-8,PE_PCC
1461,5247,5248,35535,35536,3.0322422473058485e-8,PE_PCC
1462,5248,5249,35536,35537,3.033494041850315e-8,PE_PCC
1463,5249,5250,35537,35538,3.034745836467575e-8,PE_PCC
1464,5250,5251,35538,35539,3.0359976311569285e-8,PE_PCC
1465,5251,5252,35539,35540,3.0372494259189575e-8,PE_PCC
1466,5252,5253,35540,35541,3.038501220751668e-8,PE_PCC
1467,5253,5254,35541,35542,3.039753015656821e-8,PE_PCC
1468,5254,5255,35542,35543,3.0410048106343426e-8,PE_PCC
1469,5255,5256,35543,35544,3.0422566056823187e-8,PE_PCC
1470,5256,5257,35544,35545,3.0435084008024666e-8,PE_PCC
1471,5257,5258,35545,35546,3.0447601959947234e-8,PE_PCC
1472,5258,5259,35546,35547,3.046011991257158e-8,PE_PCC
1473,5259,5260,35547,35548,3.047263786591494e-8,PE_PCC
1474,5260,5261,35548,35549,3.0485155819977025e-8,PE_PCC
1475,5261,5262,35549,35550,3.049767377473776e-8,PE_PCC
1476,5262,5263,35550,35551,3.05101917302154e-8,PE_PCC
1477,5263,5264,35551,35552,3.0522709686402524e-8,PE_PCC
1478,5264,5265,35552,35553,3.053522764330476e-8,PE_PCC
1479,5265,5266,35553,35554,3.054774560090222e-8,PE_PCC
1480,5266,5267,35554,35555,3.0560263559212996e-8,PE_PCC
1481,5267,5268,35555,35556,3.0572781518236083e-8,PE_PCC
1482,5268,5269,35556,35557,3.058529947795199e-8,PE_PCC
1483,5269,5270,35557,35558,3.059781743837853e-8,PE_PCC
1484,5270,5271,35558,35559,3.061033539951479e-8,PE_PCC
1485,5271,5272,35559,35560,3.0622853361341276e-8,PE_PCC
1486,5272,5273,35560,35561,3.0635371323875784e-8,PE_PCC
1487,5273,5274,35561,35562,3.064788928711747e-8,PE_PCC
1488,5274,5275,35562,35563,3.066040725104677e-8,PE_PCC
1489,5275,5276,35563,35564,3.06729252156815e-8,PE_PCC
1490,5276,5277,35564,35565,3.068544318101467e-8,PE_PCC
1491,5277,5278,35565,35566,3.069796114705153e-8,PE_PCC
1492,5278,5279,35566,35567,3.071047911377257e-8,PE_PCC
1493,5279,5280,35567,35568,3.072299708119573e-8,PE_PCC
1494,5280,5281,35568,35569,3.073551504932005e-8,PE_PCC
1495,5281,5282,35569,35570,3.074803301812588e-8,PE_PCC
1496,5282,5283,35570,35571,3.076055098763151e-8,PE_PCC
1497,5283,5284,35571,35572,3.077306895783545e-8,PE_PCC
1498,5284,5285,35572,35573,3.078558692871878e-8,PE_PCC
1499,5285,5286,35573,35574,3.0798104900298894e-8,PE_PCC
1500,5286,5287,35574,35575,3.081062287256897e-8,PE_PCC
1501,5287,5288,35575,35576,3.082314084553429e-8,PE_PCC
1502,5288,5289,35576,35577,3.083565881917539e-8,PE_PCC
1503,5289,5290,35577,35578,3.0848176793510056e-8,PE_PCC
1504,5290,5291,35578,35579,3.086069476853766e-8,PE_PCC
1505,5291,5292,35579,35580,3.087321274423815e-8,PE_PCC
1506,5292,5293,35580,35581,3.088573072063004e-8,PE_PCC
1507,5293,5294,35581,35582,3.0898248697712086e-8,PE_PCC
1508,5294,5295,35582,35583,3.09107666754649e-8,PE_PCC
1509,5295,5296,35583,35584,3.092328465390622e-8,PE_PCC
1510,5296,5297,35584,35585,3.093580263303535e-8,PE_PCC
1511,5297,5298,35585,35586,3.0948320612832887e-8,PE_PCC
1512,5298,5299,35586,35587,3.0960838593316374e-8,PE_PCC
1513,5299,5300,35587,35588,3.097335657447898e-8,PE_PCC
1514,5300,5301,35588,35589,3.098587455632617e-8,PE_PCC
1515,5301,5302,35589,35590,3.0998392538838246e-8,PE_PCC
1516,5302,5303,35590,35591,3.101091052203287e-8,PE_PCC
1517,5303,5304,35591,35592,3.102342850591009e-8,PE_PCC
1518,5304,5305,35592,35593,3.1035946490449226e-8,PE_PCC
1519,5305,5306,35593,35594,3.104846447566912e-8,PE_PCC
1520,5306,5307,35594,35595,3.106098246156845e-8,PE_PCC
1521,5307,5308,35595,35596,3.1073500448127886e-8,PE_PCC
1522,5308,5309,35596,35597,3.108601843536523e-8,PE_PCC
1523,5309,5310,35597,35598,3.109853642327974e-8,PE_PCC
1524,5310,5311,35598,35599,3.111105441185172e-8,PE_PCC
1525,5311,5312,35599,35600,3.112357240109935e-8,PE_PCC
1526,5312,5313,35600,35601,3.11360903910154e-8,PE_PCC
1527,5313,5314,35601,35602,3.11486083816055e-8,PE_PCC
1528,5314,5315,35602,35603,3.116112637284976e-8,PE_PCC
1529,5315,5316,35603,35604,3.117364436476641e-8,PE_PCC
1530,5316,5317,35604,35605,3.118616235735466e-8,PE_PCC
1531,5317,5318,35605,35606,3.119868035059468e-8,PE_PCC
1532,5318,5319,35606,35607,3.12111983445047e-8,PE_PCC
1533,5319,5320,35607,35608,3.1223716339083936e-8,PE_PCC
1534,5320,5321,35608,35609,3.12362343343125e-8,PE_PCC
1535,5321,5322,35609,35610,3.124875233020872e-8,PE_PCC
1536,5322,5323,35610,35611,3.1261270326771737e-8,PE_PCC
1537,5323,5324,35611,35612,3.1273788323981736e-8,PE_PCC
1538,5324,5325,35612,35613,3.128630632185695e-8,PE_PCC
1539,5325,5326,35613,35614,3.1298824320390296e-8,PE_PCC
1540,5326,5327,35614,35615,3.131134231958724e-8,PE_PCC
1541,5327,5328,35615,35616,3.1323860319428054e-8,PE_PCC
1542,5328,5329,35616,35617,3.133637831993092e-8,PE_PCC
1543,5329,5330,35617,35618,3.134889632109514e-8,PE_PCC
1544,5330,5331,35618,35619,3.136141432290073e-8,PE_PCC
1545,5331,5332,35619,35620,3.137393232536603e-8,PE_PCC
1546,5332,5333,35620,35621,3.138645032849052e-8,PE_PCC
1547,5333,5334,35621,35622,3.1398968332253734e-8,PE_PCC
1548,5334,5335,35622,35623,3.141148633667457e-8,PE_PCC
1549,5335,5336,35623,35624,3.14240043417456e-8,PE_PCC
1550,5336,5337,35624,35625,3.143652234747268e-8,PE_PCC
1551,5337,5338,35625,35626,3.1449040353835446e-8,PE_PCC
1552,5338,5339,35626,35627,3.1461558360852545e-8,PE_PCC
1553,5339,5340,35627,35628,3.1474076368523375e-8,PE_PCC
1554,5340,5341,35628,35629,3.148659437682762e-8,PE_PCC
1555,5341,5342,35629,35630,3.149911238578401e-8,PE_PCC
1556,5342,5343,35630,35631,3.1511630395391697e-8,PE_PCC
1557,5343,5344,35631,35632,3.1524148405630386e-8,PE_PCC
1558,5344,5345,35632,35633,3.1536666416518995e-8,PE_PCC
1559,5345,5346,35633,35634,3.1549184428056556e-8,PE_PCC
1560,5346,5347,35634,35635,3.1561702440222993e-8,PE_PCC
1561,5347,5348,35635,35636,3.157422045303686e-8,PE_PCC
1562,5348,5349,35636,35637,3.158673846649108e-8,PE_PCC
1563,5349,5350,35637,35638,3.1599256480591194e-8,PE_PCC
1564,5350,5351,35638,35639,3.16117744953171e-8,PE_PCC
1565,5351,5352,35639,35640,3.1624292510687565e-8,PE_PCC
1566,5352,5353,35640,35641,3.1636810526701524e-8,PE_PCC
1567,5353,5354,35641,35642,3.164932854333917e-8,PE_PCC
1568,5354,5355,35642,35643,3.166184656061887e-8,PE_PCC
1569,5355,5356,35643,35644,3.167436457854006e-8,PE_PCC
1570,5356,5357,35644,35645,3.1686882597082524e-8,PE_PCC
1571,5357,5358,35645,35646,3.1699400616264876e-8,PE_PCC
1572,5358,5359,35646,35647,3.171191863608641e-8,PE_PCC
1573,5359,5360,35647,35648,3.1724436656526966e-8,PE_PCC
1574,5360,5361,35648,35649,3.173695467760517e-8,PE_PCC
1575,5361,5362,35649,35650,3.174947269931385e-8,PE_PCC
1576,5362,5363,35650,35651,3.176199072165869e-8,PE_PCC
1577,5363,5364,35651,35652,3.1774508744619584e-8,PE_PCC
1578,5364,5365,35652,35653,3.178702676821513e-8,PE_PCC
1579,5365,5366,35653,35654,3.179954479244468e-8,PE_PCC
1580,5366,5367,35654,35655,3.1812062817287996e-8,PE_PCC
1581,5367,5368,35655,35656,3.182458084276381e-8,PE_PCC
1582,5368,5369,35656,35657,3.183709886887134e-8,PE_PCC
1583,5369,5370,35657,35658,3.184961689559048e-8,PE_PCC
1584,5370,5371,35658,35659,3.186213492293983e-8,PE_PCC
1585,5371,5372,35659,35660,3.1874652950912195e-8,PE_PCC
1586,5372,5373,35660,35661,3.188717097951348e-8,PE_PCC
1587,5373,5374,35661,35662,3.1899689008723306e-8,PE_PCC
1588,5374,5375,35662,35663,3.191220703856061e-8,PE_PCC
1589,5375,5376,35663,35664,3.192472506902433e-8,PE_PCC
1590,5376,5377,35664,35665,3.193724310009463e-8,PE_PCC
1591,5377,5378,35665,35666,3.194976113178996e-8,PE_PCC
1592,5378,5379,35666,35667,3.196227916410983e-8,PE_PCC
1593,5379,5380,35667,35668,3.197479719703377e-8,PE_PCC
1594,5380,5381,35668,35669,3.198731523058097e-8,PE_PCC
1595,5381,5382,35669,35670,3.1999833264750165e-8,PE_PCC
1596,5382,5383,35670,35671,3.20123512995215e-8,PE_PCC
1597,5383,5384,35671,35672,3.202486933491375e-8,PE_PCC
1598,5384,5385,35672,35673,3.203738737091961e-8,PE_PCC
1599,5385,5386,35673,35674,3.204990540754469e-8,PE_PCC
1600,5386,5387,35674,35675,3.206242344476906e-8,PE_PCC
1601,5387,5388,35675,35676,3.207494148261127e-8,PE_PCC
1602,5388,5389,35676,35677,3.2087459521070845e-8,PE_PCC
1603,5389,5390,35677,35678,3.209997756012743e-8,PE_PCC
1604,5390,5391,35678,35679,3.211249559979969e-8,PE_PCC
1605,5391,5392,35679,35680,3.212501364008725e-8,PE_PCC
1606,5392,5393,35680,35681,3.213753168096947e-8,PE_PCC
1607,5393,5394,35681,35682,3.2150049722465535e-8,PE_PCC
1608,5394,5395,35682,35683,3.216256776457462e-8,PE_PCC
1609,5395,5396,35683,35684,3.217508580727616e-8,PE_PCC
1610,5396,5397,35684,35685,3.2187603850589466e-8,PE_PCC
1611,5397,5398,35685,35686,3.220012189450719e-8,PE_PCC
1612,5398,5399,35686,35687,3.221263993903492e-8,PE_PCC
1613,5399,5400,35687,35688,3.2225157984152645e-8,PE_PCC
1614,5400,5401,35688,35689,3.223767602987901e-8,PE_PCC
1615,5401,5402,35689,35690,3.225019407621355e-8,PE_PCC
1616,5402,5403,35690,35691,3.226271212313585e-8,PE_PCC
1617,5403,5404,35691,35692,3.227523017066472e-8,PE_PCC
1618,5404,5405,35692,35693,3.2287748218799685e-8,PE_PCC
1619,5405,5406,35693,35694,3.2300266267520226e-8,PE_PCC
1620,5406,5407,35694,35695,3.2312784316845376e-8,PE_PCC
1621,5407,5408,35695,35696,3.2325302366767884e-8,PE_PCC
1622,5408,5409,35696,35697,3.2337820417293624e-8,PE_PCC
1623,5409,5410,35697,35698,3.235033846840216e-8,PE_PCC
1624,5410,5411,35698,35699,3.2362856520112545e-8,PE_PCC
1625,5411,5412,35699,35700,3.2375374572424095e-8,PE_PCC
1626,5412,5413,35700,35701,3.238789262531643e-8,PE_PCC
1627,5413,5414,35701,35702,3.240041067880842e-8,PE_PCC
1628,5414,5415,35702,35703,3.241292873289957e-8,PE_PCC
1629,5415,5416,35703,35704,3.242544678756944e-8,PE_PCC
1630,5416,5417,35704,35705,3.2437964842836975e-8,PE_PCC
1631,5417,5418,35705,35706,3.245048289870161e-8,PE_PCC
1632,5418,5419,35706,35707,3.2463000955142744e-8,PE_PCC
1633,5419,5420,35707,35708,3.247551901217969e-8,PE_PCC
1634,5420,5421,35708,35709,3.248803706980492e-8,PE_PCC
1635,5421,5422,35709,35710,3.2500555128024604e-8,PE_PCC
1636,5422,5423,35710,35711,3.251307318681808e-8,PE_PCC
1637,5423,5424,35711,35712,3.2525591246204415e-8,PE_PCC
1638,5424,5425,35712,35713,3.2538109306183354e-8,PE_PCC
1639,5425,5426,35713,35714,3.255062736673385e-8,PE_PCC
1640,5426,5427,35714,35715,3.256314542787534e-8,PE_PCC
1641,5427,5428,35715,35716,3.257566348960714e-8,PE_PCC
1642,5428,5429,35716,35717,3.258818155190889e-8,PE_PCC
1643,5429,5430,35717,35718,3.2600699614799286e-8,PE_PCC
1644,5430,5431,35718,35719,3.2613217678278185e-8,PE_PCC
1645,5431,5432,35719,35720,3.262573574232477e-8,PE_PCC
1646,5432,5433,35720,35721,3.2638253806958146e-8,PE_PCC
1647,5433,5434,35721,35722,3.265077187217147e-8,PE_PCC
1648,5434,5435,35722,35723,3.266328993797029e-8,PE_PCC
1649,5435,5436,35723,35724,3.2675808004333996e-8,PE_PCC
1650,5436,5437,35724,35725,3.2688326071282216e-8,PE_PCC
1651,5437,5438,35725,35726,3.2700844138813976e-8,PE_PCC
1652,5438,5439,35726,35727,3.2713362206908854e-8,PE_PCC
1653,5439,5440,35727,35728,3.272588027558606e-8,PE_PCC
1654,5440,5441,35728,35729,3.273839834484481e-8,PE_PCC
1655,5441,5442,35729,35730,3.275091641466457e-8,PE_PCC
1656,5442,5443,35730,35731,3.276343448506487e-8,PE_PCC
1657,5443,5444,35731,35732,3.277595255603814e-8,PE_PCC
1658,5444,5445,35732,35733,3.2788470627590355e-8,PE_PCC
1659,5445,5446,35733,35734,3.2800988699701075e-8,PE_PCC
1660,5446,5447,35734,35735,3.28135067723895e-8,PE_PCC
1661,5447,5448,35735,35736,3.282602484565501e-8,PE_PCC
1662,5448,5449,35736,35737,3.283854291947691e-8,PE_PCC
1663,5449,5450,35737,35738,3.2851060993874645e-8,PE_PCC
1664,5450,5451,35738,35739,3.2863579068847503e-8,PE_PCC
1665,5451,5452,35739,35740,3.2876097144374824e-8,PE_PCC
1666,5452,5453,35740,35741,3.288861522047597e-8,PE_PCC
1667,5453,5454,35741,35742,3.290113329715035e-8,PE_PCC
1668,5454,5455,35742,35743,3.2913651374377205e-8,PE_PCC
1669,5455,5456,35743,35744,3.292616945217597e-8,PE_PCC
1670,5456,5457,35744,35745,3.293868753053932e-8,PE_PCC
1671,5457,5458,35745,35746,3.295120560947334e-8,PE_PCC
1672,5458,5459,35746,35747,3.2963723688957234e-8,PE_PCC
1673,5459,5460,35747,35748,3.297624176901041e-8,PE_PCC
1674,5460,5461,35748,35749,3.2988759849632476e-8,PE_PCC
1675,5461,5462,35749,35750,3.300127793080237e-8,PE_PCC
1676,5462,5463,35750,35751,3.301379601253977e-8,PE_PCC
1677,5463,5464,35751,35752,3.302631409484394e-8,PE_PCC
1678,5464,5465,35752,35753,3.3038832177694094e-8,PE_PCC
1679,5465,5466,35753,35754,3.305135026110997e-8,PE_PCC
1680,5466,5467,35754,35755,3.3063868345090575e-8,PE_PCC
1681,5467,5468,35755,35756,3.307638642961536e-8,PE_PCC
1682,5468,5469,35756,35757,3.3088904514703774e-8,PE_PCC
1683,5469,5470,35757,35758,3.310142260034851e-8,PE_PCC
1684,5470,5471,35758,35759,3.311394068655563e-8,PE_PCC
1685,5471,5472,35759,35760,3.312645877330443e-8,PE_PCC
1686,5472,5473,35760,35761,3.313897686061412e-8,PE_PCC
1687,5473,5474,35761,35762,3.3151494948484474e-8,PE_PCC
1688,5474,5475,35762,35763,3.316401303689453e-8,PE_PCC
1689,5475,5476,35763,35764,3.3176531125863775e-8,PE_PCC
1690,5476,5477,35764,35765,3.318904921539173e-8,PE_PCC
1691,5477,5478,35765,35766,3.320156730545738e-8,PE_PCC
1692,5478,5479,35766,35767,3.321408539608051e-8,PE_PCC
1693,5479,5480,35767,35768,3.322660348725351e-8,PE_PCC
1694,5480,5481,35768,35769,3.3239121578982905e-8,PE_PCC
1695,5481,5482,35769,35770,3.325163967124745e-8,PE_PCC
1696,5482,5483,35770,35771,3.3264157764066804e-8,PE_PCC
1697,5483,5484,35771,35772,3.327667585744072e-8,PE_PCC
1698,5484,5485,35772,35773,3.328919395134776e-8,PE_PCC
1699,5485,5486,35773,35774,3.330171204580821e-8,PE_PCC
1700,5486,5487,35774,35775,3.331423014082081e-8,PE_PCC
1701,5487,5488,35775,35776,3.33267482363651e-8,PE_PCC
1702,5488,5489,35776,35777,3.333926633246064e-8,PE_PCC
1703,5489,5490,35777,35778,3.335178442910671e-8,PE_PCC
1704,5490,5491,35778,35779,3.3364302526282564e-8,PE_PCC
1705,5491,5492,35779,35780,3.337682062400777e-8,PE_PCC
1706,5492,5493,35780,35781,3.3389338722275057e-8,PE_PCC
1707,5493,5494,35781,35782,3.3401856821090496e-8,PE_PCC
1708,5494,5495,35782,35783,3.3414374920433174e-8,PE_PCC
1709,5495,5496,35783,35784,3.342689302032284e-8,PE_PCC
1710,5496,5497,35784,35785,3.343941112075889e-8,PE_PCC
1711,5497,5498,35785,35786,3.345192922172032e-8,PE_PCC
1712,5498,5499,35786,35787,3.346444732322693e-8,PE_PCC
1713,5499,5500,35787,35788,3.347696542527813e-8,PE_PCC
1714,5500,5501,35788,35789,3.3489483527852855e-8,PE_PCC
1715,5501,5502,35789,35790,3.350200163097102e-8,PE_PCC
1716,5502,5503,35790,35791,3.3514519734631895e-8,PE_PCC
1717,5503,5504,35791,35792,3.35270378388146e-8,PE_PCC
1718,5504,5505,35792,35793,3.353955594353872e-8,PE_PCC
1719,5505,5506,35793,35794,3.355207404879719e-8,PE_PCC
1720,5506,5507,35794,35795,3.3564592154595966e-8,PE_PCC
1721,5507,5508,35795,35796,3.357711026091409e-8,PE_PCC
1722,5508,5509,35796,35797,3.3589628367771454e-8,PE_PCC
1723,5509,5510,35797,35798,3.3602146475167324e-8,PE_PCC
1724,5510,5511,35798,35799,3.3614664583080824e-8,PE_PCC
1725,5511,5512,35799,35800,3.3627182691531653e-8,PE_PCC
1726,5512,5513,35800,35801,3.36397008005195e-8,PE_PCC
1727,5513,5514,35801,35802,3.3652218910022935e-8,PE_PCC
1728,5514,5515,35802,35803,3.366473702006204e-8,PE_PCC
1729,5515,5516,35803,35804,3.367725513062933e-8,PE_PCC
1730,5516,5517,35804,35805,3.368977324173138e-8,PE_PCC
1731,5517,5518,35805,35806,3.370229135334635e-8,PE_PCC
1732,5518,5519,35806,35807,3.3714809465495125e-8,PE_PCC
1733,5519,5520,35807,35808,3.372732757817625e-8,PE_PCC
1734,5520,5521,35808,35809,3.373984569136911e-8,PE_PCC
1735,5521,5522,35809,35810,3.375236380509355e-8,PE_PCC
1736,5522,5523,35810,35811,3.376488191934896e-8,PE_PCC
1737,5523,5524,35811,35812,3.3777400034114365e-8,PE_PCC
1738,5524,5525,35812,35813,3.378991814940914e-8,PE_PCC
1739,5525,5526,35813,35814,3.3802436265233565e-8,PE_PCC
1740,5526,5527,35814,35815,3.381495438156604e-8,PE_PCC
1741,5527,5528,35815,35816,3.3827472498426453e-8,PE_PCC
1742,5528,5529,35816,35817,3.3839990615807565e-8,PE_PCC
1743,5529,5530,35817,35818,3.385250873371562e-8,PE_PCC
1744,5530,5531,35818,35819,3.386502685212944e-8,PE_PCC
1745,5531,5532,35819,35820,3.387754497106907e-8,PE_PCC
1746,5532,5533,35820,35821,3.389006309053393e-8,PE_PCC
1747,5533,5534,35821,35822,3.3902581210502575e-8,PE_PCC
1748,5534,5535,35822,35823,3.39150993309956e-8,PE_PCC
1749,5535,5536,35823,35824,3.392761745201196e-8,PE_PCC
1750,5536,5537,35824,35825,3.394013557353067e-8,PE_PCC
1751,5537,5538,35825,35826,3.3952653695571695e-8,PE_PCC
1752,5538,5539,35826,35827,3.3965171818134564e-8,PE_PCC
1753,5539,5540,35827,35828,3.397768994119791e-8,PE_PCC
1754,5540,5541,35828,35829,3.3990208064781975e-8,PE_PCC
1755,5541,5542,35829,35830,3.400272618887924e-8,PE_PCC
1756,5542,5543,35830,35831,3.401524431349606e-8,PE_PCC
1757,5543,5544,35831,35832,3.402776243861111e-8,PE_PCC
1758,5544,5545,35832,35833,3.4040280564244575e-8,PE_PCC
1759,5545,5546,35833,35834,3.405279869039594e-8,PE_PCC
1760,5546,5547,35834,35835,3.4065316817043775e-8,PE_PCC
1761,5547,5548,35835,35836,3.407783494420844e-8,PE_PCC
1762,5548,5549,35836,35837,3.409035307188923e-8,PE_PCC
1763,5549,5550,35837,35838,3.410287120006479e-8,PE_PCC
1764,5550,5551,35838,35839,3.411538932875549e-8,PE_PCC
1765,5551,5552,35839,35840,3.412790745795382e-8,PE_PCC
1766,5552,5553,35840,35841,3.4140425587665986e-8,PE_PCC
1767,5553,5554,35841,35842,3.415294371787082e-8,PE_PCC
1768,5554,5555,35842,35843,3.4165461848588536e-8,PE_PCC
1769,5555,5556,35843,35844,3.4177979979818385e-8,PE_PCC
1770,5556,5557,35844,35845,3.41904981115392e-8,PE_PCC
1771,5557,5558,35845,35846,3.420301624377131e-8,PE_PCC
1772,5558,5559,35846,35847,3.42155343765139e-8,PE_PCC
1773,5559,5560,35847,35848,3.422805250974573e-8,PE_PCC
1774,5560,5561,35848,35849,3.424057064348729e-8,PE_PCC
1775,5561,5562,35849,35850,3.425308877773752e-8,PE_PCC
1776,5562,5563,35850,35851,3.426560691247558e-8,PE_PCC
1777,5563,5564,35851,35852,3.427812504772138e-8,PE_PCC
1778,5564,5565,35852,35853,3.429064318346763e-8,PE_PCC
1779,5565,5566,35853,35854,3.430316131972063e-8,PE_PCC
1780,5566,5567,35854,35855,3.4315679456459075e-8,PE_PCC
1781,5567,5568,35855,35856,3.432819759370305e-8,PE_PCC
1782,5568,5569,35856,35857,3.434071573145237e-8,PE_PCC
1783,5569,5570,35857,35858,3.43532338696853e-8,PE_PCC
1784,5570,5571,35858,35859,3.436575200842235e-8,PE_PCC
1785,5571,5572,35859,35860,3.4378270147662875e-8,PE_PCC
1786,5572,5573,35860,35861,3.4390788287385526e-8,PE_PCC
1787,5573,5574,35861,35862,3.440330642761053e-8,PE_PCC
1788,5574,5575,35862,35863,3.441582456833764e-8,PE_PCC
1789,5575,5576,35863,35864,3.4428342709545007e-8,PE_PCC
1790,5576,5577,35864,35865,3.444086085125338e-8,PE_PCC
1791,5577,5578,35865,35866,3.445337899345487e-8,PE_PCC
1792,5578,5579,35866,35867,3.446589713615632e-8,PE_PCC
1793,5579,5580,35867,35868,3.4478415279335924e-8,PE_PCC
1794,5580,5581,35868,35869,3.449093342301426e-8,PE_PCC
1795,5581,5582,35869,35870,3.4503451567190794e-8,PE_PCC
1796,5582,5583,35870,35871,3.451596971184391e-8,PE_PCC
1797,5583,5584,35871,35872,3.452848785699419e-8,PE_PCC
1798,5584,5585,35872,35873,3.454100600264105e-8,PE_PCC
1799,5585,5586,35873,35874,3.4553524148762894e-8,PE_PCC
1800,5586,5587,35874,35875,3.456604229538026e-8,PE_PCC
1801,5587,5588,35875,35876,3.457856044249267e-8,PE_PCC
1802,5588,5589,35876,35877,3.4591078590078436e-8,PE_PCC
1803,5589,5590,35877,35878,3.4603596738158204e-8,PE_PCC
1804,5590,5591,35878,35879,3.461611488672426e-8,PE_PCC
1805,5591,5592,35879,35880,3.462863303578336e-8,PE_PCC
1806,5592,5593,35880,35881,3.464115118531365e-8,PE_PCC
1807,5593,5594,35881,35882,3.465366933533575e-8,PE_PCC
1808,5594,5595,35882,35883,3.466618748584929e-8,PE_PCC
1809,5595,5596,35883,35884,3.467870563683241e-8,PE_PCC
1810,5596,5597,35884,35885,3.4691223788305835e-8,PE_PCC
1811,5597,5598,35885,35886,3.470374194026901e-8,PE_PCC
1812,5598,5599,35886,35887,3.471626009270028e-8,PE_PCC
1813,5599,5600,35887,35888,3.472877824562045e-8,PE_PCC
1814,5600,5601,35888,35889,3.474129639902149e-8,PE_PCC
1815,5601,5602,35889,35890,3.4753814552910406e-8,PE_PCC
1816,5602,5603,35890,35891,3.47663327072652e-8,PE_PCC
1817,5603,5604,35891,35892,3.477885086210671e-8,PE_PCC
1818,5604,5605,35892,35893,3.479136901743442e-8,PE_PCC
1819,5605,5606,35893,35894,3.480388717322632e-8,PE_PCC
1820,5606,5607,35894,35895,3.48164053295037e-8,PE_PCC
1821,5607,5608,35895,35896,3.4828923486265474e-8,PE_PCC
1822,5608,5609,35896,35897,3.48414416434901e-8,PE_PCC
1823,5609,5610,35897,35898,3.485395980119824e-8,PE_PCC
1824,5610,5611,35898,35899,3.486647795938973e-8,PE_PCC
1825,5611,5612,35899,35900,3.4878996118042296e-8,PE_PCC
1826,5612,5613,35900,35901,3.4891514277176804e-8,PE_PCC
1827,5613,5614,35901,35902,3.490403243678588e-8,PE_PCC
1828,5614,5615,35902,35903,3.491655059687622e-8,PE_PCC
1829,5615,5616,35903,35904,3.492906875742542e-8,PE_PCC
1830,5616,5617,35904,35905,3.49415869184549e-8,PE_PCC
1831,5617,5618,35905,35906,3.4954105079963835e-8,PE_PCC
1832,5618,5619,35906,35907,3.4966623241930365e-8,PE_PCC
1833,5619,5620,35907,35908,3.497914140437555e-8,PE_PCC
1834,5620,5621,35908,35909,3.499165956729151e-8,PE_PCC
1835,5621,5622,35909,35910,3.5004177730685104e-8,PE_PCC
1836,5622,5623,35910,35911,3.501669589454131e-8,PE_PCC
1837,5623,5624,35911,35912,3.5029214058852806e-8,PE_PCC
1838,5624,5625,35912,35913,3.504173222366153e-8,PE_PCC
1839,5625,5626,35913,35914,3.505425038892448e-8,PE_PCC
1840,5626,5627,35914,35915,3.506676855464101e-8,PE_PCC
1841,5627,5628,35915,35916,3.507928672085344e-8,PE_PCC
1842,5628,5629,35916,35917,3.509180488751848e-8,PE_PCC
1843,5629,5630,35917,35918,3.510432305463561e-8,PE_PCC
1844,5630,5631,35918,35919,3.5116841222247186e-8,PE_PCC
1845,5631,5632,35919,35920,3.512935939029555e-8,PE_PCC
1846,5632,5633,35920,35921,3.5141877558837394e-8,PE_PCC
1847,5633,5634,35921,35922,3.515439572782932e-8,PE_PCC
1848,5634,5635,35922,35923,3.516691389727081e-8,PE_PCC
1849,5635,5636,35923,35924,3.517943206720436e-8,PE_PCC
1850,5636,5637,35924,35925,3.51919502375864e-8,PE_PCC
1851,5637,5638,35925,35926,3.52044684084166e-8,PE_PCC
1852,5638,5639,35926,35927,3.521698657973736e-8,PE_PCC
1853,5639,5640,35927,35928,3.522950475150522e-8,PE_PCC
1854,5640,5641,35928,35929,3.524202292371958e-8,PE_PCC
1855,5641,5642,35929,35930,3.5254541096423157e-8,PE_PCC
1856,5642,5643,35930,35931,3.5267059269572335e-8,PE_PCC
1857,5643,5644,35931,35932,3.527957744316649e-8,PE_PCC
1858,5644,5645,35932,35933,3.529209561724838e-8,PE_PCC
1859,5645,5646,35933,35934,3.530461379177452e-8,PE_PCC
1860,5646,5647,35934,35935,3.531713196674413e-8,PE_PCC
1861,5647,5648,35935,35936,3.532965014220002e-8,PE_PCC
1862,5648,5649,35936,35937,3.5342168318098446e-8,PE_PCC
1863,5649,5650,35937,35938,3.5354686494439324e-8,PE_PCC
1864,5650,5651,35938,35939,3.536720467126479e-8,PE_PCC
1865,5651,5652,35939,35940,3.537972284853149e-8,PE_PCC
1866,5652,5653,35940,35941,3.5392241026238914e-8,PE_PCC
1867,5653,5654,35941,35942,3.540475920442956e-8,PE_PCC
1868,5654,5655,35942,35943,3.541727738304573e-8,PE_PCC
1869,5655,5656,35943,35944,3.542979556214412e-8,PE_PCC
1870,5656,5657,35944,35945,3.544231374168163e-8,PE_PCC
1871,5657,5658,35945,35946,3.5454831921656925e-8,PE_PCC
1872,5658,5659,35946,35947,3.546735010211359e-8,PE_PCC
1873,5659,5660,35947,35948,3.547986828300749e-8,PE_PCC
1874,5660,5661,35948,35949,3.5492386464337905e-8,PE_PCC
1875,5661,5662,35949,35950,3.550490464614839e-8,PE_PCC
1876,5662,5663,35950,35951,3.551742282839448e-8,PE_PCC
1877,5663,5664,35951,35952,3.552994101107599e-8,PE_PCC
1878,5664,5665,35952,35953,3.5542459194235546e-8,PE_PCC
1879,5665,5666,35953,35954,3.5554977377829845e-8,PE_PCC
1880,5666,5667,35954,35955,3.556749556185795e-8,PE_PCC
1881,5667,5668,35955,35956,3.5580013746362684e-8,PE_PCC
1882,5668,5669,35956,35957,3.5592531931300595e-8,PE_PCC
1883,5669,5670,35957,35958,3.5605050116670956e-8,PE_PCC
1884,5670,5671,35958,35959,3.561756830251673e-8,PE_PCC
1885,5671,5672,35959,35960,3.563008648879412e-8,PE_PCC
1886,5672,5673,35960,35961,3.5642604675502465e-8,PE_PCC
1887,5673,5674,35961,35962,3.565512286268496e-8,PE_PCC
1888,5674,5675,35962,35963,3.566764105029757e-8,PE_PCC
1889,5675,5676,35963,35964,3.568015923833977e-8,PE_PCC
1890,5676,5677,35964,35965,3.569267742685474e-8,PE_PCC
1891,5677,5678,35965,35966,3.570519561579837e-8,PE_PCC
1892,5678,5679,35966,35967,3.571771380517022e-8,PE_PCC
1893,5679,5680,35967,35968,3.573023199501343e-8,PE_PCC
1894,5680,5681,35968,35969,3.574275018526936e-8,PE_PCC
1895,5681,5682,35969,35970,3.5755268375995785e-8,PE_PCC
1896,5682,5683,35970,35971,3.5767786567148483e-8,PE_PCC
1897,5683,5684,35971,35972,3.578030475872707e-8,PE_PCC
1898,5684,5685,35972,35973,3.579282295077485e-8,PE_PCC
1899,5685,5686,35973,35974,3.580534114324736e-8,PE_PCC
1900,5686,5687,35974,35975,3.5817859336144524e-8,PE_PCC
1901,5687,5688,35975,35976,3.583037752950932e-8,PE_PCC
1902,5688,5689,35976,35977,3.584289572329775e-8,PE_PCC
1903,5689,5690,35977,35978,3.5855413917509134e-8,PE_PCC
1904,5690,5691,35978,35979,3.586793211218695e-8,PE_PCC
1905,5691,5692,35979,35980,3.5880450307287035e-8,PE_PCC
1906,5692,5693,35980,35981,3.589296850280873e-8,PE_PCC
1907,5693,5694,35981,35982,3.590548669879534e-8,PE_PCC
1908,5694,5695,35982,35983,3.5918004895202956e-8,PE_PCC
1909,5695,5696,35983,35984,3.593052309203073e-8,PE_PCC
1910,5696,5697,35984,35985,3.594304128932237e-8,PE_PCC
1911,5697,5698,35985,35986,3.595555948703308e-8,PE_PCC
1912,5698,5699,35986,35987,3.596807768516294e-8,PE_PCC
1913,5699,5700,35987,35988,3.59805958837553e-8,PE_PCC
1914,5700,5701,35988,35989,3.599311408276549e-8,PE_PCC
1915,5701,5702,35989,35990,3.60056322821933e-8,PE_PCC
1916,5702,5703,35990,35991,3.6018150482082264e-8,PE_PCC
1917,5703,5704,35991,35992,3.6030668682373005e-8,PE_PCC
1918,5704,5705,35992,35993,3.604318688312413e-8,PE_PCC
1919,5705,5706,35993,35994,3.605570508429085e-8,PE_PCC
1920,5706,5707,35994,35995,3.606822328587295e-8,PE_PCC
1921,5707,5708,35995,35996,3.60807414879138e-8,PE_PCC
1922,5708,5709,35996,35997,3.6093259690369304e-8,PE_PCC
1923,5709,5710,35997,35998,3.6105777893238466e-8,PE_PCC
1924,5710,5711,35998,35999,3.61182960965653e-8,PE_PCC
1925,5711,5712,35999,36000,3.613081430030512e-8,PE_PCC
1926,5712,5713,36000,36001,3.614333250445759e-8,PE_PCC
1927,5713,5714,36001,36002,3.615585070906625e-8,PE_PCC
1928,5714,5715,36002,36003,3.6168368914086644e-8,PE_PCC
1929,5715,5716,36003,36004,3.618088711951823e-8,PE_PCC
1930,5716,5717,36004,36005,3.619340532540486e-8,PE_PCC
1931,5717,5718,36005,36006,3.620592353170171e-8,PE_PCC
1932,5718,5719,36006,36007,3.621844173840857e-8,PE_PCC
1933,5719,5720,36007,36008,3.623095994556902e-8,PE_PCC
1934,5720,5721,36008,36009,3.624347815313853e-8,PE_PCC
1935,5721,5722,36009,36010,3.6255996361116565e-8,PE_PCC
1936,5722,5723,36010,36011,3.6268514569547e-8,PE_PCC
1937,5723,5724,36011,36012,3.628103277838511e-8,PE_PCC
1938,5724,5725,36012,36013,3.6293550987630467e-8,PE_PCC
1939,5725,5726,36013,36014,3.630606919732691e-8,PE_PCC
1940,5726,5727,36014,36015,3.631858740741496e-8,PE_PCC
1941,5727,5728,36015,36016,3.633110561795315e-8,PE_PCC
1942,5728,5729,36016,36017,3.6343623828896986e-8,PE_PCC
1943,5729,5730,36017,36018,3.6356142040245775e-8,PE_PCC
1944,5730,5731,36018,36019,3.6368660252043485e-8,PE_PCC
1945,5731,5732,36019,36020,3.6381178464245395e-8,PE_PCC
1946,5732,5733,36020,36021,3.6393696676851095e-8,PE_PCC
1947,5733,5734,36021,36022,3.6406214889904386e-8,PE_PCC
1948,5734,5735,36022,36023,3.641873310336072e-8,PE_PCC
1949,5735,5736,36023,36024,3.643125131721908e-8,PE_PCC
1950,5736,5737,36024,36025,3.644376953152434e-8,PE_PCC
1951,5737,5738,36025,36026,3.645628774623092e-8,PE_PCC
1952,5738,5739,36026,36027,3.646880596133849e-8,PE_PCC
1953,5739,5740,36027,36028,3.648132417689155e-8,PE_PCC
1954,5740,5741,36028,36029,3.6493842392844615e-8,PE_PCC
1955,5741,5742,36029,36030,3.650636060919759e-8,PE_PCC
1956,5742,5743,36030,36031,3.6518878825994315e-8,PE_PCC
1957,5743,5744,36031,36032,3.653139704319041e-8,PE_PCC
1958,5744,5745,36032,36033,3.654391526078477e-8,PE_PCC
1959,5745,5746,36033,36034,3.655643347882169e-8,PE_PCC
1960,5746,5747,36034,36035,3.656895169725636e-8,PE_PCC
1961,5747,5748,36035,36036,3.658146991608843e-8,PE_PCC
1962,5748,5749,36036,36037,3.659398813536182e-8,PE_PCC
1963,5749,5750,36037,36038,3.660650635503162e-8,PE_PCC
1964,5750,5751,36038,36039,3.661902457509722e-8,PE_PCC
1965,5751,5752,36039,36040,3.663154279560334e-8,PE_PCC
1966,5752,5753,36040,36041,3.6644061016489445e-8,PE_PCC
1967,5753,5754,36041,36042,3.665657923781494e-8,PE_PCC
1968,5754,5755,36042,36043,3.666909745953477e-8,PE_PCC
1969,5755,5756,36043,36044,3.668161568164829e-8,PE_PCC
1970,5756,5757,36044,36045,3.669413390420012e-8,PE_PCC
1971,5757,5758,36045,36046,3.670665212714497e-8,PE_PCC
1972,5758,5759,36046,36047,3.6719170350482164e-8,PE_PCC
1973,5759,5760,36047,36048,3.673168857425649e-8,PE_PCC
1974,5760,5761,36048,36049,3.6744206798422475e-8,PE_PCC
1975,5761,5762,36049,36050,3.6756725022979744e-8,PE_PCC
1976,5762,5763,36050,36051,3.676924324797272e-8,PE_PCC
1977,5763,5764,36051,36052,3.678176147335624e-8,PE_PCC
1978,5764,5765,36052,36053,3.67942796991297e-8,PE_PCC
1979,5765,5766,36053,36054,3.680679792533773e-8,PE_PCC
1980,5766,5767,36054,36055,3.6819316151934955e-8,PE_PCC
1981,5767,5768,36055,36056,3.683183437892094e-8,PE_PCC
1982,5768,5769,36056,36057,3.684435260634027e-8,PE_PCC
1983,5769,5770,36057,36058,3.6856870834147513e-8,PE_PCC
1984,5770,5771,36058,36059,3.686938906234233e-8,PE_PCC
1985,5771,5772,36059,36060,3.6881907290969223e-8,PE_PCC
1986,5772,5773,36060,36061,3.6894425519982845e-8,PE_PCC
1987,5773,5774,36061,36062,3.690694374938277e-8,PE_PCC
1988,5774,5775,36062,36063,3.691946197921359e-8,PE_PCC
1989,5775,5776,36063,36064,3.6931980209414864e-8,PE_PCC
1990,5776,5777,36064,36065,3.694449844004629e-8,PE_PCC
1991,5777,5778,36065,36066,3.695701667106228e-8,PE_PCC
1992,5778,5779,36066,36067,3.6969534902462495e-8,PE_PCC
1993,5779,5780,36067,36068,3.69820531342918e-8,PE_PCC
1994,5780,5781,36068,36069,3.699457136650441e-8,PE_PCC
1995,5781,5782,36069,36070,3.7007089599099985e-8,PE_PCC
1996,5782,5783,36070,36071,3.701960783212342e-8,PE_PCC
1997,5783,5784,36071,36072,3.703212606552885e-8,PE_PCC
1998,5784,5785,36072,36073,3.704464429931621e-8,PE_PCC
1999,5785,5786,36073,36074,3.705716253353016e-8,PE_PCC
2000,5786,5787,36074,36075,3.7069680768125056e-8,PE_PCC
2001,5787,5788,36075,36076,3.708219900310045e-8,PE_PCC
2002,5788,5789,36076,36077,3.709471723850132e-8,PE_PCC
2003,5789,5790,36077,36078,3.7107235474281674e-8,PE_PCC
2004,5790,5791,36078,36079,3.7119753710441686e-8,PE_PCC
2005,5791,5792,36079,36080,3.7132271947025857e-8,PE_PCC
2006,5792,5793,36080,36081,3.7144790183988624e-8,PE_PCC
2007,5793,5794,36081,36082,3.715730842132933e-8,PE_PCC
2008,5794,5795,36082,36083,3.7169826659093216e-8,PE_PCC
2009,5795,5796,36083,36084,3.718234489723441e-8,PE_PCC
2010,5796,5797,36084,36085,3.7194863135752504e-8,PE_PCC
2011,5797,5798,36085,36086,3.720738137469262e-8,PE_PCC
2012,5798,5799,36086,36087,3.721989961399362e-8,PE_PCC
2013,5799,5800,36087,36088,3.723241785371572e-8,PE_PCC
2014,5800,5801,36088,36089,3.7244936093813246e-8,PE_PCC
2015,5801,5802,36089,36090,3.7257454334285755e-8,PE_PCC
2016,5802,5803,36090,36091,3.726997257517811e-8,PE_PCC
2017,5803,5804,36091,36092,3.728249081644464e-8,PE_PCC
2018,5804,5805,36092,36093,3.7295009058084864e-8,PE_PCC
2019,5805,5806,36093,36094,3.730752730014404e-8,PE_PCC
2020,5806,5807,36094,36095,3.732004554257612e-8,PE_PCC
2021,5807,5808,36095,36096,3.733256378538069e-8,PE_PCC
2022,5808,5809,36096,36097,3.734508202860305e-8,PE_PCC
2023,5809,5810,36097,36098,3.7357600272197096e-8,PE_PCC
2024,5810,5811,36098,36099,3.737011851616253e-8,PE_PCC
2025,5811,5812,36099,36100,3.738263676054453e-8,PE_PCC
2026,5812,5813,36100,36101,3.739515500529712e-8,PE_PCC
2027,5813,5814,36101,36102,3.7407673250419856e-8,PE_PCC
2028,5814,5815,36102,36103,3.74201914959581e-8,PE_PCC
2029,5815,5816,36103,36104,3.7432709741865666e-8,PE_PCC
2030,5816,5817,36104,36105,3.7445227988142295e-8,PE_PCC
2031,5817,5818,36105,36106,3.745774623483321e-8,PE_PCC
2032,5818,5819,36106,36107,3.7470264481892325e-8,PE_PCC
2033,5819,5820,36107,36108,3.74827827293194e-8,PE_PCC
2034,5820,5821,36108,36109,3.7495300977159504e-8,PE_PCC
2035,5821,5822,36109,36110,3.750781922536676e-8,PE_PCC
2036,5822,5823,36110,36111,3.752033747394069e-8,PE_PCC
2037,5823,5824,36111,36112,3.7532855722926665e-8,PE_PCC
2038,5824,5825,36112,36113,3.7545373972263234e-8,PE_PCC
2039,5825,5826,36113,36114,3.7557892222011375e-8,PE_PCC
2040,5826,5827,36114,36115,3.75704104721242e-8,PE_PCC
2041,5827,5828,36115,36116,3.7582928722602335e-8,PE_PCC
2042,5828,5829,36116,36117,3.759544697349006e-8,PE_PCC
2043,5829,5830,36117,36118,3.76079652247423e-8,PE_PCC
2044,5830,5831,36118,36119,3.762048347635777e-8,PE_PCC
2045,5831,5832,36119,36120,3.7633001728382505e-8,PE_PCC
2046,5832,5833,36120,36121,3.764551998077026e-8,PE_PCC
2047,5833,5834,36121,36122,3.76580382335201e-8,PE_PCC
2048,5834,5835,36122,36123,3.7670556486678104e-8,PE_PCC
2049,5835,5836,36123,36124,3.768307474019772e-8,PE_PCC
2050,5836,5837,36124,36125,3.769559299407884e-8,PE_PCC
2051,5837,5838,36125,36126,3.7708111248366764e-8,PE_PCC
2052,5838,5839,36126,36127,3.7720629503015255e-8,PE_PCC
2053,5839,5840,36127,36128,3.773314775802377e-8,PE_PCC
2054,5840,5841,36128,36129,3.774566601343808e-8,PE_PCC
2055,5841,5842,36129,36130,3.775818426921201e-8,PE_PCC
2056,5842,5843,36130,36131,3.777070252534499e-8,PE_PCC
2057,5843,5844,36131,36132,3.77832207818825e-8,PE_PCC
2058,5844,5845,36132,36133,3.7795739038778336e-8,PE_PCC
2059,5845,5846,36133,36134,3.780825729603217e-8,PE_PCC
2060,5846,5847,36134,36135,3.782077555368963e-8,PE_PCC
2061,5847,5848,36135,36136,3.783329381168872e-8,PE_PCC
2062,5848,5849,36136,36137,3.7845812070090884e-8,PE_PCC
2063,5849,5850,36137,36138,3.785833032884945e-8,PE_PCC
2064,5850,5851,36138,36139,3.787084858796385e-8,PE_PCC
2065,5851,5852,36139,36140,3.788336684748041e-8,PE_PCC
2066,5852,5853,36140,36141,3.7895885107352007e-8,PE_PCC
2067,5853,5854,36141,36142,3.790840336757859e-8,PE_PCC
2068,5854,5855,36142,36143,3.792092162820598e-8,PE_PCC
2069,5855,5856,36143,36144,3.7933439889187505e-8,PE_PCC
2070,5856,5857,36144,36145,3.794595815052282e-8,PE_PCC
2071,5857,5858,36145,36146,3.795847641225787e-8,PE_PCC
2072,5858,5859,36146,36147,3.797099467434597e-8,PE_PCC
2073,5859,5860,36147,36148,3.798351293678673e-8,PE_PCC
2074,5860,5861,36148,36149,3.799603119962615e-8,PE_PCC
2075,5861,5862,36149,36150,3.8008549462817596e-8,PE_PCC
2076,5862,5863,36150,36151,3.802106772636049e-8,PE_PCC
2077,5863,5864,36151,36152,3.803358599030101e-8,PE_PCC
2078,5864,5865,36152,36153,3.8046104254592444e-8,PE_PCC
2079,5865,5866,36153,36154,3.805862251923436e-8,PE_PCC
2080,5866,5867,36154,36155,3.807114078427268e-8,PE_PCC
2081,5867,5868,36155,36156,3.8083659049660866e-8,PE_PCC
2082,5868,5869,36156,36157,3.809617731539849e-8,PE_PCC
2083,5869,5870,36157,36158,3.8108695581531316e-8,PE_PCC
2084,5870,5871,36158,36159,3.8121213848013156e-8,PE_PCC
2085,5871,5872,36159,36160,3.813373211484314e-8,PE_PCC
2086,5872,5873,36160,36161,3.8146250382067475e-8,PE_PCC
2087,5873,5874,36161,36162,3.815876864962392e-8,PE_PCC
2088,5874,5875,36162,36163,3.8171286917574126e-8,PE_PCC
2089,5875,5876,36163,36164,3.8183805185871355e-8,PE_PCC
2090,5876,5877,36164,36165,3.81963234545148e-8,PE_PCC
2091,5877,5878,36165,36166,3.8208841723550936e-8,PE_PCC
2092,5878,5879,36166,36167,3.8221359992933e-8,PE_PCC
2093,5879,5880,36167,36168,3.823387826266035e-8,PE_PCC
2094,5880,5881,36168,36169,3.824639653277953e-8,PE_PCC
2095,5881,5882,36169,36170,3.825891480324321e-8,PE_PCC
2096,5882,5883,36170,36171,3.827143307405121e-8,PE_PCC
2097,5883,5884,36171,36172,3.828395134525004e-8,PE_PCC
2098,5884,5885,36172,36173,3.8296469616792195e-8,PE_PCC
2099,5885,5886,36173,36174,3.8308987888677946e-8,PE_PCC
2100,5886,5887,36174,36175,3.832150616095292e-8,PE_PCC
2101,5887,5888,36175,36176,3.833402443357088e-8,PE_PCC
2102,5888,5889,36176,36177,3.83465427065306e-8,PE_PCC
2103,5889,5890,36177,36178,3.835906097987922e-8,PE_PCC
2104,5890,5891,36178,36179,3.837157925356912e-8,PE_PCC
2105,5891,5892,36179,36180,3.838409752760022e-8,PE_PCC
2106,5892,5893,36180,36181,3.8396615802018714e-8,PE_PCC
2107,5893,5894,36181,36182,3.8409134076777965e-8,PE_PCC
2108,5894,5895,36182,36183,3.842165235187702e-8,PE_PCC
2109,5895,5896,36183,36184,3.843417062736268e-8,PE_PCC
2110,5896,5897,36184,36185,3.8446688903172094e-8,PE_PCC
2111,5897,5898,36185,36186,3.845920717936738e-8,PE_PCC
2112,5898,5899,36186,36187,3.847172545590132e-8,PE_PCC
2113,5899,5900,36187,36188,3.848424373277357e-8,PE_PCC
2114,5900,5901,36188,36189,3.8496762010030684e-8,PE_PCC
2115,5901,5902,36189,36190,3.850928028762541e-8,PE_PCC
2116,5902,5903,36190,36191,3.852179856555735e-8,PE_PCC
2117,5903,5904,36191,36192,3.8534316843873204e-8,PE_PCC
2118,5904,5905,36192,36193,3.85468351225256e-8,PE_PCC
2119,5905,5906,36193,36194,3.8559353401514195e-8,PE_PCC
2120,5906,5907,36194,36195,3.8571871680885626e-8,PE_PCC
2121,5907,5908,36195,36196,3.858438996059265e-8,PE_PCC
2122,5908,5909,36196,36197,3.8596908240634757e-8,PE_PCC
2123,5909,5910,36197,36198,3.86094265210588e-8,PE_PCC
2124,5910,5911,36198,36199,3.8621944801817265e-8,PE_PCC
2125,5911,5912,36199,36200,3.863446308291001e-8,PE_PCC
2126,5912,5913,36200,36201,3.8646981364383296e-8,PE_PCC
2127,5913,5914,36201,36202,3.8659499646190364e-8,PE_PCC
2128,5914,5915,36202,36203,3.8672017928330474e-8,PE_PCC
2129,5915,5916,36203,36204,3.8684536210850254e-8,PE_PCC
2130,5916,5917,36204,36205,3.869705449370268e-8,PE_PCC
2131,5917,5918,36205,36206,3.870957277688699e-8,PE_PCC
2132,5918,5919,36206,36207,3.872209106045042e-8,PE_PCC
2133,5919,5920,36207,36208,3.8734609344329316e-8,PE_PCC
2134,5920,5921,36208,36209,3.8747127628586625e-8,PE_PCC
2135,5921,5922,36209,36210,3.875964591317443e-8,PE_PCC
2136,5922,5923,36210,36211,3.877216419809286e-8,PE_PCC
2137,5923,5924,36211,36212,3.878468248338831e-8,PE_PCC
2138,5924,5925,36212,36213,3.879720076901346e-8,PE_PCC
2139,5925,5926,36213,36214,3.8809719054968165e-8,PE_PCC
2140,5926,5927,36214,36215,3.8822237341299136e-8,PE_PCC
2141,5927,5928,36215,36216,3.8834755627958485e-8,PE_PCC
2142,5928,5929,36216,36217,3.8847273914946495e-8,PE_PCC
2143,5929,5930,36217,36218,3.885979220230965e-8,PE_PCC
2144,5930,5931,36218,36219,3.887231049000047e-8,PE_PCC
2145,5931,5932,36219,36220,3.888482877801875e-8,PE_PCC
2146,5932,5933,36220,36221,3.889734706641128e-8,PE_PCC
2147,5933,5934,36221,36222,3.890986535513045e-8,PE_PCC
2148,5934,5935,36222,36223,3.892238364417599e-8,PE_PCC
2149,5935,5936,36223,36224,3.8934901933594827e-8,PE_PCC
2150,5936,5937,36224,36225,3.8947420223339374e-8,PE_PCC
2151,5937,5938,36225,36226,3.895993851340922e-8,PE_PCC
2152,5938,5939,36226,36227,3.897245680385157e-8,PE_PCC
2153,5939,5940,36227,36228,3.8984975094618454e-8,PE_PCC
2154,5940,5941,36228,36229,3.899749338570969e-8,PE_PCC
2155,5941,5942,36229,36230,3.901001167717247e-8,PE_PCC
2156,5942,5943,36230,36231,3.902252996895886e-8,PE_PCC
2157,5943,5944,36231,36232,3.9035048261068485e-8,PE_PCC
2158,5944,5945,36232,36233,3.904756655354876e-8,PE_PCC
2159,5945,5946,36233,36234,3.9060084846335754e-8,PE_PCC
2160,5946,5947,36234,36235,3.9072603139492705e-8,PE_PCC
2161,5947,5948,36235,36236,3.908512143297164e-8,PE_PCC
2162,5948,5949,36236,36237,3.909763972677217e-8,PE_PCC
2163,5949,5950,36237,36238,3.911015802094175e-8,PE_PCC
2164,5950,5951,36238,36239,3.91226763154323e-8,PE_PCC
2165,5951,5952,36239,36240,3.913519461024348e-8,PE_PCC
2166,5952,5953,36240,36241,3.914771290542278e-8,PE_PCC
2167,5953,5954,36241,36242,3.916023120092205e-8,PE_PCC
2168,5954,5955,36242,36243,3.9172749496740936e-8,PE_PCC
2169,5955,5956,36243,36244,3.918526779292698e-8,PE_PCC
2170,5956,5957,36244,36245,3.9197786089432236e-8,PE_PCC
2171,5957,5958,36245,36246,3.921030438625587e-8,PE_PCC
2172,5958,5959,36246,36247,3.9222822683445854e-8,PE_PCC
2173,5959,5960,36247,36248,3.923534098095393e-8,PE_PCC
2174,5960,5961,36248,36249,3.924785927877953e-8,PE_PCC
2175,5961,5962,36249,36250,3.926037757697066e-8,PE_PCC
2176,5962,5963,36250,36251,3.9272895875478583e-8,PE_PCC
2177,5963,5964,36251,36252,3.928541417430368e-8,PE_PCC
2178,5964,5965,36252,36253,3.9297932473492473e-8,PE_PCC
2179,5965,5966,36253,36254,3.931045077299805e-8,PE_PCC
2180,5966,5967,36254,36255,3.932296907281899e-8,PE_PCC
2181,5967,5968,36255,36256,3.933548737300347e-8,PE_PCC
2182,5968,5969,36256,36257,3.934800567348698e-8,PE_PCC
2183,5969,5970,36257,36258,3.9360523974333464e-8,PE_PCC
2184,5970,5971,36258,36259,3.9373042275494394e-8,PE_PCC
2185,5971,5972,36259,36260,3.938556057696942e-8,PE_PCC
2186,5972,5973,36260,36261,3.93980788788064e-8,PE_PCC
2187,5973,5974,36261,36262,3.9410597180956925e-8,PE_PCC
2188,5974,5975,36262,36263,3.9423115483420704e-8,PE_PCC
2189,5975,5976,36263,36264,3.943563378624543e-8,PE_PCC
2190,5976,5977,36264,36265,3.944815208938272e-8,PE_PCC
2191,5977,5978,36265,36266,3.946067039283222e-8,PE_PCC
2192,5978,5979,36266,36267,3.947318869664176e-8,PE_PCC
2193,5979,5980,36267,36268,3.948570700076308e-8,PE_PCC
2194,5980,5981,36268,36269,3.949822530519571e-8,PE_PCC
2195,5981,5982,36269,36270,3.951074360998742e-8,PE_PCC
2196,5982,5983,36270,36271,3.952326191508983e-8,PE_PCC
2197,5983,5984,36271,36272,3.953578022050257e-8,PE_PCC
2198,5984,5985,36272,36273,3.9548298526273614e-8,PE_PCC
2199,5985,5986,36273,36274,3.956081683235443e-8,PE_PCC
2200,5986,5987,36274,36275,3.957333513874461e-8,PE_PCC
2201,5987,5988,36275,36276,3.958585344549221e-8,PE_PCC
2202,5988,5989,36276,36277,3.9598371752548524e-8,PE_PCC
2203,5989,5990,36277,36278,3.9610890059913394e-8,PE_PCC
2204,5990,5991,36278,36279,3.96234083676347e-8,PE_PCC
2205,5991,5992,36279,36280,3.9635926675647756e-8,PE_PCC
2206,5992,5993,36280,36281,3.964844498401672e-8,PE_PCC
2207,5993,5994,36281,36282,3.96609632926929e-8,PE_PCC
2208,5994,5995,36282,36283,3.967348160167598e-8,PE_PCC
2209,5995,5996,36283,36284,3.96859999110141e-8,PE_PCC
2210,5996,5997,36284,36285,3.969851822065851e-8,PE_PCC
2211,5997,5998,36285,36286,3.9711036530608823e-8,PE_PCC
2212,5998,5999,36286,36287,3.9723554840913375e-8,PE_PCC
2213,5999,6000,36287,36288,3.973607315152319e-8,PE_PCC
2214,6000,6001,36288,36289,3.974859146243808e-8,PE_PCC
2215,6001,6002,36289,36290,3.976110977370635e-8,PE_PCC
2216,6002,6003,36290,36291,3.977362808527882e-8,PE_PCC
2217,6003,6004,36291,36292,3.9786146397155706e-8,PE_PCC
2218,6004,6005,36292,36293,3.9798664709384684e-8,PE_PCC
2219,6005,6006,36293,36294,3.981118302191732e-8,PE_PCC
2220,6006,6007,36294,36295,3.9823701334753106e-8,PE_PCC
2221,6007,6008,36295,36296,3.983621964794055e-8,PE_PCC
2222,6008,6009,36296,36297,3.984873796143032e-8,PE_PCC
2223,6009,6010,36297,36298,3.986125627522254e-8,PE_PCC
2224,6010,6011,36298,36299,3.9873774589365383e-8,PE_PCC
2225,6011,6012,36299,36300,3.988629290380985e-8,PE_PCC
2226,6012,6013,36300,36301,3.9898811218555764e-8,PE_PCC
2227,6013,6014,36301,36302,3.9911329533651305e-8,PE_PCC
2228,6014,6015,36302,36303,3.992384784904781e-8,PE_PCC
2229,6015,6016,36303,36304,3.993636616474468e-8,PE_PCC
2230,6016,6017,36304,36305,3.994888448079042e-8,PE_PCC
2231,6017,6018,36305,36306,3.996140279711992e-8,PE_PCC
2232,6018,6019,36306,36307,3.997392111379741e-8,PE_PCC
2233,6019,6020,36307,36308,3.9986439430774443e-8,PE_PCC
2234,6020,6021,36308,36309,3.9998957748050334e-8,PE_PCC
2235,6021,6022,36309,36310,4.001147606567375e-8,PE_PCC
2236,6022,6023,36310,36311,4.002399438359546e-8,PE_PCC
2237,6023,6024,36311,36312,4.003651270181522e-8,PE_PCC
2238,6024,6025,36312,36313,4.0049031020381555e-8,PE_PCC
2239,6025,6026,36313,36314,4.006154933924544e-8,PE_PCC
2240,6026,6027,36314,36315,4.007406765840644e-8,PE_PCC
2241,6027,6028,36315,36316,4.008658597791321e-8,PE_PCC
2242,6028,6029,36316,36317,4.00991042977164e-8,PE_PCC
2243,6029,6030,36317,36318,4.011162261781604e-8,PE_PCC
2244,6030,6031,36318,36319,4.01241409382605e-8,PE_PCC
2245,6031,6032,36319,36320,4.013665925900064e-8,PE_PCC
2246,6032,6033,36320,36321,4.014917758003614e-8,PE_PCC
2247,6033,6034,36321,36322,4.016169590141572e-8,PE_PCC
2248,6034,6035,36322,36323,4.017421422309006e-8,PE_PCC
2249,6035,6036,36323,36324,4.0186732545058854e-8,PE_PCC
2250,6036,6037,36324,36325,4.0199250867370905e-8,PE_PCC
2251,6037,6038,36325,36326,4.021176918997684e-8,PE_PCC
2252,6038,6039,36326,36327,4.0224287512876344e-8,PE_PCC
2253,6039,6040,36327,36328,4.0236805836118245e-8,PE_PCC
2254,6040,6041,36328,36329,4.02493241596368e-8,PE_PCC
2255,6041,6042,36329,36330,4.026184248349719e-8,PE_PCC
2256,6042,6043,36330,36331,4.0274360807649974e-8,PE_PCC
2257,6043,6044,36331,36332,4.0286879132094834e-8,PE_PCC
2258,6044,6045,36332,36333,4.029939745688082e-8,PE_PCC
2259,6045,6046,36333,36334,4.03119157819582e-8,PE_PCC
2260,6046,6047,36334,36335,4.032443410732689e-8,PE_PCC
2261,6047,6048,36335,36336,4.033695243303577e-8,PE_PCC
2262,6048,6049,36336,36337,4.034947075903531e-8,PE_PCC
2263,6049,6050,36337,36338,4.036198908532521e-8,PE_PCC
2264,6050,6051,36338,36339,4.0374507411954475e-8,PE_PCC
2265,6051,6052,36339,36340,4.038702573887344e-8,PE_PCC
2266,6052,6053,36340,36341,4.039954406608202e-8,PE_PCC
2267,6053,6054,36341,36342,4.0412062393628934e-8,PE_PCC
2268,6054,6055,36342,36343,4.042458072146503e-8,PE_PCC
2269,6055,6056,36343,36344,4.0437099049589685e-8,PE_PCC
2270,6056,6057,36344,36345,4.044961737805188e-8,PE_PCC
2271,6057,6058,36345,36346,4.046213570680234e-8,PE_PCC
2272,6058,6059,36346,36347,4.0474654035840345e-8,PE_PCC
2273,6059,6060,36347,36348,4.048717236521558e-8,PE_PCC
2274,6060,6061,36348,36349,4.049969069487752e-8,PE_PCC
2275,6061,6062,36349,36350,4.05122090248269e-8,PE_PCC
2276,6062,6063,36350,36351,4.0524727355111935e-8,PE_PCC
2277,6063,6064,36351,36352,4.0537245685667046e-8,PE_PCC
2278,6064,6065,36352,36353,4.0549764016557635e-8,PE_PCC
2279,6065,6066,36353,36354,4.056228234773383e-8,PE_PCC
2280,6066,6067,36354,36355,4.0574800679195804e-8,PE_PCC
2281,6067,6068,36355,36356,4.0587319010992195e-8,PE_PCC
2282,6068,6069,36356,36357,4.05998373430737e-8,PE_PCC
2283,6069,6070,36357,36358,4.061235567543991e-8,PE_PCC
2284,6070,6071,36358,36359,4.062487400813977e-8,PE_PCC
2285,6071,6072,36359,36360,4.06373923411238e-8,PE_PCC
2286,6072,6073,36360,36361,4.064991067439168e-8,PE_PCC
2287,6073,6074,36361,36362,4.066242900799267e-8,PE_PCC
2288,6074,6075,36362,36363,4.067494734187676e-8,PE_PCC
2289,6075,6076,36363,36364,4.068746567604388e-8,PE_PCC
2290,6076,6077,36364,36365,4.0699984010543306e-8,PE_PCC
2291,6077,6078,36365,36366,4.071250234532503e-8,PE_PCC
2292,6078,6079,36366,36367,4.072502068038894e-8,PE_PCC
2293,6079,6080,36367,36368,4.0737539015784286e-8,PE_PCC
2294,6080,6081,36368,36369,4.0750057351461226e-8,PE_PCC
2295,6081,6082,36369,36370,4.076257568741936e-8,PE_PCC
2296,6082,6083,36370,36371,4.077509402370825e-8,PE_PCC
2297,6083,6084,36371,36372,4.078761236027783e-8,PE_PCC
2298,6084,6085,36372,36373,4.0800130697127786e-8,PE_PCC
2299,6085,6086,36373,36374,4.081264903430771e-8,PE_PCC
2300,6086,6087,36374,36375,4.082516737176754e-8,PE_PCC
2301,6087,6088,36375,36376,4.0837685709506806e-8,PE_PCC
2302,6088,6089,36376,36377,4.085020404757537e-8,PE_PCC
2303,6089,6090,36377,36378,4.086272238590621e-8,PE_PCC
2304,6090,6091,36378,36379,4.087524072456576e-8,PE_PCC
2305,6091,6092,36379,36380,4.088775906350377e-8,PE_PCC
2306,6092,6093,36380,36381,4.090027740271985e-8,PE_PCC
2307,6093,6094,36381,36382,4.091279574226396e-8,PE_PCC
2308,6094,6095,36382,36383,4.092531408208569e-8,PE_PCC
2309,6095,6096,36383,36384,4.0937832422184625e-8,PE_PCC
2310,6096,6097,36384,36385,4.0950350762610826e-8,PE_PCC
2311,6097,6098,36385,36386,4.096286910331354e-8,PE_PCC
2312,6098,6099,36386,36387,4.0975387444293175e-8,PE_PCC
2313,6099,6100,36387,36388,4.098790578559883e-8,PE_PCC
2314,6100,6101,36388,36389,4.100042412718063e-8,PE_PCC
2315,6101,6102,36389,36390,4.101294246903807e-8,PE_PCC
2316,6102,6103,36390,36391,4.10254608112211e-8,PE_PCC
2317,6103,6104,36391,36392,4.1037979153679044e-8,PE_PCC
2318,6104,6105,36392,36393,4.105049749641225e-8,PE_PCC
2319,6105,6106,36393,36394,4.10630158394702e-8,PE_PCC
2320,6106,6107,36394,36395,4.107553418280211e-8,PE_PCC
2321,6107,6108,36395,36396,4.108805252640861e-8,PE_PCC
2322,6108,6109,36396,36397,4.1100570870338616e-8,PE_PCC
2323,6109,6110,36397,36398,4.11130892145426e-8,PE_PCC
2324,6110,6111,36398,36399,4.1125607559019455e-8,PE_PCC
2325,6111,6112,36399,36400,4.113812590381982e-8,PE_PCC
2326,6112,6113,36400,36401,4.115064424887616e-8,PE_PCC
2327,6113,6114,36401,36402,4.1163162594255024e-8,PE_PCC
2328,6114,6115,36402,36403,4.117568093990626e-8,PE_PCC
2329,6115,6116,36403,36404,4.118819928582943e-8,PE_PCC
2330,6116,6117,36404,36405,4.1200717632074394e-8,PE_PCC
2331,6117,6118,36405,36406,4.1213235978590894e-8,PE_PCC
2332,6118,6119,36406,36407,4.122575432537845e-8,PE_PCC
2333,6119,6120,36407,36408,4.12382726724872e-8,PE_PCC
2334,6120,6121,36408,36409,4.1250791019866615e-8,PE_PCC
2335,6121,6122,36409,36410,4.126330936751629e-8,PE_PCC
2336,6122,6123,36410,36411,4.127582771548644e-8,PE_PCC
2337,6123,6124,36411,36412,4.128834606372632e-8,PE_PCC
2338,6124,6125,36412,36413,4.1300864412235805e-8,PE_PCC
2339,6125,6126,36413,36414,4.1313382761064917e-8,PE_PCC
2340,6126,6127,36414,36415,4.132590111016307e-8,PE_PCC
2341,6127,6128,36415,36416,4.133841945952993e-8,PE_PCC
2342,6128,6129,36416,36417,4.1350937809215726e-8,PE_PCC
2343,6129,6130,36417,36418,4.136345615916975e-8,PE_PCC
2344,6130,6131,36418,36419,4.137597450939168e-8,PE_PCC
2345,6131,6132,36419,36420,4.138849285993184e-8,PE_PCC
2346,6132,6133,36420,36421,4.140101121073941e-8,PE_PCC
2347,6133,6134,36421,36422,4.141352956181415e-8,PE_PCC
2348,6134,6135,36422,36423,4.1426047913206193e-8,PE_PCC
2349,6135,6136,36423,36424,4.143856626486509e-8,PE_PCC
2350,6136,6137,36424,36425,4.14510846167902e-8,PE_PCC
2351,6137,6138,36425,36426,4.1463602969032074e-8,PE_PCC
2352,6138,6139,36426,36427,4.147612132152287e-8,PE_PCC
2353,6139,6140,36427,36428,4.148863967432993e-8,PE_PCC
2354,6140,6141,36428,36429,4.1501158027402336e-8,PE_PCC
2355,6141,6142,36429,36430,4.1513676380739675e-8,PE_PCC
2356,6142,6143,36430,36431,4.152619473439258e-8,PE_PCC
2357,6143,6144,36431,36432,4.153871308831005e-8,PE_PCC
2358,6144,6145,36432,36433,4.155123144249179e-8,PE_PCC
2359,6145,6146,36433,36434,4.156374979698832e-8,PE_PCC
2360,6146,6147,36434,36435,4.1576268151748514e-8,PE_PCC
2361,6147,6148,36435,36436,4.158878650677221e-8,PE_PCC
2362,6148,6149,36436,36437,4.160130486211005e-8,PE_PCC
2363,6149,6150,36437,36438,4.16138232177108e-8,PE_PCC
2364,6150,6151,36438,36439,4.16263415735741e-8,PE_PCC
2365,6151,6152,36439,36440,4.1638859929751e-8,PE_PCC
2366,6152,6153,36440,36441,4.165137828619012e-8,PE_PCC
2367,6153,6154,36441,36442,4.1663896642890974e-8,PE_PCC
2368,6154,6155,36442,36443,4.167641499990433e-8,PE_PCC
2369,6155,6156,36443,36444,4.16889333571795e-8,PE_PCC
2370,6156,6157,36444,36445,4.17014517147156e-8,PE_PCC
2371,6157,6158,36445,36446,4.171397007256348e-8,PE_PCC
2372,6158,6159,36446,36447,4.172648843067222e-8,PE_PCC
2373,6159,6160,36447,36448,4.173900678904128e-8,PE_PCC
2374,6160,6161,36448,36449,4.175152514772163e-8,PE_PCC
2375,6161,6162,36449,36450,4.176404350664467e-8,PE_PCC
2376,6162,6163,36450,36451,4.1776561865878596e-8,PE_PCC
2377,6163,6164,36451,36452,4.1789080225371694e-8,PE_PCC
2378,6164,6165,36452,36453,4.180159858512408e-8,PE_PCC
2379,6165,6166,36453,36454,4.1814116945186494e-8,PE_PCC
2380,6166,6167,36454,36455,4.1826635305507374e-8,PE_PCC
2381,6167,6168,36455,36456,4.183915366608666e-8,PE_PCC
2382,6168,6169,36456,36457,4.185167202697531e-8,PE_PCC
2383,6169,6170,36457,36458,4.186419038812175e-8,PE_PCC
2384,6170,6171,36458,36459,4.1876708749525854e-8,PE_PCC
2385,6171,6172,36459,36460,4.188922711123847e-8,PE_PCC
2386,6172,6173,36460,36461,4.1901745473208226e-8,PE_PCC
2387,6173,6174,36461,36462,4.191426383543489e-8,PE_PCC
2388,6174,6175,36462,36463,4.1926782197969333e-8,PE_PCC
2389,6175,6176,36463,36464,4.193930056076018e-8,PE_PCC
2390,6176,6177,36464,36465,4.195181892380712e-8,PE_PCC
2391,6177,6178,36465,36466,4.196433728716126e-8,PE_PCC
2392,6178,6179,36466,36467,4.197685565077093e-8,PE_PCC
2393,6179,6180,36467,36468,4.198937401463607e-8,PE_PCC
2394,6180,6181,36468,36469,4.200189237880755e-8,PE_PCC
2395,6181,6182,36469,36470,4.2014410743234016e-8,PE_PCC
2396,6182,6183,36470,36471,4.2026929107915025e-8,PE_PCC
2397,6183,6184,36471,36472,4.203944747290173e-8,PE_PCC
2398,6184,6185,36472,36473,4.205196583812549e-8,PE_PCC
2399,6185,6186,36473,36474,4.2064484203654673e-8,PE_PCC
2400,6186,6187,36474,36475,4.207700256943729e-8,PE_PCC
2401,6187,6188,36475,36476,4.208952093547334e-8,PE_PCC
2402,6188,6189,36476,36477,4.2102039301814037e-8,PE_PCC
2403,6189,6190,36477,36478,4.2114557668407554e-8,PE_PCC
2404,6190,6191,36478,36479,4.212707603525383e-8,PE_PCC
2405,6191,6192,36479,36480,4.2139594402403875e-8,PE_PCC
2406,6192,6193,36480,36481,4.2152112769806063e-8,PE_PCC
2407,6193,6194,36481,36482,4.216463113746029e-8,PE_PCC
2408,6194,6195,36482,36483,4.2177149505417716e-8,PE_PCC
2409,6195,6196,36483,36484,4.218966787362643e-8,PE_PCC
2410,6196,6197,36484,36485,4.220218624208652e-8,PE_PCC
2411,6197,6198,36485,36486,4.221470461084879e-8,PE_PCC
2412,6198,6199,36486,36487,4.222722297986222e-8,PE_PCC
2413,6199,6200,36487,36488,4.22397413491258e-8,PE_PCC
2414,6200,6201,36488,36489,4.225225971869122e-8,PE_PCC
2415,6201,6202,36489,36490,4.2264778088506635e-8,PE_PCC
2416,6202,6203,36490,36491,4.227729645857184e-8,PE_PCC
2417,6203,6204,36491,36492,4.228981482893816e-8,PE_PCC
2418,6204,6205,36492,36493,4.230233319955373e-8,PE_PCC
2419,6205,6206,36493,36494,4.2314851570418206e-8,PE_PCC
2420,6206,6207,36494,36495,4.232736994158328e-8,PE_PCC
2421,6207,6208,36495,36496,4.233988831299673e-8,PE_PCC
2422,6208,6209,36496,36497,4.2352406684658675e-8,PE_PCC
2423,6209,6210,36497,36498,4.236492505662016e-8,PE_PCC
2424,6210,6211,36498,36499,4.237744342881232e-8,PE_PCC
2425,6211,6212,36499,36500,4.238996180130379e-8,PE_PCC
2426,6212,6213,36500,36501,4.2402480174042605e-8,PE_PCC
2427,6213,6214,36501,36502,4.241499854702847e-8,PE_PCC
2428,6214,6215,36502,36503,4.2427516920313016e-8,PE_PCC
2429,6215,6216,36503,36504,4.244003529384415e-8,PE_PCC
2430,6216,6217,36504,36505,4.245255366762165e-8,PE_PCC
2431,6217,6218,36505,36506,4.246507204169714e-8,PE_PCC
2432,6218,6219,36506,36507,4.247759041601851e-8,PE_PCC
2433,6219,6220,36507,36508,4.2490108790585567e-8,PE_PCC
2434,6220,6221,36508,36509,4.250262716544991e-8,PE_PCC
2435,6221,6222,36509,36510,4.251514554055941e-8,PE_PCC
2436,6222,6223,36510,36511,4.2527663915913955e-8,PE_PCC
2437,6223,6224,36511,36512,4.254018229156501e-8,PE_PCC
2438,6224,6225,36512,36513,4.255270066746067e-8,PE_PCC
2439,6225,6226,36513,36514,4.2565219043600364e-8,PE_PCC
2440,6226,6227,36514,36515,4.257773742003639e-8,PE_PCC
2441,6227,6228,36515,36516,4.259025579671577e-8,PE_PCC
2442,6228,6229,36516,36517,4.260277417363902e-8,PE_PCC
2443,6229,6230,36517,36518,4.261529255085737e-8,PE_PCC
2444,6230,6231,36518,36519,4.262781092831887e-8,PE_PCC
2445,6231,6232,36519,36520,4.2640329306023235e-8,PE_PCC
2446,6232,6233,36520,36521,4.265284768402214e-8,PE_PCC
2447,6233,6234,36521,36522,4.2665366062246224e-8,PE_PCC
2448,6234,6235,36522,36523,4.267788444076443e-8,PE_PCC
2449,6235,6236,36523,36524,4.269040281952435e-8,PE_PCC
2450,6236,6237,36524,36525,4.270292119852623e-8,PE_PCC
2451,6237,6238,36525,36526,4.2715439577821584e-8,PE_PCC
2452,6238,6239,36526,36527,4.2727957957357937e-8,PE_PCC
2453,6239,6240,36527,36528,4.274047633713563e-8,PE_PCC
2454,6240,6241,36528,36529,4.275299471720599e-8,PE_PCC
2455,6241,6242,36529,36530,4.276551309751676e-8,PE_PCC
2456,6242,6243,36530,36531,4.277803147806812e-8,PE_PCC
2457,6243,6244,36531,36532,4.2790549858911493e-8,PE_PCC
2458,6244,6245,36532,36533,4.280306823999466e-8,PE_PCC
2459,6245,6246,36533,36534,4.2815586621317465e-8,PE_PCC
2460,6246,6247,36534,36535,4.2828105002931967e-8,PE_PCC
2461,6247,6248,36535,36536,4.284062338478551e-8,PE_PCC
2462,6248,6249,36536,36537,4.285314176687811e-8,PE_PCC
2463,6249,6250,36537,36538,4.286566014926135e-8,PE_PCC
2464,6250,6251,36538,36539,4.287817853188314e-8,PE_PCC
2465,6251,6252,36539,36540,4.289069691474332e-8,PE_PCC
2466,6252,6253,36540,36541,4.290321529789373e-8,PE_PCC
2467,6253,6254,36541,36542,4.291573368128173e-8,PE_PCC
2468,6254,6255,36542,36543,4.292825206490739e-8,PE_PCC
2469,6255,6256,36543,36544,4.294077044882271e-8,PE_PCC
2470,6256,6257,36544,36545,4.295328883295759e-8,PE_PCC
2471,6257,6258,36545,36546,4.29658072173818e-8,PE_PCC
2472,6258,6259,36546,36547,4.2978325602042574e-8,PE_PCC
2473,6259,6260,36547,36548,4.29908439869397e-8,PE_PCC
2474,6260,6261,36548,36549,4.300336237212549e-8,PE_PCC
2475,6261,6262,36549,36550,4.3015880757547186e-8,PE_PCC
2476,6262,6263,36550,36551,4.3028399143204596e-8,PE_PCC
2477,6263,6264,36551,36552,4.304091752915e-8,PE_PCC
2478,6264,6265,36552,36553,4.3053435915330615e-8,PE_PCC
2479,6265,6266,36553,36554,4.306595430174628e-8,PE_PCC
2480,6266,6267,36554,36555,4.307847268844932e-8,PE_PCC
2481,6267,6268,36555,36556,4.309099107538692e-8,PE_PCC
2482,6268,6269,36556,36557,4.310350946255887e-8,PE_PCC
2483,6269,6270,36557,36558,4.31160278500175e-8,PE_PCC
2484,6270,6271,36558,36559,4.3128546237710125e-8,PE_PCC
2485,6271,6272,36559,36560,4.314106462563633e-8,PE_PCC
2486,6272,6273,36560,36561,4.3153583013848724e-8,PE_PCC
2487,6273,6274,36561,36562,4.316610140229426e-8,PE_PCC
2488,6274,6275,36562,36563,4.3178619790972965e-8,PE_PCC
2489,6275,6276,36563,36564,4.31911381799369e-8,PE_PCC
2490,6276,6277,36564,36565,4.3203656569133604e-8,PE_PCC
2491,6277,6278,36565,36566,4.321617495856254e-8,PE_PCC
2492,6278,6279,36566,36567,4.3228693348276285e-8,PE_PCC
2493,6279,6280,36567,36568,4.3241211738222196e-8,PE_PCC
2494,6280,6281,36568,36569,4.3253730128399373e-8,PE_PCC
2495,6281,6282,36569,36570,4.326624851886117e-8,PE_PCC
2496,6282,6283,36570,36571,4.327876690953636e-8,PE_PCC
2497,6283,6284,36571,36572,4.3291285300495475e-8,PE_PCC
2498,6284,6285,36572,36573,4.330380369168526e-8,PE_PCC
2499,6285,6286,36573,36574,4.3316322083105756e-8,PE_PCC
2500,6286,6287,36574,36575,4.332884047480924e-8,PE_PCC
2501,6287,6288,36575,36576,4.3341358866743205e-8,PE_PCC
2502,6288,6289,36576,36577,4.335387725890684e-8,PE_PCC
2503,6289,6290,36577,36578,4.336639565135306e-8,PE_PCC
2504,6290,6291,36578,36579,4.337891404402883e-8,PE_PCC
2505,6291,6292,36579,36580,4.3391432436933846e-8,PE_PCC
2506,6292,6293,36580,36581,4.3403950830120856e-8,PE_PCC
2507,6293,6294,36581,36582,4.341646922353658e-8,PE_PCC
2508,6294,6295,36582,36583,4.3428987617181065e-8,PE_PCC
2509,6295,6296,36583,36584,4.344150601110678e-8,PE_PCC
2510,6296,6297,36584,36585,4.3454024405260665e-8,PE_PCC
2511,6297,6298,36585,36586,4.34665427996426e-8,PE_PCC
2512,6298,6299,36586,36587,4.3479061194305174e-8,PE_PCC
2513,6299,6300,36587,36588,4.3491579589195395e-8,PE_PCC
2514,6300,6301,36588,36589,4.3504097984312766e-8,PE_PCC
2515,6301,6302,36589,36590,4.3516616379710387e-8,PE_PCC
2516,6302,6303,36590,36591,4.3529134775334806e-8,PE_PCC
2517,6303,6304,36591,36592,4.354165317118598e-8,PE_PCC
2518,6304,6305,36592,36593,4.3554171567316594e-8,PE_PCC
2519,6305,6306,36593,36594,4.356668996365574e-8,PE_PCC
2520,6306,6307,36594,36595,4.357920836027409e-8,PE_PCC
2521,6307,6308,36595,36596,4.359172675711818e-8,PE_PCC
2522,6308,6309,36596,36597,4.3604245154187836e-8,PE_PCC
2523,6309,6310,36597,36598,4.361676355153605e-8,PE_PCC
2524,6310,6311,36598,36599,4.362928194910946e-8,PE_PCC
2525,6311,6312,36599,36600,4.364180034690772e-8,PE_PCC
2526,6312,6313,36600,36601,4.3654318744983904e-8,PE_PCC
2527,6313,6314,36601,36602,4.366683714328474e-8,PE_PCC
2528,6314,6315,36602,36603,4.367935554180979e-8,PE_PCC
2529,6315,6316,36603,36604,4.369187394061207e-8,PE_PCC
2530,6316,6317,36604,36605,4.37043923396385e-8,PE_PCC
2531,6317,6318,36605,36606,4.3716910738888285e-8,PE_PCC
2532,6318,6319,36606,36607,4.372942913841496e-8,PE_PCC
2533,6319,6320,36607,36608,4.374194753816498e-8,PE_PCC
2534,6320,6321,36608,36609,4.375446593813776e-8,PE_PCC
2535,6321,6322,36609,36610,4.376698433838688e-8,PE_PCC
2536,6322,6323,36610,36611,4.377950273885853e-8,PE_PCC
2537,6323,6324,36611,36612,4.3792021139552645e-8,PE_PCC
2538,6324,6325,36612,36613,4.38045395405224e-8,PE_PCC
2539,6325,6326,36613,36614,4.381705794171393e-8,PE_PCC
2540,6326,6327,36614,36615,4.3829576343127085e-8,PE_PCC
2541,6327,6328,36615,36616,4.384209474481555e-8,PE_PCC
2542,6328,6329,36616,36617,4.3854613146707606e-8,PE_PCC
2543,6329,6330,36617,36618,4.3867131548873906e-8,PE_PCC
2544,6330,6331,36618,36619,4.38796499512614e-8,PE_PCC
2545,6331,6332,36619,36620,4.3892168353869276e-8,PE_PCC
2546,6332,6333,36620,36621,4.390468675675147e-8,PE_PCC
2547,6333,6334,36621,36622,4.3917205159853975e-8,PE_PCC
2548,6334,6335,36622,36623,4.3929723563176184e-8,PE_PCC
2549,6335,6336,36623,36624,4.3942241966772295e-8,PE_PCC
2550,6336,6337,36624,36625,4.395476037058768e-8,PE_PCC
2551,6337,6338,36625,36626,4.396727877462282e-8,PE_PCC
2552,6338,6339,36626,36627,4.397979717893066e-8,PE_PCC
2553,6339,6340,36627,36628,4.399231558345759e-8,PE_PCC
2554,6340,6341,36628,36629,4.400483398820332e-8,PE_PCC
2555,6341,6342,36629,36630,4.401735239322136e-8,PE_PCC
2556,6342,6343,36630,36631,4.4029870798457735e-8,PE_PCC
2557,6343,6344,36631,36632,4.4042389203912455e-8,PE_PCC
2558,6344,6345,36632,36633,4.4054907609638735e-8,PE_PCC
2559,6345,6346,36633,36634,4.4067426015582935e-8,PE_PCC
2560,6346,6347,36634,36635,4.4079944421744716e-8,PE_PCC
2561,6347,6348,36635,36636,4.4092462828177554e-8,PE_PCC
2562,6348,6349,36636,36637,4.410498123482767e-8,PE_PCC
2563,6349,6350,36637,36638,4.411749964169467e-8,PE_PCC
2564,6350,6351,36638,36639,4.41300180488323e-8,PE_PCC
2565,6351,6352,36639,36640,4.414253645618648e-8,PE_PCC
2566,6352,6353,36640,36641,4.4155054863756995e-8,PE_PCC
2567,6353,6354,36641,36642,4.416757327159754e-8,PE_PCC
2568,6354,6355,36642,36643,4.418009167963606e-8,PE_PCC
2569,6355,6356,36643,36644,4.4192610087944234e-8,PE_PCC
2570,6356,6357,36644,36645,4.420512849646799e-8,PE_PCC
2571,6357,6358,36645,36646,4.4217646905206924e-8,PE_PCC
2572,6358,6359,36646,36647,4.423016531421511e-8,PE_PCC
2573,6359,6360,36647,36648,4.424268372343814e-8,PE_PCC
2574,6360,6361,36648,36649,4.4255202132875904e-8,PE_PCC
2575,6361,6362,36649,36650,4.4267720542582095e-8,PE_PCC
2576,6362,6363,36650,36651,4.428023895250274e-8,PE_PCC
2577,6363,6364,36651,36652,4.429275736263749e-8,PE_PCC
2578,6364,6365,36652,36653,4.4305275773040064e-8,PE_PCC
2579,6365,6366,36653,36654,4.4317794183656596e-8,PE_PCC
2580,6366,6367,36654,36655,4.4330312594486336e-8,PE_PCC
2581,6367,6368,36655,36656,4.4342831005583665e-8,PE_PCC
2582,6368,6369,36656,36657,4.435534941689417e-8,PE_PCC
2583,6369,6370,36657,36658,4.436786782841719e-8,PE_PCC
2584,6370,6371,36658,36659,4.438038624020756e-8,PE_PCC
2585,6371,6372,36659,36660,4.439290465221018e-8,PE_PCC
2586,6372,6373,36660,36661,4.440542306442516e-8,PE_PCC
2587,6373,6374,36661,36662,4.4417941476906355e-8,PE_PCC
2588,6374,6375,36662,36663,4.443045988959961e-8,PE_PCC
2589,6375,6376,36663,36664,4.444297830250428e-8,PE_PCC
2590,6376,6377,36664,36665,4.4455496715674955e-8,PE_PCC
2591,6377,6378,36665,36666,4.4468015129038825e-8,PE_PCC
2592,6378,6379,36666,36667,4.448053354266795e-8,PE_PCC
2593,6379,6380,36667,36668,4.4493051956508064e-8,PE_PCC
2594,6380,6381,36668,36669,4.450557037055885e-8,PE_PCC
2595,6381,6382,36669,36670,4.451808878487451e-8,PE_PCC
2596,6382,6383,36670,36671,4.453060719940044e-8,PE_PCC
2597,6383,6384,36671,36672,4.454312561413665e-8,PE_PCC
2598,6384,6385,36672,36673,4.4555644029136806e-8,PE_PCC
2599,6385,6386,36673,36674,4.4568162444347e-8,PE_PCC
2600,6386,6387,36674,36675,4.4580680859766544e-8,PE_PCC
2601,6387,6388,36675,36676,4.459319927544983e-8,PE_PCC
2602,6388,6389,36676,36677,4.4605717691342384e-8,PE_PCC
2603,6389,6390,36677,36678,4.4618236107443706e-8,PE_PCC
2604,6390,6391,36678,36679,4.4630754523808224e-8,PE_PCC
2605,6391,6392,36679,36680,4.4643272940381436e-8,PE_PCC
2606,6392,6393,36680,36681,4.465579135716289e-8,PE_PCC
2607,6393,6394,36681,36682,4.466830977420701e-8,PE_PCC
2608,6394,6395,36682,36683,4.468082819145908e-8,PE_PCC
2609,6395,6396,36683,36684,4.46933466089189e-8,PE_PCC
2610,6396,6397,36684,36685,4.470586502664087e-8,PE_PCC
2611,6397,6398,36685,36686,4.471838344457019e-8,PE_PCC
2612,6398,6399,36686,36687,4.473090186270667e-8,PE_PCC
2613,6399,6400,36687,36688,4.474342028110473e-8,PE_PCC
2614,6400,6401,36688,36689,4.47559386997096e-8,PE_PCC
2615,6401,6402,36689,36690,4.476845711852103e-8,PE_PCC
2616,6402,6403,36690,36691,4.478097553759349e-8,PE_PCC
2617,6403,6404,36691,36692,4.479349395685403e-8,PE_PCC
2618,6404,6405,36692,36693,4.4806012376375194e-8,PE_PCC
2619,6405,6406,36693,36694,4.4818530796102135e-8,PE_PCC
2620,6406,6407,36694,36695,4.4831049216034633e-8,PE_PCC
2621,6407,6408,36695,36696,4.484356763622753e-8,PE_PCC
2622,6408,6409,36696,36697,4.4856086056625525e-8,PE_PCC
2623,6409,6410,36697,36698,4.486860447722847e-8,PE_PCC
2624,6410,6411,36698,36699,4.4881122898091196e-8,PE_PCC
2625,6411,6412,36699,36700,4.48936413191586e-8,PE_PCC
2626,6412,6413,36700,36701,4.49061597404303e-8,PE_PCC
2627,6413,6414,36701,36702,4.491867816196128e-8,PE_PCC
2628,6414,6415,36702,36703,4.4931196583696303e-8,PE_PCC
2629,6415,6416,36703,36704,4.494371500563502e-8,PE_PCC
2630,6416,6417,36704,36705,4.495623342783258e-8,PE_PCC
2631,6417,6418,36705,36706,4.496875185023348e-8,PE_PCC
2632,6418,6419,36706,36707,4.4981270272838e-8,PE_PCC
2633,6419,6420,36707,36708,4.49937886957001e-8,PE_PCC
2634,6420,6421,36708,36709,4.5006307118765555e-8,PE_PCC
2635,6421,6422,36709,36710,4.5018825542033616e-8,PE_PCC
2636,6422,6423,36710,36711,4.503134396555919e-8,PE_PCC
2637,6423,6424,36711,36712,4.504386238928711e-8,PE_PCC
2638,6424,6425,36712,36713,4.50563808132172e-8,PE_PCC
2639,6425,6426,36713,36714,4.506889923740433e-8,PE_PCC
2640,6426,6427,36714,36715,4.5081417661775085e-8,PE_PCC
2641,6427,6428,36715,36716,4.5093936086402224e-8,PE_PCC
2642,6428,6429,36716,36717,4.5106454511231056e-8,PE_PCC
2643,6429,6430,36717,36718,4.511897293626091e-8,PE_PCC
2644,6430,6431,36718,36719,4.513149136154705e-8,PE_PCC
2645,6431,6432,36719,36720,4.5144009787034014e-8,PE_PCC
2646,6432,6433,36720,36721,4.515652821272157e-8,PE_PCC
2647,6433,6434,36721,36722,4.5169046638665e-8,PE_PCC
2648,6434,6435,36722,36723,4.5181565064808493e-8,PE_PCC
2649,6435,6436,36723,36724,4.519408349115221e-8,PE_PCC
2650,6436,6437,36724,36725,4.5206601917751024e-8,PE_PCC
2651,6437,6438,36725,36726,4.52191203445496e-8,PE_PCC
2652,6438,6439,36726,36727,4.52316387715477e-8,PE_PCC
2653,6439,6440,36727,36728,4.524415719880044e-8,PE_PCC
2654,6440,6441,36728,36729,4.5256675626252326e-8,PE_PCC
2655,6441,6442,36729,36730,4.5269194053903233e-8,PE_PCC
2656,6442,6443,36730,36731,4.5281712481808244e-8,PE_PCC
2657,6443,6444,36731,36732,4.529423090991189e-8,PE_PCC
2658,6444,6445,36732,36733,4.530674933821393e-8,PE_PCC
2659,6445,6446,36733,36734,4.5319267766769627e-8,PE_PCC
2660,6446,6447,36734,36735,4.533178619552334e-8,PE_PCC
2661,6447,6448,36735,36736,4.5344304624474984e-8,PE_PCC
2662,6448,6449,36736,36737,4.5356823053679694e-8,PE_PCC
2663,6449,6450,36737,36738,4.536934148306346e-8,PE_PCC
2664,6450,6451,36738,36739,4.538185991269993e-8,PE_PCC
2665,6451,6452,36739,36740,4.539437834253361e-8,PE_PCC
2666,6452,6453,36740,36741,4.540689677256419e-8,PE_PCC
2667,6453,6454,36741,36742,4.5419415202847207e-8,PE_PCC
2668,6454,6455,36742,36743,4.5431933633326635e-8,PE_PCC
2669,6455,6456,36743,36744,4.5444452064002384e-8,PE_PCC
2670,6456,6457,36744,36745,4.5456970494930204e-8,PE_PCC
2671,6457,6458,36745,36746,4.5469488926053735e-8,PE_PCC
2672,6458,6459,36746,36747,4.548200735737345e-8,PE_PCC
2673,6459,6460,36747,36748,4.5494525788944145e-8,PE_PCC
2674,6460,6461,36748,36749,4.550704422071056e-8,PE_PCC
2675,6461,6462,36749,36750,4.551956265267197e-8,PE_PCC
2676,6462,6463,36750,36751,4.55320810848844e-8,PE_PCC
2677,6463,6464,36751,36752,4.5544599517291845e-8,PE_PCC
2678,6464,6465,36752,36753,4.555711794989382e-8,PE_PCC
2679,6465,6466,36753,36754,4.5569636382746495e-8,PE_PCC
2680,6466,6467,36754,36755,4.558215481579307e-8,PE_PCC
2681,6467,6468,36755,36756,4.559467324903404e-8,PE_PCC
2682,6468,6469,36756,36757,4.56071916825247e-8,PE_PCC
2683,6469,6470,36757,36758,4.5619710116209666e-8,PE_PCC
2684,6470,6471,36758,36759,4.563222855008781e-8,PE_PCC
2685,6471,6472,36759,36760,4.564474698421548e-8,PE_PCC
2686,6472,6473,36760,36761,4.5657265418536275e-8,PE_PCC
2687,6473,6474,36761,36762,4.566978385305054e-8,PE_PCC
2688,6474,6475,36762,36763,4.568230228781338e-8,PE_PCC
2689,6475,6476,36763,36764,4.5694820722750465e-8,PE_PCC
2690,6476,6477,36764,36765,4.570733915793587e-8,PE_PCC
2691,6477,6478,36765,36766,4.5719857593313836e-8,PE_PCC
2692,6478,6479,36766,36767,4.5732376028884144e-8,PE_PCC
2693,6479,6480,36767,36768,4.5744894464702176e-8,PE_PCC
2694,6480,6481,36768,36769,4.5757412900712327e-8,PE_PCC
2695,6481,6482,36769,36770,4.576993133691407e-8,PE_PCC
2696,6482,6483,36770,36771,4.578244977336336e-8,PE_PCC
2697,6483,6484,36771,36772,4.579496821000399e-8,PE_PCC
2698,6484,6485,36772,36773,4.5807486646835814e-8,PE_PCC
2699,6485,6486,36773,36774,4.5820005083914615e-8,PE_PCC
2700,6486,6487,36774,36775,4.58325235211843e-8,PE_PCC
2701,6487,6488,36775,36776,4.58450419586446e-8,PE_PCC
2702,6488,6489,36776,36777,4.585756039635141e-8,PE_PCC
2703,6489,6490,36777,36778,4.587007883424854e-8,PE_PCC
2704,6490,6491,36778,36779,4.5882597272335845e-8,PE_PCC
2705,6491,6492,36779,36780,4.5895115710669055e-8,PE_PCC
2706,6492,6493,36780,36781,4.5907634149192134e-8,PE_PCC
2707,6493,6494,36781,36782,4.592015258790477e-8,PE_PCC
2708,6494,6495,36782,36783,4.5932671026863044e-8,PE_PCC
2709,6495,6496,36783,36784,4.59451894660104e-8,PE_PCC
2710,6496,6497,36784,36785,4.595770790534704e-8,PE_PCC
2711,6497,6498,36785,36786,4.5970226344928664e-8,PE_PCC
2712,6498,6499,36786,36787,4.5982744784680066e-8,PE_PCC
2713,6499,6500,36787,36788,4.59952632246767e-8,PE_PCC
2714,6500,6501,36788,36789,4.600778166486112e-8,PE_PCC
2715,6501,6502,36789,36790,4.602030010523428e-8,PE_PCC
2716,6502,6503,36790,36791,4.60328185458514e-8,PE_PCC
2717,6503,6504,36791,36792,4.604533698665634e-8,PE_PCC
2718,6504,6505,36792,36793,4.605785542764927e-8,PE_PCC
2719,6505,6506,36793,36794,4.607037386888572e-8,PE_PCC
2720,6506,6507,36794,36795,4.6082892310309655e-8,PE_PCC
2721,6507,6508,36795,36796,4.6095410751920645e-8,PE_PCC
2722,6508,6509,36796,36797,4.6107929193775005e-8,PE_PCC
2723,6509,6510,36797,36798,4.6120447635816076e-8,PE_PCC
2724,6510,6511,36798,36799,4.613296607804409e-8,PE_PCC
2725,6511,6512,36799,36800,4.6145484520514646e-8,PE_PCC
2726,6512,6513,36800,36801,4.6158002963171676e-8,PE_PCC
2727,6513,6514,36801,36802,4.6170521406014655e-8,PE_PCC
2728,6514,6515,36802,36803,4.6183039849100356e-8,PE_PCC
2729,6515,6516,36803,36804,4.61955582923715e-8,PE_PCC
2730,6516,6517,36804,36805,4.620807673582829e-8,PE_PCC
2731,6517,6518,36805,36806,4.6220595179527264e-8,PE_PCC
2732,6518,6519,36806,36807,4.6233113623411254e-8,PE_PCC
2733,6519,6520,36807,36808,4.6245632067480446e-8,PE_PCC
2734,6520,6521,36808,36809,4.625815051179109e-8,PE_PCC
2735,6521,6522,36809,36810,4.6270668956267525e-8,PE_PCC
2736,6522,6523,36810,36811,4.628318740098528e-8,PE_PCC
2737,6523,6524,36811,36812,4.629570584588735e-8,PE_PCC
2738,6524,6525,36812,36813,4.630822429097365e-8,PE_PCC
2739,6525,6526,36813,36814,4.632074273630074e-8,PE_PCC
2740,6526,6527,36814,36815,4.633326118181156e-8,PE_PCC
2741,6527,6528,36815,36816,4.634577962750632e-8,PE_PCC
2742,6528,6529,36816,36817,4.635829807344112e-8,PE_PCC
2743,6529,6530,36817,36818,4.6370816519559435e-8,PE_PCC
2744,6530,6531,36818,36819,4.6383334965860956e-8,PE_PCC
2745,6531,6532,36819,36820,4.639585341240219e-8,PE_PCC
2746,6532,6533,36820,36821,4.640837185912635e-8,PE_PCC
2747,6533,6534,36821,36822,4.6420890306033256e-8,PE_PCC
2748,6534,6535,36822,36823,4.643340875317941e-8,PE_PCC
2749,6535,6536,36823,36824,4.6445927200507976e-8,PE_PCC
2750,6536,6537,36824,36825,4.645844564801881e-8,PE_PCC
2751,6537,6538,36825,36826,4.647096409576834e-8,PE_PCC
2752,6538,6539,36826,36827,4.648348254369989e-8,PE_PCC
2753,6539,6540,36827,36828,4.6496000991813246e-8,PE_PCC
2754,6540,6541,36828,36829,4.650851944016463e-8,PE_PCC
2755,6541,6542,36829,36830,4.6521037888697815e-8,PE_PCC
2756,6542,6543,36830,36831,4.653355633741192e-8,PE_PCC
2757,6543,6544,36831,36832,4.6546074786364076e-8,PE_PCC
2758,6544,6545,36832,36833,4.655859323549706e-8,PE_PCC
2759,6545,6546,36833,36834,4.6571111684811036e-8,PE_PCC
2760,6546,6547,36834,36835,4.658363013436204e-8,PE_PCC
2761,6547,6548,36835,36836,4.65961485840747e-8,PE_PCC
2762,6548,6549,36836,36837,4.660866703402459e-8,PE_PCC
2763,6549,6550,36837,36838,4.66211854841542e-8,PE_PCC
2764,6550,6551,36838,36839,4.663370393446426e-8,PE_PCC
2765,6551,6552,36839,36840,4.664622238501065e-8,PE_PCC
2766,6552,6553,36840,36841,4.665874083573646e-8,PE_PCC
2767,6553,6554,36841,36842,4.667125928664217e-8,PE_PCC
2768,6554,6555,36842,36843,4.668377773778377e-8,PE_PCC
2769,6555,6556,36843,36844,4.669629618910446e-8,PE_PCC
2770,6556,6557,36844,36845,4.670881464060419e-8,PE_PCC
2771,6557,6558,36845,36846,4.672133309233986e-8,PE_PCC
2772,6558,6559,36846,36847,4.6733851544253585e-8,PE_PCC
2773,6559,6560,36847,36848,4.674636999634627e-8,PE_PCC
2774,6560,6561,36848,36849,4.67588884486741e-8,PE_PCC
2775,6561,6562,36849,36850,4.677140690118003e-8,PE_PCC
2776,6562,6563,36850,36851,4.6783925353863866e-8,PE_PCC
2777,6563,6564,36851,36852,4.6796443806782785e-8,PE_PCC
2778,6564,6565,36852,36853,4.680896225987901e-8,PE_PCC
2779,6565,6566,36853,36854,4.6821480713152965e-8,PE_PCC
2780,6566,6567,36854,36855,4.68339991666611e-8,PE_PCC
2781,6567,6568,36855,36856,4.684651762034672e-8,PE_PCC
2782,6568,6569,36856,36857,4.685903607420895e-8,PE_PCC
2783,6569,6570,36857,36858,4.687155452830546e-8,PE_PCC
2784,6570,6571,36858,36859,4.688407298255932e-8,PE_PCC
2785,6571,6572,36859,36860,4.689659143704704e-8,PE_PCC
2786,6572,6573,36860,36861,4.690910989171099e-8,PE_PCC
2787,6573,6574,36861,36862,4.692162834655118e-8,PE_PCC
2788,6574,6575,36862,36863,4.693414680162458e-8,PE_PCC
2789,6575,6576,36863,36864,4.6946665256873845e-8,PE_PCC
2790,6576,6577,36864,36865,4.6959183712298764e-8,PE_PCC
2791,6577,6578,36865,36866,4.6971702167956545e-8,PE_PCC
2792,6578,6579,36866,36867,4.698422062378966e-8,PE_PCC
2793,6579,6580,36867,36868,4.699673907979798e-8,PE_PCC
2794,6580,6581,36868,36869,4.700925753603865e-8,PE_PCC
2795,6581,6582,36869,36870,4.702177599245431e-8,PE_PCC
2796,6582,6583,36870,36871,4.703429444904453e-8,PE_PCC
2797,6583,6584,36871,36872,4.7046812905866814e-8,PE_PCC
2798,6584,6585,36872,36873,4.7059331362863456e-8,PE_PCC
2799,6585,6586,36873,36874,4.707184982003436e-8,PE_PCC
2800,6586,6587,36874,36875,4.70843682774368e-8,PE_PCC
2801,6587,6588,36875,36876,4.709688673501314e-8,PE_PCC
2802,6588,6589,36876,36877,4.710940519276312e-8,PE_PCC
2803,6589,6590,36877,36878,4.712192365074445e-8,PE_PCC
2804,6590,6591,36878,36879,4.713444210889902e-8,PE_PCC
2805,6591,6592,36879,36880,4.7146960567226855e-8,PE_PCC
2806,6592,6593,36880,36881,4.7159479025785486e-8,PE_PCC
2807,6593,6594,36881,36882,4.7171997484497826e-8,PE_PCC
2808,6594,6595,36882,36883,4.718451594344061e-8,PE_PCC
2809,6595,6596,36883,36884,4.719703440255602e-8,PE_PCC
2810,6596,6597,36884,36885,4.720955286184388e-8,PE_PCC
2811,6597,6598,36885,36886,4.722207132136163e-8,PE_PCC
2812,6598,6599,36886,36887,4.723458978105164e-8,PE_PCC
2813,6599,6600,36887,36888,4.724710824091379e-8,PE_PCC
2814,6600,6601,36888,36889,4.725962670100528e-8,PE_PCC
2815,6601,6602,36889,36890,4.727214516126845e-8,PE_PCC
2816,6602,6603,36890,36891,4.728466362170348e-8,PE_PCC
2817,6603,6604,36891,36892,4.7297182082367186e-8,PE_PCC
2818,6604,6605,36892,36893,4.730970054320241e-8,PE_PCC
2819,6605,6606,36893,36894,4.7322219004208694e-8,PE_PCC
2820,6606,6607,36894,36895,4.733473746544359e-8,PE_PCC
2821,6607,6608,36895,36896,4.7347255926849086e-8,PE_PCC
2822,6608,6609,36896,36897,4.7359774388425556e-8,PE_PCC
2823,6609,6610,36897,36898,4.737229285023005e-8,PE_PCC
2824,6610,6611,36898,36899,4.738481131220486e-8,PE_PCC
2825,6611,6612,36899,36900,4.7397329774349996e-8,PE_PCC
2826,6612,6613,36900,36901,4.7409848236722644e-8,PE_PCC
2827,6613,6614,36901,36902,4.742236669926543e-8,PE_PCC
2828,6614,6615,36902,36903,4.743488516197774e-8,PE_PCC
2829,6615,6616,36903,36904,4.744740362491757e-8,PE_PCC
2830,6616,6617,36904,36905,4.745992208802666e-8,PE_PCC
2831,6617,6618,36905,36906,4.747244055130496e-8,PE_PCC
2832,6618,6619,36906,36907,4.748495901481042e-8,PE_PCC
2833,6619,6620,36907,36908,4.7497477478465316e-8,PE_PCC
2834,6620,6621,36908,36909,4.750999594234701e-8,PE_PCC
2835,6621,6622,36909,36910,4.752251440639729e-8,PE_PCC
2836,6622,6623,36910,36911,4.753503287061601e-8,PE_PCC
2837,6623,6624,36911,36912,4.754755133506103e-8,PE_PCC
2838,6624,6625,36912,36913,4.756006979967426e-8,PE_PCC
2839,6625,6626,36913,36914,4.75725882644554e-8,PE_PCC
2840,6626,6627,36914,36915,4.758510672946247e-8,PE_PCC
2841,6627,6628,36915,36916,4.759762519463718e-8,PE_PCC
2842,6628,6629,36916,36917,4.7610143659979475e-8,PE_PCC
2843,6629,6630,36917,36918,4.762266212554725e-8,PE_PCC
2844,6630,6631,36918,36919,4.763518059128218e-8,PE_PCC
2845,6631,6632,36919,36920,4.764769905718433e-8,PE_PCC
2846,6632,6633,36920,36921,4.766021752331133e-8,PE_PCC
2847,6633,6634,36921,36922,4.767273598960537e-8,PE_PCC
2848,6634,6635,36922,36923,4.7685254456065774e-8,PE_PCC
2849,6635,6636,36923,36924,4.769777292275098e-8,PE_PCC
2850,6636,6637,36924,36925,4.7710291389602405e-8,PE_PCC
2851,6637,6638,36925,36926,4.772280985662024e-8,PE_PCC
2852,6638,6639,36926,36927,4.773532832386209e-8,PE_PCC
2853,6639,6640,36927,36928,4.774784679126985e-8,PE_PCC
2854,6640,6641,36928,36929,4.776036525884344e-8,PE_PCC
2855,6641,6642,36929,36930,4.777288372664056e-8,PE_PCC
2856,6642,6643,36930,36931,4.778540219458395e-8,PE_PCC
2857,6643,6644,36931,36932,4.7797920662750795e-8,PE_PCC
2858,6644,6645,36932,36933,4.781043913108293e-8,PE_PCC
2859,6645,6646,36933,36934,4.782295759957976e-8,PE_PCC
2860,6646,6647,36934,36935,4.783547606830006e-8,PE_PCC
2861,6647,6648,36935,36936,4.784799453718482e-8,PE_PCC
2862,6648,6649,36936,36937,4.786051300623405e-8,PE_PCC
2863,6649,6650,36937,36938,4.7873031475506186e-8,PE_PCC
2864,6650,6651,36938,36939,4.788554994494242e-8,PE_PCC
2865,6651,6652,36939,36940,4.789806841454271e-8,PE_PCC
2866,6652,6653,36940,36941,4.791058688436546e-8,PE_PCC
2867,6653,6654,36941,36942,4.792310535435202e-8,PE_PCC
2868,6654,6655,36942,36943,4.793562382450206e-8,PE_PCC
2869,6655,6656,36943,36944,4.794814229487418e-8,PE_PCC
2870,6656,6657,36944,36945,4.796066076540955e-8,PE_PCC
2871,6657,6658,36945,36946,4.7973179236108075e-8,PE_PCC
2872,6658,6659,36946,36947,4.7985697707028284e-8,PE_PCC
2873,6659,6660,36947,36948,4.7998216178111177e-8,PE_PCC
2874,6660,6661,36948,36949,4.801073464935693e-8,PE_PCC
2875,6661,6662,36949,36950,4.802325312082389e-8,PE_PCC
2876,6662,6663,36950,36951,4.8035771592453195e-8,PE_PCC
2877,6663,6664,36951,36952,4.804829006424479e-8,PE_PCC
2878,6664,6665,36952,36953,4.806080853625726e-8,PE_PCC
2879,6665,6666,36953,36954,4.807332700843158e-8,PE_PCC
2880,6666,6667,36954,36955,4.8085845480767846e-8,PE_PCC
2881,6667,6668,36955,36956,4.8098363953324456e-8,PE_PCC
2882,6668,6669,36956,36957,4.811088242602304e-8,PE_PCC
2883,6669,6670,36957,36958,4.812340089894178e-8,PE_PCC
2884,6670,6671,36958,36959,4.8135919372021766e-8,PE_PCC
2885,6671,6672,36959,36960,4.814843784526279e-8,PE_PCC
2886,6672,6673,36960,36961,4.8160956318723684e-8,PE_PCC
2887,6673,6674,36961,36962,4.81734747923453e-8,PE_PCC
2888,6674,6675,36962,36963,4.818599326612762e-8,PE_PCC
2889,6675,6676,36963,36964,4.819851174012927e-8,PE_PCC
2890,6676,6677,36964,36965,4.821103021429119e-8,PE_PCC
2891,6677,6678,36965,36966,4.82235486886136e-8,PE_PCC
2892,6678,6679,36966,36967,4.823606716315468e-8,PE_PCC
2893,6679,6680,36967,36968,4.8248585637855965e-8,PE_PCC
2894,6680,6681,36968,36969,4.826110411271681e-8,PE_PCC
2895,6681,6682,36969,36970,4.827362258779639e-8,PE_PCC
2896,6682,6683,36970,36971,4.828614106303562e-8,PE_PCC
2897,6683,6684,36971,36972,4.829865953843369e-8,PE_PCC
2898,6684,6685,36972,36973,4.831117801405038e-8,PE_PCC
2899,6685,6686,36973,36974,4.8323696489826116e-8,PE_PCC
2900,6686,6687,36974,36975,4.833621496576056e-8,PE_PCC
2901,6687,6688,36975,36976,4.834873344191296e-8,PE_PCC
2902,6688,6689,36976,36977,4.836125191822424e-8,PE_PCC
2903,6689,6690,36977,36978,4.837377039469349e-8,PE_PCC
2904,6690,6691,36978,36979,4.838628887138046e-8,PE_PCC
2905,6691,6692,36979,36980,4.839880734820589e-8,PE_PCC
2906,6692,6693,36980,36981,4.841132582524867e-8,PE_PCC
2907,6693,6694,36981,36982,4.842384430244908e-8,PE_PCC
2908,6694,6695,36982,36983,4.843636277980744e-8,PE_PCC
2909,6695,6696,36983,36984,4.844888125738259e-8,PE_PCC
2910,6696,6697,36984,36985,4.8461399735115064e-8,PE_PCC
2911,6697,6698,36985,36986,4.8473918213005104e-8,PE_PCC
2912,6698,6699,36986,36987,4.848643669111137e-8,PE_PCC
2913,6699,6700,36987,36988,4.849895516937488e-8,PE_PCC
2914,6700,6701,36988,36989,4.851147364779515e-8,PE_PCC
2915,6701,6702,36989,36990,4.852399212643154e-8,PE_PCC
2916,6702,6703,36990,36991,4.8536510605224604e-8,PE_PCC
2917,6703,6704,36991,36992,4.854902908417403e-8,PE_PCC
2918,6704,6705,36992,36993,4.856154756333919e-8,PE_PCC
2919,6705,6706,36993,36994,4.857406604266061e-8,PE_PCC
2920,6706,6707,36994,36995,4.858658452213804e-8,PE_PCC
2921,6707,6708,36995,36996,4.8599103001830736e-8,PE_PCC
2922,6708,6709,36996,36997,4.8611621481679235e-8,PE_PCC
2923,6709,6710,36997,36998,4.862413996168339e-8,PE_PCC
2924,6710,6711,36998,36999,4.863665844190244e-8,PE_PCC
2925,6711,6712,36999,37000,4.8649176922276854e-8,PE_PCC
2926,6712,6713,37000,37001,4.866169540280651e-8,PE_PCC
2927,6713,6714,37001,37002,4.867421388355068e-8,PE_PCC
2928,6714,6715,37002,37003,4.868673236442996e-8,PE_PCC
2929,6715,6716,37003,37004,4.869925084552353e-8,PE_PCC
2930,6716,6717,37004,37005,4.871176932677177e-8,PE_PCC
2931,6717,6718,37005,37006,4.872428780817458e-8,PE_PCC
2932,6718,6719,37006,37007,4.873680628979128e-8,PE_PCC
2933,6719,6720,37007,37008,4.874932477156218e-8,PE_PCC
2934,6720,6721,37008,37009,4.8761843253487186e-8,PE_PCC
2935,6721,6722,37009,37010,4.877436173562575e-8,PE_PCC
2936,6722,6723,37010,37011,4.878688021791816e-8,PE_PCC
2937,6723,6724,37011,37012,4.879939870036421e-8,PE_PCC
2938,6724,6725,37012,37013,4.881191718302359e-8,PE_PCC
2939,6725,6726,37013,37014,4.882443566583614e-8,PE_PCC
2940,6726,6727,37014,37015,4.883695414880215e-8,PE_PCC
2941,6727,6728,37015,37016,4.8849472631980746e-8,PE_PCC
2942,6728,6729,37016,37017,4.886199111531251e-8,PE_PCC
2943,6729,6730,37017,37018,4.8874509598797354e-8,PE_PCC
2944,6730,6731,37018,37019,4.88870280824941e-8,PE_PCC
2945,6731,6732,37019,37020,4.889954656634373e-8,PE_PCC
2946,6732,6733,37020,37021,4.8912065050345957e-8,PE_PCC
2947,6733,6734,37021,37022,4.892458353456006e-8,PE_PCC
2948,6734,6735,37022,37023,4.8937102018926246e-8,PE_PCC
2949,6735,6736,37023,37024,4.894962050344454e-8,PE_PCC
2950,6736,6737,37024,37025,4.8962138988174745e-8,PE_PCC
2951,6737,6738,37025,37026,4.8974657473056334e-8,PE_PCC
2952,6738,6739,37026,37027,4.898717595808988e-8,PE_PCC
2953,6739,6740,37027,37028,4.899969444333459e-8,PE_PCC
2954,6740,6741,37028,37029,4.901221292871078e-8,PE_PCC
2955,6741,6742,37029,37030,4.9024731414297963e-8,PE_PCC
2956,6742,6743,37030,37031,4.9037249900036266e-8,PE_PCC
2957,6743,6744,37031,37032,4.90497683859256e-8,PE_PCC
2958,6744,6745,37032,37033,4.9062286872025486e-8,PE_PCC
2959,6745,6746,37033,37034,4.9074805358276264e-8,PE_PCC
2960,6746,6747,37034,37035,4.9087323844677364e-8,PE_PCC
2961,6747,6748,37035,37036,4.909984233128894e-8,PE_PCC
2962,6748,6749,37036,37037,4.911236081805078e-8,PE_PCC
2963,6749,6750,37037,37038,4.912487930496278e-8,PE_PCC
2964,6750,6751,37038,37039,4.9137397792084725e-8,PE_PCC
2965,6751,6752,37039,37040,4.9149916279356495e-8,PE_PCC
2966,6752,6753,37040,37041,4.916243476677807e-8,PE_PCC
2967,6753,6754,37041,37042,4.9174953254409314e-8,PE_PCC
2968,6754,6755,37042,37043,4.9187471742189926e-8,PE_PCC
2969,6755,6756,37043,37044,4.919999023011994e-8,PE_PCC
2970,6756,6757,37044,37045,4.921250871825917e-8,PE_PCC
2971,6757,6758,37045,37046,4.92250272065475e-8,PE_PCC
2972,6758,6759,37046,37047,4.9237545694984734e-8,PE_PCC
2973,6759,6760,37047,37048,4.92500641836309e-8,PE_PCC
2974,6760,6761,37048,37049,4.9262582672425756e-8,PE_PCC
2975,6761,6762,37049,37050,4.927510116136906e-8,PE_PCC
2976,6762,6763,37050,37051,4.9287619650520985e-8,PE_PCC
2977,6763,6764,37051,37052,4.930013813980112e-8,PE_PCC
2978,6764,6765,37052,37053,4.93126566292895e-8,PE_PCC
2979,6765,6766,37053,37054,4.932517511892593e-8,PE_PCC
2980,6766,6767,37054,37055,4.933769360871031e-8,PE_PCC
2981,6767,6768,37055,37056,4.9350212098702476e-8,PE_PCC
2982,6768,6769,37056,37057,4.9362730588842426e-8,PE_PCC
2983,6769,6770,37057,37058,4.9375249079129607e-8,PE_PCC
2984,6770,6771,37058,37059,4.9387767569624615e-8,PE_PCC
2985,6771,6772,37059,37060,4.940028606026675e-8,PE_PCC
2986,6772,6773,37060,37061,4.941280455105581e-8,PE_PCC
2987,6773,6774,37061,37062,4.9425323042052533e-8,PE_PCC
2988,6774,6775,37062,37063,4.943784153319553e-8,PE_PCC
2989,6775,6776,37063,37064,4.945036002448569e-8,PE_PCC
2990,6776,6777,37064,37065,4.946287851598245e-8,PE_PCC
2991,6777,6778,37065,37066,4.947539700762564e-8,PE_PCC
2992,6778,6779,37066,37067,4.9487915499415366e-8,PE_PCC
2993,6779,6780,37067,37068,4.950043399141119e-8,PE_PCC
2994,6780,6781,37068,37069,4.951295248355334e-8,PE_PCC
2995,6781,6782,37069,37070,4.9525470975841525e-8,PE_PCC
2996,6782,6783,37070,37071,4.9537989468335736e-8,PE_PCC
2997,6783,6784,37071,37072,4.9550507960975406e-8,PE_PCC
2998,6784,6785,37072,37073,4.956302645376077e-8,PE_PCC
2999,6785,6786,37073,37074,4.957554494675212e-8,PE_PCC
3000,6786,6787,37074,37075,4.958806343986813e-8,PE_PCC
3001,6787,6788,37075,37076,4.960058193319024e-8,PE_PCC
3002,6788,6789,37076,37077,4.961310042665702e-8,PE_PCC
3003,6789,6790,37077,37078,4.9625618920268654e-8,PE_PCC
3004,6790,6791,37078,37079,4.9638137414085726e-8,PE_PCC
3005,6791,6792,37079,37080,4.9650655908047243e-8,PE_PCC
3006,6792,6793,37080,37081,4.9663174402153286e-8,PE_PCC
3007,6793,6794,37081,37082,4.96756928964643e-8,PE_PCC
3008,6794,6795,37082,37083,4.968821139091938e-8,PE_PCC
3009,6795,6796,37083,37084,4.970072988551868e-8,PE_PCC
3010,6796,6797,37084,37085,4.9713248380322455e-8,PE_PCC
3011,6797,6798,37085,37086,4.9725766875270124e-8,PE_PCC
3012,6798,6799,37086,37087,4.9738285370361444e-8,PE_PCC
3013,6799,6800,37087,37088,4.975080386565706e-8,PE_PCC
3014,6800,6801,37088,37089,4.976332236109602e-8,PE_PCC
3015,6801,6802,37089,37090,4.9775840856678314e-8,PE_PCC
3016,6802,6803,37090,37091,4.978835935246454e-8,PE_PCC
3017,6803,6804,37091,37092,4.9800877848393786e-8,PE_PCC
3018,6804,6805,37092,37093,4.9813396344465964e-8,PE_PCC
3019,6805,6806,37093,37094,4.982591484074164e-8,PE_PCC
3020,6806,6807,37094,37095,4.9838433337160083e-8,PE_PCC
3021,6807,6808,37095,37096,4.9850951833721e-8,PE_PCC
3022,6808,6809,37096,37097,4.986347033048516e-8,PE_PCC
3023,6809,6810,37097,37098,4.987598882739154e-8,PE_PCC
3024,6810,6811,37098,37099,4.988850732444005e-8,PE_PCC
3025,6811,6812,37099,37100,4.990102582169159e-8,PE_PCC
3026,6812,6813,37100,37101,4.99135443190647e-8,PE_PCC
3027,6813,6814,37101,37102,4.992606281664042e-8,PE_PCC
3028,6814,6815,37102,37103,4.9938581314357707e-8,PE_PCC
3029,6815,6816,37103,37104,4.995109981221664e-8,PE_PCC
3030,6816,6817,37104,37105,4.996361831027791e-8,PE_PCC
3031,6817,6818,37105,37106,4.9976136808480257e-8,PE_PCC
3032,6818,6819,37106,37107,4.998865530682412e-8,PE_PCC
3033,6819,6820,37107,37108,5.0001173805369525e-8,PE_PCC
3034,6820,6821,37108,37109,5.0013692304056e-8,PE_PCC
3035,6821,6822,37109,37110,5.002621080288322e-8,PE_PCC
3036,6822,6823,37110,37111,5.003872930191231e-8,PE_PCC
3037,6823,6824,37111,37112,5.005124780108165e-8,PE_PCC
3038,6824,6825,37112,37113,5.0063766300391436e-8,PE_PCC
3039,6825,6826,37113,37114,5.007628479990264e-8,PE_PCC
3040,6826,6827,37114,37115,5.0088803299553744e-8,PE_PCC
3041,6827,6828,37115,37116,5.010132179934508e-8,PE_PCC
3042,6828,6829,37116,37117,5.011384029933744e-8,PE_PCC
3043,6829,6830,37117,37118,5.0126358799469225e-8,PE_PCC
3044,6830,6831,37118,37119,5.013887729974111e-8,PE_PCC
3045,6831,6832,37119,37120,5.0151395800213235e-8,PE_PCC
3046,6832,6833,37120,37121,5.016391430082497e-8,PE_PCC
3047,6833,6834,37121,37122,5.017643280157588e-8,PE_PCC
3048,6834,6835,37122,37123,5.018895130252735e-8,PE_PCC
3049,6835,6836,37123,37124,5.020146980359699e-8,PE_PCC
3050,6836,6837,37124,37125,5.021398830486715e-8,PE_PCC
3051,6837,6838,37125,37126,5.022650680627586e-8,PE_PCC
3052,6838,6839,37126,37127,5.023902530782317e-8,PE_PCC
3053,6839,6840,37127,37128,5.025154380957047e-8,PE_PCC
3054,6840,6841,37128,37129,5.0264062311456006e-8,PE_PCC
3055,6841,6842,37129,37130,5.027658081347984e-8,PE_PCC
3056,6842,6843,37130,37131,5.028909931570313e-8,PE_PCC
3057,6843,6844,37131,37132,5.0301617818064476e-8,PE_PCC
3058,6844,6845,37132,37133,5.0314136320563616e-8,PE_PCC
3059,6845,6846,37133,37134,5.032665482326205e-8,PE_PCC
3060,6846,6847,37134,37135,5.033917332609803e-8,PE_PCC
3061,6847,6848,37135,37136,5.035169182907152e-8,PE_PCC
3062,6848,6849,37136,37137,5.0364210332243884e-8,PE_PCC
3063,6849,6850,37137,37138,5.037672883555349e-8,PE_PCC
3064,6850,6851,37138,37139,5.038924733900026e-8,PE_PCC
3065,6851,6852,37139,37140,5.040176584264556e-8,PE_PCC
3066,6852,6853,37140,37141,5.0414284346427755e-8,PE_PCC
3067,6853,6854,37141,37142,5.04268028503467e-8,PE_PCC
3068,6854,6855,37142,37143,5.0439321354463825e-8,PE_PCC
3069,6855,6856,37143,37144,5.0451839858717534e-8,PE_PCC
3070,6856,6857,37144,37145,5.046435836310761e-8,PE_PCC
3071,6857,6858,37145,37146,5.0476876867695525e-8,PE_PCC
3072,6858,6859,37146,37147,5.048939537241979e-8,PE_PCC
3073,6859,6860,37147,37148,5.0501913877280004e-8,PE_PCC
3074,6860,6861,37148,37149,5.051443238233769e-8,PE_PCC
3075,6861,6862,37149,37150,5.052695088751057e-8,PE_PCC
3076,6862,6863,37150,37151,5.053946939288118e-8,PE_PCC
3077,6863,6864,37151,37152,5.0551987898386776e-8,PE_PCC
3078,6864,6865,37152,37153,5.056450640402832e-8,PE_PCC
3079,6865,6866,37153,37154,5.0577024909866584e-8,PE_PCC
3080,6866,6867,37154,37155,5.058954341584016e-8,PE_PCC
3081,6867,6868,37155,37156,5.060206192194888e-8,PE_PCC
3082,6868,6869,37156,37157,5.06145804282543e-8,PE_PCC
3083,6869,6870,37157,37158,5.062709893469418e-8,PE_PCC
3084,6870,6871,37158,37159,5.063961744126939e-8,PE_PCC
3085,6871,6872,37159,37160,5.065213594804061e-8,PE_PCC
3086,6872,6873,37160,37161,5.066465445494645e-8,PE_PCC
3087,6873,6874,37161,37162,5.067717296198637e-8,PE_PCC
3088,6874,6875,37162,37163,5.068969146922291e-8,PE_PCC
3089,6875,6876,37163,37164,5.070220997659308e-8,PE_PCC
3090,6876,6877,37164,37165,5.0714728484097415e-8,PE_PCC
3091,6877,6878,37165,37166,5.072724699179755e-8,PE_PCC
3092,6878,6879,37166,37167,5.073976549963125e-8,PE_PCC
3093,6879,6880,37167,37168,5.075228400759889e-8,PE_PCC
3094,6880,6881,37168,37169,5.076480251576182e-8,PE_PCC
3095,6881,6882,37169,37170,5.077732102405811e-8,PE_PCC
3096,6882,6883,37170,37171,5.078983953248783e-8,PE_PCC
3097,6883,6884,37171,37172,5.080235804111256e-8,PE_PCC
3098,6884,6885,37172,37173,5.08148765498496e-8,PE_PCC
3099,6885,6886,37173,37174,5.0827395058781816e-8,PE_PCC
3100,6886,6887,37174,37175,5.083991356784666e-8,PE_PCC
3101,6887,6888,37175,37176,5.0852432077044234e-8,PE_PCC
3102,6888,6889,37176,37177,5.086495058643651e-8,PE_PCC
3103,6889,6890,37177,37178,5.087746909596112e-8,PE_PCC
3104,6890,6891,37178,37179,5.08899876056181e-8,PE_PCC
3105,6891,6892,37179,37180,5.0902506115469435e-8,PE_PCC
3106,6892,6893,37180,37181,5.091502462545284e-8,PE_PCC
3107,6893,6894,37181,37182,5.092754313556822e-8,PE_PCC
3108,6894,6895,37182,37183,5.094006164587761e-8,PE_PCC
3109,6895,6896,37183,37184,5.095258015631876e-8,PE_PCC
3110,6896,6897,37184,37185,5.0965098666891504e-8,PE_PCC
3111,6897,6898,37185,37186,5.097761717765808e-8,PE_PCC
3112,6898,6899,37186,37187,5.0990135688555844e-8,PE_PCC
3113,6899,6900,37187,37188,5.100265419958495e-8,PE_PCC
3114,6900,6901,37188,37189,5.101517271080762e-8,PE_PCC
3115,6901,6902,37189,37190,5.1027691222161075e-8,PE_PCC
3116,6902,6903,37190,37191,5.1040209733645685e-8,PE_PCC
3117,6903,6904,37191,37192,5.105272824532314e-8,PE_PCC
3118,6904,6905,37192,37193,5.106524675713165e-8,PE_PCC
3119,6905,6906,37193,37194,5.107776526907032e-8,PE_PCC
3120,6906,6907,37194,37195,5.109028378120209e-8,PE_PCC
3121,6907,6908,37195,37196,5.1102802293443296e-8,PE_PCC
3122,6908,6909,37196,37197,5.111532080587717e-8,PE_PCC
3123,6909,6910,37197,37198,5.112783931844091e-8,PE_PCC
3124,6910,6911,37198,37199,5.1140357831134885e-8,PE_PCC
3125,6911,6912,37199,37200,5.1152876344021077e-8,PE_PCC
3126,6912,6913,37200,37201,5.116539485703712e-8,PE_PCC
3127,6913,6914,37201,37202,5.117791337018266e-8,PE_PCC
3128,6914,6915,37202,37203,5.119043188352028e-8,PE_PCC
3129,6915,6916,37203,37204,5.12029503969874e-8,PE_PCC
3130,6916,6917,37204,37205,5.1215468910583417e-8,PE_PCC
3131,6917,6918,37205,37206,5.1227987424371586e-8,PE_PCC
3132,6918,6919,37206,37207,5.124050593828886e-8,PE_PCC
3133,6919,6920,37207,37208,5.125302445233462e-8,PE_PCC
3134,6920,6921,37208,37209,5.126554296657204e-8,PE_PCC
3135,6921,6922,37209,37210,5.1278061480938214e-8,PE_PCC
3136,6922,6923,37210,37211,5.129057999543305e-8,PE_PCC
3137,6923,6924,37211,37212,5.130309851011882e-8,PE_PCC
3138,6924,6925,37212,37213,5.131561702493296e-8,PE_PCC
3139,6925,6926,37213,37214,5.1328135539875634e-8,PE_PCC
3140,6926,6927,37214,37215,5.1340654055008826e-8,PE_PCC
3141,6927,6928,37215,37216,5.135317257027004e-8,PE_PCC
3142,6928,6929,37216,37217,5.136569108565948e-8,PE_PCC
3143,6929,6930,37217,37218,5.13782096012391e-8,PE_PCC
3144,6930,6931,37218,37219,5.139072811694655e-8,PE_PCC
3145,6931,6932,37219,37220,5.140324663278169e-8,PE_PCC
3146,6932,6933,37220,37221,5.141576514880679e-8,PE_PCC
3147,6933,6934,37221,37222,5.142828366493852e-8,PE_PCC
3148,6934,6935,37222,37223,5.1440802181260214e-8,PE_PCC
3149,6935,6936,37223,37224,5.1453320697709e-8,PE_PCC
3150,6936,6937,37224,37225,5.1465839214284814e-8,PE_PCC
3151,6937,6938,37225,37226,5.147835773105037e-8,PE_PCC
3152,6938,6939,37226,37227,5.149087624794273e-8,PE_PCC
3153,6939,6940,37227,37228,5.1503394764961676e-8,PE_PCC
3154,6940,6941,37228,37229,5.151591328217016e-8,PE_PCC
3155,6941,6942,37229,37230,5.152843179950504e-8,PE_PCC
3156,6942,6943,37230,37231,5.1540950316966196e-8,PE_PCC
3157,6943,6944,37231,37232,5.1553468834616604e-8,PE_PCC
3158,6944,6945,37232,37233,5.1565987352393055e-8,PE_PCC
3159,6945,6946,37233,37234,5.157850587029555e-8,PE_PCC
3160,6946,6947,37234,37235,5.15910243883869e-8,PE_PCC
3161,6947,6948,37235,37236,5.160354290660392e-8,PE_PCC
3162,6948,6949,37236,37237,5.161606142494675e-8,PE_PCC
3163,6949,6950,37237,37238,5.162857994347792e-8,PE_PCC
3164,6950,6951,37238,37239,5.1641098462134854e-8,PE_PCC
3165,6951,6952,37239,37240,5.165361698091681e-8,PE_PCC
3166,6952,6953,37240,37241,5.166613549988722e-8,PE_PCC
3167,6953,6954,37241,37242,5.1678654018982556e-8,PE_PCC
3168,6954,6955,37242,37243,5.169117253820296e-8,PE_PCC
3169,6955,6956,37243,37244,5.170369105761172e-8,PE_PCC
3170,6956,6957,37244,37245,5.171620957712376e-8,PE_PCC
3171,6957,6958,37245,37246,5.17287280968236e-8,PE_PCC
3172,6958,6959,37246,37247,5.174124661664805e-8,PE_PCC
3173,6959,6960,37247,37248,5.175376513659716e-8,PE_PCC
3174,6960,6961,37248,37249,5.1766283656733386e-8,PE_PCC
3175,6961,6962,37249,37250,5.177880217699441e-8,PE_PCC
3176,6962,6963,37250,37251,5.1791320697378696e-8,PE_PCC
3177,6963,6964,37251,37252,5.1803839217951044e-8,PE_PCC
3178,6964,6965,37252,37253,5.18163577386469e-8,PE_PCC
3179,6965,6966,37253,37254,5.182887625946637e-8,PE_PCC
3180,6966,6967,37254,37255,5.184139478047301e-8,PE_PCC
3181,6967,6968,37255,37256,5.185391330160314e-8,PE_PCC
3182,6968,6969,37256,37257,5.1866431822856864e-8,PE_PCC
3183,6969,6970,37257,37258,5.187895034429698e-8,PE_PCC
3184,6970,6971,37258,37259,5.189146886586053e-8,PE_PCC
3185,6971,6972,37259,37260,5.190398738754705e-8,PE_PCC
3186,6972,6973,37260,37261,5.191650590941993e-8,PE_PCC
3187,6973,6974,37261,37262,5.1929024431415866e-8,PE_PCC
3188,6974,6975,37262,37263,5.194154295353459e-8,PE_PCC
3189,6975,6976,37263,37264,5.195406147583918e-8,PE_PCC
3190,6976,6977,37264,37265,5.1966579998266583e-8,PE_PCC
3191,6977,6978,37265,37266,5.197909852081629e-8,PE_PCC
3192,6978,6979,37266,37267,5.199161704355186e-8,PE_PCC
3193,6979,6980,37267,37268,5.2004135566388486e-8,PE_PCC
3194,6980,6981,37268,37269,5.2016654089410803e-8,PE_PCC
3195,6981,6982,37269,37270,5.202917261255508e-8,PE_PCC
3196,6982,6983,37270,37271,5.2041691135821304e-8,PE_PCC
3197,6983,6984,37271,37272,5.205420965927285e-8,PE_PCC
3198,6984,6985,37272,37273,5.206672818284615e-8,PE_PCC
3199,6985,6986,37273,37274,5.207924670654097e-8,PE_PCC
3200,6986,6987,37274,37275,5.209176523042093e-8,PE_PCC
3201,6987,6988,37275,37276,5.21042837544222e-8,PE_PCC
3202,6988,6989,37276,37277,5.2116802278544726e-8,PE_PCC
3203,6989,6990,37277,37278,5.2129320802852165e-8,PE_PCC
3204,6990,6991,37278,37279,5.21418393272805e-8,PE_PCC
3205,6991,6992,37279,37280,5.215435785182983e-8,PE_PCC
3206,6992,6993,37280,37281,5.216687637656371e-8,PE_PCC
3207,6993,6994,37281,37282,5.2179394901418405e-8,PE_PCC
3208,6994,6995,37282,37283,5.219191342639347e-8,PE_PCC
3209,6995,6996,37283,37284,5.22044319515529e-8,PE_PCC
3210,6996,6997,37284,37285,5.221695047683289e-8,PE_PCC
3211,6997,6998,37285,37286,5.222946900223306e-8,PE_PCC
3212,6998,6999,37286,37287,5.224198752781706e-8,PE_PCC
3213,6999,7000,37287,37288,5.2254506053521373e-8,PE_PCC
3214,7000,7001,37288,37289,5.2267024579345504e-8,PE_PCC
3215,7001,7002,37289,37290,5.2279543105353394e-8,PE_PCC
3216,7002,7003,37290,37291,5.22920616314812e-8,PE_PCC
3217,7003,7004,37291,37292,5.230458015772821e-8,PE_PCC
3218,7004,7005,37292,37293,5.23170986841591e-8,PE_PCC
3219,7005,7006,37293,37294,5.232961721068789e-8,PE_PCC
3220,7006,7007,37294,37295,5.234213573740007e-8,PE_PCC
3221,7007,7008,37295,37296,5.235465426423162e-8,PE_PCC
3222,7008,7009,37296,37297,5.2367172791181835e-8,PE_PCC
3223,7009,7010,37297,37298,5.237969131831531e-8,PE_PCC
3224,7010,7011,37298,37299,5.2392209845567674e-8,PE_PCC
3225,7011,7012,37299,37300,5.240472837293901e-8,PE_PCC
3226,7012,7013,37300,37301,5.24172469004927e-8,PE_PCC
3227,7013,7014,37301,37302,5.24297654281653e-8,PE_PCC
3228,7014,7015,37302,37303,5.244228395595618e-8,PE_PCC
3229,7015,7016,37303,37304,5.245480248392958e-8,PE_PCC
3230,7016,7017,37304,37305,5.246732101202128e-8,PE_PCC
3231,7017,7018,37305,37306,5.2479839540231105e-8,PE_PCC
3232,7018,7019,37306,37307,5.249235806862315e-8,PE_PCC
3233,7019,7020,37307,37308,5.250487659713309e-8,PE_PCC
3234,7020,7021,37308,37309,5.251739512576095e-8,PE_PCC
3235,7021,7022,37309,37310,5.252991365457076e-8,PE_PCC
3236,7022,7023,37310,37311,5.254243218349813e-8,PE_PCC
3237,7023,7024,37311,37312,5.255495071254308e-8,PE_PCC
3238,7024,7025,37312,37313,5.2567469241769604e-8,PE_PCC
3239,7025,7026,37313,37314,5.2579987771113534e-8,PE_PCC
3240,7026,7027,37314,37315,5.259250630057467e-8,PE_PCC
3241,7027,7028,37315,37316,5.2605024830217174e-8,PE_PCC
3242,7028,7029,37316,37317,5.261754335995531e-8,PE_PCC
3243,7029,7030,37317,37318,5.263006188987457e-8,PE_PCC
3244,7030,7031,37318,37319,5.2642580419910776e-8,PE_PCC
3245,7031,7032,37319,37320,5.265509895006352e-8,PE_PCC
3246,7032,7033,37320,37321,5.266761748039726e-8,PE_PCC
3247,7033,7034,37321,37322,5.2680136010847656e-8,PE_PCC
3248,7034,7035,37322,37323,5.269265454141423e-8,PE_PCC
3249,7035,7036,37323,37324,5.2705173072161516e-8,PE_PCC
3250,7036,7037,37324,37325,5.2717691603025056e-8,PE_PCC
3251,7037,7038,37325,37326,5.273021013400489e-8,PE_PCC
3252,7038,7039,37326,37327,5.274272866516453e-8,PE_PCC
3253,7039,7040,37327,37328,5.27552471964407e-8,PE_PCC
3254,7040,7041,37328,37329,5.2767765727832304e-8,PE_PCC
3255,7041,7042,37329,37330,5.278028425940413e-8,PE_PCC
3256,7042,7043,37330,37331,5.279280279109155e-8,PE_PCC
3257,7043,7044,37331,37332,5.280532132289444e-8,PE_PCC
3258,7044,7045,37332,37333,5.281783985487712e-8,PE_PCC
3259,7045,7046,37333,37334,5.2830358386975187e-8,PE_PCC
3260,7046,7047,37334,37335,5.284287691918839e-8,PE_PCC
3261,7047,7048,37335,37336,5.2855395451580994e-8,PE_PCC
3262,7048,7049,37336,37337,5.2867913984088744e-8,PE_PCC
3263,7049,7050,37337,37338,5.288043251671177e-8,PE_PCC
3264,7050,7051,37338,37339,5.28929510495134e-8,PE_PCC
3265,7051,7052,37339,37340,5.2905469582408555e-8,PE_PCC
3266,7052,7053,37340,37341,5.2917988115482865e-8,PE_PCC
3267,7053,7054,37341,37342,5.293050664867149e-8,PE_PCC
3268,7054,7055,37342,37343,5.29430251819748e-8,PE_PCC
3269,7055,7056,37343,37344,5.295554371545656e-8,PE_PCC
3270,7056,7057,37344,37345,5.2968062249052874e-8,PE_PCC
3271,7057,7058,37345,37346,5.2980580782763034e-8,PE_PCC
3272,7058,7059,37346,37347,5.299309931665184e-8,PE_PCC
3273,7059,7060,37347,37348,5.300561785065472e-8,PE_PCC
3274,7060,7061,37348,37349,5.301813638477094e-8,PE_PCC
3275,7061,7062,37349,37350,5.3030654919065935e-8,PE_PCC
3276,7062,7063,37350,37351,5.304317345347432e-8,PE_PCC
3277,7063,7064,37351,37352,5.305569198799612e-8,PE_PCC
3278,7064,7065,37352,37353,5.306821052269611e-8,PE_PCC
3279,7065,7066,37353,37354,5.308072905750946e-8,PE_PCC
3280,7066,7067,37354,37355,5.3093247592435715e-8,PE_PCC
3281,7067,7068,37355,37356,5.310576612754003e-8,PE_PCC
3282,7068,7069,37356,37357,5.3118284662757294e-8,PE_PCC
3283,7069,7070,37357,37358,5.31308031980873e-8,PE_PCC
3284,7070,7071,37358,37359,5.3143321733595e-8,PE_PCC
3285,7071,7072,37359,37360,5.315584026921531e-8,PE_PCC
3286,7072,7073,37360,37361,5.316835880494821e-8,PE_PCC
3287,7073,7074,37361,37362,5.318087734085845e-8,PE_PCC
3288,7074,7075,37362,37363,5.319339587688099e-8,PE_PCC
3289,7075,7076,37363,37364,5.3205914413015924e-8,PE_PCC
3290,7076,7077,37364,37365,5.321843294932784e-8,PE_PCC
3291,7077,7078,37365,37366,5.3230951485730147e-8,PE_PCC
3292,7078,7079,37366,37367,5.324347002230953e-8,PE_PCC
3293,7079,7080,37367,37368,5.325598855900062e-8,PE_PCC
3294,7080,7081,37368,37369,5.326850709580354e-8,PE_PCC
3295,7081,7082,37369,37370,5.3281025632783094e-8,PE_PCC
3296,7082,7083,37370,37371,5.329354416987427e-8,PE_PCC
3297,7083,7084,37371,37372,5.330606270707676e-8,PE_PCC
3298,7084,7085,37372,37373,5.331858124445605e-8,PE_PCC
3299,7085,7086,37373,37374,5.3331099781946226e-8,PE_PCC
3300,7086,7087,37374,37375,5.334361831954763e-8,PE_PCC
3301,7087,7088,37375,37376,5.3356136857325425e-8,PE_PCC
3302,7088,7089,37376,37377,5.33686553952139e-8,PE_PCC
3303,7089,7090,37377,37378,5.338117393321349e-8,PE_PCC
3304,7090,7091,37378,37379,5.33936924713888e-8,PE_PCC
3305,7091,7092,37379,37380,5.3406211009675095e-8,PE_PCC
3306,7092,7093,37380,37381,5.3418729548071523e-8,PE_PCC
3307,7093,7094,37381,37382,5.343124808664399e-8,PE_PCC
3308,7094,7095,37382,37383,5.344376662532672e-8,PE_PCC
3309,7095,7096,37383,37384,5.3456285164119477e-8,PE_PCC
3310,7096,7097,37384,37385,5.346880370308813e-8,PE_PCC
3311,7097,7098,37385,37386,5.348132224216671e-8,PE_PCC
3312,7098,7099,37386,37387,5.3493840781355195e-8,PE_PCC
3313,7099,7100,37387,37388,5.35063593207189e-8,PE_PCC
3314,7100,7101,37388,37389,5.3518877860170536e-8,PE_PCC
3315,7101,7102,37389,37390,5.353139639979728e-8,PE_PCC
3316,7102,7103,37390,37391,5.354391493953372e-8,PE_PCC
3317,7103,7104,37391,37392,5.3556433479379444e-8,PE_PCC
3318,7104,7105,37392,37393,5.356895201940017e-8,PE_PCC
3319,7105,7106,37393,37394,5.358147055952991e-8,PE_PCC
3320,7106,7107,37394,37395,5.359398909976932e-8,PE_PCC
3321,7107,7108,37395,37396,5.360650764018286e-8,PE_PCC
3322,7108,7109,37396,37397,5.3619026180705586e-8,PE_PCC
3323,7109,7110,37397,37398,5.363154472133703e-8,PE_PCC
3324,7110,7111,37398,37399,5.364406326214309e-8,PE_PCC
3325,7111,7112,37399,37400,5.36565818030576e-8,PE_PCC
3326,7112,7113,37400,37401,5.366910034408085e-8,PE_PCC
3327,7113,7114,37401,37402,5.368161888527816e-8,PE_PCC
3328,7114,7115,37402,37403,5.3694137426583916e-8,PE_PCC
3329,7115,7116,37403,37404,5.370665596799793e-8,PE_PCC
3330,7116,7117,37404,37405,5.371917450958582e-8,PE_PCC
3331,7117,7118,37405,37406,5.373169305128184e-8,PE_PCC
3332,7118,7119,37406,37407,5.374421159308589e-8,PE_PCC
3333,7119,7120,37407,37408,5.375673013506353e-8,PE_PCC
3334,7120,7121,37408,37409,5.376924867714904e-8,PE_PCC
3335,7121,7122,37409,37410,5.3781767219342285e-8,PE_PCC
3336,7122,7123,37410,37411,5.3794285761708824e-8,PE_PCC
3337,7123,7124,37411,37412,5.3806804304183e-8,PE_PCC
3338,7124,7125,37412,37413,5.3819322846764614e-8,PE_PCC
3339,7125,7126,37413,37414,5.3831841389519265e-8,PE_PCC
3340,7126,7127,37414,37415,5.3844359932359434e-8,PE_PCC
3341,7127,7128,37415,37416,5.385687847537241e-8,PE_PCC
3342,7128,7129,37416,37417,5.3869397018492544e-8,PE_PCC
3343,7129,7130,37417,37418,5.3881915561719456e-8,PE_PCC
3344,7130,7131,37418,37419,5.3894434105119355e-8,PE_PCC
3345,7131,7132,37419,37420,5.390695264862601e-8,PE_PCC
3346,7132,7133,37420,37421,5.391947119223951e-8,PE_PCC
3347,7133,7134,37421,37422,5.393198973602482e-8,PE_PCC
3348,7134,7135,37422,37423,5.3944508279917323e-8,PE_PCC
3349,7135,7136,37423,37424,5.395702682391621e-8,PE_PCC
3350,7136,7137,37424,37425,5.3969545368086906e-8,PE_PCC
3351,7137,7138,37425,37426,5.398206391236419e-8,PE_PCC
3352,7138,7139,37426,37427,5.3994582456747476e-8,PE_PCC
3353,7139,7140,37427,37428,5.4007101001302675e-8,PE_PCC
3354,7140,7141,37428,37429,5.4019619545963845e-8,PE_PCC
3355,7141,7142,37429,37430,5.403213809073121e-8,PE_PCC
3356,7142,7143,37430,37431,5.404465663567001e-8,PE_PCC
3357,7143,7144,37431,37432,5.405717518071445e-8,PE_PCC
3358,7144,7145,37432,37433,5.406969372586458e-8,PE_PCC
3359,7145,7146,37433,37434,5.408221227118609e-8,PE_PCC
3360,7146,7147,37434,37435,5.409473081661318e-8,PE_PCC
3361,7147,7148,37435,37436,5.4107249362145535e-8,PE_PCC
3362,7148,7149,37436,37437,5.411976790784911e-8,PE_PCC
3363,7149,7150,37437,37438,5.413228645363555e-8,PE_PCC
3364,7150,7151,37438,37439,5.414480499959357e-8,PE_PCC
3365,7151,7152,37439,37440,5.4157323545656256e-8,PE_PCC
3366,7152,7153,37440,37441,5.416984209182377e-8,PE_PCC
3367,7153,7154,37441,37442,5.418236063816218e-8,PE_PCC
3368,7154,7155,37442,37443,5.4194879184605366e-8,PE_PCC
3369,7155,7156,37443,37444,5.42073977311528e-8,PE_PCC
3370,7156,7157,37444,37445,5.421991627787118e-8,PE_PCC
3371,7157,7158,37445,37446,5.423243482469382e-8,PE_PCC
3372,7158,7159,37446,37447,5.424495337162073e-8,PE_PCC
3373,7159,7160,37447,37448,5.425747191871807e-8,PE_PCC
3374,7160,7161,37448,37449,5.426999046591949e-8,PE_PCC
3375,7161,7162,37449,37450,5.4282509013224947e-8,PE_PCC
3376,7162,7163,37450,37451,5.429502756070055e-8,PE_PCC
3377,7163,7164,37451,37452,5.430754610827999e-8,PE_PCC
3378,7164,7165,37452,37453,5.432006465596314e-8,PE_PCC
3379,7165,7166,37453,37454,5.433258320381628e-8,PE_PCC
3380,7166,7167,37454,37455,5.4345101751772906e-8,PE_PCC
3381,7167,7168,37455,37456,5.4357620299833e-8,PE_PCC
3382,7168,7169,37456,37457,5.437013884806282e-8,PE_PCC
3383,7169,7170,37457,37458,5.43826573963959e-8,PE_PCC
3384,7170,7171,37458,37459,5.439517594483211e-8,PE_PCC
3385,7171,7172,37459,37460,5.440769449343794e-8,PE_PCC
3386,7172,7173,37460,37461,5.4420213042124555e-8,PE_PCC
3387,7173,7174,37461,37462,5.443273159098043e-8,PE_PCC
3388,7174,7175,37462,37463,5.444525013993916e-8,PE_PCC
3389,7175,7176,37463,37464,5.44577686890007e-8,PE_PCC
3390,7176,7177,37464,37465,5.447028723823114e-8,PE_PCC
3391,7177,7178,37465,37466,5.4482805787564425e-8,PE_PCC
3392,7178,7179,37466,37467,5.449532433699983e-8,PE_PCC
3393,7179,7180,37467,37468,5.4507842886604285e-8,PE_PCC
3394,7180,7181,37468,37469,5.4520361436311085e-8,PE_PCC
3395,7181,7182,37469,37470,5.4532879986119834e-8,PE_PCC
3396,7182,7183,37470,37471,5.454539853609751e-8,PE_PCC
3397,7183,7184,37471,37472,5.455791708617692e-8,PE_PCC
3398,7184,7185,37472,37473,5.457043563635838e-8,PE_PCC
3399,7185,7186,37473,37474,5.458295418670825e-8,PE_PCC
3400,7186,7187,37474,37475,5.4595472737159696e-8,PE_PCC
3401,7187,7188,37475,37476,5.4607991287713013e-8,PE_PCC
3402,7188,7189,37476,37477,5.462050983843442e-8,PE_PCC
3403,7189,7190,37477,37478,5.463302838925718e-8,PE_PCC
3404,7190,7191,37478,37479,5.464554694018145e-8,PE_PCC
3405,7191,7192,37479,37480,5.465806549127355e-8,PE_PCC
3406,7192,7193,37480,37481,5.467058404246696e-8,PE_PCC
3407,7193,7194,37481,37482,5.46831025937615e-8,PE_PCC
3408,7194,7195,37482,37483,5.46956211452238e-8,PE_PCC
3409,7195,7196,37483,37484,5.4708139696786644e-8,PE_PCC
3410,7196,7197,37484,37485,5.4720658248450745e-8,PE_PCC
3411,7197,7198,37485,37486,5.4733176800282136e-8,PE_PCC
3412,7198,7199,37486,37487,5.4745695352191976e-8,PE_PCC
3413,7199,7200,37487,37488,5.47582139042692e-8,PE_PCC
3414,7200,7201,37488,37489,5.477073245644693e-8,PE_PCC
3415,7201,7202,37489,37490,5.478325100872494e-8,PE_PCC
3416,7202,7203,37490,37491,5.479576956117021e-8,PE_PCC
3417,7203,7204,37491,37492,5.480828811371564e-8,PE_PCC
3418,7204,7205,37492,37493,5.4820806666361094e-8,PE_PCC
3419,7205,7206,37493,37494,5.483332521917358e-8,PE_PCC
3420,7206,7207,37494,37495,5.484584377208598e-8,PE_PCC
3421,7207,7208,37495,37496,5.48583623250982e-8,PE_PCC
3422,7208,7209,37496,37497,5.487088087827714e-8,PE_PCC
3423,7209,7210,37497,37498,5.488339943155576e-8,PE_PCC
3424,7210,7211,37498,37499,5.4895917984934e-8,PE_PCC
3425,7211,7212,37499,37500,5.490843653847858e-8,PE_PCC
3426,7212,7213,37500,37501,5.49209550921227e-8,PE_PCC
3427,7213,7214,37501,37502,5.493347364586615e-8,PE_PCC
3428,7214,7215,37502,37503,5.4945992199775757e-8,PE_PCC
3429,7215,7216,37503,37504,5.49585107537846e-8,PE_PCC
3430,7216,7217,37504,37505,5.49710293078924e-8,PE_PCC
3431,7217,7218,37505,37506,5.498354786216624e-8,PE_PCC
3432,7218,7219,37506,37507,5.499606641653913e-8,PE_PCC
3433,7219,7220,37507,37508,5.500858497101067e-8,PE_PCC
3434,7220,7221,37508,37509,5.5021103525647964e-8,PE_PCC
3435,7221,7222,37509,37510,5.5033622080361755e-8,PE_PCC
3436,7222,7223,37510,37511,5.5046140635241054e-8,PE_PCC
3437,7223,7224,37511,37512,5.5058659190218716e-8,PE_PCC
3438,7224,7225,37512,37513,5.5071177745294805e-8,PE_PCC
3439,7225,7226,37513,37514,5.508369630053643e-8,PE_PCC
3440,7226,7227,37514,37515,5.5096214855875986e-8,PE_PCC
3441,7227,7228,37515,37516,5.5108733411314036e-8,PE_PCC
3442,7228,7229,37516,37517,5.512125196691707e-8,PE_PCC
3443,7229,7230,37517,37518,5.5133770522617875e-8,PE_PCC
3444,7230,7231,37518,37519,5.51462890784169e-8,PE_PCC
3445,7231,7232,37519,37520,5.5158807634380785e-8,PE_PCC
3446,7232,7233,37520,37521,5.517132619044205e-8,PE_PCC
3447,7233,7234,37521,37522,5.5183844746601345e-8,PE_PCC
3448,7234,7235,37522,37523,5.519636330292498e-8,PE_PCC
3449,7235,7236,37523,37524,5.520888185934656e-8,PE_PCC
3450,7236,7237,37524,37525,5.52214004158649e-8,PE_PCC
3451,7237,7238,37525,37526,5.523391897254827e-8,PE_PCC
3452,7238,7239,37526,37527,5.524643752932852e-8,PE_PCC
3453,7239,7240,37527,37528,5.525895608620596e-8,PE_PCC
3454,7240,7241,37528,37529,5.527147464324778e-8,PE_PCC
3455,7241,7242,37529,37530,5.528399320038623e-8,PE_PCC
3456,7242,7243,37530,37531,5.52965117576217e-8,PE_PCC
3457,7243,7244,37531,37532,5.530903031502149e-8,PE_PCC
3458,7244,7245,37532,37533,5.5321548872495034e-8,PE_PCC
3459,7245,7246,37533,37534,5.5334067430132876e-8,PE_PCC
3460,7246,7247,37534,37535,5.534658598786704e-8,PE_PCC
3461,7247,7248,37535,37536,5.5359104545697694e-8,PE_PCC
3462,7248,7249,37536,37537,5.537162310369205e-8,PE_PCC
3463,7249,7250,37537,37538,5.538414166178265e-8,PE_PCC
3464,7250,7251,37538,37539,5.539666021996933e-8,PE_PCC
3465,7251,7252,37539,37540,5.540917877831964e-8,PE_PCC
3466,7252,7253,37540,37541,5.542169733676589e-8,PE_PCC
3467,7253,7254,37541,37542,5.543421589530793e-8,PE_PCC
3468,7254,7255,37542,37543,5.5446734454013446e-8,PE_PCC
3469,7255,7256,37543,37544,5.54592530128146e-8,PE_PCC
3470,7256,7257,37544,37545,5.547177157171136e-8,PE_PCC
3471,7257,7258,37545,37546,5.548429013077131e-8,PE_PCC
3472,7258,7259,37546,37547,5.549680868992673e-8,PE_PCC
3473,7259,7260,37547,37548,5.550932724917733e-8,PE_PCC
3474,7260,7261,37548,37549,5.552184580859099e-8,PE_PCC
3475,7261,7262,37549,37550,5.55343643681e-8,PE_PCC
3476,7262,7263,37550,37551,5.5546882927703905e-8,PE_PCC
3477,7263,7264,37551,37552,5.555940148747057e-8,PE_PCC
3478,7264,7265,37552,37553,5.5571920047332145e-8,PE_PCC
3479,7265,7266,37553,37554,5.5584438607288686e-8,PE_PCC
3480,7266,7267,37554,37555,5.559695716740767e-8,PE_PCC
3481,7267,7268,37555,37556,5.5609475727621155e-8,PE_PCC
3482,7268,7269,37556,37557,5.562199428792985e-8,PE_PCC
3483,7269,7270,37557,37558,5.563451284840011e-8,PE_PCC
3484,7270,7271,37558,37559,5.564703140894256e-8,PE_PCC
3485,7271,7272,37559,37560,5.565954996964736e-8,PE_PCC
3486,7272,7273,37560,37561,5.567206853044618e-8,PE_PCC
3487,7273,7274,37561,37562,5.5684587091339126e-8,PE_PCC
3488,7274,7275,37562,37563,5.569710565239425e-8,PE_PCC
3489,7275,7276,37563,37564,5.570962421354318e-8,PE_PCC
3490,7276,7277,37564,37565,5.5722142774786066e-8,PE_PCC
3491,7277,7278,37565,37566,5.5734661336190874e-8,PE_PCC
3492,7278,7279,37566,37567,5.5747179897689154e-8,PE_PCC
3493,7279,7280,37567,37568,5.5759698459281613e-8,PE_PCC
3494,7280,7281,37568,37569,5.577221702103519e-8,PE_PCC
3495,7281,7282,37569,37570,5.5784735582882445e-8,PE_PCC
3496,7282,7283,37570,37571,5.579725414482301e-8,PE_PCC
3497,7283,7284,37571,37572,5.580977270692509e-8,PE_PCC
3498,7284,7285,37572,37573,5.5822291269120286e-8,PE_PCC
3499,7285,7286,37573,37574,5.5834809831408795e-8,PE_PCC
3500,7286,7287,37574,37575,5.584732839385841e-8,PE_PCC
3501,7287,7288,37575,37576,5.585984695640102e-8,PE_PCC
3502,7288,7289,37576,37577,5.587236551903638e-8,PE_PCC
3503,7289,7290,37577,37578,5.588488408183305e-8,PE_PCC
3504,7290,7291,37578,37579,5.5897402644722274e-8,PE_PCC
3505,7291,7292,37579,37580,5.5909921207704126e-8,PE_PCC
3506,7292,7293,37580,37581,5.592243977084692e-8,PE_PCC
3507,7293,7294,37581,37582,5.593495833405925e-8,PE_PCC
3508,7294,7295,37582,37583,5.594747689743245e-8,PE_PCC
3509,7295,7296,37583,37584,5.595999546089785e-8,PE_PCC
3510,7296,7297,37584,37585,5.597251402445553e-8,PE_PCC
3511,7297,7298,37585,37586,5.598503258817368e-8,PE_PCC
3512,7298,7299,37586,37587,5.59975511519839e-8,PE_PCC
3513,7299,7300,37587,37588,5.6010069715886104e-8,PE_PCC
3514,7300,7301,37588,37589,5.602258827994856e-8,PE_PCC
3515,7301,7302,37589,37590,5.603510684410294e-8,PE_PCC
3516,7302,7303,37590,37591,5.604762540834895e-8,PE_PCC
3517,7303,7304,37591,37592,5.606014397275503e-8,PE_PCC
3518,7304,7305,37592,37593,5.607266253725287e-8,PE_PCC
3519,7305,7306,37593,37594,5.6085181101842044e-8,PE_PCC
3520,7306,7307,37594,37595,5.609769966659101e-8,PE_PCC
3521,7307,7308,37595,37596,5.611021823143152e-8,PE_PCC
3522,7308,7309,37596,37597,5.612273679636323e-8,PE_PCC
3523,7309,7310,37597,37598,5.6135255361454414e-8,PE_PCC
3524,7310,7311,37598,37599,5.614777392663711e-8,PE_PCC
3525,7311,7312,37599,37600,5.616029249191052e-8,PE_PCC
3526,7312,7313,37600,37601,5.617281105734338e-8,PE_PCC
3527,7313,7314,37601,37602,5.6185329622867126e-8,PE_PCC
3528,7314,7315,37602,37603,5.619784818848171e-8,PE_PCC
3529,7315,7316,37603,37604,5.621036675425561e-8,PE_PCC
3530,7316,7317,37604,37605,5.622288532009713e-8,PE_PCC
3531,7317,7318,37605,37606,5.623540388609781e-8,PE_PCC
3532,7318,7319,37606,37607,5.624792245218897e-8,PE_PCC
3533,7319,7320,37607,37608,5.62604410183705e-8,PE_PCC
3534,7320,7321,37608,37609,5.627295958471104e-8,PE_PCC
3535,7321,7322,37609,37610,5.6285478151141566e-8,PE_PCC
3536,7322,7323,37610,37611,5.6297996717662446e-8,PE_PCC
3537,7323,7324,37611,37612,5.631051528434207e-8,PE_PCC
3538,7324,7325,37612,37613,5.632303385111145e-8,PE_PCC
3539,7325,7326,37613,37614,5.6335552417971047e-8,PE_PCC
3540,7326,7327,37614,37615,5.634807098498874e-8,PE_PCC
3541,7327,7328,37615,37616,5.636058955209654e-8,PE_PCC
3542,7328,7329,37616,37617,5.637310811929408e-8,PE_PCC
3543,7329,7330,37617,37618,5.638562668664942e-8,PE_PCC
3544,7330,7331,37618,37619,5.639814525409481e-8,PE_PCC
3545,7331,7332,37619,37620,5.6410663821629254e-8,PE_PCC
3546,7332,7333,37620,37621,5.642318238932206e-8,PE_PCC
3547,7333,7334,37621,37622,5.643570095710403e-8,PE_PCC
3548,7334,7335,37622,37623,5.64482195249751e-8,PE_PCC
3549,7335,7336,37623,37624,5.64607380930043e-8,PE_PCC
3550,7336,7337,37624,37625,5.64732566611224e-8,PE_PCC
3551,7337,7338,37625,37626,5.648577522932937e-8,PE_PCC
3552,7338,7339,37626,37627,5.649829379769426e-8,PE_PCC
3553,7339,7340,37627,37628,5.6510812366147854e-8,PE_PCC
3554,7340,7341,37628,37629,5.652333093469011e-8,PE_PCC
3555,7341,7342,37629,37630,5.653584950338998e-8,PE_PCC
3556,7342,7343,37630,37631,5.654836807215536e-8,PE_PCC
3557,7343,7344,37631,37632,5.6560886641078226e-8,PE_PCC
3558,7344,7345,37632,37633,5.657340521008945e-8,PE_PCC
3559,7345,7346,37633,37634,5.658592377918896e-8,PE_PCC
3560,7346,7347,37634,37635,5.659844234844573e-8,PE_PCC
3561,7347,7348,37635,37636,5.661096091779068e-8,PE_PCC
3562,7348,7349,37636,37637,5.662347948722359e-8,PE_PCC
3563,7349,7350,37637,37638,5.663599805681367e-8,PE_PCC
3564,7350,7351,37638,37639,5.6648516626491605e-8,PE_PCC
3565,7351,7352,37639,37640,5.6661035196257343e-8,PE_PCC
3566,7352,7353,37640,37641,5.6673553766180014e-8,PE_PCC
3567,7353,7354,37641,37642,5.6686072336190426e-8,PE_PCC
3568,7354,7355,37642,37643,5.6698590906288234e-8,PE_PCC
3569,7355,7356,37643,37644,5.6711109476542856e-8,PE_PCC
3570,7356,7357,37644,37645,5.672362804688492e-8,PE_PCC
3571,7357,7358,37645,37646,5.6736146617314164e-8,PE_PCC
3572,7358,7359,37646,37647,5.674866518790009e-8,PE_PCC
3573,7359,7360,37647,37648,5.6761183758573257e-8,PE_PCC
3574,7360,7361,37648,37649,5.677370232933331e-8,PE_PCC
3575,7361,7362,37649,37650,5.6786220900249765e-8,PE_PCC
3576,7362,7363,37650,37651,5.679873947125349e-8,PE_PCC
3577,7363,7364,37651,37652,5.681125804234362e-8,PE_PCC
3578,7364,7365,37652,37653,5.682377661359013e-8,PE_PCC
3579,7365,7366,37653,37654,5.683629518490024e-8,PE_PCC
3580,7366,7367,37654,37655,5.6848813756366314e-8,PE_PCC
3581,7367,7368,37655,37656,5.6861332327918974e-8,PE_PCC
3582,7368,7369,37656,37657,5.687385089955812e-8,PE_PCC
3583,7369,7370,37657,37658,5.688636947135313e-8,PE_PCC
3584,7370,7371,37658,37659,5.689888804323426e-8,PE_PCC
3585,7371,7372,37659,37660,5.691140661520211e-8,PE_PCC
3586,7372,7373,37660,37661,5.6923925187325214e-8,PE_PCC
3587,7373,7374,37661,37662,5.6936443759534464e-8,PE_PCC
3588,7374,7375,37662,37663,5.694896233182993e-8,PE_PCC
3589,7375,7376,37663,37664,5.696148090428062e-8,PE_PCC
3590,7376,7377,37664,37665,5.697399947681742e-8,PE_PCC
3591,7377,7378,37665,37666,5.698651804943964e-8,PE_PCC
3592,7378,7379,37666,37667,5.699903662221751e-8,PE_PCC
3593,7379,7380,37667,37668,5.701155519508084e-8,PE_PCC
3594,7380,7381,37668,37669,5.7024073768029796e-8,PE_PCC
3595,7381,7382,37669,37670,5.703659234113388e-8,PE_PCC
3596,7382,7383,37670,37671,5.704911091432321e-8,PE_PCC
3597,7383,7384,37671,37672,5.7061629487598046e-8,PE_PCC
3598,7384,7385,37672,37673,5.707414806102764e-8,PE_PCC
3599,7385,7386,37673,37674,5.7086666634542536e-8,PE_PCC
3600,7386,7387,37674,37675,5.709918520814246e-8,PE_PCC
3601,7387,7388,37675,37676,5.711170378189714e-8,PE_PCC
3602,7388,7389,37676,37677,5.712422235573678e-8,PE_PCC
3603,7389,7390,37677,37678,5.7136740929661224e-8,PE_PCC
3604,7390,7391,37678,37679,5.71492595037403e-8,PE_PCC
3605,7391,7392,37679,37680,5.716177807788083e-8,PE_PCC
3606,7392,7393,37680,37681,5.717429665217573e-8,PE_PCC
3607,7393,7394,37681,37682,5.718681522655517e-8,PE_PCC
3608,7394,7395,37682,37683,5.719933380101919e-8,PE_PCC
3609,7395,7396,37683,37684,5.7211852375637376e-8,PE_PCC
3610,7396,7397,37684,37685,5.722437095034007e-8,PE_PCC
3611,7397,7398,37685,37686,5.7236889525126724e-8,PE_PCC
3612,7398,7399,37686,37687,5.724940810006766e-8,PE_PCC
3613,7399,7400,37687,37688,5.7261926675092726e-8,PE_PCC
3614,7400,7401,37688,37689,5.727444525020162e-8,PE_PCC
3615,7401,7402,37689,37690,5.728696382546487e-8,PE_PCC
3616,7402,7403,37690,37691,5.729948240081123e-8,PE_PCC
3617,7403,7404,37691,37692,5.73120009762421e-8,PE_PCC
3618,7404,7405,37692,37693,5.732451955182639e-8,PE_PCC
3619,7405,7406,37693,37694,5.733703812749423e-8,PE_PCC
3620,7406,7407,37694,37695,5.7349556703245986e-8,PE_PCC
3621,7407,7408,37695,37696,5.736207527915096e-8,PE_PCC
3622,7408,7409,37696,37697,5.73745938551394e-8,PE_PCC
3623,7409,7410,37697,37698,5.7387112431211496e-8,PE_PCC
3624,7410,7411,37698,37699,5.739963100743656e-8,PE_PCC
3625,7411,7412,37699,37700,5.7412149583745034e-8,PE_PCC
3626,7412,7413,37700,37701,5.742466816013644e-8,PE_PCC
3627,7413,7414,37701,37702,5.7437186736681336e-8,PE_PCC
3628,7414,7415,37702,37703,5.7449705313285495e-8,PE_PCC
3629,7415,7416,37703,37704,5.746222389004292e-8,PE_PCC
3630,7416,7417,37704,37705,5.747474246688321e-8,PE_PCC
3631,7417,7418,37705,37706,5.748726104380613e-8,PE_PCC
3632,7418,7419,37706,37707,5.749977962088213e-8,PE_PCC
3633,7419,7420,37707,37708,5.751229819804037e-8,PE_PCC
3634,7420,7421,37708,37709,5.752481677528157e-8,PE_PCC
3635,7421,7422,37709,37710,5.753733535267516e-8,PE_PCC
3636,7422,7423,37710,37711,5.754985393015113e-8,PE_PCC
3637,7423,7424,37711,37712,5.75623725077096e-8,PE_PCC
3638,7424,7425,37712,37713,5.757489108542048e-8,PE_PCC
3639,7425,7426,37713,37714,5.7587409663213675e-8,PE_PCC
3640,7426,7427,37714,37715,5.759992824108871e-8,PE_PCC
3641,7427,7428,37715,37716,5.761244681911628e-8,PE_PCC
3642,7428,7429,37716,37717,5.7624965397225696e-8,PE_PCC
3643,7429,7430,37717,37718,5.7637483975417056e-8,PE_PCC
3644,7430,7431,37718,37719,5.765000255376049e-8,PE_PCC
3645,7431,7432,37719,37720,5.766252113218573e-8,PE_PCC
3646,7432,7433,37720,37721,5.7675039710692586e-8,PE_PCC
3647,7433,7434,37721,37722,5.768755828935141e-8,PE_PCC
3648,7434,7435,37722,37723,5.77000768680918e-8,PE_PCC
3649,7435,7436,37723,37724,5.7712595446913544e-8,PE_PCC
3650,7436,7437,37724,37725,5.7725114025887225e-8,PE_PCC
3651,7437,7438,37725,37726,5.773763260491859e-8,PE_PCC
3652,7438,7439,37726,37727,5.775015118410165e-8,PE_PCC
3653,7439,7440,37727,37728,5.77626697633658e-8,PE_PCC
3654,7440,7441,37728,37729,5.7775188342711224e-8,PE_PCC
3655,7441,7442,37729,37730,5.778770692220807e-8,PE_PCC
3656,7442,7443,37730,37731,5.780022550178571e-8,PE_PCC
3657,7443,7444,37731,37732,5.78127440814443e-8,PE_PCC
3658,7444,7445,37732,37733,5.7825262661254145e-8,PE_PCC
3659,7445,7446,37733,37734,5.7837781241144964e-8,PE_PCC
3660,7446,7447,37734,37735,5.785029982111606e-8,PE_PCC
3661,7447,7448,37735,37736,5.786281840123855e-8,PE_PCC
3662,7448,7449,37736,37737,5.787533698144149e-8,PE_PCC
3663,7449,7450,37737,37738,5.788785556172483e-8,PE_PCC
3664,7450,7451,37738,37739,5.790037414215916e-8,PE_PCC
3665,7451,7452,37739,37740,5.79128927226738e-8,PE_PCC
3666,7452,7453,37740,37741,5.792541130326848e-8,PE_PCC
3667,7453,7454,37741,37742,5.793792988399066e-8,PE_PCC
3668,7454,7455,37742,37743,5.795044846483977e-8,PE_PCC
3669,7455,7456,37743,37744,5.796296704576904e-8,PE_PCC
3670,7456,7457,37744,37745,5.797548562680194e-8,PE_PCC
3671,7457,7458,37745,37746,5.7988004207937924e-8,PE_PCC
3672,7458,7459,37746,37747,5.800052278917747e-8,PE_PCC
3673,7459,7460,37747,37748,5.801304137047313e-8,PE_PCC
3674,7460,7461,37748,37749,5.802555995196621e-8,PE_PCC
3675,7461,7462,37749,37750,5.803807853351559e-8,PE_PCC
3676,7462,7463,37750,37751,5.805059711516752e-8,PE_PCC
3677,7463,7464,37751,37752,5.8063115696923015e-8,PE_PCC
3678,7464,7465,37752,37753,5.807563427878126e-8,PE_PCC
3679,7465,7466,37753,37754,5.8088152860695164e-8,PE_PCC
3680,7466,7467,37754,37755,5.810067144280622e-8,PE_PCC
3681,7467,7468,37755,37756,5.8113190024973e-8,PE_PCC
3682,7468,7469,37756,37757,5.812570860724249e-8,PE_PCC
3683,7469,7470,37757,37758,5.813822718961439e-8,PE_PCC
3684,7470,7471,37758,37759,5.8150745772089064e-8,PE_PCC
3685,7471,7472,37759,37760,5.816326435461871e-8,PE_PCC
3686,7472,7473,37760,37761,5.817578293734556e-8,PE_PCC
3687,7473,7474,37761,37762,5.818830152012743e-8,PE_PCC
3688,7474,7475,37762,37763,5.8200820103011596e-8,PE_PCC
3689,7475,7476,37763,37764,5.821333868599793e-8,PE_PCC
3690,7476,7477,37764,37765,5.822585726903908e-8,PE_PCC
3691,7477,7478,37765,37766,5.82383758522771e-8,PE_PCC
3692,7478,7479,37766,37767,5.8250894435569735e-8,PE_PCC
3693,7479,7480,37767,37768,5.826341301896437e-8,PE_PCC
3694,7480,7481,37768,37769,5.8275931602460866e-8,PE_PCC
3695,7481,7482,37769,37770,5.828845018605922e-8,PE_PCC
3696,7482,7483,37770,37771,5.8300968769711846e-8,PE_PCC
3697,7483,7484,37771,37772,5.831348735356119e-8,PE_PCC
3698,7484,7485,37772,37773,5.832600593746459e-8,PE_PCC
3699,7485,7486,37773,37774,5.8338524521469644e-8,PE_PCC
3700,7486,7487,37774,37775,5.835104310557608e-8,PE_PCC
3701,7487,7488,37775,37776,5.836356168978403e-8,PE_PCC
3702,7488,7489,37776,37777,5.8376080274046093e-8,PE_PCC
3703,7489,7490,37777,37778,5.8388598858503975e-8,PE_PCC
3704,7490,7491,37778,37779,5.840111744301595e-8,PE_PCC
3705,7491,7492,37779,37780,5.841363602762905e-8,PE_PCC
3706,7492,7493,37780,37781,5.842615461234318e-8,PE_PCC
3707,7493,7494,37781,37782,5.8438673197158396e-8,PE_PCC
3708,7494,7495,37782,37783,5.845119178202715e-8,PE_PCC
3709,7495,7496,37783,37784,5.84637103670918e-8,PE_PCC
3710,7496,7497,37784,37785,5.847622895220982e-8,PE_PCC
3711,7497,7498,37785,37786,5.848874753742825e-8,PE_PCC
3712,7498,7499,37786,37787,5.850126612274807e-8,PE_PCC
3713,7499,7500,37787,37788,5.8513784708120604e-8,PE_PCC
3714,7500,7501,37788,37789,5.852630329368893e-8,PE_PCC
3715,7501,7502,37789,37790,5.8538821879310195e-8,PE_PCC
3716,7502,7503,37790,37791,5.85513404650318e-8,PE_PCC
3717,7503,7504,37791,37792,5.8563859050854137e-8,PE_PCC
3718,7504,7505,37792,37793,5.857637763677668e-8,PE_PCC
3719,7505,7506,37793,37794,5.8588896222751635e-8,PE_PCC
3720,7506,7507,37794,37795,5.8601414808922125e-8,PE_PCC
3721,7507,7508,37795,37796,5.861393339514539e-8,PE_PCC
3722,7508,7509,37796,37797,5.862645198146864e-8,PE_PCC
3723,7509,7510,37797,37798,5.8638970567891734e-8,PE_PCC
3724,7510,7511,37798,37799,5.8651489154415033e-8,PE_PCC
3725,7511,7512,37799,37800,5.866400774099017e-8,PE_PCC
3726,7512,7513,37800,37801,5.867652632776083e-8,PE_PCC
3727,7513,7514,37801,37802,5.8689044914583584e-8,PE_PCC
3728,7514,7515,37802,37803,5.870156350150586e-8,PE_PCC
3729,7515,7516,37803,37804,5.871408208852772e-8,PE_PCC
3730,7516,7517,37804,37805,5.872660067564938e-8,PE_PCC
3731,7517,7518,37805,37806,5.873911926282247e-8,PE_PCC
3732,7518,7519,37806,37807,5.87516378501908e-8,PE_PCC
3733,7519,7520,37807,37808,5.876415643761069e-8,PE_PCC
3734,7520,7521,37808,37809,5.8776675025129836e-8,PE_PCC
3735,7521,7522,37809,37810,5.878919361274827e-8,PE_PCC
3736,7522,7523,37810,37811,5.8801712200418e-8,PE_PCC
3737,7523,7524,37811,37812,5.881423078828263e-8,PE_PCC
3738,7524,7525,37812,37813,5.88267493761984e-8,PE_PCC
3739,7525,7526,37813,37814,5.8839267964213216e-8,PE_PCC
3740,7526,7527,37814,37815,5.885178655232681e-8,PE_PCC
3741,7527,7528,37815,37816,5.886430514053952e-8,PE_PCC
3742,7528,7529,37816,37817,5.8876823728802975e-8,PE_PCC
3743,7529,7530,37817,37818,5.888934231726105e-8,PE_PCC
3744,7530,7531,37818,37819,5.890186090576991e-8,PE_PCC
3745,7531,7532,37819,37820,5.891437949437745e-8,PE_PCC
3746,7532,7533,37820,37821,5.892689808308325e-8,PE_PCC
3747,7533,7534,37821,37822,5.893941667188795e-8,PE_PCC
3748,7534,7535,37822,37823,5.895193526074287e-8,PE_PCC
3749,7535,7536,37823,37824,5.8964453849792e-8,PE_PCC
3750,7536,7537,37824,37825,5.897697243889177e-8,PE_PCC
3751,7537,7538,37825,37826,5.898949102808964e-8,PE_PCC
3752,7538,7539,37826,37827,5.9002009617385614e-8,PE_PCC
3753,7539,7540,37827,37828,5.901452820677976e-8,PE_PCC
3754,7540,7541,37828,37829,5.90270467962238e-8,PE_PCC
3755,7541,7542,37829,37830,5.903956538586228e-8,PE_PCC
3756,7542,7543,37830,37831,5.905208397555027e-8,PE_PCC
3757,7543,7544,37831,37832,5.9064602565336145e-8,PE_PCC
3758,7544,7545,37832,37833,5.907712115522026e-8,PE_PCC
3759,7545,7546,37833,37834,5.9089639745153534e-8,PE_PCC
3760,7546,7547,37834,37835,5.910215833528088e-8,PE_PCC
3761,7547,7548,37835,37836,5.9114676925457835e-8,PE_PCC
3762,7548,7549,37836,37837,5.912719551573236e-8,PE_PCC
3763,7549,7550,37837,37838,5.913971410610402e-8,PE_PCC
3764,7550,7551,37838,37839,5.915223269657339e-8,PE_PCC
3765,7551,7552,37839,37840,5.916475128709204e-8,PE_PCC
3766,7552,7553,37840,37841,5.917726987780396e-8,PE_PCC
3767,7553,7554,37841,37842,5.9189788468565704e-8,PE_PCC
3768,7554,7555,37842,37843,5.92023070594238e-8,PE_PCC
3769,7555,7556,37843,37844,5.9214825650379444e-8,PE_PCC
3770,7556,7557,37844,37845,5.9227344241432265e-8,PE_PCC
3771,7557,7558,37845,37846,5.923986283253356e-8,PE_PCC
3772,7558,7559,37846,37847,5.925238142382847e-8,PE_PCC
3773,7559,7560,37847,37848,5.926490001517205e-8,PE_PCC
3774,7560,7561,37848,37849,5.927741860661225e-8,PE_PCC
3775,7561,7562,37849,37850,5.9289937198149216e-8,PE_PCC
3776,7562,7563,37850,37851,5.9302455789783095e-8,PE_PCC
3777,7563,7564,37851,37852,5.9314974381465077e-8,PE_PCC
3778,7564,7565,37852,37853,5.932749297334042e-8,PE_PCC
3779,7565,7566,37853,37854,5.934001156526385e-8,PE_PCC
3780,7566,7567,37854,37855,5.9352530157283786e-8,PE_PCC
3781,7567,7568,37855,37856,5.936504874940009e-8,PE_PCC
3782,7568,7569,37856,37857,5.9377567341612744e-8,PE_PCC
3783,7569,7570,37857,37858,5.939008593387332e-8,PE_PCC
3784,7570,7571,37858,37859,5.9402604526326744e-8,PE_PCC
3785,7571,7572,37859,37860,5.9415123118828044e-8,PE_PCC
3786,7573,7574,37861,37862,1.2144624209118488e-8,PE_PCC
3787,7574,7575,37862,37863,1.2157137576672198e-8,PE_PCC
3788,7575,7576,37863,37864,1.2169650955442398e-8,PE_PCC
3789,7576,7577,37864,37865,1.2182164345394521e-8,PE_PCC
3790,7577,7578,37865,37866,1.2194677746494185e-8,PE_PCC
3791,7578,7579,37866,37867,1.220719115870704e-8,PE_PCC
3792,7579,7580,37867,37868,1.2219704581999021e-8,PE_PCC
3793,7580,7581,37868,37869,1.2232218016336011e-8,PE_PCC
3794,7581,7582,37869,37870,1.2244731461684314e-8,PE_PCC
3795,7582,7583,37870,37871,1.2257244918010058e-8,PE_PCC
3796,7583,7584,37871,37872,1.2269758385279744e-8,PE_PCC
3797,7584,7585,37872,37873,1.2282271863459881e-8,PE_PCC
3798,7585,7586,37873,37874,1.2294785352517141e-8,PE_PCC
3799,7586,7587,37874,37875,1.2307298852418444e-8,PE_PCC
3800,7587,7588,37875,37876,1.2319812363130559e-8,PE_PCC
3801,7588,7589,37876,37877,1.2332325884620824e-8,PE_PCC
3802,7589,7590,37877,37878,1.2344839416856297e-8,PE_PCC
3803,7590,7591,37878,37879,1.235735295980424e-8,PE_PCC
3804,7591,7592,37879,37880,1.2369866513432462e-8,PE_PCC
3805,7592,7593,37880,37881,1.2382380077708196e-8,PE_PCC
3806,7593,7594,37881,37882,1.239489365259959e-8,PE_PCC
3807,7594,7595,37882,37883,1.2407407238074155e-8,PE_PCC
3808,7595,7596,37883,37884,1.2419920834100217e-8,PE_PCC
3809,7596,7597,37884,37885,1.2432434440645592e-8,PE_PCC
3810,7597,7598,37885,37886,1.2444948057678892e-8,PE_PCC
3811,7598,7599,37886,37887,1.2457461685168285e-8,PE_PCC
3812,7599,7600,37887,37888,1.246997532308234e-8,PE_PCC
3813,7600,7601,37888,37889,1.2482488971389731e-8,PE_PCC
3814,7601,7602,37889,37890,1.249500263005922e-8,PE_PCC
3815,7602,7603,37890,37891,1.2507516299059585e-8,PE_PCC
3816,7603,7604,37891,37892,1.2520029978360163e-8,PE_PCC
3817,7604,7605,37892,37893,1.2532543667929834e-8,PE_PCC
3818,7605,7606,37893,37894,1.2545057367737907e-8,PE_PCC
3819,7606,7607,37894,37895,1.2557571077753854e-8,PE_PCC
3820,7607,7608,37895,37896,1.2570084797946979e-8,PE_PCC
3821,7608,7609,37896,37897,1.2582598528287324e-8,PE_PCC
3822,7609,7610,37897,37898,1.2595112268744227e-8,PE_PCC
3823,7610,7611,37898,37899,1.2607626019287813e-8,PE_PCC
3824,7611,7612,37899,37900,1.2620139779887877e-8,PE_PCC
3825,7612,7613,37900,37901,1.2632653550514851e-8,PE_PCC
3826,7613,7614,37901,37902,1.2645167331138655e-8,PE_PCC
3827,7614,7615,37902,37903,1.265768112172978e-8,PE_PCC
3828,7615,7616,37903,37904,1.2670194922258662e-8,PE_PCC
3829,7616,7617,37904,37905,1.2682708732695816e-8,PE_PCC
3830,7617,7618,37905,37906,1.269522255301217e-8,PE_PCC
3831,7618,7619,37906,37907,1.2707736383178315e-8,PE_PCC
3832,7619,7620,37907,37908,1.2720250223165249e-8,PE_PCC
3833,7620,7621,37908,37909,1.2732764072944022e-8,PE_PCC
3834,7621,7622,37909,37910,1.2745277932485714e-8,PE_PCC
3835,7622,7623,37910,37911,1.2757791801761821e-8,PE_PCC
3836,7623,7624,37911,37912,1.2770305680743511e-8,PE_PCC
3837,7624,7625,37912,37913,1.2782819569402334e-8,PE_PCC
3838,7625,7626,37913,37914,1.2795333467709815e-8,PE_PCC
3839,7626,7627,37914,37915,1.280784737563797e-8,PE_PCC
3840,7627,7628,37915,37916,1.2820361293158336e-8,PE_PCC
3841,7628,7629,37916,37917,1.2832875220242923e-8,PE_PCC
3842,7629,7630,37917,37918,1.284538915686377e-8,PE_PCC
3843,7630,7631,37918,37919,1.2857903102993107e-8,PE_PCC
3844,7631,7632,37919,37920,1.2870417058603127e-8,PE_PCC
3845,7632,7633,37920,37921,1.2882931023666057e-8,PE_PCC
3846,7633,7634,37921,37922,1.2895444998154851e-8,PE_PCC
3847,7634,7635,37922,37923,1.290795898204172e-8,PE_PCC
3848,7635,7636,37923,37924,1.29204729752993e-8,PE_PCC
3849,7636,7637,37924,37925,1.2932986977900624e-8,PE_PCC
3850,7637,7638,37925,37926,1.2945500989818424e-8,PE_PCC
3851,7638,7639,37926,37927,1.2958015011025754e-8,PE_PCC
3852,7639,7640,37927,37928,1.2970529041495836e-8,PE_PCC
3853,7640,7641,37928,37929,1.2983043081201717e-8,PE_PCC
3854,7641,7642,37929,37930,1.2995557130116642e-8,PE_PCC
3855,7642,7643,37930,37931,1.3008071188214499e-8,PE_PCC
3856,7643,7644,37931,37932,1.3020585255468356e-8,PE_PCC
3857,7644,7645,37932,37933,1.3033099331851938e-8,PE_PCC
3858,7645,7646,37933,37934,1.3045613417339091e-8,PE_PCC
3859,7646,7647,37934,37935,1.3058127511903526e-8,PE_PCC
3860,7647,7648,37935,37936,1.3070641615519199e-8,PE_PCC
3861,7648,7649,37936,37937,1.308315572816011e-8,PE_PCC
3862,7649,7650,37937,37938,1.3095669849800456e-8,PE_PCC
3863,7650,7651,37938,37939,1.3108183980414289e-8,PE_PCC
3864,7651,7652,37939,37940,1.312069811997637e-8,PE_PCC
3865,7652,7653,37940,37941,1.3133212268460671e-8,PE_PCC
3866,7653,7654,37941,37942,1.3145726425841856e-8,PE_PCC
3867,7654,7655,37942,37943,1.3158240592094539e-8,PE_PCC
3868,7655,7656,37943,37944,1.3170754767193445e-8,PE_PCC
3869,7656,7657,37944,37945,1.3183268951113379e-8,PE_PCC
3870,7657,7658,37945,37946,1.3195783143829248e-8,PE_PCC
3871,7658,7659,37946,37947,1.3208297345316061e-8,PE_PCC
3872,7659,7660,37947,37948,1.3220811555548706e-8,PE_PCC
3873,7660,7661,37948,37949,1.32333257745029e-8,PE_PCC
3874,7661,7662,37949,37950,1.3245840002153424e-8,PE_PCC
3875,7662,7663,37950,37951,1.325835423847581e-8,PE_PCC
3876,7663,7664,37951,37952,1.3270868483445535e-8,PE_PCC
3877,7664,7665,37952,37953,1.3283382737038152e-8,PE_PCC
3878,7665,7666,37953,37954,1.329589699922932e-8,PE_PCC
3879,7666,7667,37954,37955,1.3308411269994774e-8,PE_PCC
3880,7667,7668,37955,37956,1.332092554931035e-8,PE_PCC
3881,7668,7669,37956,37957,1.3333439837151984e-8,PE_PCC
3882,7669,7670,37957,37958,1.33459541334955e-8,PE_PCC
3883,7670,7671,37958,37959,1.3358468438317545e-8,PE_PCC
3884,7671,7672,37959,37960,1.3370982751593785e-8,PE_PCC
3885,7672,7673,37960,37961,1.3383497073300676e-8,PE_PCC
3886,7673,7674,37961,37962,1.3396011403414602e-8,PE_PCC
3887,7674,7675,37962,37963,1.3408525741911977e-8,PE_PCC
3888,7675,7676,37963,37964,1.3421040088769406e-8,PE_PCC
3889,7676,7677,37964,37965,1.3433554443963496e-8,PE_PCC
3890,7677,7678,37965,37966,1.3446068807471005e-8,PE_PCC
3891,7678,7679,37966,37967,1.3458583179268552e-8,PE_PCC
3892,7679,7680,37967,37968,1.3471097559333475e-8,PE_PCC
3893,7680,7681,37968,37969,1.3483611947642393e-8,PE_PCC
3894,7681,7682,37969,37970,1.3496126344172357e-8,PE_PCC
3895,7682,7683,37970,37971,1.3508640748900655e-8,PE_PCC
3896,7683,7684,37971,37972,1.3521155161804592e-8,PE_PCC
3897,7684,7685,37972,37973,1.3533669582861247e-8,PE_PCC
3898,7685,7686,37973,37974,1.3546184012048208e-8,PE_PCC
3899,7686,7687,37974,37975,1.355869844934292e-8,PE_PCC
3900,7687,7688,37975,37976,1.3571212894722814e-8,PE_PCC
3901,7688,7689,37976,37977,1.3583727348166089e-8,PE_PCC
3902,7689,7690,37977,37978,1.3596241809649496e-8,PE_PCC
3903,7690,7691,37978,37979,1.3608756279152054e-8,PE_PCC
3904,7691,7692,37979,37980,1.3621270756650371e-8,PE_PCC
3905,7692,7693,37980,37981,1.3633785242123444e-8,PE_PCC
3906,7693,7694,37981,37982,1.3646299735549311e-8,PE_PCC
3907,7694,7695,37982,37983,1.3658814236905074e-8,PE_PCC
3908,7695,7696,37983,37984,1.367132874617039e-8,PE_PCC
3909,7696,7697,37984,37985,1.3683843263322142e-8,PE_PCC
3910,7697,7698,37985,37986,1.3696357788340051e-8,PE_PCC
3911,7698,7699,37986,37987,1.3708872321201297e-8,PE_PCC
3912,7699,7700,37987,37988,1.3721386861885703e-8,PE_PCC
3913,7700,7701,37988,37989,1.3733901410370531e-8,PE_PCC
3914,7701,7702,37989,37990,1.3746415966635544e-8,PE_PCC
3915,7702,7703,37990,37991,1.3758930530659471e-8,PE_PCC
3916,7703,7704,37991,37992,1.3771445102420178e-8,PE_PCC
3917,7704,7705,37992,37993,1.3783959681897912e-8,PE_PCC
3918,7705,7706,37993,37994,1.3796474269070306e-8,PE_PCC
3919,7706,7707,37994,37995,1.380898886391785e-8,PE_PCC
3920,7707,7708,37995,37996,1.3821503466418292e-8,PE_PCC
3921,7708,7709,37996,37997,1.3834018076552253e-8,PE_PCC
3922,7709,7710,37997,37998,1.3846532694297642e-8,PE_PCC
3923,7710,7711,37998,37999,1.3859047319634883e-8,PE_PCC
3924,7711,7712,37999,38000,1.3871561952543457e-8,PE_PCC
3925,7712,7713,38000,38001,1.3884076593001779e-8,PE_PCC
3926,7713,7714,38001,38002,1.3896591240990911e-8,PE_PCC
3927,7714,7715,38002,38003,1.3909105896489116e-8,PE_PCC
3928,7715,7716,38003,38004,1.3921620559477527e-8,PE_PCC
3929,7716,7717,38004,38005,1.3934135229934544e-8,PE_PCC
3930,7717,7718,38005,38006,1.3946649907841505e-8,PE_PCC
3931,7718,7719,38006,38007,1.3959164593176973e-8,PE_PCC
3932,7719,7720,38007,38008,1.397167928592198e-8,PE_PCC
3933,7720,7721,38008,38009,1.3984193986056696e-8,PE_PCC
3934,7721,7722,38009,38010,1.399670869356022e-8,PE_PCC
3935,7722,7723,38010,38011,1.4009223408414187e-8,PE_PCC
3936,7723,7724,38011,38012,1.402173813059756e-8,PE_PCC
3937,7724,7725,38012,38013,1.4034252860092123e-8,PE_PCC
3938,7725,7726,38013,38014,1.4046767596876836e-8,PE_PCC
3939,7726,7727,38014,38015,1.4059282340933838e-8,PE_PCC
3940,7727,7728,38015,38016,1.4071797092242116e-8,PE_PCC
3941,7728,7729,38016,38017,1.408431185078348e-8,PE_PCC
3942,7729,7730,38017,38018,1.4096826616538727e-8,PE_PCC
3943,7730,7731,38018,38019,1.410934138948747e-8,PE_PCC
3944,7731,7732,38019,38020,1.4121856169612075e-8,PE_PCC
3945,7732,7733,38020,38021,1.4134370956892121e-8,PE_PCC
3946,7733,7734,38021,38022,1.4146885751309912e-8,PE_PCC
3947,7734,7735,38022,38023,1.4159400552845224e-8,PE_PCC
3948,7735,7736,38023,38024,1.4171915361480534e-8,PE_PCC
3949,7736,7737,38024,38025,1.4184430177195601e-8,PE_PCC
3950,7737,7738,38025,38026,1.4196944999972904e-8,PE_PCC
3951,7738,7739,38026,38027,1.4209459829793693e-8,PE_PCC
3952,7739,7740,38027,38028,1.422197466663825e-8,PE_PCC
3953,7740,7741,38028,38029,1.4234489510489642e-8,PE_PCC
3954,7741,7742,38029,38030,1.4247004361327773e-8,PE_PCC
3955,7742,7743,38030,38031,1.4259519219135846e-8,PE_PCC
3956,7743,7744,38031,38032,1.4272034083894022e-8,PE_PCC
3957,7744,7745,38032,38033,1.4284548955585432e-8,PE_PCC
3958,7745,7746,38033,38034,1.4297063834190554e-8,PE_PCC
3959,7746,7747,38034,38035,1.4309578719692165e-8,PE_PCC
3960,7747,7748,38035,38036,1.4322093612072308e-8,PE_PCC
3961,7748,7749,38036,38037,1.4334608511311834e-8,PE_PCC
3962,7749,7750,38037,38038,1.4347123417394252e-8,PE_PCC
3963,7750,7751,38038,38039,1.4359638330300223e-8,PE_PCC
3964,7751,7752,38039,38040,1.437215325001337e-8,PE_PCC
3965,7752,7753,38040,38041,1.4384668176514471e-8,PE_PCC
3966,7753,7754,38041,38042,1.4397183109787277e-8,PE_PCC
3967,7754,7755,38042,38043,1.4409698049812695e-8,PE_PCC
3968,7755,7756,38043,38044,1.4422212996574238e-8,PE_PCC
3969,7756,7757,38044,38045,1.4434727950054369e-8,PE_PCC
3970,7757,7758,38045,38046,1.4447242910234565e-8,PE_PCC
3971,7758,7759,38046,38047,1.4459757877098865e-8,PE_PCC
3972,7759,7760,38047,38048,1.447227285062845e-8,PE_PCC
3973,7760,7761,38048,38049,1.4484787830807601e-8,PE_PCC
3974,7761,7762,38049,38050,1.449730281761749e-8,PE_PCC
3975,7762,7763,38050,38051,1.4509817811042511e-8,PE_PCC
3976,7763,7764,38051,38052,1.4522332811064136e-8,PE_PCC
3977,7764,7765,38052,38053,1.4534847817666643e-8,PE_PCC
3978,7765,7766,38053,38054,1.4547362830831744e-8,PE_PCC
3979,7766,7767,38054,38055,1.4559877850543536e-8,PE_PCC
3980,7767,7768,38055,38056,1.4572392876785192e-8,PE_PCC
3981,7768,7769,38056,38057,1.4584907909538713e-8,PE_PCC
3982,7769,7770,38057,38058,1.4597422948788877e-8,PE_PCC
3983,7770,7771,38058,38059,1.4609937994517612e-8,PE_PCC
3984,7771,7772,38059,38060,1.462245304670953e-8,PE_PCC
3985,7772,7773,38060,38061,1.4634968105346832e-8,PE_PCC
3986,7773,7774,38061,38062,1.4647483170414296e-8,PE_PCC
3987,7774,7775,38062,38063,1.465999824189405e-8,PE_PCC
3988,7775,7776,38063,38064,1.467251331977079e-8,PE_PCC
3989,7776,7777,38064,38065,1.4685028404028017e-8,PE_PCC
3990,7777,7778,38065,38066,1.4697543494648668e-8,PE_PCC
3991,7778,7779,38066,38067,1.4710058591617586e-8,PE_PCC
3992,7779,7780,38067,38068,1.4722573694917348e-8,PE_PCC
3993,7780,7781,38068,38069,1.4735088804533283e-8,PE_PCC
3994,7781,7782,38069,38070,1.4747603920447718e-8,PE_PCC
3995,7782,7783,38070,38071,1.4760119042646196e-8,PE_PCC
3996,7783,7784,38071,38072,1.477263417111124e-8,PE_PCC
3997,7784,7785,38072,38073,1.4785149305828066e-8,PE_PCC
3998,7785,7786,38073,38074,1.479766444678082e-8,PE_PCC
3999,7786,7787,38074,38075,1.4810179593952495e-8,PE_PCC
4000,7787,7788,38075,38076,1.4822694747328974e-8,PE_PCC
4001,7788,7789,38076,38077,1.4835209906892922e-8,PE_PCC
4002,7789,7790,38077,38078,1.484772507263024e-8,PE_PCC
4003,7790,7791,38078,38079,1.486024024452388e-8,PE_PCC
4004,7791,7792,38079,38080,1.4872755422559742e-8,PE_PCC
4005,7792,7793,38080,38081,1.4885270606720845e-8,PE_PCC
4006,7793,7794,38081,38082,1.489778579699286e-8,PE_PCC
4007,7794,7795,38082,38083,1.4910300993360462e-8,PE_PCC
4008,7795,7796,38083,38084,1.4922816195807112e-8,PE_PCC
4009,7796,7797,38084,38085,1.4935331404319095e-8,PE_PCC
4010,7797,7798,38085,38086,1.494784661887962e-8,PE_PCC
4011,7798,7799,38086,38087,1.496036183947505e-8,PE_PCC
4012,7799,7800,38087,38088,1.497287706608872e-8,PE_PCC
4013,7800,7801,38088,38089,1.4985392298707076e-8,PE_PCC
4014,7801,7802,38089,38090,1.4997907537313573e-8,PE_PCC
4015,7802,7803,38090,38091,1.5010422781894372e-8,PE_PCC
4016,7803,7804,38091,38092,1.5022938032434117e-8,PE_PCC
4017,7804,7805,38092,38093,1.503545328891877e-8,PE_PCC
4018,7805,7806,38093,38094,1.5047968551331164e-8,PE_PCC
4019,7806,7807,38094,38095,1.50604838196588e-8,PE_PCC
4020,7807,7808,38095,38096,1.5072999093886176e-8,PE_PCC
4021,7808,7809,38096,38097,1.508551437399942e-8,PE_PCC
4022,7809,7810,38097,38098,1.5098029659981593e-8,PE_PCC
4023,7810,7811,38098,38099,1.5110544951820385e-8,PE_PCC
4024,7811,7812,38099,38100,1.5123060249500422e-8,PE_PCC
4025,7812,7813,38100,38101,1.513557555300736e-8,PE_PCC
4026,7813,7814,38101,38102,1.5148090862327388e-8,PE_PCC
4027,7814,7815,38102,38103,1.5160606177443942e-8,PE_PCC
4028,7815,7816,38103,38104,1.517312149834484e-8,PE_PCC
4029,7816,7817,38104,38105,1.5185636825015114e-8,PE_PCC
4030,7817,7818,38105,38106,1.5198152157441184e-8,PE_PCC
4031,7818,7819,38106,38107,1.5210667495606656e-8,PE_PCC
4032,7819,7820,38107,38108,1.5223182839499646e-8,PE_PCC
4033,7820,7821,38108,38109,1.5235698189105176e-8,PE_PCC
4034,7821,7822,38109,38110,1.5248213544409327e-8,PE_PCC
4035,7822,7823,38110,38111,1.526072890539871e-8,PE_PCC
4036,7823,7824,38111,38112,1.527324427205715e-8,PE_PCC
4037,7824,7825,38112,38113,1.528575964437295e-8,PE_PCC
4038,7825,7826,38113,38114,1.5298275022331442e-8,PE_PCC
4039,7826,7827,38114,38115,1.53107904059197e-8,PE_PCC
4040,7827,7828,38115,38116,1.532330579512153e-8,PE_PCC
4041,7828,7829,38116,38117,1.5335821189925352e-8,PE_PCC
4042,7829,7830,38117,38118,1.5348336590317e-8,PE_PCC
4043,7830,7831,38118,38119,1.536085199628259e-8,PE_PCC
4044,7831,7832,38119,38120,1.5373367407809273e-8,PE_PCC
4045,7832,7833,38120,38121,1.538588282488131e-8,PE_PCC
4046,7833,7834,38121,38122,1.539839824748736e-8,PE_PCC
4047,7834,7835,38122,38123,1.5410913675613325e-8,PE_PCC
4048,7835,7836,38123,38124,1.542342910924631e-8,PE_PCC
4049,7836,7837,38124,38125,1.5435944548370806e-8,PE_PCC
4050,7837,7838,38125,38126,1.5448459992975686e-8,PE_PCC
4051,7838,7839,38126,38127,1.5460975443046887e-8,PE_PCC
4052,7839,7840,38127,38128,1.5473490898571143e-8,PE_PCC
4053,7840,7841,38128,38129,1.5486006359536057e-8,PE_PCC
4054,7841,7842,38129,38130,1.5498521825926033e-8,PE_PCC
4055,7842,7843,38130,38131,1.5511037297730328e-8,PE_PCC
4056,7843,7844,38131,38132,1.552355277493505e-8,PE_PCC
4057,7844,7845,38132,38133,1.5536068257527953e-8,PE_PCC
4058,7845,7846,38133,38134,1.5548583745493637e-8,PE_PCC
4059,7846,7847,38134,38135,1.5561099238821523e-8,PE_PCC
4060,7847,7848,38135,38136,1.5573614737497873e-8,PE_PCC
4061,7848,7849,38136,38137,1.558613024150984e-8,PE_PCC
4062,7849,7850,38137,38138,1.5598645750845317e-8,PE_PCC
4063,7850,7851,38138,38139,1.5611161265489188e-8,PE_PCC
4064,7851,7852,38139,38140,1.5623676785431038e-8,PE_PCC
4065,7852,7853,38140,38141,1.56361923106573e-8,PE_PCC
4066,7853,7854,38141,38142,1.5648707841156232e-8,PE_PCC
4067,7854,7855,38142,38143,1.566122337691265e-8,PE_PCC
4068,7855,7856,38143,38144,1.5673738917916477e-8,PE_PCC
4069,7856,7857,38144,38145,1.5686254464154303e-8,PE_PCC
4070,7857,7858,38145,38146,1.5698770015613534e-8,PE_PCC
4071,7858,7859,38146,38147,1.5711285572282623e-8,PE_PCC
4072,7859,7860,38147,38148,1.5723801134146562e-8,PE_PCC
4073,7860,7861,38148,38149,1.5736316701195586e-8,PE_PCC
4074,7861,7862,38149,38150,1.5748832273416392e-8,PE_PCC
4075,7862,7863,38150,38151,1.5761347850797436e-8,PE_PCC
4076,7863,7864,38151,38152,1.5773863433324108e-8,PE_PCC
4077,7864,7865,38152,38153,1.5786379020986546e-8,PE_PCC
4078,7865,7866,38153,38154,1.5798894613771718e-8,PE_PCC
4079,7866,7867,38154,38155,1.581141021166745e-8,PE_PCC
4080,7867,7868,38155,38156,1.5823925814662477e-8,PE_PCC
4081,7868,7869,38156,38157,1.5836441422742324e-8,PE_PCC
4082,7869,7870,38157,38158,1.584895703589712e-8,PE_PCC
4083,7870,7871,38158,38159,1.586147265411446e-8,PE_PCC
4084,7871,7872,38159,38160,1.58739882773828e-8,PE_PCC
4085,7872,7873,38160,38161,1.5886503905687946e-8,PE_PCC
4086,7873,7874,38161,38162,1.589901953902049e-8,PE_PCC
4087,7874,7875,38162,38163,1.591153517736754e-8,PE_PCC
4088,7875,7876,38163,38164,1.5924050820717473e-8,PE_PCC
4089,7876,7877,38164,38165,1.5936566469059284e-8,PE_PCC
4090,7877,7878,38165,38166,1.594908212237876e-8,PE_PCC
4091,7878,7879,38166,38167,1.5961597780666524e-8,PE_PCC
4092,7879,7880,38167,38168,1.5974113443910265e-8,PE_PCC
4093,7880,7881,38168,38169,1.598662911209903e-8,PE_PCC
4094,7881,7882,38169,38170,1.599914478521883e-8,PE_PCC
4095,7882,7883,38170,38171,1.6011660463260536e-8,PE_PCC
4096,7883,7884,38171,38172,1.6024176146211785e-8,PE_PCC
4097,7884,7885,38172,38173,1.6036691834061095e-8,PE_PCC
4098,7885,7886,38173,38174,1.604920752679782e-8,PE_PCC
4099,7886,7887,38174,38175,1.6061723224408088e-8,PE_PCC
4100,7887,7888,38175,38176,1.607423892688295e-8,PE_PCC
4101,7888,7889,38176,38177,1.6086754634210256e-8,PE_PCC
4102,7889,7890,38177,38178,1.60992703463795e-8,PE_PCC
4103,7890,7891,38178,38179,1.6111786063376934e-8,PE_PCC
4104,7891,7892,38179,38180,1.612430178519379e-8,PE_PCC
4105,7892,7893,38180,38181,1.613681751181802e-8,PE_PCC
4106,7893,7894,38181,38182,1.614933324323844e-8,PE_PCC
4107,7894,7895,38182,38183,1.6161848979444748e-8,PE_PCC
4108,7895,7896,38183,38184,1.617436472042336e-8,PE_PCC
4109,7896,7897,38184,38185,1.6186880466165667e-8,PE_PCC
4110,7897,7898,38185,38186,1.619939621665982e-8,PE_PCC
4111,7898,7899,38186,38187,1.621191197189561e-8,PE_PCC
4112,7899,7900,38187,38188,1.6224427731859625e-8,PE_PCC
4113,7900,7901,38188,38189,1.6236943496543376e-8,PE_PCC
4114,7901,7902,38189,38190,1.62494592659352e-8,PE_PCC
4115,7902,7903,38190,38191,1.6261975040024126e-8,PE_PCC
4116,7903,7904,38191,38192,1.627449081880014e-8,PE_PCC
4117,7904,7905,38192,38193,1.628700660225009e-8,PE_PCC
4118,7905,7906,38193,38194,1.629952239036559e-8,PE_PCC
4119,7906,7907,38194,38195,1.631203818313502e-8,PE_PCC
4120,7907,7908,38195,38196,1.6324553980548645e-8,PE_PCC
4121,7908,7909,38196,38197,1.6337069782593266e-8,PE_PCC
4122,7909,7910,38197,38198,1.6349585589260583e-8,PE_PCC
4123,7910,7911,38198,38199,1.636210140053939e-8,PE_PCC
4124,7911,7912,38199,38200,1.6374617216418946e-8,PE_PCC
4125,7912,7913,38200,38201,1.638713303688964e-8,PE_PCC
4126,7913,7914,38201,38202,1.6399648861938346e-8,PE_PCC
4127,7914,7915,38202,38203,1.6412164691557215e-8,PE_PCC
4128,7915,7916,38203,38204,1.6424680525734934e-8,PE_PCC
4129,7916,7917,38204,38205,1.643719636446184e-8,PE_PCC
4130,7917,7918,38205,38206,1.6449712207725145e-8,PE_PCC
4131,7918,7919,38206,38207,1.646222805551697e-8,PE_PCC
4132,7919,7920,38207,38208,1.64747439078262e-8,PE_PCC
4133,7920,7921,38208,38209,1.648725976464241e-8,PE_PCC
4134,7921,7922,38209,38210,1.6499775625956392e-8,PE_PCC
4135,7922,7923,38210,38211,1.6512291491755178e-8,PE_PCC
4136,7923,7924,38211,38212,1.652480736203127e-8,PE_PCC
4137,7924,7925,38212,38213,1.6537323236773593e-8,PE_PCC
4138,7925,7926,38213,38214,1.6549839115972857e-8,PE_PCC
4139,7926,7927,38214,38215,1.6562354999616437e-8,PE_PCC
4140,7927,7928,38215,38216,1.6574870887696785e-8,PE_PCC
4141,7928,7929,38216,38217,1.6587386780203023e-8,PE_PCC
4142,7929,7930,38217,38218,1.659990267712515e-8,PE_PCC
4143,7930,7931,38218,38219,1.6612418578454014e-8,PE_PCC
4144,7931,7932,38219,38220,1.6624934484177136e-8,PE_PCC
4145,7932,7933,38220,38221,1.663745039428712e-8,PE_PCC
4146,7933,7934,38221,38222,1.664996630877325e-8,PE_PCC
4147,7934,7935,38222,38223,1.666248222762648e-8,PE_PCC
4148,7935,7936,38223,38224,1.6674998150834487e-8,PE_PCC
4149,7936,7937,38224,38225,1.6687514078389965e-8,PE_PCC
4150,7937,7938,38225,38226,1.670003001028229e-8,PE_PCC
4151,7938,7939,38226,38227,1.6712545946501753e-8,PE_PCC
4152,7939,7940,38227,38228,1.6725061887039507e-8,PE_PCC
4153,7940,7941,38228,38229,1.6737577831883255e-8,PE_PCC
4154,7941,7942,38229,38230,1.675009378102589e-8,PE_PCC
4155,7942,7943,38230,38231,1.6762609734457005e-8,PE_PCC
4156,7943,7944,38231,38232,1.677512569216781e-8,PE_PCC
4157,7944,7945,38232,38233,1.6787641654146154e-8,PE_PCC
4158,7945,7946,38233,38234,1.6800157620385127e-8,PE_PCC
4159,7946,7947,38234,38235,1.6812673590874247e-8,PE_PCC
4160,7947,7948,38235,38236,1.68251895656042e-8,PE_PCC
4161,7948,7949,38236,38237,1.683770554456615e-8,PE_PCC
4162,7949,7950,38237,38238,1.6850221527748278e-8,PE_PCC
4163,7950,7951,38238,38239,1.686273751514377e-8,PE_PCC
4164,7951,7952,38239,38240,1.6875253506742247e-8,PE_PCC
4165,7952,7953,38240,38241,1.6887769502535464e-8,PE_PCC
4166,7953,7954,38241,38242,1.69002855025112e-8,PE_PCC
4167,7954,7955,38242,38243,1.691280150666296e-8,PE_PCC
4168,7955,7956,38243,38244,1.6925317514980563e-8,PE_PCC
4169,7956,7957,38244,38245,1.6937833527455713e-8,PE_PCC
4170,7957,7958,38245,38246,1.6950349544076498e-8,PE_PCC
4171,7958,7959,38246,38247,1.6962865564836398e-8,PE_PCC
4172,7959,7960,38247,38248,1.6975381589725402e-8,PE_PCC
4173,7960,7961,38248,38249,1.6987897618734327e-8,PE_PCC
4174,7961,7962,38249,38250,1.7000413651854946e-8,PE_PCC
4175,7962,7963,38250,38251,1.7012929689075708e-8,PE_PCC
4176,7963,7964,38251,38252,1.7025445730389954e-8,PE_PCC
4177,7964,7965,38252,38253,1.7037961775788014e-8,PE_PCC
4178,7965,7966,38253,38254,1.7050477825261594e-8,PE_PCC
4179,7966,7967,38254,38255,1.7062993878799237e-8,PE_PCC
4180,7967,7968,38255,38256,1.7075509936394525e-8,PE_PCC
4181,7968,7969,38256,38257,1.708802599803777e-8,PE_PCC
4182,7969,7970,38257,38258,1.7100542063719974e-8,PE_PCC
4183,7970,7971,38258,38259,1.7113058133433244e-8,PE_PCC
4184,7971,7972,38259,38260,1.7125574207166068e-8,PE_PCC
4185,7972,7973,38260,38261,1.713809028491227e-8,PE_PCC
4186,7973,7974,38261,38262,1.7150606366662186e-8,PE_PCC
4187,7974,7975,38262,38263,1.7163122452407926e-8,PE_PCC
4188,7975,7976,38263,38264,1.7175638542138162e-8,PE_PCC
4189,7976,7977,38264,38265,1.718815463584679e-8,PE_PCC
4190,7977,7978,38265,38266,1.720067073352425e-8,PE_PCC
4191,7978,7979,38266,38267,1.7213186835161893e-8,PE_PCC
4192,7979,7980,38267,38268,1.7225702940751954e-8,PE_PCC
4193,7980,7981,38268,38269,1.7238219050283207e-8,PE_PCC
4194,7981,7982,38269,38270,1.725073516374967e-8,PE_PCC
4195,7982,7983,38270,38271,1.726325128114198e-8,PE_PCC
4196,7983,7984,38271,38272,1.72757674024524e-8,PE_PCC
4197,7984,7985,38272,38273,1.7288283527669848e-8,PE_PCC
4198,7985,7986,38273,38274,1.7300799656788394e-8,PE_PCC
4199,7986,7987,38274,38275,1.7313315789798834e-8,PE_PCC
4200,7987,7988,38275,38276,1.7325831926692592e-8,PE_PCC
4201,7988,7989,38276,38277,1.733834806746226e-8,PE_PCC
4202,7989,7990,38277,38278,1.735086421209673e-8,PE_PCC
4203,7990,7991,38278,38279,1.7363380360590274e-8,PE_PCC
4204,7991,7992,38279,38280,1.737589651293371e-8,PE_PCC
4205,7992,7993,38280,38281,1.738841266911968e-8,PE_PCC
4206,7993,7994,38281,38282,1.7400928829137108e-8,PE_PCC
4207,7994,7995,38282,38283,1.7413444992980447e-8,PE_PCC
4208,7995,7996,38283,38284,1.7425961160640524e-8,PE_PCC
4209,7996,7997,38284,38285,1.743847733210922e-8,PE_PCC
4210,7997,7998,38285,38286,1.745099350737916e-8,PE_PCC
4211,7998,7999,38286,38287,1.74635096864395e-8,PE_PCC
4212,7999,8000,38287,38288,1.747602586928478e-8,PE_PCC
4213,8000,8001,38288,38289,1.748854205590605e-8,PE_PCC
4214,8001,8002,38289,38290,1.750105824629585e-8,PE_PCC
4215,8002,8003,38290,38291,1.751357444044377e-8,PE_PCC
4216,8003,8004,38291,38292,1.752609063834422e-8,PE_PCC
4217,8004,8005,38292,38293,1.7538606839988322e-8,PE_PCC
4218,8005,8006,38293,38294,1.7551123045368063e-8,PE_PCC
4219,8006,8007,38294,38295,1.756363925447641e-8,PE_PCC
4220,8007,8008,38295,38296,1.757615546730252e-8,PE_PCC
4221,8008,8009,38296,38297,1.7588671683841446e-8,PE_PCC
4222,8009,8010,38297,38298,1.760118790408415e-8,PE_PCC
4223,8010,8011,38298,38299,1.7613704128023676e-8,PE_PCC
4224,8011,8012,38299,38300,1.7626220355649516e-8,PE_PCC
4225,8012,8013,38300,38301,1.7638736586956373e-8,PE_PCC
4226,8013,8014,38301,38302,1.7651252821935706e-8,PE_PCC
4227,8014,8015,38302,38303,1.76637690605796e-8,PE_PCC
4228,8015,8016,38303,38304,1.767628530288122e-8,PE_PCC
4229,8016,8017,38304,38305,1.7688801548830025e-8,PE_PCC
4230,8017,8018,38305,38306,1.7701317798421018e-8,PE_PCC
4231,8018,8019,38306,38307,1.7713834051645613e-8,PE_PCC
4232,8019,8020,38307,38308,1.7726350308496975e-8,PE_PCC
4233,8020,8021,38308,38309,1.773886656896477e-8,PE_PCC
4234,8021,8022,38309,38310,1.7751382833043977e-8,PE_PCC
4235,8022,8023,38310,38311,1.7763899100726118e-8,PE_PCC
4236,8023,8024,38311,38312,1.7776415372003566e-8,PE_PCC
4237,8024,8025,38312,38313,1.778893164686964e-8,PE_PCC
4238,8025,8026,38313,38314,1.7801447925314043e-8,PE_PCC
4239,8026,8027,38314,38315,1.781396420733196e-8,PE_PCC
4240,8027,8028,38315,38316,1.7826480492914986e-8,PE_PCC
4241,8028,8029,38316,38317,1.783899678205647e-8,PE_PCC
4242,8029,8030,38317,38318,1.7851513074746208e-8,PE_PCC
4243,8030,8031,38318,38319,1.7864029370979503e-8,PE_PCC
4244,8031,8032,38319,38320,1.7876545670748916e-8,PE_PCC
4245,8032,8033,38320,38321,1.7889061974043362e-8,PE_PCC
4246,8033,8034,38321,38322,1.7901578280861793e-8,PE_PCC
4247,8034,8035,38322,38323,1.7914094591189585e-8,PE_PCC
4248,8035,8036,38323,38324,1.7926610905026657e-8,PE_PCC
4249,8036,8037,38324,38325,1.793912722236023e-8,PE_PCC
4250,8037,8038,38325,38326,1.7951643543182935e-8,PE_PCC
4251,8038,8039,38326,38327,1.7964159867492954e-8,PE_PCC
4252,8039,8040,38327,38328,1.7976676195275653e-8,PE_PCC
4253,8040,8041,38328,38329,1.7989192526531315e-8,PE_PCC
4254,8041,8042,38329,38330,1.800170886124696e-8,PE_PCC
4255,8042,8043,38330,38331,1.801422519941554e-8,PE_PCC
4256,8043,8044,38331,38332,1.8026741541035148e-8,PE_PCC
4257,8044,8045,38332,38333,1.8039257886093375e-8,PE_PCC
4258,8045,8046,38333,38334,1.8051774234582846e-8,PE_PCC
4259,8046,8047,38334,38335,1.806429058650208e-8,PE_PCC
4260,8047,8048,38335,38336,1.8076806941836565e-8,PE_PCC
4261,8048,8049,38336,38337,1.808932330058649e-8,PE_PCC
4262,8049,8050,38337,38338,1.8101839662739364e-8,PE_PCC
4263,8050,8051,38338,38339,1.8114356028288042e-8,PE_PCC
4264,8051,8052,38339,38340,1.8126872397231072e-8,PE_PCC
4265,8052,8053,38340,38341,1.813938876955402e-8,PE_PCC
4266,8053,8054,38341,38342,1.8151905145257302e-8,PE_PCC
4267,8054,8055,38342,38343,1.816442152432835e-8,PE_PCC
4268,8055,8056,38343,38344,1.8176937906760305e-8,PE_PCC
4269,8056,8057,38344,38345,1.818945429255166e-8,PE_PCC
4270,8057,8058,38345,38346,1.8201970681688076e-8,PE_PCC
4271,8058,8059,38346,38347,1.8214487074170258e-8,PE_PCC
4272,8059,8060,38347,38348,1.822700346998549e-8,PE_PCC
4273,8060,8061,38348,38349,1.8239519869127056e-8,PE_PCC
4274,8061,8062,38349,38350,1.8252036271593715e-8,PE_PCC
4275,8062,8063,38350,38351,1.8264552677372944e-8,PE_PCC
4276,8063,8064,38351,38352,1.8277069086458024e-8,PE_PCC
4277,8064,8065,38352,38353,1.8289585498847733e-8,PE_PCC
4278,8065,8066,38353,38354,1.83021019145278e-8,PE_PCC
4279,8066,8067,38354,38355,1.831461833349899e-8,PE_PCC
4280,8067,8068,38355,38356,1.832713475574893e-8,PE_PCC
4281,8068,8069,38356,38357,1.8339651181270922e-8,PE_PCC
4282,8069,8070,38357,38358,1.8352167610063865e-8,PE_PCC
4283,8070,8071,38358,38359,1.836468404211361e-8,PE_PCC
4284,8071,8072,38359,38360,1.837720047742095e-8,PE_PCC
4285,8072,8073,38360,38361,1.8389716915973674e-8,PE_PCC
4286,8073,8074,38361,38362,1.8402233357765094e-8,PE_PCC
4287,8074,8075,38362,38363,1.8414749802794272e-8,PE_PCC
4288,8075,8076,38363,38364,1.8427266251047134e-8,PE_PCC
4289,8076,8077,38364,38365,1.8439782702524555e-8,PE_PCC
4290,8077,8078,38365,38366,1.845229915721435e-8,PE_PCC
4291,8078,8079,38366,38367,1.846481561511006e-8,PE_PCC
4292,8079,8080,38367,38368,1.847733207621071e-8,PE_PCC
4293,8080,8081,38368,38369,1.848984854050427e-8,PE_PCC
4294,8081,8082,38369,38370,1.8502365007984122e-8,PE_PCC
4295,8082,8083,38370,38371,1.8514881478649483e-8,PE_PCC
4296,8083,8084,38371,38372,1.8527397952486506e-8,PE_PCC
4297,8084,8085,38372,38373,1.85399144294961e-8,PE_PCC
4298,8085,8086,38373,38374,1.8552430909666333e-8,PE_PCC
4299,8086,8087,38374,38375,1.8564947392990674e-8,PE_PCC
4300,8087,8088,38375,38376,1.857746387946869e-8,PE_PCC
4301,8088,8089,38376,38377,1.8589980369086156e-8,PE_PCC
4302,8089,8090,38377,38378,1.8602496861844337e-8,PE_PCC
4303,8090,8091,38378,38379,1.8615013357731315e-8,PE_PCC
4304,8091,8092,38379,38380,1.8627529856740843e-8,PE_PCC
4305,8092,8093,38380,38381,1.8640046358872228e-8,PE_PCC
4306,8093,8094,38381,38382,1.8652562864113417e-8,PE_PCC
4307,8094,8095,38382,38383,1.866507937245824e-8,PE_PCC
4308,8095,8096,38383,38384,1.8677595883906217e-8,PE_PCC
4309,8096,8097,38384,38385,1.869011239844339e-8,PE_PCC
4310,8097,8098,38385,38386,1.8702628916071274e-8,PE_PCC
4311,8098,8099,38386,38387,1.8715145436777882e-8,PE_PCC
4312,8099,8100,38387,38388,1.8727661960556996e-8,PE_PCC
4313,8100,8101,38388,38389,1.8740178487408352e-8,PE_PCC
4314,8101,8102,38389,38390,1.8752695017317974e-8,PE_PCC
4315,8102,8103,38390,38391,1.8765211550287545e-8,PE_PCC
4316,8103,8104,38391,38392,1.8777728086305048e-8,PE_PCC
4317,8104,8105,38392,38393,1.879024462536454e-8,PE_PCC
4318,8105,8106,38393,38394,1.880276116746562e-8,PE_PCC
4319,8106,8107,38394,38395,1.8815277712594534e-8,PE_PCC
4320,8107,8108,38395,38396,1.882779426075296e-8,PE_PCC
4321,8108,8109,38396,38397,1.8840310811929058e-8,PE_PCC
4322,8109,8110,38397,38398,1.8852827366116884e-8,PE_PCC
4323,8110,8111,38398,38399,1.8865343923316143e-8,PE_PCC
4324,8111,8112,38399,38400,1.8877860483515116e-8,PE_PCC
4325,8112,8113,38400,38401,1.8890377046707816e-8,PE_PCC
4326,8113,8114,38401,38402,1.8902893612894078e-8,PE_PCC
4327,8114,8115,38402,38403,1.891541018206027e-8,PE_PCC
4328,8115,8116,38403,38404,1.892792675420816e-8,PE_PCC
4329,8116,8117,38404,38405,1.894044332932607e-8,PE_PCC
4330,8117,8118,38405,38406,1.8952959907408127e-8,PE_PCC
4331,8118,8119,38406,38407,1.8965476488454236e-8,PE_PCC
4332,8119,8120,38407,38408,1.8977993072450835e-8,PE_PCC
4333,8120,8121,38408,38409,1.8990509659399724e-8,PE_PCC
4334,8121,8122,38409,38410,1.9003026249289426e-8,PE_PCC
4335,8122,8123,38410,38411,1.9015542842114024e-8,PE_PCC
4336,8123,8124,38411,38412,1.9028059437873486e-8,PE_PCC
4337,8124,8125,38412,38413,1.9040576036554493e-8,PE_PCC
4338,8125,8126,38413,38414,1.9053092638158753e-8,PE_PCC
4339,8126,8127,38414,38415,1.9065609242674954e-8,PE_PCC
4340,8127,8128,38415,38416,1.907812585009714e-8,PE_PCC
4341,8128,8129,38416,38417,1.909064246042557e-8,PE_PCC
4342,8129,8130,38417,38418,1.910315907364866e-8,PE_PCC
4343,8130,8131,38418,38419,1.911567568976068e-8,PE_PCC
4344,8131,8132,38419,38420,1.9128192308761905e-8,PE_PCC
4345,8132,8133,38420,38421,1.9140708930638843e-8,PE_PCC
4346,8133,8134,38421,38422,1.915322555539341e-8,PE_PCC
4347,8134,8135,38422,38423,1.9165742183014572e-8,PE_PCC
4348,8135,8136,38423,38424,1.9178258813496416e-8,PE_PCC
4349,8136,8137,38424,38425,1.919077544683913e-8,PE_PCC
4350,8137,8138,38425,38426,1.9203292083029512e-8,PE_PCC
4351,8138,8139,38426,38427,1.9215808722069743e-8,PE_PCC
4352,8139,8140,38427,38428,1.9228325363948375e-8,PE_PCC
4353,8140,8141,38428,38429,1.924084200865991e-8,PE_PCC
4354,8141,8142,38429,38430,1.9253358656204556e-8,PE_PCC
4355,8142,8143,38430,38431,1.9265875306569217e-8,PE_PCC
4356,8143,8144,38431,38432,1.9278391959755954e-8,PE_PCC
4357,8144,8145,38432,38433,1.9290908615753616e-8,PE_PCC
4358,8145,8146,38433,38434,1.9303425274556526e-8,PE_PCC
4359,8146,8147,38434,38435,1.931594193616541e-8,PE_PCC
4360,8147,8148,38435,38436,1.9328458600568554e-8,PE_PCC
4361,8148,8149,38436,38437,1.9340975267760875e-8,PE_PCC
4362,8149,8150,38437,38438,1.935349193774267e-8,PE_PCC
4363,8150,8151,38438,38439,1.9366008610500706e-8,PE_PCC
4364,8151,8152,38439,38440,1.9378525286037426e-8,PE_PCC
4365,8152,8153,38440,38441,1.9391041964341665e-8,PE_PCC
4366,8153,8154,38441,38442,1.940355864540799e-8,PE_PCC
4367,8154,8155,38442,38443,1.9416075329236916e-8,PE_PCC
4368,8155,8156,38443,38444,1.9428592015815326e-8,PE_PCC
4369,8156,8157,38444,38445,1.9441108705145737e-8,PE_PCC
4370,8157,8158,38445,38446,1.9453625397216924e-8,PE_PCC
4371,8158,8159,38446,38447,1.9466142092023617e-8,PE_PCC
4372,8159,8160,38447,38448,1.947865878956645e-8,PE_PCC
4373,8160,8161,38448,38449,1.949117548983225e-8,PE_PCC
4374,8161,8162,38449,38450,1.9503692192823704e-8,PE_PCC
4375,8162,8163,38450,38451,1.9516208898529584e-8,PE_PCC
4376,8163,8164,38451,38452,1.9528725606944758e-8,PE_PCC
4377,8164,8165,38452,38453,1.9541242318069852e-8,PE_PCC
4378,8165,8166,38453,38454,1.955375903189382e-8,PE_PCC
4379,8166,8167,38454,38455,1.9566275748411362e-8,PE_PCC
4380,8167,8168,38455,38456,1.9578792467623427e-8,PE_PCC
4381,8168,8169,38456,38457,1.9591309189516765e-8,PE_PCC
4382,8169,8170,38457,38458,1.96038259140942e-8,PE_PCC
4383,8170,8171,38458,38459,1.9616342641344755e-8,PE_PCC
4384,8171,8172,38459,38460,1.9628859371263218e-8,PE_PCC
4385,8172,8173,38460,38461,1.964137610385046e-8,PE_PCC
4386,8173,8174,38461,38462,1.9653892839093387e-8,PE_PCC
4387,8174,8175,38462,38463,1.966640957699498e-8,PE_PCC
4388,8175,8176,38463,38464,1.9678926317544175e-8,PE_PCC
4389,8176,8177,38464,38465,1.9691443060735822e-8,PE_PCC
4390,8177,8178,38465,38466,1.9703959806571003e-8,PE_PCC
4391,8178,8179,38466,38467,1.971647655503658e-8,PE_PCC
4392,8179,8180,38467,38468,1.9728993306135652e-8,PE_PCC
4393,8180,8181,38468,38469,1.9741510059857186e-8,PE_PCC
4394,8181,8182,38469,38470,1.9754026816196148e-8,PE_PCC
4395,8182,8183,38470,38471,1.9766543575153454e-8,PE_PCC
4396,8183,8184,38471,38472,1.9779060336718417e-8,PE_PCC
4397,8184,8185,38472,38473,1.979157710088588e-8,PE_PCC
4398,8185,8186,38473,38474,1.9804093867656988e-8,PE_PCC
4399,8186,8187,38474,38475,1.981661063701875e-8,PE_PCC
4400,8187,8188,38475,38476,1.9829127408974393e-8,PE_PCC
4401,8188,8189,38476,38477,1.984164418351281e-8,PE_PCC
4402,8189,8190,38477,38478,1.9854160960629216e-8,PE_PCC
4403,8190,8191,38478,38479,1.986667774032476e-8,PE_PCC
4404,8191,8192,38479,38480,1.9879194522586586e-8,PE_PCC
4405,8192,8193,38480,38481,1.9891711307417738e-8,PE_PCC
4406,8193,8194,38481,38482,1.9904228094807538e-8,PE_PCC
4407,8194,8195,38482,38483,1.9916744884750994e-8,PE_PCC
4408,8195,8196,38483,38484,1.992926167724939e-8,PE_PCC
4409,8196,8197,38484,38485,1.994177847228989e-8,PE_PCC
4410,8197,8198,38485,38486,1.9954295269875718e-8,PE_PCC
4411,8198,8199,38486,38487,1.9966812069996095e-8,PE_PCC
4412,8199,8200,38487,38488,1.99793288726462e-8,PE_PCC
4413,8200,8201,38488,38489,1.9991845677827384e-8,PE_PCC
4414,8201,8202,38489,38490,2.0004362485528822e-8,PE_PCC
4415,8202,8203,38490,38491,2.0016879295745753e-8,PE_PCC
4416,8203,8204,38491,38492,2.0029396108479583e-8,PE_PCC
4417,8204,8205,38492,38493,2.0041912923717447e-8,PE_PCC
4418,8205,8206,38493,38494,2.005442974146281e-8,PE_PCC
4419,8206,8207,38494,38495,2.006694656170488e-8,PE_PCC
4420,8207,8208,38495,38496,2.007946338443895e-8,PE_PCC
4421,8208,8209,38496,38497,2.0091980209666518e-8,PE_PCC
4422,8209,8210,38497,38498,2.0104497037374732e-8,PE_PCC
4423,8210,8211,38498,38499,2.0117013867567125e-8,PE_PCC
4424,8211,8212,38499,38500,2.012953070023305e-8,PE_PCC
4425,8212,8213,38500,38501,2.0142047535367738e-8,PE_PCC
4426,8213,8214,38501,38502,2.0154564372972748e-8,PE_PCC
4427,8214,8215,38502,38503,2.016708121303539e-8,PE_PCC
4428,8215,8216,38503,38504,2.0179598055559217e-8,PE_PCC
4429,8216,8217,38504,38505,2.0192114900533503e-8,PE_PCC
4430,8217,8218,38505,38506,2.020463174795371e-8,PE_PCC
4431,8218,8219,38506,38507,2.0217148597821484e-8,PE_PCC
4432,8219,8220,38507,38508,2.022966545012601e-8,PE_PCC
4433,8220,8221,38508,38509,2.0242182304862965e-8,PE_PCC
4434,8221,8222,38509,38510,2.025469916203364e-8,PE_PCC
4435,8222,8223,38510,38511,2.026721602162575e-8,PE_PCC
4436,8223,8224,38511,38512,2.0279732883642857e-8,PE_PCC
4437,8224,8225,38512,38513,2.0292249748074178e-8,PE_PCC
4438,8225,8226,38513,38514,2.0304766614915338e-8,PE_PCC
4439,8226,8227,38514,38515,2.0317283484168155e-8,PE_PCC
4440,8227,8228,38515,38516,2.0329800355819704e-8,PE_PCC
4441,8228,8229,38516,38517,2.0342317229874154e-8,PE_PCC
4442,8229,8230,38517,38518,2.035483410632038e-8,PE_PCC
4443,8230,8231,38518,38519,2.036735098515461e-8,PE_PCC
4444,8231,8232,38519,38520,2.0379867866378063e-8,PE_PCC
4445,8232,8233,38520,38521,2.0392384749978435e-8,PE_PCC
4446,8233,8234,38521,38522,2.040490163595938e-8,PE_PCC
4447,8234,8235,38522,38523,2.0417418524310533e-8,PE_PCC
4448,8235,8236,38523,38524,2.0429935415027365e-8,PE_PCC
4449,8236,8237,38524,38525,2.044245230811185e-8,PE_PCC
4450,8237,8238,38525,38526,2.0454969203553406e-8,PE_PCC
4451,8238,8239,38526,38527,2.046748610134766e-8,PE_PCC
4452,8239,8240,38527,38528,2.0480003001496548e-8,PE_PCC
4453,8240,8241,38528,38529,2.049251990398743e-8,PE_PCC
4454,8241,8242,38529,38530,2.050503680882444e-8,PE_PCC
4455,8242,8243,38530,38531,2.0517553715996906e-8,PE_PCC
4456,8243,8244,38531,38532,2.0530070625500587e-8,PE_PCC
4457,8244,8245,38532,38533,2.0542587537337546e-8,PE_PCC
4458,8245,8246,38533,38534,2.055510445149508e-8,PE_PCC
4459,8246,8247,38534,38535,2.0567621367977384e-8,PE_PCC
4460,8247,8248,38535,38536,2.0580138286773904e-8,PE_PCC
4461,8248,8249,38536,38537,2.0592655207880428e-8,PE_PCC
4462,8249,8250,38537,38538,2.060517213129902e-8,PE_PCC
4463,8250,8251,38538,38539,2.06176890570171e-8,PE_PCC
4464,8251,8252,38539,38540,2.0630205985038863e-8,PE_PCC
4465,8252,8253,38540,38541,2.0642722915353853e-8,PE_PCC
4466,8253,8254,38541,38542,2.065523984795784e-8,PE_PCC
4467,8254,8255,38542,38543,2.0667756782853018e-8,PE_PCC
4468,8255,8256,38543,38544,2.068027372002889e-8,PE_PCC
4469,8256,8257,38544,38545,2.0692790659481385e-8,PE_PCC
4470,8257,8258,38545,38546,2.0705307601212545e-8,PE_PCC
4471,8258,8259,38546,38547,2.071782454520997e-8,PE_PCC
4472,8259,8260,38547,38548,2.0730341491477898e-8,PE_PCC
4473,8260,8261,38548,38549,2.0742858440005912e-8,PE_PCC
4474,8261,8262,38549,38550,2.075537539079001e-8,PE_PCC
4475,8262,8263,38550,38551,2.0767892343832236e-8,PE_PCC
4476,8263,8264,38551,38552,2.0780409299120245e-8,PE_PCC
4477,8264,8265,38552,38553,2.0792926256658338e-8,PE_PCC
4478,8265,8266,38553,38554,2.08054432164362e-8,PE_PCC
4479,8266,8267,38554,38555,2.0817960178449714e-8,PE_PCC
4480,8267,8268,38555,38556,2.0830477142701257e-8,PE_PCC
4481,8268,8269,38556,38557,2.0842994109178303e-8,PE_PCC
4482,8269,8270,38557,38558,2.085551107788522e-8,PE_PCC
4483,8270,8271,38558,38559,2.086802804881175e-8,PE_PCC
4484,8271,8272,38559,38560,2.0880545021954033e-8,PE_PCC
4485,8272,8273,38560,38561,2.0893061997314016e-8,PE_PCC
4486,8273,8274,38561,38562,2.0905578974881946e-8,PE_PCC
4487,8274,8275,38562,38563,2.0918095954653284e-8,PE_PCC
4488,8275,8276,38563,38564,2.0930612936630914e-8,PE_PCC
4489,8276,8277,38564,38565,2.0943129920802002e-8,PE_PCC
4490,8277,8278,38565,38566,2.0955646907171375e-8,PE_PCC
4491,8278,8279,38566,38567,2.0968163895728632e-8,PE_PCC
4492,8279,8280,38567,38568,2.0980680886469853e-8,PE_PCC
4493,8280,8281,38568,38569,2.099319787939756e-8,PE_PCC
4494,8281,8282,38569,38570,2.1005714874499166e-8,PE_PCC
4495,8282,8283,38570,38571,2.1018231871779634e-8,PE_PCC
4496,8283,8284,38571,38572,2.1030748871228292e-8,PE_PCC
4497,8284,8285,38572,38573,2.1043265872841532e-8,PE_PCC
4498,8285,8286,38573,38574,2.1055782876621833e-8,PE_PCC
4499,8286,8287,38574,38575,2.106829988255677e-8,PE_PCC
4500,8287,8288,38575,38576,2.108081689065105e-8,PE_PCC
4501,8288,8289,38576,38577,2.109333390089443e-8,PE_PCC
4502,8289,8290,38577,38578,2.1105850913283105e-8,PE_PCC
4503,8290,8291,38578,38579,2.1118367927819603e-8,PE_PCC
4504,8291,8292,38579,38580,2.113088494449379e-8,PE_PCC
4505,8292,8293,38580,38581,2.1143401963301797e-8,PE_PCC
4506,8293,8294,38581,38582,2.1155918984246294e-8,PE_PCC
4507,8294,8295,38582,38583,2.11684360073149e-8,PE_PCC
4508,8295,8296,38583,38584,2.118095303251244e-8,PE_PCC
4509,8296,8297,38584,38585,2.1193470059828717e-8,PE_PCC
4510,8297,8298,38585,38586,2.120598708925991e-8,PE_PCC
4511,8298,8299,38586,38587,2.121850412080885e-8,PE_PCC
4512,8299,8300,38587,38588,2.123102115446305e-8,PE_PCC
4513,8300,8301,38588,38589,2.124353819022749e-8,PE_PCC
4514,8301,8302,38589,38590,2.1256055228091976e-8,PE_PCC
4515,8302,8303,38590,38591,2.1268572268052744e-8,PE_PCC
4516,8303,8304,38591,38592,2.128108931011258e-8,PE_PCC
4517,8304,8305,38592,38593,2.1293606354259224e-8,PE_PCC
4518,8305,8306,38593,38594,2.1306123400497535e-8,PE_PCC
4519,8306,8307,38594,38595,2.131864044881743e-8,PE_PCC
4520,8307,8308,38595,38596,2.133115749921512e-8,PE_PCC
4521,8308,8309,38596,38597,2.1343674551693706e-8,PE_PCC
4522,8309,8310,38597,38598,2.1356191606242683e-8,PE_PCC
4523,8310,8311,38598,38599,2.1368708662858647e-8,PE_PCC
4524,8311,8312,38599,38600,2.138122572154442e-8,PE_PCC
4525,8312,8313,38600,38601,2.1393742782287565e-8,PE_PCC
4526,8313,8314,38601,38602,2.1406259845093427e-8,PE_PCC
4527,8314,8315,38602,38603,2.1418776909951692e-8,PE_PCC
4528,8315,8316,38603,38604,2.1431293976858752e-8,PE_PCC
4529,8316,8317,38604,38605,2.144381104581755e-8,PE_PCC
4530,8317,8318,38605,38606,2.145632811681583e-8,PE_PCC
4531,8318,8319,38606,38607,2.1468845189858827e-8,PE_PCC
4532,8319,8320,38607,38608,2.148136226493622e-8,PE_PCC
4533,8320,8321,38608,38609,2.1493879342044512e-8,PE_PCC
4534,8321,8322,38609,38610,2.1506396421186932e-8,PE_PCC
4535,8322,8323,38610,38611,2.1518913502350963e-8,PE_PCC
4536,8323,8324,38611,38612,2.1531430585541784e-8,PE_PCC
4537,8324,8325,38612,38613,2.15439476707495e-8,PE_PCC
4538,8325,8326,38613,38614,2.1556464757970365e-8,PE_PCC
4539,8326,8327,38614,38615,2.1568981847207714e-8,PE_PCC
4540,8327,8328,38615,38616,2.1581498938451208e-8,PE_PCC
4541,8328,8329,38616,38617,2.1594016031697574e-8,PE_PCC
4542,8329,8330,38617,38618,2.1606533126949708e-8,PE_PCC
4543,8330,8331,38618,38619,2.16190502241955e-8,PE_PCC
4544,8331,8332,38619,38620,2.1631567323440198e-8,PE_PCC
4545,8332,8333,38620,38621,2.1644084424673804e-8,PE_PCC
4546,8333,8334,38621,38622,2.1656601527892795e-8,PE_PCC
4547,8334,8335,38622,38623,2.1669118633100398e-8,PE_PCC
4548,8335,8336,38623,38624,2.1681635740284295e-8,PE_PCC
4549,8336,8337,38624,38625,2.169415284944993e-8,PE_PCC
4550,8337,8338,38625,38626,2.170666996058725e-8,PE_PCC
4551,8338,8339,38626,38627,2.171918707369283e-8,PE_PCC
4552,8339,8340,38627,38628,2.1731704188769915e-8,PE_PCC
4553,8340,8341,38628,38629,2.1744221305808458e-8,PE_PCC
4554,8341,8342,38629,38630,2.1756738424805056e-8,PE_PCC
4555,8342,8343,38630,38631,2.176925554576302e-8,PE_PCC
4556,8343,8344,38631,38632,2.1781772668670053e-8,PE_PCC
4557,8344,8345,38632,38633,2.179428979353169e-8,PE_PCC
4558,8345,8346,38633,38634,2.1806806920337937e-8,PE_PCC
4559,8346,8347,38634,38635,2.181932404908538e-8,PE_PCC
4560,8347,8348,38635,38636,2.1831841179777405e-8,PE_PCC
4561,8348,8349,38636,38637,2.184435831240179e-8,PE_PCC
4562,8349,8350,38637,38638,2.185687544696401e-8,PE_PCC
4563,8350,8351,38638,38639,2.1869392583454172e-8,PE_PCC
4564,8351,8352,38639,38640,2.1881909721868872e-8,PE_PCC
4565,8352,8353,38640,38641,2.1894426862211692e-8,PE_PCC
4566,8353,8354,38641,38642,2.1906944004470125e-8,PE_PCC
4567,8354,8355,38642,38643,2.191946114864994e-8,PE_PCC
4568,8355,8356,38643,38644,2.1931978294741264e-8,PE_PCC
4569,8356,8357,38644,38645,2.1944495442740624e-8,PE_PCC
4570,8357,8358,38645,38646,2.1957012592651668e-8,PE_PCC
4571,8358,8359,38646,38647,2.1969529744464235e-8,PE_PCC
4572,8359,8360,38647,38648,2.198204689817524e-8,PE_PCC
4573,8360,8361,38648,38649,2.1994564053787875e-8,PE_PCC
4574,8361,8362,38649,38650,2.2007081211290373e-8,PE_PCC
4575,8362,8363,38650,38651,2.2019598370688063e-8,PE_PCC
4576,8363,8364,38651,38652,2.2032115531971335e-8,PE_PCC
4577,8364,8365,38652,38653,2.204463269513658e-8,PE_PCC
4578,8365,8366,38653,38654,2.205714986018773e-8,PE_PCC
4579,8366,8367,38654,38655,2.2069667027112332e-8,PE_PCC
4580,8367,8368,38655,38656,2.208218419591632e-8,PE_PCC
4581,8368,8369,38656,38657,2.2094701366589677e-8,PE_PCC
4582,8369,8370,38657,38658,2.2107218539129275e-8,PE_PCC
4583,8370,8371,38658,38659,2.2119735713538606e-8,PE_PCC
4584,8371,8372,38659,38660,2.2132252889805603e-8,PE_PCC
4585,8372,8373,38660,38661,2.2144770067936112e-8,PE_PCC
4586,8373,8374,38661,38662,2.2157287247920188e-8,PE_PCC
4587,8374,8375,38662,38663,2.216980442975474e-8,PE_PCC
4588,8375,8376,38663,38664,2.218232161344323e-8,PE_PCC
4589,8376,8377,38664,38665,2.2194838798975943e-8,PE_PCC
4590,8377,8378,38665,38666,2.2207355986349706e-8,PE_PCC
4591,8378,8379,38666,38667,2.221987317556818e-8,PE_PCC
4592,8379,8380,38667,38668,2.2232390366619175e-8,PE_PCC
4593,8380,8381,38668,38669,2.224490755950865e-8,PE_PCC
4594,8381,8382,38669,38670,2.225742475422677e-8,PE_PCC
4595,8382,8383,38670,38671,2.22699419507704e-8,PE_PCC
4596,8383,8384,38671,38672,2.2282459149143276e-8,PE_PCC
4597,8384,8385,38672,38673,2.229497634933325e-8,PE_PCC
4598,8385,8386,38673,38674,2.230749355134633e-8,PE_PCC
4599,8386,8387,38674,38675,2.2320010755172658e-8,PE_PCC
4600,8387,8388,38675,38676,2.2332527960809143e-8,PE_PCC
4601,8388,8389,38676,38677,2.234504516825963e-8,PE_PCC
4602,8389,8390,38677,38678,2.2357562377511898e-8,PE_PCC
4603,8390,8391,38678,38679,2.2370079588572063e-8,PE_PCC
4604,8391,8392,38679,38680,2.2382596801430324e-8,PE_PCC
4605,8392,8393,38680,38681,2.239511401608352e-8,PE_PCC
4606,8393,8394,38681,38682,2.2407631232535633e-8,PE_PCC
4607,8394,8395,38682,38683,2.242014845077668e-8,PE_PCC
4608,8395,8396,38683,38684,2.2432665670803725e-8,PE_PCC
4609,8396,8397,38684,38685,2.2445182892620663e-8,PE_PCC
4610,8397,8398,38685,38686,2.2457700116215305e-8,PE_PCC
4611,8398,8399,38686,38687,2.2470217341593887e-8,PE_PCC
4612,8399,8400,38687,38688,2.248273456874652e-8,PE_PCC
4613,8400,8401,38688,38689,2.249525179767022e-8,PE_PCC
4614,8401,8402,38689,38690,2.2507769028368882e-8,PE_PCC
4615,8402,8403,38690,38691,2.252028626083055e-8,PE_PCC
4616,8403,8404,38691,38692,2.253280349506129e-8,PE_PCC
4617,8404,8405,38692,38693,2.2545320731051327e-8,PE_PCC
4618,8405,8406,38693,38694,2.2557837968797712e-8,PE_PCC
4619,8406,8407,38694,38695,2.257035520830441e-8,PE_PCC
4620,8407,8408,38695,38696,2.2582872449559342e-8,PE_PCC
4621,8408,8409,38696,38697,2.2595389692568786e-8,PE_PCC
4622,8409,8410,38697,38698,2.2607906937322953e-8,PE_PCC
4623,8410,8411,38698,38699,2.2620424183818805e-8,PE_PCC
4624,8411,8412,38699,38700,2.2632941432060534e-8,PE_PCC
4625,8412,8413,38700,38701,2.2645458682038326e-8,PE_PCC
4626,8413,8414,38701,38702,2.2657975933749165e-8,PE_PCC
4627,8414,8415,38702,38703,2.2670493187197215e-8,PE_PCC
4628,8415,8416,38703,38704,2.2683010442370327e-8,PE_PCC
4629,8416,8417,38704,38705,2.2695527699274854e-8,PE_PCC
4630,8417,8418,38705,38706,2.270804495790106e-8,PE_PCC
4631,8418,8419,38706,38707,2.2720562218246067e-8,PE_PCC
4632,8419,8420,38707,38708,2.2733079480314008e-8,PE_PCC
4633,8420,8421,38708,38709,2.2745596744092743e-8,PE_PCC
4634,8421,8422,38709,38710,2.2758114009588725e-8,PE_PCC
4635,8422,8423,38710,38711,2.2770631276792173e-8,PE_PCC
4636,8423,8424,38711,38712,2.2783148545700292e-8,PE_PCC
4637,8424,8425,38712,38713,2.279566581631719e-8,PE_PCC
4638,8425,8426,38713,38714,2.2808183088630785e-8,PE_PCC
4639,8426,8427,38714,38715,2.2820700362647594e-8,PE_PCC
4640,8427,8428,38715,38716,2.283321763835783e-8,PE_PCC
4641,8428,8429,38716,38717,2.2845734915758715e-8,PE_PCC
4642,8429,8430,38717,38718,2.2858252194854446e-8,PE_PCC
4643,8430,8431,38718,38719,2.2870769475635264e-8,PE_PCC
4644,8431,8432,38719,38720,2.28832867580984e-8,PE_PCC
4645,8432,8433,38720,38721,2.2895804042248047e-8,PE_PCC
4646,8433,8434,38721,38722,2.2908321328072218e-8,PE_PCC
4647,8434,8435,38722,38723,2.292083861557734e-8,PE_PCC
4648,8435,8436,38723,38724,2.2933355904753873e-8,PE_PCC
4649,8436,8437,38724,38725,2.2945873195598888e-8,PE_PCC
4650,8437,8438,38725,38726,2.2958390488116746e-8,PE_PCC
4651,8438,8439,38726,38727,2.2970907782295342e-8,PE_PCC
4652,8439,8440,38727,38728,2.2983425078141355e-8,PE_PCC
4653,8440,8441,38728,38729,2.2995942375644998e-8,PE_PCC
4654,8441,8442,38729,38730,2.3008459674803658e-8,PE_PCC
4655,8442,8443,38730,38731,2.302097697562144e-8,PE_PCC
4656,8443,8444,38731,38732,2.3033494278086545e-8,PE_PCC
4657,8444,8445,38732,38733,2.3046011582205426e-8,PE_PCC
4658,8445,8446,38733,38734,2.305852888796863e-8,PE_PCC
4659,8446,8447,38734,38735,2.3071046195373152e-8,PE_PCC
4660,8447,8448,38735,38736,2.3083563504423588e-8,PE_PCC
4661,8448,8449,38736,38737,2.309608081511019e-8,PE_PCC
4662,8449,8450,38737,38738,2.3108598127430177e-8,PE_PCC
4663,8450,8451,38738,38739,2.3121115441388134e-8,PE_PCC
4664,8451,8452,38739,38740,2.313363275697188e-8,PE_PCC
4665,8452,8453,38740,38741,2.314615007418811e-8,PE_PCC
4666,8453,8454,38741,38742,2.3158667393027333e-8,PE_PCC
4667,8454,8455,38742,38743,2.317118471348663e-8,PE_PCC
4668,8455,8456,38743,38744,2.3183702035570846e-8,PE_PCC
4669,8456,8457,38744,38745,2.3196219359267557e-8,PE_PCC
4670,8457,8458,38745,38746,2.320873668458368e-8,PE_PCC
4671,8458,8459,38746,38747,2.3221254011509584e-8,PE_PCC
4672,8459,8460,38747,38748,2.3233771340042662e-8,PE_PCC
4673,8460,8461,38748,38749,2.324628867018737e-8,PE_PCC
4674,8461,8462,38749,38750,2.3258806001931643e-8,PE_PCC
4675,8462,8463,38750,38751,2.3271323335282412e-8,PE_PCC
4676,8463,8464,38751,38752,2.3283840670229948e-8,PE_PCC
4677,8464,8465,38752,38753,2.329635800677164e-8,PE_PCC
4678,8465,8466,38753,38754,2.3308875344912108e-8,PE_PCC
4679,8466,8467,38754,38755,2.3321392684641644e-8,PE_PCC
4680,8467,8468,38755,38756,2.333391002595765e-8,PE_PCC
4681,8468,8469,38756,38757,2.334642736886472e-8,PE_PCC
4682,8469,8470,38757,38758,2.3358944713350776e-8,PE_PCC
4683,8470,8471,38758,38759,2.3371462059422825e-8,PE_PCC
4684,8471,8472,38759,38760,2.3383979407071176e-8,PE_PCC
4685,8472,8473,38760,38761,2.3396496756293295e-8,PE_PCC
4686,8473,8474,38761,38762,2.3409014107093776e-8,PE_PCC
4687,8474,8475,38762,38763,2.342153145946059e-8,PE_PCC
4688,8475,8476,38763,38764,2.3434048813400732e-8,PE_PCC
4689,8476,8477,38764,38765,2.3446566168904586e-8,PE_PCC
4690,8477,8478,38765,38766,2.3459083525969567e-8,PE_PCC
4691,8478,8479,38766,38767,2.3471600884600385e-8,PE_PCC
4692,8479,8480,38767,38768,2.3484118244785026e-8,PE_PCC
4693,8480,8481,38768,38769,2.3496635606530447e-8,PE_PCC
4694,8481,8482,38769,38770,2.3509152969827096e-8,PE_PCC
4695,8482,8483,38770,38771,2.352167033467248e-8,PE_PCC
4696,8483,8484,38771,38772,2.3534187701071198e-8,PE_PCC
4697,8484,8485,38772,38773,2.3546705069013747e-8,PE_PCC
4698,8485,8486,38773,38774,2.355922243849754e-8,PE_PCC
4699,8486,8487,38774,38775,2.357173980952745e-8,PE_PCC
4700,8487,8488,38775,38776,2.3584257182091147e-8,PE_PCC
4701,8488,8489,38776,38777,2.3596774556196254e-8,PE_PCC
4702,8489,8490,38777,38778,2.3609291931830246e-8,PE_PCC
4703,8490,8491,38778,38779,2.3621809309002883e-8,PE_PCC
4704,8491,8492,38779,38780,2.3634326687695e-8,PE_PCC
4705,8492,8493,38780,38781,2.3646844067918516e-8,PE_PCC
4706,8493,8494,38781,38782,2.365936144967095e-8,PE_PCC
4707,8494,8495,38782,38783,2.3671878832935526e-8,PE_PCC
4708,8495,8496,38783,38784,2.3684396217724313e-8,PE_PCC
4709,8496,8497,38784,38785,2.369691360402987e-8,PE_PCC
4710,8497,8498,38785,38786,2.3709430991854924e-8,PE_PCC
4711,8498,8499,38786,38787,2.37219483811824e-8,PE_PCC
4712,8499,8500,38787,38788,2.3734465772024416e-8,PE_PCC
4713,8500,8501,38788,38789,2.3746983164378544e-8,PE_PCC
4714,8501,8502,38789,38790,2.3759500558228082e-8,PE_PCC
4715,8502,8503,38790,38791,2.377201795358506e-8,PE_PCC
4716,8503,8504,38791,38792,2.3784535350447016e-8,PE_PCC
4717,8504,8505,38792,38793,2.3797052748797108e-8,PE_PCC
4718,8505,8506,38793,38794,2.380957014864758e-8,PE_PCC
4719,8506,8507,38794,38795,2.3822087549991183e-8,PE_PCC
4720,8507,8508,38795,38796,2.3834604952830368e-8,PE_PCC
4721,8508,8509,38796,38797,2.3847122357148333e-8,PE_PCC
4722,8509,8510,38797,38798,2.3859639762957142e-8,PE_PCC
4723,8510,8511,38798,38799,2.3872157170254602e-8,PE_PCC
4724,8511,8512,38799,38800,2.388467457902381e-8,PE_PCC
4725,8512,8513,38800,38801,2.389719198927691e-8,PE_PCC
4726,8513,8514,38801,38802,2.3909709401011603e-8,PE_PCC
4727,8514,8515,38802,38803,2.392222681421106e-8,PE_PCC
4728,8515,8516,38803,38804,2.3934744228887513e-8,PE_PCC
4729,8516,8517,38804,38805,2.394726164503863e-8,PE_PCC
4730,8517,8518,38805,38806,2.3959779062647533e-8,PE_PCC
4731,8518,8519,38806,38807,2.3972296481726526e-8,PE_PCC
4732,8519,8520,38807,38808,2.398481390226844e-8,PE_PCC
4733,8520,8521,38808,38809,2.399733132427589e-8,PE_PCC
4734,8521,8522,38809,38810,2.4009848747731902e-8,PE_PCC
4735,8522,8523,38810,38811,2.402236617264889e-8,PE_PCC
4736,8523,8524,38811,38812,2.403488359902454e-8,PE_PCC
4737,8524,8525,38812,38813,2.4047401026841917e-8,PE_PCC
4738,8525,8526,38813,38814,2.4059918456113506e-8,PE_PCC
4739,8526,8527,38814,38815,2.4072435886836976e-8,PE_PCC
4740,8527,8528,38815,38816,2.408495331899537e-8,PE_PCC
4741,8528,8529,38816,38817,2.4097470752601094e-8,PE_PCC
4742,8529,8530,38817,38818,2.4109988187652154e-8,PE_PCC
4743,8530,8531,38818,38819,2.4122505624131213e-8,PE_PCC
4744,8531,8532,38819,38820,2.4135023062051058e-8,PE_PCC
4745,8532,8533,38820,38821,2.4147540501404413e-8,PE_PCC
4746,8533,8534,38821,38822,2.4160057942193923e-8,PE_PCC
4747,8534,8535,38822,38823,2.4172575384402756e-8,PE_PCC
4748,8535,8536,38823,38824,2.4185092828043303e-8,PE_PCC
4749,8536,8537,38824,38825,2.4197610273113512e-8,PE_PCC
4750,8537,8538,38825,38826,2.4210127719596252e-8,PE_PCC
4751,8538,8539,38826,38827,2.4222645167504154e-8,PE_PCC
4752,8539,8540,38827,38828,2.4235162616835058e-8,PE_PCC
4753,8540,8541,38828,38829,2.4247680067571888e-8,PE_PCC
4754,8541,8542,38829,38830,2.4260197519727287e-8,PE_PCC
4755,8542,8543,38830,38831,2.4272714973294143e-8,PE_PCC
4756,8543,8544,38831,38832,2.4285232428275277e-8,PE_PCC
4757,8544,8545,38832,38833,2.429774988465358e-8,PE_PCC
4758,8545,8546,38833,38834,2.4310267342441835e-8,PE_PCC
4759,8546,8547,38834,38835,2.432278480163754e-8,PE_PCC
4760,8547,8548,38835,38836,2.433530226222421e-8,PE_PCC
4761,8548,8549,38836,38837,2.4347819724214135e-8,PE_PCC
4762,8549,8550,38837,38838,2.4360337187605366e-8,PE_PCC
4763,8550,8551,38838,38839,2.4372854652380748e-8,PE_PCC
4764,8551,8552,38839,38840,2.4385372118553017e-8,PE_PCC
4765,8552,8553,38840,38841,2.4397889586120173e-8,PE_PCC
4766,8553,8554,38841,38842,2.4410407055065032e-8,PE_PCC
4767,8554,8555,38842,38843,2.4422924525400457e-8,PE_PCC
4768,8555,8556,38843,38844,2.4435441997119273e-8,PE_PCC
4769,8556,8557,38844,38845,2.444795947022442e-8,PE_PCC
4770,8557,8558,38845,38846,2.4460476944698782e-8,PE_PCC
4771,8558,8559,38846,38847,2.4472994420555142e-8,PE_PCC
4772,8559,8560,38847,38848,2.4485511897791563e-8,PE_PCC
4773,8560,8561,38848,38849,2.4498029376390758e-8,PE_PCC
4774,8561,8562,38849,38850,2.451054685636572e-8,PE_PCC
4775,8562,8563,38850,38851,2.4523064337714324e-8,PE_PCC
4776,8563,8564,38851,38852,2.4535581820419497e-8,PE_PCC
4777,8564,8565,38852,38853,2.454809930449412e-8,PE_PCC
4778,8565,8566,38853,38854,2.4560616789936118e-8,PE_PCC
4779,8566,8567,38854,38855,2.4573134276728424e-8,PE_PCC
4780,8567,8568,38855,38856,2.458565176488397e-8,PE_PCC
4781,8568,8569,38856,38857,2.4598169254395593e-8,PE_PCC
4782,8569,8570,38857,38858,2.461068674526635e-8,PE_PCC
4783,8570,8571,38858,38859,2.462320423747907e-8,PE_PCC
4784,8571,8572,38859,38860,2.463572173104676e-8,PE_PCC
4785,8572,8573,38860,38861,2.464823922596737e-8,PE_PCC
4786,8573,8574,38861,38862,2.466075672222376e-8,PE_PCC
4787,8574,8575,38862,38863,2.4673274219828955e-8,PE_PCC
4788,8575,8576,38863,38864,2.4685791718780982e-8,PE_PCC
4789,8576,8577,38864,38865,2.4698309219062605e-8,PE_PCC
4790,8577,8578,38865,38866,2.4710826720686958e-8,PE_PCC
4791,8578,8579,38866,38867,2.4723344223646933e-8,PE_PCC
4792,8579,8580,38867,38868,2.4735861727945448e-8,PE_PCC
4793,8580,8581,38868,38869,2.4748379233565755e-8,PE_PCC
4794,8581,8582,38869,38870,2.4760896740520443e-8,PE_PCC
4795,8582,8583,38870,38871,2.477341424880771e-8,PE_PCC
4796,8583,8584,38871,38872,2.4785931758410595e-8,PE_PCC
4797,8584,8585,38872,38873,2.4798449269341855e-8,PE_PCC
4798,8585,8586,38873,38874,2.4810966781599872e-8,PE_PCC
4799,8586,8587,38874,38875,2.4823484295167264e-8,PE_PCC
4800,8587,8588,38875,38876,2.4836001810057185e-8,PE_PCC
4801,8588,8589,38876,38877,2.4848519326267776e-8,PE_PCC
4802,8589,8590,38877,38878,2.486103684378184e-8,PE_PCC
4803,8590,8591,38878,38879,2.487355436261238e-8,PE_PCC
4804,8591,8592,38879,38880,2.4886071882752652e-8,PE_PCC
4805,8592,8593,38880,38881,2.489858940420564e-8,PE_PCC
4806,8593,8594,38881,38882,2.4911106926954117e-8,PE_PCC
4807,8594,8595,38882,38883,2.4923624451011194e-8,PE_PCC
4808,8595,8596,38883,38884,2.4936141976375253e-8,PE_PCC
4809,8596,8597,38884,38885,2.4948659503028874e-8,PE_PCC
4810,8597,8598,38885,38886,2.496117703098528e-8,PE_PCC
4811,8598,8599,38886,38887,2.4973694560242697e-8,PE_PCC
4812,8599,8600,38887,38888,2.4986212090783887e-8,PE_PCC
4813,8600,8601,38888,38889,2.499872962262208e-8,PE_PCC
4814,8601,8602,38889,38890,2.5011247155755397e-8,PE_PCC
4815,8602,8603,38890,38891,2.5023764690166585e-8,PE_PCC
4816,8603,8604,38891,38892,2.503628222586908e-8,PE_PCC
4817,8604,8605,38892,38893,2.504879976285572e-8,PE_PCC
4818,8605,8606,38893,38894,2.5061317301129835e-8,PE_PCC
4819,8606,8607,38894,38895,2.5073834840674076e-8,PE_PCC
4820,8607,8608,38895,38896,2.508635238150192e-8,PE_PCC
4821,8608,8609,38896,38897,2.5098869923611406e-8,PE_PCC
4822,8609,8610,38897,38898,2.511138746698532e-8,PE_PCC
4823,8610,8611,38898,38899,2.5123905011637088e-8,PE_PCC
4824,8611,8612,38899,38900,2.5136422557564807e-8,PE_PCC
4825,8612,8613,38900,38901,2.514894010475119e-8,PE_PCC
4826,8613,8614,38901,38902,2.5161457653209815e-8,PE_PCC
4827,8614,8615,38902,38903,2.5173975202938638e-8,PE_PCC
4828,8615,8616,38903,38904,2.5186492753920487e-8,PE_PCC
4829,8616,8617,38904,38905,2.5199010306168985e-8,PE_PCC
4830,8617,8618,38905,38906,2.5211527859676796e-8,PE_PCC
4831,8618,8619,38906,38907,2.5224045414447443e-8,PE_PCC
4832,8619,8620,38907,38908,2.523656297046362e-8,PE_PCC
4833,8620,8621,38908,38909,2.5249080527738742e-8,PE_PCC
4834,8621,8622,38909,38910,2.5261598086271198e-8,PE_PCC
4835,8622,8623,38910,38911,2.527411564604329e-8,PE_PCC
4836,8623,8624,38911,38912,2.5286633207069068e-8,PE_PCC
4837,8624,8625,38912,38913,2.5299150769346313e-8,PE_PCC
4838,8625,8626,38913,38914,2.5311668332857924e-8,PE_PCC
4839,8626,8627,38914,38915,2.5324185897617495e-8,PE_PCC
4840,8627,8628,38915,38916,2.5336703463617917e-8,PE_PCC
4841,8628,8629,38916,38917,2.5349221030862534e-8,PE_PCC
4842,8629,8630,38917,38918,2.5361738599334204e-8,PE_PCC
4843,8630,8631,38918,38919,2.537425616904636e-8,PE_PCC
4844,8631,8632,38919,38920,2.5386773739997227e-8,PE_PCC
4845,8632,8633,38920,38921,2.5399291312169726e-8,PE_PCC
4846,8633,8634,38921,38922,2.5411808885577173e-8,PE_PCC
4847,8634,8635,38922,38923,2.542432646021801e-8,PE_PCC
4848,8635,8636,38923,38924,2.543684403607469e-8,PE_PCC
4849,8636,8637,38924,38925,2.5449361613161123e-8,PE_PCC
4850,8637,8638,38925,38926,2.546187919147553e-8,PE_PCC
4851,8638,8639,38926,38927,2.547439677100029e-8,PE_PCC
4852,8639,8640,38927,38928,2.5486914351749474e-8,PE_PCC
4853,8640,8641,38928,38929,2.549943193371592e-8,PE_PCC
4854,8641,8642,38929,38930,2.5511949516903107e-8,PE_PCC
4855,8642,8643,38930,38931,2.552446710129356e-8,PE_PCC
4856,8643,8644,38931,38932,2.5536984686901174e-8,PE_PCC
4857,8644,8645,38932,38933,2.554950227372412e-8,PE_PCC
4858,8645,8646,38933,38934,2.5562019861745112e-8,PE_PCC
4859,8646,8647,38934,38935,2.5574537450977874e-8,PE_PCC
4860,8647,8648,38935,38936,2.5587055041420653e-8,PE_PCC
4861,8648,8649,38936,38937,2.5599572633056146e-8,PE_PCC
4862,8649,8650,38937,38938,2.5612090225898066e-8,PE_PCC
4863,8650,8651,38938,38939,2.5624607819944807e-8,PE_PCC
4864,8651,8652,38939,38940,2.5637125415178897e-8,PE_PCC
4865,8652,8653,38940,38941,2.5649643011614215e-8,PE_PCC
4866,8653,8654,38941,38942,2.566216060924383e-8,PE_PCC
4867,8654,8655,38942,38943,2.5674678208071205e-8,PE_PCC
4868,8655,8656,38943,38944,2.568719580807891e-8,PE_PCC
4869,8656,8657,38944,38945,2.5699713409280877e-8,PE_PCC
4870,8657,8658,38945,38946,2.5712231011675436e-8,PE_PCC
4871,8658,8659,38946,38947,2.5724748615245067e-8,PE_PCC
4872,8659,8660,38947,38948,2.5737266220003834e-8,PE_PCC
4873,8660,8661,38948,38949,2.5749783825949883e-8,PE_PCC
4874,8661,8662,38949,38950,2.576230143306602e-8,PE_PCC
4875,8662,8663,38950,38951,2.577481904136589e-8,PE_PCC
4876,8663,8664,38951,38952,2.578733665084281e-8,PE_PCC
4877,8664,8665,38952,38953,2.5799854261500183e-8,PE_PCC
4878,8665,8666,38953,38954,2.581237187332063e-8,PE_PCC
4879,8666,8667,38954,38955,2.582488948631826e-8,PE_PCC
4880,8667,8668,38955,38956,2.583740710049118e-8,PE_PCC
4881,8668,8669,38956,38957,2.5849924715822053e-8,PE_PCC
4882,8669,8670,38957,38958,2.5862442332324856e-8,PE_PCC
4883,8670,8671,38958,38959,2.5874959949997996e-8,PE_PCC
4884,8671,8672,38959,38960,2.5887477568823998e-8,PE_PCC
4885,8672,8673,38960,38961,2.589999518881699e-8,PE_PCC
4886,8673,8674,38961,38962,2.5912512809975043e-8,PE_PCC
4887,8674,8675,38962,38963,2.592503043228103e-8,PE_PCC
4888,8675,8676,38963,38964,2.5937548055748865e-8,PE_PCC
4889,8676,8677,38964,38965,2.595006568037166e-8,PE_PCC
4890,8677,8678,38965,38966,2.596258330615295e-8,PE_PCC
4891,8678,8679,38966,38967,2.5975100933075326e-8,PE_PCC
4892,8679,8680,38967,38968,2.5987618561153006e-8,PE_PCC
4893,8680,8681,38968,38969,2.6000136190384245e-8,PE_PCC
4894,8681,8682,38969,38970,2.6012653820751498e-8,PE_PCC
4895,8682,8683,38970,38971,2.60251714522689e-8,PE_PCC
4896,8683,8684,38971,38972,2.6037689084935125e-8,PE_PCC
4897,8684,8685,38972,38973,2.605020671873237e-8,PE_PCC
4898,8685,8686,38973,38974,2.6062724353674952e-8,PE_PCC
4899,8686,8687,38974,38975,2.6075241989761176e-8,PE_PCC
4900,8687,8688,38975,38976,2.6087759626973593e-8,PE_PCC
4901,8688,8689,38976,38977,2.610027726532634e-8,PE_PCC
4902,8689,8690,38977,38978,2.6112794904812755e-8,PE_PCC
4903,8690,8691,38978,38979,2.6125312545436197e-8,PE_PCC
4904,8691,8692,38979,38980,2.6137830187179228e-8,PE_PCC
4905,8692,8693,38980,38981,2.6150347830056227e-8,PE_PCC
4906,8693,8694,38981,38982,2.616286547406557e-8,PE_PCC
4907,8694,8695,38982,38983,2.6175383119189557e-8,PE_PCC
4908,8695,8696,38983,38984,2.618790076544268e-8,PE_PCC
4909,8696,8697,38984,38985,2.6200418412823256e-8,PE_PCC
4910,8697,8698,38985,38986,2.6212936061313708e-8,PE_PCC
4911,8698,8699,38986,38987,2.622545371092843e-8,PE_PCC
4912,8699,8700,38987,38988,2.6237971361660477e-8,PE_PCC
4913,8700,8701,38988,38989,2.6250489013513594e-8,PE_PCC
4914,8701,8702,38989,38990,2.6263006666470183e-8,PE_PCC
4915,8702,8703,38990,38991,2.6275524320544647e-8,PE_PCC
4916,8703,8704,38991,38992,2.6288041975735398e-8,PE_PCC
4917,8704,8705,38992,38993,2.630055963202483e-8,PE_PCC
4918,8705,8706,38993,38994,2.631307728942743e-8,PE_PCC
4919,8706,8707,38994,38995,2.632559494794154e-8,PE_PCC
4920,8707,8708,38995,38996,2.6338112607549618e-8,PE_PCC
4921,8708,8709,38996,38997,2.6350630268266068e-8,PE_PCC
4922,8709,8710,38997,38998,2.6363147930089388e-8,PE_PCC
4923,8710,8711,38998,38999,2.6375665593001854e-8,PE_PCC
4924,8711,8712,38999,39000,2.638818325701813e-8,PE_PCC
4925,8712,8713,39000,39001,2.640070092213107e-8,PE_PCC
4926,8713,8714,39001,39002,2.6413218588344638e-8,PE_PCC
4927,8714,8715,39002,39003,2.6425736255641267e-8,PE_PCC
4928,8715,8716,39003,39004,2.643825392403515e-8,PE_PCC
4929,8716,8717,39004,39005,2.6450771593525157e-8,PE_PCC
4930,8717,8718,39005,39006,2.6463289264093484e-8,PE_PCC
4931,8718,8719,39006,39007,2.6475806935754397e-8,PE_PCC
4932,8719,8720,39007,39008,2.648832460850682e-8,PE_PCC
4933,8720,8721,39008,39009,2.6500842282332912e-8,PE_PCC
4934,8721,8722,39009,39010,2.651335995724715e-8,PE_PCC
4935,8722,8723,39010,39011,2.65258776332481e-8,PE_PCC
4936,8723,8724,39011,39012,2.6538395310318097e-8,PE_PCC
4937,8724,8725,39012,39013,2.6550912988471828e-8,PE_PCC
4938,8725,8726,39013,39014,2.6563430667702158e-8,PE_PCC
4939,8726,8727,39014,39015,2.6575948348013243e-8,PE_PCC
4940,8727,8728,39015,39016,2.6588466029386993e-8,PE_PCC
4941,8728,8729,39016,39017,2.6600983711838666e-8,PE_PCC
4942,8729,8730,39017,39018,2.6613501395366223e-8,PE_PCC
4943,8730,8731,39018,39019,2.6626019079952183e-8,PE_PCC
4944,8731,8732,39019,39020,2.663853676561108e-8,PE_PCC
4945,8732,8733,39020,39021,2.665105445234177e-8,PE_PCC
4946,8733,8734,39021,39022,2.6663572140126115e-8,PE_PCC
4947,8734,8735,39022,39023,2.6676089828979077e-8,PE_PCC
4948,8735,8736,39023,39024,2.6688607518893752e-8,PE_PCC
4949,8736,8737,39024,39025,2.6701125209873978e-8,PE_PCC
4950,8737,8738,39025,39026,2.6713642901901963e-8,PE_PCC
4951,8738,8739,39026,39027,2.672616059499263e-8,PE_PCC
4952,8739,8740,39027,39028,2.6738678289144426e-8,PE_PCC
4953,8740,8741,39028,39029,2.6751195984339537e-8,PE_PCC
4954,8741,8742,39029,39030,2.6763713680592848e-8,PE_PCC
4955,8742,8743,39030,39031,2.6776231377902878e-8,PE_PCC
4956,8743,8744,39031,39032,2.6788749076251794e-8,PE_PCC
4957,8744,8745,39032,39033,2.6801266775654482e-8,PE_PCC
4958,8745,8746,39033,39034,2.6813784476109466e-8,PE_PCC
4959,8746,8747,39034,39035,2.6826302177598925e-8,PE_PCC
4960,8747,8748,39035,39036,2.6838819880137762e-8,PE_PCC
4961,8748,8749,39036,39037,2.6851337583719092e-8,PE_PCC
4962,8749,8750,39037,39038,2.6863855288346835e-8,PE_PCC
4963,8750,8751,39038,39039,2.6876372994003227e-8,PE_PCC
4964,8751,8752,39039,39040,2.688889070070327e-8,PE_PCC
4965,8752,8753,39040,39041,2.6901408408445258e-8,PE_PCC
4966,8753,8754,39041,39042,2.691392611721161e-8,PE_PCC
4967,8754,8755,39042,39043,2.692644382701728e-8,PE_PCC
4968,8755,8756,39043,39044,2.693896153786052e-8,PE_PCC
4969,8756,8757,39044,39045,2.6951479249723873e-8,PE_PCC
4970,8757,8758,39045,39046,2.6963996962622168e-8,PE_PCC
4971,8758,8759,39046,39047,2.6976514676553724e-8,PE_PCC
4972,8759,8760,39047,39048,2.6989032391501104e-8,PE_PCC
4973,8760,8761,39048,39049,2.700155010747915e-8,PE_PCC
4974,8761,8762,39049,39050,2.7014067824480716e-8,PE_PCC
4975,8762,8763,39050,39051,2.702658554251031e-8,PE_PCC
4976,8763,8764,39051,39052,2.7039103261549697e-8,PE_PCC
4977,8764,8765,39052,39053,2.7051620981614043e-8,PE_PCC
4978,8765,8766,39053,39054,2.7064138702701882e-8,PE_PCC
4979,8766,8767,39054,39055,2.7076656424795468e-8,PE_PCC
4980,8767,8768,39055,39056,2.7089174147909715e-8,PE_PCC
4981,8768,8769,39056,39057,2.710169187204345e-8,PE_PCC
4982,8769,8770,39057,39058,2.7114209597178342e-8,PE_PCC
4983,8770,8771,39058,39059,2.7126727323330066e-8,PE_PCC
4984,8771,8772,39059,39060,2.7139245050491056e-8,PE_PCC
4985,8772,8773,39060,39061,2.715176277866604e-8,PE_PCC
4986,8773,8774,39061,39062,2.7164280507836844e-8,PE_PCC
4987,8774,8775,39062,39063,2.7176798238018334e-8,PE_PCC
4988,8775,8776,39063,39064,2.7189315969209745e-8,PE_PCC
4989,8776,8777,39064,39065,2.720183370139248e-8,PE_PCC
4990,8777,8778,39065,39066,2.7214351434582245e-8,PE_PCC
4991,8778,8779,39066,39067,2.722686916877726e-8,PE_PCC
4992,8779,8780,39067,39068,2.7239386903959905e-8,PE_PCC
4993,8780,8781,39068,39069,2.7251904640145055e-8,PE_PCC
4994,8781,8782,39069,39070,2.7264422377331675e-8,PE_PCC
4995,8782,8783,39070,39071,2.7276940115501536e-8,PE_PCC
4996,8783,8784,39071,39072,2.728945785466993e-8,PE_PCC
4997,8784,8785,39072,39073,2.730197559483009e-8,PE_PCC
4998,8785,8786,39073,39074,2.731449333598606e-8,PE_PCC
4999,8786,8787,39074,39075,2.7327011078119858e-8,PE_PCC
5000,8787,8788,39075,39076,2.7339528821246796e-8,PE_PCC
5001,8788,8789,39076,39077,2.7352046565365538e-8,PE_PCC
5002,8789,8790,39077,39078,2.736456431045803e-8,PE_PCC
5003,8790,8791,39078,39079,2.7377082056539582e-8,PE_PCC
5004,8791,8792,39079,39080,2.7389599803608943e-8,PE_PCC
5005,8792,8793,39080,39081,2.7402117551647925e-8,PE_PCC
5006,8793,8794,39081,39082,2.7414635300671974e-8,PE_PCC
5007,8794,8795,39082,39083,2.7427153050679815e-8,PE_PCC
5008,8795,8796,39083,39084,2.7439670801653217e-8,PE_PCC
5009,8796,8797,39084,39085,2.7452188553607705e-8,PE_PCC
5010,8797,8798,39085,39086,2.7464706306536347e-8,PE_PCC
5011,8798,8799,39086,39087,2.7477224060443375e-8,PE_PCC
5012,8799,8800,39087,39088,2.748974181531063e-8,PE_PCC
5013,8800,8801,39088,39089,2.7502259571153827e-8,PE_PCC
5014,8801,8802,39089,39090,2.7514777327971134e-8,PE_PCC
5015,8802,8803,39090,39091,2.7527295085745003e-8,PE_PCC
5016,8803,8804,39091,39092,2.75398128444906e-8,PE_PCC
5017,8804,8805,39092,39093,2.7552330604206607e-8,PE_PCC
5018,8805,8806,39093,39094,2.7564848364875106e-8,PE_PCC
5019,8806,8807,39094,39095,2.7577366126511227e-8,PE_PCC
5020,8807,8808,39095,39096,2.758988388910834e-8,PE_PCC
5021,8808,8809,39096,39097,2.7602401652670848e-8,PE_PCC
5022,8809,8810,39097,39098,2.7614919417180366e-8,PE_PCC
5023,8810,8811,39098,39099,2.762743718265246e-8,PE_PCC
5024,8811,8812,39099,39100,2.7639954949085925e-8,PE_PCC
5025,8812,8813,39100,39101,2.7652472716462464e-8,PE_PCC
5026,8813,8814,39101,39102,2.7664990484797934e-8,PE_PCC
5027,8814,8815,39102,39103,2.767750825409085e-8,PE_PCC
5028,8815,8816,39103,39104,2.7690026024322852e-8,PE_PCC
5029,8816,8817,39104,39105,2.7702543795509974e-8,PE_PCC
5030,8817,8818,39105,39106,2.771506156765042e-8,PE_PCC
5031,8818,8819,39106,39107,2.772757934072656e-8,PE_PCC
5032,8819,8820,39107,39108,2.774009711475356e-8,PE_PCC
5033,8820,8821,39108,39109,2.775261488972473e-8,PE_PCC
5034,8821,8822,39109,39110,2.776513266564435e-8,PE_PCC
5035,8822,8823,39110,39111,2.7777650442494402e-8,PE_PCC
5036,8823,8824,39111,39112,2.7790168220290135e-8,PE_PCC
5037,8824,8825,39112,39113,2.7802685999030716e-8,PE_PCC
5038,8825,8826,39113,39114,2.781520377869773e-8,PE_PCC
5039,8826,8827,39114,39115,2.7827721559306876e-8,PE_PCC
5040,8827,8828,39115,39116,2.784023934085694e-8,PE_PCC
5041,8828,8829,39116,39117,2.7852757123329552e-8,PE_PCC
5042,8829,8830,39117,39118,2.7865274906740667e-8,PE_PCC
5043,8830,8831,39118,39119,2.7877792691088815e-8,PE_PCC
5044,8831,8832,39119,39120,2.7890310476355848e-8,PE_PCC
5045,8832,8833,39120,39121,2.79028282625575e-8,PE_PCC
5046,8833,8834,39121,39122,2.791534604968685e-8,PE_PCC
5047,8834,8835,39122,39123,2.792786383774832e-8,PE_PCC
5048,8835,8836,39123,39124,2.794038162672364e-8,PE_PCC
5049,8836,8837,39124,39125,2.795289941662859e-8,PE_PCC
5050,8837,8838,39125,39126,2.796541720746199e-8,PE_PCC
5051,8838,8839,39126,39127,2.7977934999205443e-8,PE_PCC
5052,8839,8840,39127,39128,2.7990452791874866e-8,PE_PCC
5053,8840,8841,39128,39129,2.800297058546898e-8,PE_PCC
5054,8841,8842,39129,39130,2.8015488379969464e-8,PE_PCC
5055,8842,8843,39130,39131,2.8028006175392207e-8,PE_PCC
5056,8843,8844,39131,39132,2.8040523971730365e-8,PE_PCC
5057,8844,8845,39132,39133,2.805304176898816e-8,PE_PCC
5058,8845,8846,39133,39134,2.8065559567147447e-8,PE_PCC
5059,8846,8847,39134,39135,2.8078077366224323e-8,PE_PCC
5060,8847,8848,39135,39136,2.809059516621706e-8,PE_PCC
5061,8848,8849,39136,39137,2.8103112967107643e-8,PE_PCC
5062,8849,8850,39137,39138,2.811563076891214e-8,PE_PCC
5063,8850,8851,39138,39139,2.8128148571628863e-8,PE_PCC
5064,8851,8852,39139,39140,2.8140666375239936e-8,PE_PCC
5065,8852,8853,39140,39141,2.8153184179761094e-8,PE_PCC
5066,8853,8854,39141,39142,2.8165701985191095e-8,PE_PCC
5067,8854,8855,39142,39143,2.817821979151151e-8,PE_PCC
5068,8855,8856,39143,39144,2.819073759873846e-8,PE_PCC
5069,8856,8857,39144,39145,2.820325540686514e-8,PE_PCC
5070,8857,8858,39145,39146,2.8215773215895725e-8,PE_PCC
5071,8858,8859,39146,39147,2.8228291025812105e-8,PE_PCC
5072,8859,8860,39147,39148,2.8240808836630184e-8,PE_PCC
5073,8860,8861,39148,39149,2.825332664834878e-8,PE_PCC
5074,8861,8862,39149,39150,2.8265844460949533e-8,PE_PCC
5075,8862,8863,39150,39151,2.827836227444829e-8,PE_PCC
5076,8863,8864,39151,39152,2.8290880088844194e-8,PE_PCC
5077,8864,8865,39152,39153,2.8303397904118656e-8,PE_PCC
5078,8865,8866,39153,39154,2.831591572028748e-8,PE_PCC
5079,8866,8867,39154,39155,2.832843353735013e-8,PE_PCC
5080,8867,8868,39155,39156,2.8340951355287417e-8,PE_PCC
5081,8868,8869,39156,39157,2.8353469174115927e-8,PE_PCC
5082,8869,8870,39157,39158,2.8365986993828683e-8,PE_PCC
5083,8870,8871,39158,39159,2.8378504814430152e-8,PE_PCC
5084,8871,8872,39159,39160,2.839102263590189e-8,PE_PCC
5085,8872,8873,39160,39161,2.8403540458260028e-8,PE_PCC
5086,8873,8874,39161,39162,2.8416058281503475e-8,PE_PCC
5087,8874,8875,39162,39163,2.8428576105613693e-8,PE_PCC
5088,8875,8876,39163,39164,2.8441093930606865e-8,PE_PCC
5089,8876,8877,39164,39165,2.8453611756481833e-8,PE_PCC
5090,8877,8878,39165,39166,2.846612958322009e-8,PE_PCC
5091,8878,8879,39166,39167,2.8478647410837846e-8,PE_PCC
5092,8879,8880,39167,39168,2.8491165239333943e-8,PE_PCC
5093,8880,8881,39168,39169,2.850368306868987e-8,PE_PCC
5094,8881,8882,39169,39170,2.8516200898921825e-8,PE_PCC
5095,8882,8883,39170,39171,2.852871873002289e-8,PE_PCC
5096,8883,8884,39171,39172,2.8541236561997787e-8,PE_PCC
5097,8884,8885,39172,39173,2.8553754394827828e-8,PE_PCC
5098,8885,8886,39173,39174,2.8566272228529403e-8,PE_PCC
5099,8886,8887,39174,39175,2.857879006310137e-8,PE_PCC
5100,8887,8888,39175,39176,2.859130789852499e-8,PE_PCC
5101,8888,8889,39176,39177,2.8603825734816907e-8,PE_PCC
5102,8889,8890,39177,39178,2.8616343571975607e-8,PE_PCC
5103,8890,8891,39178,39179,2.8628861409982813e-8,PE_PCC
5104,8891,8892,39179,39180,2.8641379248854644e-8,PE_PCC
5105,8892,8893,39180,39181,2.8653897088584254e-8,PE_PCC
5106,8893,8894,39181,39182,2.8666414929176425e-8,PE_PCC
5107,8894,8895,39182,39183,2.8678932770612397e-8,PE_PCC
5108,8895,8896,39183,39184,2.8691450612908613e-8,PE_PCC
5109,8896,8897,39184,39185,2.8703968456063973e-8,PE_PCC
5110,8897,8898,39185,39186,2.8716486300059648e-8,PE_PCC
5111,8898,8899,39186,39187,2.872900414491245e-8,PE_PCC
5112,8899,8900,39187,39188,2.8741521990620963e-8,PE_PCC
5113,8900,8901,39188,39189,2.8754039837166452e-8,PE_PCC
5114,8901,8902,39189,39190,2.8766557684565735e-8,PE_PCC
5115,8902,8903,39190,39191,2.8779075532817516e-8,PE_PCC
5116,8903,8904,39191,39192,2.8791593381902946e-8,PE_PCC
5117,8904,8905,39192,39193,2.880411123183861e-8,PE_PCC
5118,8905,8906,39193,39194,2.8816629082617708e-8,PE_PCC
5119,8906,8907,39194,39195,2.8829146934244905e-8,PE_PCC
5120,8907,8908,39195,39196,2.8841664786701308e-8,PE_PCC
5121,8908,8909,39196,39197,2.8854182640003695e-8,PE_PCC
5122,8909,8910,39197,39198,2.8866700494151087e-8,PE_PCC
5123,8910,8911,39198,39199,2.887921834912423e-8,PE_PCC
5124,8911,8912,39199,39200,2.889173620494016e-8,PE_PCC
5125,8912,8913,39200,39201,2.8904254061597616e-8,PE_PCC
5126,8913,8914,39201,39202,2.8916771919077877e-8,PE_PCC
5127,8914,8915,39202,39203,2.8929289777397545e-8,PE_PCC
5128,8915,8916,39203,39204,2.8941807636555484e-8,PE_PCC
5129,8916,8917,39204,39205,2.895432549653299e-8,PE_PCC
5130,8917,8918,39205,39206,2.896684335734657e-8,PE_PCC
5131,8918,8919,39206,39207,2.897936121898943e-8,PE_PCC
5132,8919,8920,39207,39208,2.8991879081466236e-8,PE_PCC
5133,8920,8921,39208,39209,2.9004396944758282e-8,PE_PCC
5134,8921,8922,39209,39210,2.9016914808882186e-8,PE_PCC
5135,8922,8923,39210,39211,2.9029432673836895e-8,PE_PCC
5136,8923,8924,39211,39212,2.9041950539603613e-8,PE_PCC
5137,8924,8925,39212,39213,2.9054468406198998e-8,PE_PCC
5138,8925,8926,39213,39214,2.9066986273621993e-8,PE_PCC
5139,8926,8927,39214,39215,2.907950414185381e-8,PE_PCC
5140,8927,8928,39215,39216,2.909202201091107e-8,PE_PCC
5141,8928,8929,39216,39217,2.9104539880786932e-8,PE_PCC
5142,8929,8930,39217,39218,2.91170577514861e-8,PE_PCC
5143,8930,8931,39218,39219,2.9129575622989848e-8,PE_PCC
5144,8931,8932,39219,39220,2.9142093495314944e-8,PE_PCC
5145,8932,8933,39220,39221,2.9154611368460156e-8,PE_PCC
5146,8933,8934,39221,39222,2.916712924240694e-8,PE_PCC
5147,8934,8935,39222,39223,2.9179647117171775e-8,PE_PCC
5148,8935,8936,39223,39224,2.919216499275362e-8,PE_PCC
5149,8936,8937,39224,39225,2.9204682869133837e-8,PE_PCC
5150,8937,8938,39225,39226,2.9217200746329088e-8,PE_PCC
5151,8938,8939,39226,39227,2.9229718624338142e-8,PE_PCC
5152,8939,8940,39227,39228,2.924223650314261e-8,PE_PCC
5153,8940,8941,39228,39229,2.9254754382758744e-8,PE_PCC
5154,8941,8942,39229,39230,2.9267272263179963e-8,PE_PCC
5155,8942,8943,39230,39231,2.9279790144410985e-8,PE_PCC
5156,8943,8944,39231,39232,2.9292308026432842e-8,PE_PCC
5157,8944,8945,39232,39233,2.9304825909262748e-8,PE_PCC
5158,8945,8946,39233,39234,2.9317343792899267e-8,PE_PCC
5159,8946,8947,39234,39235,2.9329861677323763e-8,PE_PCC
5160,8947,8948,39235,39236,2.9342379562552856e-8,PE_PCC
5161,8948,8949,39236,39237,2.935489744858569e-8,PE_PCC
5162,8949,8950,39237,39238,2.936741533540329e-8,PE_PCC
5163,8950,8951,39238,39239,2.9379933223022873e-8,PE_PCC
5164,8951,8952,39239,39240,2.9392451111442726e-8,PE_PCC
5165,8952,8953,39240,39241,2.9404969000644457e-8,PE_PCC
5166,8953,8954,39241,39242,2.9417486890644858e-8,PE_PCC
5167,8954,8955,39242,39243,2.943000478143684e-8,PE_PCC
5168,8955,8956,39243,39244,2.944252267302546e-8,PE_PCC
5169,8956,8957,39244,39245,2.9455040565391836e-8,PE_PCC
5170,8957,8958,39245,39246,2.9467558458552785e-8,PE_PCC
5171,8958,8959,39246,39247,2.94800763525073e-8,PE_PCC
5172,8959,8960,39247,39248,2.9492594247236415e-8,PE_PCC
5173,8960,8961,39248,39249,2.950511214275727e-8,PE_PCC
5174,8961,8962,39249,39250,2.951763003906866e-8,PE_PCC
5175,8962,8963,39250,39251,2.953014793615164e-8,PE_PCC
5176,8963,8964,39251,39252,2.9542665834023323e-8,PE_PCC
5177,8964,8965,39252,39253,2.9555183732676618e-8,PE_PCC
5178,8965,8966,39253,39254,2.956770163211656e-8,PE_PCC
5179,8966,8967,39254,39255,2.9580219532324107e-8,PE_PCC
5180,8967,8968,39255,39256,2.959273743331633e-8,PE_PCC
5181,8968,8969,39256,39257,2.9605255335092247e-8,PE_PCC
5182,8969,8970,39257,39258,2.9617773237632795e-8,PE_PCC
5183,8970,8971,39258,39259,2.9630291140955095e-8,PE_PCC
5184,8971,8972,39259,39260,2.9642809045058114e-8,PE_PCC
5185,8972,8973,39260,39261,2.9655326949922798e-8,PE_PCC
5186,8973,8974,39261,39262,2.9667844855566326e-8,PE_PCC
5187,8974,8975,39262,39263,2.9680362761987598e-8,PE_PCC
5188,8975,8976,39263,39264,2.969288066916766e-8,PE_PCC
5189,8976,8977,39264,39265,2.970539857712356e-8,PE_PCC
5190,8977,8978,39265,39266,2.9717916485848276e-8,PE_PCC
5191,8978,8979,39266,39267,2.973043439534698e-8,PE_PCC
5192,8979,8980,39267,39268,2.9742952305600532e-8,PE_PCC
5193,8980,8981,39268,39269,2.975547021662602e-8,PE_PCC
5194,8981,8982,39269,39270,2.9767988128422452e-8,PE_PCC
5195,8982,8983,39270,39271,2.9780506040970956e-8,PE_PCC
5196,8983,8984,39271,39272,2.979302395428852e-8,PE_PCC
5197,8984,8985,39272,39273,2.9805541868374225e-8,PE_PCC
5198,8985,8986,39273,39274,2.9818059783209e-8,PE_PCC
5199,8986,8987,39274,39275,2.98305776988098e-8,PE_PCC
5200,8987,8988,39275,39276,2.984309561517617e-8,PE_PCC
5201,8988,8989,39276,39277,2.985561353228849e-8,PE_PCC
5202,8989,8990,39277,39278,2.9868131450164155e-8,PE_PCC
5203,8990,8991,39278,39279,2.988064936879622e-8,PE_PCC
5204,8991,8992,39279,39280,2.989316728818986e-8,PE_PCC
5205,8992,8993,39280,39281,2.9905685208325734e-8,PE_PCC
5206,8993,8994,39281,39282,2.9918203129221294e-8,PE_PCC
5207,8994,8995,39282,39283,2.993072105087526e-8,PE_PCC
5208,8995,8996,39283,39284,2.9943238973268877e-8,PE_PCC
5209,8996,8997,39284,39285,2.9955756896419225e-8,PE_PCC
5210,8997,8998,39285,39286,2.996827482032535e-8,PE_PCC
5211,8998,8999,39286,39287,2.998079274496819e-8,PE_PCC
5212,8999,9000,39287,39288,2.9993310670364806e-8,PE_PCC
5213,9000,9001,39288,39289,3.000582859650861e-8,PE_PCC
5214,9001,9002,39289,39290,3.0018346523404305e-8,PE_PCC
5215,9002,9003,39290,39291,3.003086445103288e-8,PE_PCC
5216,9003,9004,39291,39292,3.004338237941173e-8,PE_PCC
5217,9004,9005,39292,39293,3.005590030853992e-8,PE_PCC
5218,9005,9006,39293,39294,3.0068418238398014e-8,PE_PCC
5219,9006,9007,39294,39295,3.008093616900376e-8,PE_PCC
5220,9007,9008,39295,39296,3.009345410035585e-8,PE_PCC
5221,9008,9009,39296,39297,3.010597203243532e-8,PE_PCC
5222,9009,9010,39297,39298,3.0118489965259476e-8,PE_PCC
5223,9010,9011,39298,39299,3.013100789882737e-8,PE_PCC
5224,9011,9012,39299,39300,3.014352583311975e-8,PE_PCC
5225,9012,9013,39300,39301,3.015604376815408e-8,PE_PCC
5226,9013,9014,39301,39302,3.01685617039233e-8,PE_PCC
5227,9014,9015,39302,39303,3.018107964043265e-8,PE_PCC
5228,9015,9016,39303,39304,3.0193597577662805e-8,PE_PCC
5229,9016,9017,39304,39305,3.0206115515631247e-8,PE_PCC
5230,9017,9018,39305,39306,3.02186334543371e-8,PE_PCC
5231,9018,9019,39306,39307,3.023115139376095e-8,PE_PCC
5232,9019,9020,39307,39308,3.024366933392046e-8,PE_PCC
5233,9020,9021,39308,39309,3.025618727481457e-8,PE_PCC
5234,9021,9022,39309,39310,3.026870521642409e-8,PE_PCC
5235,9022,9023,39310,39311,3.0281223158766406e-8,PE_PCC
5236,9023,9024,39311,39312,3.0293741101840756e-8,PE_PCC
5237,9024,9025,39312,39313,3.030625904562769e-8,PE_PCC
5238,9025,9026,39313,39314,3.031877699014481e-8,PE_PCC
5239,9026,9027,39314,39315,3.03312949353851e-8,PE_PCC
5240,9027,9028,39315,39316,3.0343812881353726e-8,PE_PCC
5241,9028,9029,39316,39317,3.035633082803132e-8,PE_PCC
5242,9029,9030,39317,39318,3.036884877543578e-8,PE_PCC
5243,9030,9031,39318,39319,3.038136672356559e-8,PE_PCC
5244,9031,9032,39319,39320,3.039388467240203e-8,PE_PCC
5245,9032,9033,39320,39321,3.0406402621962314e-8,PE_PCC
5246,9033,9034,39321,39322,3.041892057224559e-8,PE_PCC
5247,9034,9035,39322,39323,3.0431438523232677e-8,PE_PCC
5248,9035,9036,39323,39324,3.0443956474940906e-8,PE_PCC
5249,9036,9037,39324,39325,3.0456474427363476e-8,PE_PCC
5250,9037,9038,39325,39326,3.0468992380505666e-8,PE_PCC
5251,9038,9039,39326,39327,3.0481510334347936e-8,PE_PCC
5252,9039,9040,39327,39328,3.04940282889079e-8,PE_PCC
5253,9040,9041,39328,39329,3.050654624418474e-8,PE_PCC
5254,9041,9042,39329,39330,3.0519064200159296e-8,PE_PCC
5255,9042,9043,39330,39331,3.053158215684879e-8,PE_PCC
5256,9043,9044,39331,39332,3.054410011425271e-8,PE_PCC
5257,9044,9045,39332,39333,3.0556618072351587e-8,PE_PCC
5258,9045,9046,39333,39334,3.056913603116281e-8,PE_PCC
5259,9046,9047,39334,39335,3.0581653990685924e-8,PE_PCC
5260,9047,9048,39335,39336,3.0594171950901084e-8,PE_PCC
5261,9048,9049,39336,39337,3.060668991182649e-8,PE_PCC
5262,9049,9050,39337,39338,3.06192078734545e-8,PE_PCC
5263,9050,9051,39338,39339,3.0631725835791074e-8,PE_PCC
5264,9051,9052,39339,39340,3.0644243798816207e-8,PE_PCC
5265,9052,9053,39340,39341,3.065676176254791e-8,PE_PCC
5266,9053,9054,39341,39342,3.0669279726985404e-8,PE_PCC
5267,9054,9055,39342,39343,3.068179769210899e-8,PE_PCC
5268,9055,9056,39343,39344,3.0694315657936595e-8,PE_PCC
5269,9056,9057,39344,39345,3.070683362446734e-8,PE_PCC
5270,9057,9058,39345,39346,3.071935159168167e-8,PE_PCC
5271,9058,9059,39346,39347,3.073186955959744e-8,PE_PCC
5272,9059,9060,39347,39348,3.074438752821384e-8,PE_PCC
5273,9060,9061,39348,39349,3.075690549751122e-8,PE_PCC
5274,9061,9062,39349,39350,3.076942346750751e-8,PE_PCC
5275,9062,9063,39350,39351,3.078194143819568e-8,PE_PCC
5276,9063,9064,39351,39352,3.079445940958101e-8,PE_PCC
5277,9064,9065,39352,39353,3.080697738164401e-8,PE_PCC
5278,9065,9066,39353,39354,3.081949535440252e-8,PE_PCC
5279,9066,9067,39354,39355,3.0832013327855824e-8,PE_PCC
5280,9067,9068,39355,39356,3.0844531301984056e-8,PE_PCC
5281,9068,9069,39356,39357,3.085704927680549e-8,PE_PCC
5282,9069,9070,39357,39358,3.0869567252319087e-8,PE_PCC
5283,9070,9071,39358,39359,3.088208522850525e-8,PE_PCC
5284,9071,9072,39359,39360,3.0894603205381914e-8,PE_PCC
5285,9072,9073,39360,39361,3.090712118294209e-8,PE_PCC
5286,9073,9074,39361,39362,3.091963916119102e-8,PE_PCC
5287,9074,9075,39362,39363,3.0932157140109476e-8,PE_PCC
5288,9075,9076,39363,39364,3.094467511971481e-8,PE_PCC
5289,9076,9077,39364,39365,3.095719310000689e-8,PE_PCC
5290,9077,9078,39365,39366,3.096971108096537e-8,PE_PCC
5291,9078,9079,39366,39367,3.0982229062609e-8,PE_PCC
5292,9079,9080,39367,39368,3.099474704493619e-8,PE_PCC
5293,9080,9081,39368,39369,3.100726502792797e-8,PE_PCC
5294,9081,9082,39369,39370,3.101978301160184e-8,PE_PCC
5295,9082,9083,39370,39371,3.103230099595722e-8,PE_PCC
5296,9083,9084,39371,39372,3.104481898097456e-8,PE_PCC
5297,9084,9085,39372,39373,3.1057336966671645e-8,PE_PCC
5298,9085,9086,39373,39374,3.106985495304146e-8,PE_PCC
5299,9086,9087,39374,39375,3.10823729400897e-8,PE_PCC
5300,9087,9088,39375,39376,3.109489092779629e-8,PE_PCC
5301,9088,9089,39376,39377,3.110740891617945e-8,PE_PCC
5302,9089,9090,39377,39378,3.11199269052387e-8,PE_PCC
5303,9090,9091,39378,39379,3.113244489495373e-8,PE_PCC
5304,9091,9092,39379,39380,3.114496288534317e-8,PE_PCC
5305,9092,9093,39380,39381,3.115748087640599e-8,PE_PCC
5306,9093,9094,39381,39382,3.116999886812242e-8,PE_PCC
5307,9094,9095,39382,39383,3.11825168605107e-8,PE_PCC
5308,9095,9096,39383,39384,3.119503485356994e-8,PE_PCC
5309,9096,9097,39384,39385,3.120755284728046e-8,PE_PCC
5310,9097,9098,39385,39386,3.1220070841660376e-8,PE_PCC
5311,9098,9099,39386,39387,3.123258883670256e-8,PE_PCC
5312,9099,9100,39387,39388,3.1245106832412636e-8,PE_PCC
5313,9100,9101,39388,39389,3.1257624828770705e-8,PE_PCC
5314,9101,9102,39389,39390,3.1270142825795006e-8,PE_PCC
5315,9102,9103,39390,39391,3.12826608234848e-8,PE_PCC
5316,9103,9104,39391,39392,3.129517882182019e-8,PE_PCC
5317,9104,9105,39392,39393,3.1307696820819475e-8,PE_PCC
5318,9105,9106,39393,39394,3.132021482048189e-8,PE_PCC
5319,9106,9107,39394,39395,3.13327328207875e-8,PE_PCC
5320,9107,9108,39395,39396,3.13452508217547e-8,PE_PCC
5321,9108,9109,39396,39397,3.1357768823382564e-8,PE_PCC
5322,9109,9110,39397,39398,3.1370286825651434e-8,PE_PCC
5323,9110,9111,39398,39399,3.138280482857933e-8,PE_PCC
5324,9111,9112,39399,39400,3.139532283215945e-8,PE_PCC
5325,9112,9113,39400,39401,3.140784083639706e-8,PE_PCC
5326,9113,9114,39401,39402,3.142035884127246e-8,PE_PCC
5327,9114,9115,39402,39403,3.143287684680396e-8,PE_PCC
5328,9115,9116,39403,39404,3.144539485299071e-8,PE_PCC
5329,9116,9117,39404,39405,3.14579128598129e-8,PE_PCC
5330,9117,9118,39405,39406,3.1470430867288815e-8,PE_PCC
5331,9118,9119,39406,39407,3.148294887541788e-8,PE_PCC
5332,9119,9120,39407,39408,3.149546688417975e-8,PE_PCC
5333,9120,9121,39408,39409,3.150798489359329e-8,PE_PCC
5334,9121,9122,39409,39410,3.1520502903651027e-8,PE_PCC
5335,9122,9123,39410,39411,3.153302091435881e-8,PE_PCC
5336,9123,9124,39411,39412,3.154553892569643e-8,PE_PCC
5337,9124,9125,39412,39413,3.155805693768238e-8,PE_PCC
5338,9125,9126,39413,39414,3.15705749503163e-8,PE_PCC
5339,9126,9127,39414,39415,3.158309296357756e-8,PE_PCC
5340,9127,9128,39415,39416,3.159561097748506e-8,PE_PCC
5341,9128,9129,39416,39417,3.1608128992038e-8,PE_PCC
5342,9129,9130,39417,39418,3.162064700721626e-8,PE_PCC
5343,9130,9131,39418,39419,3.1633165023038256e-8,PE_PCC
5344,9131,9132,39419,39420,3.164568303950352e-8,PE_PCC
5345,9132,9133,39420,39421,3.165820105659177e-8,PE_PCC
5346,9133,9134,39421,39422,3.16707190743216e-8,PE_PCC
5347,9134,9135,39422,39423,3.168323709268593e-8,PE_PCC
5348,9135,9136,39423,39424,3.1695755111690465e-8,PE_PCC
5349,9136,9137,39424,39425,3.1708273131314756e-8,PE_PCC
5350,9137,9138,39425,39426,3.172079115157782e-8,PE_PCC
5351,9138,9139,39426,39427,3.173330917247883e-8,PE_PCC
5352,9139,9140,39427,39428,3.174582719399748e-8,PE_PCC
5353,9140,9141,39428,39429,3.1758345216152564e-8,PE_PCC
5354,9141,9142,39429,39430,3.177086323894325e-8,PE_PCC
5355,9142,9143,39430,39431,3.178338126234953e-8,PE_PCC
5356,9143,9144,39431,39432,3.179589928638986e-8,PE_PCC
5357,9144,9145,39432,39433,3.1808417311063744e-8,PE_PCC
5358,9145,9146,39433,39434,3.1820935336350834e-8,PE_PCC
5359,9146,9147,39434,39435,3.183345336226986e-8,PE_PCC
5360,9147,9148,39435,39436,3.184597138881365e-8,PE_PCC
5361,9148,9149,39436,39437,3.185848941598793e-8,PE_PCC
5362,9149,9150,39437,39438,3.187100744377251e-8,PE_PCC
5363,9150,9151,39438,39439,3.18835254721861e-8,PE_PCC
5364,9151,9152,39439,39440,3.189604350122797e-8,PE_PCC
5365,9152,9153,39440,39441,3.190856153087799e-8,PE_PCC
5366,9153,9154,39441,39442,3.1921079561154755e-8,PE_PCC
5367,9154,9155,39442,39443,3.19335975920577e-8,PE_PCC
5368,9155,9156,39443,39444,3.194611562356648e-8,PE_PCC
5369,9156,9157,39444,39445,3.1958633655699944e-8,PE_PCC
5370,9157,9158,39445,39446,3.1971151688450784e-8,PE_PCC
5371,9158,9159,39446,39447,3.1983669721824875e-8,PE_PCC
5372,9159,9160,39447,39448,3.199618775580196e-8,PE_PCC
5373,9160,9161,39448,39449,3.2008705790400795e-8,PE_PCC
5374,9161,9162,39449,39450,3.202122382562056e-8,PE_PCC
5375,9162,9163,39450,39451,3.203374186144133e-8,PE_PCC
5376,9163,9164,39451,39452,3.2046259897881474e-8,PE_PCC
5377,9164,9165,39452,39453,3.205877793494077e-8,PE_PCC
5378,9165,9166,39453,39454,3.207129597259843e-8,PE_PCC
5379,9166,9167,39454,39455,3.2083814010873704e-8,PE_PCC
5380,9167,9168,39455,39456,3.209633204976567e-8,PE_PCC
5381,9168,9169,39456,39457,3.2108850089254117e-8,PE_PCC
5382,9169,9170,39457,39458,3.212136812935797e-8,PE_PCC
5383,9170,9171,39458,39459,3.213388617006988e-8,PE_PCC
5384,9171,9172,39459,39460,3.2146404211395546e-8,PE_PCC
5385,9172,9173,39460,39461,3.215892225331505e-8,PE_PCC
5386,9173,9174,39461,39462,3.217144029584689e-8,PE_PCC
5387,9174,9175,39462,39463,3.21839583389906e-8,PE_PCC
5388,9175,9176,39463,39464,3.219647638272583e-8,PE_PCC
5389,9176,9177,39464,39465,3.220899442707125e-8,PE_PCC
5390,9177,9178,39465,39466,3.222151247202653e-8,PE_PCC
5391,9178,9179,39466,39467,3.2234030517571064e-8,PE_PCC
5392,9179,9180,39467,39468,3.2246548563723964e-8,PE_PCC
5393,9180,9181,39468,39469,3.225906661048445e-8,PE_PCC
5394,9181,9182,39469,39470,3.2271584657832156e-8,PE_PCC
5395,9182,9183,39470,39471,3.2284102705785914e-8,PE_PCC
5396,9183,9184,39471,39472,3.229662075433885e-8,PE_PCC
5397,9184,9185,39472,39473,3.230913880349641e-8,PE_PCC
5398,9185,9186,39473,39474,3.232165685323845e-8,PE_PCC
5399,9186,9187,39474,39475,3.2334174903583957e-8,PE_PCC
5400,9187,9188,39475,39476,3.2346692954532194e-8,PE_PCC
5401,9188,9189,39476,39477,3.235921100606271e-8,PE_PCC
5402,9189,9190,39477,39478,3.2371729058194575e-8,PE_PCC
5403,9190,9191,39478,39479,3.238424711092713e-8,PE_PCC
5404,9191,9192,39479,39480,3.239676516423994e-8,PE_PCC
5405,9192,9193,39480,39481,3.240928321815203e-8,PE_PCC
5406,9193,9194,39481,39482,3.242180127265615e-8,PE_PCC
5407,9194,9195,39482,39483,3.243431932775823e-8,PE_PCC
5408,9195,9196,39483,39484,3.244683738343774e-8,PE_PCC
5409,9196,9197,39484,39485,3.2459355439713865e-8,PE_PCC
5410,9197,9198,39485,39486,3.247187349658583e-8,PE_PCC
5411,9198,9199,39486,39487,3.248439155403328e-8,PE_PCC
5412,9199,9200,39487,39488,3.2496909612075163e-8,PE_PCC
5413,9200,9201,39488,39489,3.2509427670711e-8,PE_PCC
5414,9201,9202,39489,39490,3.25219457299201e-8,PE_PCC
5415,9202,9203,39490,39491,3.2534463789721776e-8,PE_PCC
5416,9203,9204,39491,39492,3.25469818501153e-8,PE_PCC
5417,9204,9205,39492,39493,3.2559499911080084e-8,PE_PCC
5418,9205,9206,39493,39494,3.2572017972635404e-8,PE_PCC
5419,9206,9207,39494,39495,3.2584536034773926e-8,PE_PCC
5420,9207,9208,39495,39496,3.2597054097501554e-8,PE_PCC
5421,9208,9209,39496,39497,3.260957216079781e-8,PE_PCC
5422,9209,9210,39497,39498,3.2622090224681784e-8,PE_PCC
5423,9210,9211,39498,39499,3.263460828915318e-8,PE_PCC
5424,9211,9212,39499,39500,3.2647126354190905e-8,PE_PCC
5425,9212,9213,39500,39501,3.265964441981444e-8,PE_PCC
5426,9213,9214,39501,39502,3.267216248602335e-8,PE_PCC
5427,9214,9215,39502,39503,3.268468055279658e-8,PE_PCC
5428,9215,9216,39503,39504,3.269719862015377e-8,PE_PCC
5429,9216,9217,39504,39505,3.270971668809417e-8,PE_PCC
5430,9217,9218,39505,39506,3.2722234756597174e-8,PE_PCC
5431,9218,9219,39506,39507,3.273475282568172e-8,PE_PCC
5432,9219,9220,39507,39508,3.2747270895341224e-8,PE_PCC
5433,9220,9221,39508,39509,3.275978896558109e-8,PE_PCC
5434,9221,9222,39509,39510,3.2772307036380726e-8,PE_PCC
5435,9222,9223,39510,39511,3.278482510775968e-8,PE_PCC
5436,9223,9224,39511,39512,3.27973431797174e-8,PE_PCC
5437,9224,9225,39512,39513,3.280986125223297e-8,PE_PCC
5438,9225,9226,39513,39514,3.282237932532566e-8,PE_PCC
5439,9226,9227,39514,39515,3.283489739899515e-8,PE_PCC
5440,9227,9228,39515,39516,3.28474154732204e-8,PE_PCC
5441,9228,9229,39516,39517,3.2859933548021165e-8,PE_PCC
5442,9229,9230,39517,39518,3.287245162338991e-8,PE_PCC
5443,9230,9231,39518,39519,3.288496969933259e-8,PE_PCC
5444,9231,9232,39519,39520,3.2897487775828684e-8,PE_PCC
5445,9232,9233,39520,39521,3.2910005852897486e-8,PE_PCC
5446,9233,9234,39521,39522,3.292252393053846e-8,PE_PCC
5447,9234,9235,39522,39523,3.2935042008730736e-8,PE_PCC
5448,9235,9236,39523,39524,3.2947560087493895e-8,PE_PCC
5449,9236,9237,39524,39525,3.296007816682719e-8,PE_PCC
5450,9237,9238,39525,39526,3.297259624670995e-8,PE_PCC
5451,9238,9239,39526,39527,3.298511432716161e-8,PE_PCC
5452,9239,9240,39527,39528,3.299763240818154e-8,PE_PCC
5453,9240,9241,39528,39529,3.3010150489748975e-8,PE_PCC
5454,9241,9242,39529,39530,3.3022668571883384e-8,PE_PCC
5455,9242,9243,39530,39531,3.303518665457746e-8,PE_PCC
5456,9243,9244,39531,39532,3.304770473783733e-8,PE_PCC
5457,9244,9245,39532,39533,3.306022282164198e-8,PE_PCC
5458,9245,9246,39533,39534,3.3072740906011194e-8,PE_PCC
5459,9246,9247,39534,39535,3.3085258990944266e-8,PE_PCC
5460,9247,9248,39535,39536,3.309777707642035e-8,PE_PCC
5461,9248,9249,39536,39537,3.311029516245888e-8,PE_PCC
5462,9249,9250,39537,39538,3.312281324905964e-8,PE_PCC
5463,9250,9251,39538,39539,3.3135331336201136e-8,PE_PCC
5464,9251,9252,39539,39540,3.314784942390367e-8,PE_PCC
5465,9252,9253,39540,39541,3.316036751216607e-8,PE_PCC
5466,9253,9254,39541,39542,3.317288560096778e-8,PE_PCC
5467,9254,9255,39542,39543,3.318540369032826e-8,PE_PCC
5468,9255,9256,39543,39544,3.319792178024019e-8,PE_PCC
5469,9256,9257,39544,39545,3.321043987070985e-8,PE_PCC
5470,9257,9258,39545,39546,3.322295796171607e-8,PE_PCC
5471,9258,9259,39546,39547,3.323547605327855e-8,PE_PCC
5472,9259,9260,39547,39548,3.32479941453969e-8,PE_PCC
5473,9260,9261,39548,39549,3.326051223805011e-8,PE_PCC
5474,9261,9262,39549,39550,3.3273030331257763e-8,PE_PCC
5475,9262,9263,39550,39551,3.3285548425019116e-8,PE_PCC
5476,9263,9264,39551,39552,3.3298066519313716e-8,PE_PCC
5477,9264,9265,39552,39553,3.331058461416071e-8,PE_PCC
5478,9265,9266,39553,39554,3.332310270955316e-8,PE_PCC
5479,9266,9267,39554,39555,3.3335620805496847e-8,PE_PCC
5480,9267,9268,39555,39556,3.334813890197126e-8,PE_PCC
5481,9268,9269,39556,39557,3.3360656998995555e-8,PE_PCC
5482,9269,9270,39557,39558,3.337317509656975e-8,PE_PCC
5483,9270,9271,39558,39559,3.338569319467231e-8,PE_PCC
5484,9271,9272,39559,39560,3.3398211293323384e-8,PE_PCC
5485,9272,9273,39560,39561,3.341072939252228e-8,PE_PCC
5486,9273,9274,39561,39562,3.342324749224787e-8,PE_PCC
5487,9274,9275,39562,39563,3.343576559252002e-8,PE_PCC
5488,9275,9276,39563,39564,3.3448283693338154e-8,PE_PCC
5489,9276,9277,39564,39565,3.3460801794681286e-8,PE_PCC
5490,9277,9278,39565,39566,3.347331989656909e-8,PE_PCC
5491,9278,9279,39566,39567,3.348583799899428e-8,PE_PCC
5492,9279,9280,39567,39568,3.349835610196301e-8,PE_PCC
5493,9280,9281,39568,39569,3.3510874205454274e-8,PE_PCC
5494,9281,9282,39569,39570,3.352339230948789e-8,PE_PCC
5495,9282,9283,39570,39571,3.353591041406326e-8,PE_PCC
5496,9283,9284,39571,39572,3.354842851915933e-8,PE_PCC
5497,9284,9285,39572,39573,3.356094662479599e-8,PE_PCC
5498,9285,9286,39573,39574,3.3573464730972593e-8,PE_PCC
5499,9286,9287,39574,39575,3.3585982837668106e-8,PE_PCC
5500,9287,9288,39575,39576,3.3598500944902424e-8,PE_PCC
5501,9288,9289,39576,39577,3.3611019052674926e-8,PE_PCC
5502,9289,9290,39577,39578,3.3623537160964515e-8,PE_PCC
5503,9290,9291,39578,39579,3.363605526979111e-8,PE_PCC
5504,9291,9292,39579,39580,3.364857337914731e-8,PE_PCC
5505,9292,9293,39580,39581,3.366109148903936e-8,PE_PCC
5506,9293,9294,39581,39582,3.367360959944614e-8,PE_PCC
5507,9294,9295,39582,39583,3.368612771038748e-8,PE_PCC
5508,9295,9296,39583,39584,3.369864582186299e-8,PE_PCC
5509,9296,9297,39584,39585,3.3711163933851415e-8,PE_PCC
5510,9297,9298,39585,39586,3.372368204637271e-8,PE_PCC
5511,9298,9299,39586,39587,3.373620015942642e-8,PE_PCC
5512,9299,9300,39587,39588,3.3748718272991244e-8,PE_PCC
5513,9300,9301,39588,39589,3.376123638708723e-8,PE_PCC
5514,9301,9302,39589,39590,3.3773754501706855e-8,PE_PCC
5515,9302,9303,39590,39591,3.37862726168566e-8,PE_PCC
5516,9303,9304,39591,39592,3.3798790732515075e-8,PE_PCC
5517,9304,9305,39592,39593,3.381130884870251e-8,PE_PCC
5518,9305,9306,39593,39594,3.382382696541798e-8,PE_PCC
5519,9306,9307,39594,39595,3.3836345082640684e-8,PE_PCC
5520,9307,9308,39595,39596,3.384886320039065e-8,PE_PCC
5521,9308,9309,39596,39597,3.3861381318666805e-8,PE_PCC
5522,9309,9310,39597,39598,3.387389943744853e-8,PE_PCC
5523,9310,9311,39598,39599,3.3886417556755604e-8,PE_PCC
5524,9311,9312,39599,39600,3.3898935676587386e-8,PE_PCC
5525,9312,9313,39600,39601,3.3911453796922896e-8,PE_PCC
5526,9313,9314,39601,39602,3.3923971917781944e-8,PE_PCC
5527,9314,9315,39602,39603,3.393649003915739e-8,PE_PCC
5528,9315,9316,39603,39604,3.394900816105528e-8,PE_PCC
5529,9316,9317,39604,39605,3.3961526283454366e-8,PE_PCC
5530,9317,9318,39605,39606,3.397404440637488e-8,PE_PCC
5531,9318,9319,39606,39607,3.3986562529816426e-8,PE_PCC
5532,9319,9320,39607,39608,3.399908065375721e-8,PE_PCC
5533,9320,9321,39608,39609,3.4011598778218036e-8,PE_PCC
5534,9321,9322,39609,39610,3.4024116903197735e-8,PE_PCC
5535,9322,9323,39610,39611,3.403663502867548e-8,PE_PCC
5536,9323,9324,39611,39612,3.40491531546711e-8,PE_PCC
5537,9324,9325,39612,39613,3.4061671281184275e-8,PE_PCC
5538,9325,9326,39613,39614,3.407418940819353e-8,PE_PCC
5539,9326,9327,39614,39615,3.408670753571915e-8,PE_PCC
5540,9327,9328,39615,39616,3.409922566375363e-8,PE_PCC
5541,9328,9329,39616,39617,3.411174379230335e-8,PE_PCC
5542,9329,9330,39617,39618,3.4124261921346915e-8,PE_PCC
5543,9330,9331,39618,39619,3.4136780050904595e-8,PE_PCC
5544,9331,9332,39619,39620,3.414929818097586e-8,PE_PCC
5545,9332,9333,39620,39621,3.416181631153927e-8,PE_PCC
5546,9333,9334,39621,39622,3.417433444261519e-8,PE_PCC
5547,9334,9335,39622,39623,3.418685257420294e-8,PE_PCC
5548,9335,9336,39623,39624,3.419937070628118e-8,PE_PCC
5549,9336,9337,39624,39625,3.42118888388703e-8,PE_PCC
5550,9337,9338,39625,39626,3.422440697196269e-8,PE_PCC
5551,9338,9339,39626,39627,3.42369251055647e-8,PE_PCC
5552,9339,9340,39627,39628,3.424944323965513e-8,PE_PCC
5553,9340,9341,39628,39629,3.426196137425404e-8,PE_PCC
5554,9341,9342,39629,39630,3.427447950936101e-8,PE_PCC
5555,9342,9343,39630,39631,3.4286997644954494e-8,PE_PCC
5556,9343,9344,39631,39632,3.4299515781055285e-8,PE_PCC
5557,9344,9345,39632,39633,3.4312033917662e-8,PE_PCC
5558,9345,9346,39633,39634,3.4324552054753924e-8,PE_PCC
5559,9346,9347,39634,39635,3.433707019235137e-8,PE_PCC
5560,9347,9348,39635,39636,3.4349588330453236e-8,PE_PCC
5561,9348,9349,39636,39637,3.4362106469038626e-8,PE_PCC
5562,9349,9350,39637,39638,3.437462460812782e-8,PE_PCC
5563,9350,9351,39638,39639,3.4387142747712744e-8,PE_PCC
5564,9351,9352,39639,39640,3.439966088780075e-8,PE_PCC
5565,9352,9353,39640,39641,3.441217902836963e-8,PE_PCC
5566,9353,9354,39641,39642,3.442469716944019e-8,PE_PCC
5567,9354,9355,39642,39643,3.4437215311011716e-8,PE_PCC
5568,9355,9356,39643,39644,3.444973345306269e-8,PE_PCC
5569,9356,9357,39644,39645,3.4462251595613556e-8,PE_PCC
5570,9357,9358,39645,39646,3.447476973866396e-8,PE_PCC
5571,9358,9359,39646,39647,3.4487287882192086e-8,PE_PCC
5572,9359,9360,39647,39648,3.449980602621864e-8,PE_PCC
5573,9360,9361,39648,39649,3.4512324170743024e-8,PE_PCC
5574,9361,9362,39649,39650,3.4524842315743584e-8,PE_PCC
5575,9362,9363,39650,39651,3.45373604612408e-8,PE_PCC
5576,9363,9364,39651,39652,3.454987860722741e-8,PE_PCC
5577,9364,9365,39652,39653,3.45623967537096e-8,PE_PCC
5578,9365,9366,39653,39654,3.4574914900665825e-8,PE_PCC
5579,9366,9367,39654,39655,3.4587433048116805e-8,PE_PCC
5580,9367,9368,39655,39656,3.459995119606176e-8,PE_PCC
5581,9368,9369,39656,39657,3.46124693444793e-8,PE_PCC
5582,9369,9370,39657,39658,3.4624987493389856e-8,PE_PCC
5583,9370,9371,39658,39659,3.4637505642792935e-8,PE_PCC
5584,9371,9372,39659,39660,3.465002379266691e-8,PE_PCC
5585,9372,9373,39660,39661,3.466254194303235e-8,PE_PCC
5586,9373,9374,39661,39662,3.4675060093888775e-8,PE_PCC
5587,9374,9375,39662,39663,3.4687578245214474e-8,PE_PCC
5588,9375,9376,39663,39664,3.47000963970301e-8,PE_PCC
5589,9376,9377,39664,39665,3.4712614549328055e-8,PE_PCC
5590,9377,9378,39665,39666,3.472513270211497e-8,PE_PCC
5591,9378,9379,39666,39667,3.473765085536896e-8,PE_PCC
5592,9379,9380,39667,39668,3.475016900911082e-8,PE_PCC
5593,9380,9381,39668,39669,3.4762687163340094e-8,PE_PCC
5594,9381,9382,39669,39670,3.477520531803494e-8,PE_PCC
5595,9382,9383,39670,39671,3.4787723473215974e-8,PE_PCC
5596,9383,9384,39671,39672,3.4800241628882995e-8,PE_PCC
5597,9384,9385,39672,39673,3.481275978501382e-8,PE_PCC
5598,9385,9386,39673,39674,3.482527794162952e-8,PE_PCC
5599,9386,9387,39674,39675,3.483779609872254e-8,PE_PCC
5600,9387,9388,39675,39676,3.4850314256299066e-8,PE_PCC
5601,9388,9389,39676,39677,3.486283241433756e-8,PE_PCC
5602,9389,9390,39677,39678,3.487535057285893e-8,PE_PCC
5603,9390,9391,39678,39679,3.4887868731862286e-8,PE_PCC
5604,9391,9392,39679,39680,3.490038689132622e-8,PE_PCC
5605,9392,9393,39680,39681,3.491290505127135e-8,PE_PCC
5606,9393,9394,39681,39682,3.492542321169705e-8,PE_PCC
5607,9394,9395,39682,39683,3.493794137258178e-8,PE_PCC
5608,9395,9396,39683,39684,3.4950459533945975e-8,PE_PCC
5609,9396,9397,39684,39685,3.4962977695789374e-8,PE_PCC
5610,9397,9398,39685,39686,3.497549585809025e-8,PE_PCC
5611,9398,9399,39686,39687,3.4988014020869105e-8,PE_PCC
5612,9399,9400,39687,39688,3.500053218411859e-8,PE_PCC
5613,9400,9401,39688,39689,3.501305034784528e-8,PE_PCC
5614,9401,9402,39689,39690,3.502556851202715e-8,PE_PCC
5615,9402,9403,39690,39691,3.5038086676685145e-8,PE_PCC
5616,9403,9404,39691,39692,3.505060484181889e-8,PE_PCC
5617,9404,9405,39692,39693,3.5063123007406275e-8,PE_PCC
5618,9405,9406,39693,39694,3.507564117346849e-8,PE_PCC
5619,9406,9407,39694,39695,3.5088159339997547e-8,PE_PCC
5620,9407,9408,39695,39696,3.5100677507000396e-8,PE_PCC
5621,9408,9409,39696,39697,3.511319567446199e-8,PE_PCC
5622,9409,9410,39697,39698,3.512571384237491e-8,PE_PCC
5623,9410,9411,39698,39699,3.513823201078145e-8,PE_PCC
5624,9411,9412,39699,39700,3.515075017963813e-8,PE_PCC
5625,9412,9413,39700,39701,3.516326834894463e-8,PE_PCC
5626,9413,9414,39701,39702,3.517578651874325e-8,PE_PCC
5627,9414,9415,39702,39703,3.5188304688990583e-8,PE_PCC
5628,9415,9416,39703,39704,3.520082285968616e-8,PE_PCC
5629,9416,9417,39704,39705,3.5213341030872424e-8,PE_PCC
5630,9417,9418,39705,39706,3.52258592024916e-8,PE_PCC
5631,9418,9419,39706,39707,3.523837737460051e-8,PE_PCC
5632,9419,9420,39707,39708,3.525089554715569e-8,PE_PCC
5633,9420,9421,39708,39709,3.526341372015654e-8,PE_PCC
5634,9421,9422,39709,39710,3.527593189364578e-8,PE_PCC
5635,9422,9423,39710,39711,3.528845006757968e-8,PE_PCC
5636,9423,9424,39711,39712,3.5300968241957896e-8,PE_PCC
5637,9424,9425,39712,39713,3.531348641682295e-8,PE_PCC
5638,9425,9426,39713,39714,3.5326004592131375e-8,PE_PCC
5639,9426,9427,39714,39715,3.53385227678824e-8,PE_PCC
5640,9427,9428,39715,39716,3.535104094411907e-8,PE_PCC
5641,9428,9429,39716,39717,3.536355912079732e-8,PE_PCC
5642,9429,9430,39717,39718,3.53760772979171e-8,PE_PCC
5643,9430,9431,39718,39719,3.538859547552069e-8,PE_PCC
5644,9431,9432,39719,39720,3.5401113653564786e-8,PE_PCC
5645,9432,9433,39720,39721,3.5413631832048677e-8,PE_PCC
5646,9433,9434,39721,39722,3.5426150011015125e-8,PE_PCC
5647,9434,9435,39722,39723,3.5438668190420376e-8,PE_PCC
5648,9435,9436,39723,39724,3.545118637026421e-8,PE_PCC
5649,9436,9437,39724,39725,3.546370455058915e-8,PE_PCC
5650,9437,9438,39725,39726,3.547622273135146e-8,PE_PCC
5651,9438,9439,39726,39727,3.548874091255071e-8,PE_PCC
5652,9439,9440,39727,39728,3.5501259094229876e-8,PE_PCC
5653,9440,9441,39728,39729,3.551377727633045e-8,PE_PCC
5654,9441,9442,39729,39730,3.552629545890977e-8,PE_PCC
5655,9442,9443,39730,39731,3.5538813641924423e-8,PE_PCC
5656,9443,9444,39731,39732,3.555133182537331e-8,PE_PCC
5657,9444,9445,39732,39733,3.556385000929977e-8,PE_PCC
5658,9445,9446,39733,39734,3.557636819365986e-8,PE_PCC
5659,9446,9447,39734,39735,3.558888637845289e-8,PE_PCC
5660,9447,9448,39735,39736,3.560140456372213e-8,PE_PCC
5661,9448,9449,39736,39737,3.5613922749423443e-8,PE_PCC
5662,9449,9450,39737,39738,3.56264409355565e-8,PE_PCC
5663,9450,9451,39738,39739,3.563895912216409e-8,PE_PCC
5664,9451,9452,39739,39740,3.565147730920256e-8,PE_PCC
5665,9452,9453,39740,39741,3.566399549667122e-8,PE_PCC
5666,9453,9454,39741,39742,3.5676513684613165e-8,PE_PCC
5667,9454,9455,39742,39743,3.5689031872984425e-8,PE_PCC
5668,9455,9456,39743,39744,3.570155006178453e-8,PE_PCC
5669,9456,9457,39744,39745,3.571406825105654e-8,PE_PCC
5670,9457,9458,39745,39746,3.5726586440756466e-8,PE_PCC
5671,9458,9459,39746,39747,3.573910463088381e-8,PE_PCC
5672,9459,9460,39747,39748,3.575162282148166e-8,PE_PCC
5673,9460,9461,39748,39749,3.576414101250607e-8,PE_PCC
5674,9461,9462,39749,39750,3.577665920395646e-8,PE_PCC
5675,9462,9463,39750,39751,3.5789177395876065e-8,PE_PCC
5676,9463,9464,39751,39752,3.580169558822075e-8,PE_PCC
5677,9464,9465,39752,39753,3.581421378099004e-8,PE_PCC
5678,9465,9466,39753,39754,3.5826731974227164e-8,PE_PCC
5679,9466,9467,39754,39755,3.583925016787344e-8,PE_PCC
5680,9467,9468,39755,39756,3.585176836198666e-8,PE_PCC
5681,9468,9469,39756,39757,3.586428655652262e-8,PE_PCC
5682,9469,9470,39757,39758,3.5876804751480876e-8,PE_PCC
5683,9470,9471,39758,39759,3.5889322946904823e-8,PE_PCC
5684,9471,9472,39759,39760,3.590184114274999e-8,PE_PCC
5685,9472,9473,39760,39761,3.5914359339016174e-8,PE_PCC
5686,9473,9474,39761,39762,3.5926877535746604e-8,PE_PCC
5687,9474,9475,39762,39763,3.593939573289703e-8,PE_PCC
5688,9475,9476,39763,39764,3.595191393046691e-8,PE_PCC
5689,9476,9477,39764,39765,3.596443212849984e-8,PE_PCC
5690,9477,9478,39765,39766,3.5976950326951385e-8,PE_PCC
5691,9478,9479,39766,39767,3.598946852582105e-8,PE_PCC
5692,9479,9480,39767,39768,3.6001986725152214e-8,PE_PCC
5693,9480,9481,39768,39769,3.60145049249009e-8,PE_PCC
5694,9481,9482,39769,39770,3.6027023125066095e-8,PE_PCC
5695,9482,9483,39770,39771,3.603954132569181e-8,PE_PCC
5696,9483,9484,39771,39772,3.6052059526733195e-8,PE_PCC
5697,9484,9485,39772,39773,3.6064577728190095e-8,PE_PCC
5698,9485,9486,39773,39774,3.607709593010605e-8,PE_PCC
5699,9486,9487,39774,39775,3.608961413243646e-8,PE_PCC
5700,9487,9488,39775,39776,3.610213233518096e-8,PE_PCC
5701,9488,9489,39776,39777,3.611465053838322e-8,PE_PCC
5702,9489,9490,39777,39778,3.612716874198375e-8,PE_PCC
5703,9490,9491,39778,39779,3.6139686946041176e-8,PE_PCC
5704,9491,9492,39779,39780,3.6152205150510814e-8,PE_PCC
5705,9492,9493,39780,39781,3.6164723355392526e-8,PE_PCC
5706,9493,9494,39781,39782,3.617724156072947e-8,PE_PCC
5707,9494,9495,39782,39783,3.6189759766477534e-8,PE_PCC
5708,9495,9496,39783,39784,3.6202277972635964e-8,PE_PCC
5709,9496,9497,39784,39785,3.621479617924857e-8,PE_PCC
5710,9497,9498,39785,39786,3.6227314386270805e-8,PE_PCC
5711,9498,9499,39786,39787,3.6239832593702246e-8,PE_PCC
5712,9499,9500,39787,39788,3.6252350801586544e-8,PE_PCC
5713,9500,9501,39788,39789,3.6264869009879106e-8,PE_PCC
5714,9501,9502,39789,39790,3.627738721857945e-8,PE_PCC
5715,9502,9503,39790,39791,3.6289905427731524e-8,PE_PCC
5716,9503,9504,39791,39792,3.6302423637290506e-8,PE_PCC
5717,9504,9505,39792,39793,3.631494184725591e-8,PE_PCC
5718,9505,9506,39793,39794,3.63274600576717e-8,PE_PCC
5719,9506,9507,39794,39795,3.6339978268493125e-8,PE_PCC
5720,9507,9508,39795,39796,3.6352496479719683e-8,PE_PCC
5721,9508,9509,39796,39797,3.636501469139536e-8,PE_PCC
5722,9509,9510,39797,39798,3.637753290347532e-8,PE_PCC
5723,9510,9511,39798,39799,3.63900511159591e-8,PE_PCC
5724,9511,9512,39799,39800,3.6402569328890774e-8,PE_PCC
5725,9512,9513,39800,39801,3.641508754221053e-8,PE_PCC
5726,9513,9514,39801,39802,3.6427605755977306e-8,PE_PCC
5727,9514,9515,39802,39803,3.644012397014626e-8,PE_PCC
5728,9515,9516,39803,39804,3.6452642184716764e-8,PE_PCC
5729,9516,9517,39804,39805,3.646516039973307e-8,PE_PCC
5730,9517,9518,39805,39806,3.6477678615150194e-8,PE_PCC
5731,9518,9519,39806,39807,3.64901968309677e-8,PE_PCC
5732,9519,9520,39807,39808,3.650271504722946e-8,PE_PCC
5733,9520,9521,39808,39809,3.651523326389101e-8,PE_PCC
5734,9521,9522,39809,39810,3.6527751480951546e-8,PE_PCC
5735,9522,9523,39810,39811,3.654026969845528e-8,PE_PCC
5736,9523,9524,39811,39812,3.655278791635734e-8,PE_PCC
5737,9524,9525,39812,39813,3.6565306134656945e-8,PE_PCC
5738,9525,9526,39813,39814,3.657782435339886e-8,PE_PCC
5739,9526,9527,39814,39815,3.6590342572537344e-8,PE_PCC
5740,9527,9528,39815,39816,3.660286079207265e-8,PE_PCC
5741,9528,9529,39816,39817,3.661537901204843e-8,PE_PCC
5742,9529,9530,39817,39818,3.662789723242005e-8,PE_PCC
5743,9530,9531,39818,39819,3.664041545318694e-8,PE_PCC
5744,9531,9532,39819,39820,3.665293367439311e-8,PE_PCC
5745,9532,9533,39820,39821,3.6665451895993714e-8,PE_PCC
5746,9533,9534,39821,39822,3.6677970117988476e-8,PE_PCC
5747,9534,9535,39822,39823,3.669048834042138e-8,PE_PCC
5748,9535,9536,39823,39824,3.6703006563247465e-8,PE_PCC
5749,9536,9537,39824,39825,3.671552478646601e-8,PE_PCC
5750,9537,9538,39825,39826,3.672804301012187e-8,PE_PCC
5751,9538,9539,39826,39827,3.6740561234154496e-8,PE_PCC
5752,9539,9540,39827,39828,3.6753079458623435e-8,PE_PCC
5753,9540,9541,39828,39829,3.6765597683483306e-8,PE_PCC
5754,9541,9542,39829,39830,3.677811590873382e-8,PE_PCC
5755,9542,9543,39830,39831,3.6790634134419375e-8,PE_PCC
5756,9543,9544,39831,39832,3.6803152360494566e-8,PE_PCC
5757,9544,9545,39832,39833,3.6815670586959135e-8,PE_PCC
5758,9545,9546,39833,39834,3.682818881385759e-8,PE_PCC
5759,9546,9547,39834,39835,3.684070704114452e-8,PE_PCC
5760,9547,9548,39835,39836,3.685322526881944e-8,PE_PCC
5761,9548,9549,39836,39837,3.6865743496927094e-8,PE_PCC
5762,9549,9550,39837,39838,3.687826172542195e-8,PE_PCC
5763,9550,9551,39838,39839,3.68907799543036e-8,PE_PCC
5764,9551,9552,39839,39840,3.6903298183616704e-8,PE_PCC
5765,9552,9553,39840,39841,3.6915816413315813e-8,PE_PCC
5766,9553,9554,39841,39842,3.692833464340049e-8,PE_PCC
5767,9554,9555,39842,39843,3.6940852873915436e-8,PE_PCC
5768,9555,9556,39843,39844,3.6953371104815095e-8,PE_PCC
5769,9556,9557,39844,39845,3.696588933609917e-8,PE_PCC
5770,9557,9558,39845,39846,3.697840756781223e-8,PE_PCC
5771,9558,9559,39846,39847,3.699092579990886e-8,PE_PCC
5772,9559,9560,39847,39848,3.700344403238862e-8,PE_PCC
5773,9560,9561,39848,39849,3.701596226529615e-8,PE_PCC
5774,9561,9562,39849,39850,3.702848049857107e-8,PE_PCC
5775,9562,9563,39850,39851,3.7040998732273026e-8,PE_PCC
5776,9563,9564,39851,39852,3.705351696635631e-8,PE_PCC
5777,9564,9565,39852,39853,3.70660352008209e-8,PE_PCC
5778,9565,9566,39853,39854,3.7078553435711356e-8,PE_PCC
5779,9566,9567,39854,39855,3.709107167098197e-8,PE_PCC
5780,9567,9568,39855,39856,3.710358990663253e-8,PE_PCC
5781,9568,9569,39856,39857,3.711610814270779e-8,PE_PCC
5782,9569,9570,39857,39858,3.712862637916203e-8,PE_PCC
5783,9570,9571,39858,39859,3.714114461599507e-8,PE_PCC
5784,9571,9572,39859,39860,3.7153662853251646e-8,PE_PCC
5785,9572,9573,39860,39861,3.7166181090886183e-8,PE_PCC
5786,9573,9574,39861,39862,3.717869932889771e-8,PE_PCC
5787,9574,9575,39862,39863,3.719121756733218e-8,PE_PCC
5788,9575,9576,39863,39864,3.720373580614301e-8,PE_PCC
5789,9576,9577,39864,39865,3.7216254045330016e-8,PE_PCC
5790,9577,9578,39865,39866,3.722877228493848e-8,PE_PCC
5791,9578,9579,39866,39867,3.7241290524922334e-8,PE_PCC
5792,9579,9580,39867,39868,3.7253808765281234e-8,PE_PCC
5793,9580,9581,39868,39869,3.7266327006060136e-8,PE_PCC
5794,9581,9582,39869,39870,3.727884524721342e-8,PE_PCC
5795,9582,9583,39870,39871,3.729136348874038e-8,PE_PCC
5796,9583,9584,39871,39872,3.730388173068648e-8,PE_PCC
5797,9584,9585,39872,39873,3.7316399972990386e-8,PE_PCC
5798,9585,9586,39873,39874,3.732891821571242e-8,PE_PCC
5799,9586,9587,39874,39875,3.734143645880676e-8,PE_PCC
5800,9587,9588,39875,39876,3.735395470227311e-8,PE_PCC
5801,9588,9589,39876,39877,3.7366472946156386e-8,PE_PCC
5802,9589,9590,39877,39878,3.7378991190410704e-8,PE_PCC
5803,9590,9591,39878,39879,3.739150943503577e-8,PE_PCC
5804,9591,9592,39879,39880,3.74040276800768e-8,PE_PCC
5805,9592,9593,39880,39881,3.741654592548767e-8,PE_PCC
5806,9593,9594,39881,39882,3.742906417126807e-8,PE_PCC
5807,9594,9595,39882,39883,3.744158241746333e-8,PE_PCC
5808,9595,9596,39883,39884,3.745410066402724e-8,PE_PCC
5809,9596,9597,39884,39885,3.7466618910959514e-8,PE_PCC
5810,9597,9598,39885,39886,3.7479137158305477e-8,PE_PCC
5811,9598,9599,39886,39887,3.7491655406019005e-8,PE_PCC
5812,9599,9600,39887,39888,3.7504173654099675e-8,PE_PCC
5813,9600,9601,39888,39889,3.751669190259295e-8,PE_PCC
5814,9601,9602,39889,39890,3.7529210151452574e-8,PE_PCC
5815,9602,9603,39890,39891,3.7541728400678254e-8,PE_PCC
5816,9603,9604,39891,39892,3.755424665031534e-8,PE_PCC
5817,9604,9605,39892,39893,3.756676490031767e-8,PE_PCC
5818,9605,9606,39893,39894,3.757928315068492e-8,PE_PCC
5819,9606,9607,39894,39895,3.759180140146239e-8,PE_PCC
5820,9607,9608,39895,39896,3.7604319652603975e-8,PE_PCC
5821,9608,9609,39896,39897,3.761683790410929e-8,PE_PCC
5822,9609,9610,39897,39898,3.762935615602395e-8,PE_PCC
5823,9610,9611,39898,39899,3.764187440828595e-8,PE_PCC
5824,9611,9612,39899,39900,3.765439266095677e-8,PE_PCC
5825,9612,9613,39900,39901,3.766691091398936e-8,PE_PCC
5826,9613,9614,39901,39902,3.767942916738428e-8,PE_PCC
5827,9614,9615,39902,39903,3.769194742118597e-8,PE_PCC
5828,9615,9616,39903,39904,3.770446567534922e-8,PE_PCC
5829,9616,9617,39904,39905,3.771698392987276e-8,PE_PCC
5830,9617,9618,39905,39906,3.7729502184802936e-8,PE_PCC
5831,9618,9619,39906,39907,3.7742020440092744e-8,PE_PCC
5832,9619,9620,39907,39908,3.7754538695742104e-8,PE_PCC
5833,9620,9621,39908,39909,3.776705695179661e-8,PE_PCC
5834,9621,9622,39909,39910,3.777957520821004e-8,PE_PCC
5835,9622,9623,39910,39911,3.779209346498183e-8,PE_PCC
5836,9623,9624,39911,39912,3.780461172215758e-8,PE_PCC
5837,9624,9625,39912,39913,3.7817129979691196e-8,PE_PCC
5838,9625,9626,39913,39914,3.782964823758181e-8,PE_PCC
5839,9626,9627,39914,39915,3.7842166495875556e-8,PE_PCC
5840,9627,9628,39915,39916,3.785468475452583e-8,PE_PCC
5841,9628,9629,39916,39917,3.786720301353244e-8,PE_PCC
5842,9629,9630,39917,39918,3.7879721272940736e-8,PE_PCC
5843,9630,9631,39918,39919,3.7892239532704374e-8,PE_PCC
5844,9631,9632,39919,39920,3.790475779282328e-8,PE_PCC
5845,9632,9633,39920,39921,3.79172760533429e-8,PE_PCC
5846,9633,9634,39921,39922,3.792979431420145e-8,PE_PCC
5847,9634,9635,39922,39923,3.794231257546011e-8,PE_PCC
5848,9635,9636,39923,39924,3.795483083707238e-8,PE_PCC
5849,9636,9637,39924,39925,3.7967349099037654e-8,PE_PCC
5850,9637,9638,39925,39926,3.797986736140227e-8,PE_PCC
5851,9638,9639,39926,39927,3.7992385624119175e-8,PE_PCC
5852,9639,9640,39927,39928,3.8004903887188107e-8,PE_PCC
5853,9640,9641,39928,39929,3.801742215065514e-8,PE_PCC
5854,9641,9642,39929,39930,3.802994041447349e-8,PE_PCC
5855,9642,9643,39930,39931,3.804245867864275e-8,PE_PCC
5856,9643,9644,39931,39932,3.805497694320904e-8,PE_PCC
5857,9644,9645,39932,39933,3.806749520812555e-8,PE_PCC
5858,9645,9646,39933,39934,3.808001347339189e-8,PE_PCC
5859,9646,9647,39934,39935,3.8092531739054175e-8,PE_PCC
5860,9647,9648,39935,39936,3.810505000506564e-8,PE_PCC
5861,9648,9649,39936,39937,3.811756827142578e-8,PE_PCC
5862,9649,9650,39937,39938,3.8130086538180825e-8,PE_PCC
5863,9650,9651,39938,39939,3.8142604805283936e-8,PE_PCC
5864,9651,9652,39939,39940,3.815512307273471e-8,PE_PCC
5865,9652,9653,39940,39941,3.816764134057934e-8,PE_PCC
5866,9653,9654,39941,39942,3.818015960877088e-8,PE_PCC
5867,9654,9655,39942,39943,3.819267787730906e-8,PE_PCC
5868,9655,9656,39943,39944,3.8205196146239954e-8,PE_PCC
5869,9656,9657,39944,39945,3.821771441551688e-8,PE_PCC
5870,9657,9658,39945,39946,3.823023268513915e-8,PE_PCC
5871,9658,9659,39946,39947,3.824275095515322e-8,PE_PCC
5872,9659,9660,39947,39948,3.825526922549646e-8,PE_PCC
5873,9660,9661,39948,39949,3.826778749623096e-8,PE_PCC
5874,9661,9662,39949,39950,3.828030576730945e-8,PE_PCC
5875,9662,9663,39950,39951,3.829282403873168e-8,PE_PCC
5876,9663,9664,39951,39952,3.8305342310543826e-8,PE_PCC
5877,9664,9665,39952,39953,3.831786058269925e-8,PE_PCC
5878,9665,9666,39953,39954,3.833037885519696e-8,PE_PCC
5879,9666,9667,39954,39955,3.8342897128083907e-8,PE_PCC
5880,9667,9668,39955,39956,3.835541540131279e-8,PE_PCC
5881,9668,9669,39956,39957,3.836793367488313e-8,PE_PCC
5882,9669,9670,39957,39958,3.838045194884169e-8,PE_PCC
5883,9670,9671,39958,39959,3.83929702231409e-8,PE_PCC
5884,9671,9672,39959,39960,3.8405488497780764e-8,PE_PCC
5885,9672,9673,39960,39961,3.841800677280751e-8,PE_PCC
5886,9673,9674,39961,39962,3.8430525048174264e-8,PE_PCC
5887,9674,9675,39962,39963,3.844304332388017e-8,PE_PCC
5888,9675,9676,39963,39964,3.8455561599972355e-8,PE_PCC
5889,9676,9677,39964,39965,3.846807987640306e-8,PE_PCC
5890,9677,9678,39965,39966,3.848059815317229e-8,PE_PCC
5891,9678,9679,39966,39967,3.849311643032635e-8,PE_PCC
5892,9679,9680,39967,39968,3.8505634707818453e-8,PE_PCC
5893,9680,9681,39968,39969,3.851815298564751e-8,PE_PCC
5894,9681,9682,39969,39970,3.853067126386076e-8,PE_PCC
5895,9682,9683,39970,39971,3.854318954239494e-8,PE_PCC
5896,9683,9684,39971,39972,3.855570782131244e-8,PE_PCC
5897,9684,9685,39972,39973,3.8568226100565917e-8,PE_PCC
5898,9685,9686,39973,39974,3.8580744380154936e-8,PE_PCC
5899,9686,9687,39974,39975,3.859326266012636e-8,PE_PCC
5900,9687,9688,39975,39976,3.8605780940432634e-8,PE_PCC
5901,9688,9689,39976,39977,3.861829922107347e-8,PE_PCC
5902,9689,9690,39977,39978,3.8630817502095675e-8,PE_PCC
5903,9690,9691,39978,39979,3.8643335783451744e-8,PE_PCC
5904,9691,9692,39979,39980,3.865585406514131e-8,PE_PCC
5905,9692,9693,39980,39981,3.8668372347211225e-8,PE_PCC
5906,9693,9694,39981,39982,3.868089062961401e-8,PE_PCC
5907,9694,9695,39982,39983,3.869340891234923e-8,PE_PCC
5908,9695,9696,39983,39984,3.870592719546387e-8,PE_PCC
5909,9696,9697,39984,39985,3.871844547891031e-8,PE_PCC
5910,9697,9698,39985,39986,3.8730963762688274e-8,PE_PCC
5911,9698,9699,39986,39987,3.87434820468445e-8,PE_PCC
5912,9699,9700,39987,39988,3.875600033133155e-8,PE_PCC
5913,9700,9701,39988,39989,3.8768518616149084e-8,PE_PCC
5914,9701,9702,39989,39990,3.8781036901343945e-8,PE_PCC
5915,9702,9703,39990,39991,3.879355518686866e-8,PE_PCC
5916,9703,9704,39991,39992,3.880607347272282e-8,PE_PCC
5917,9704,9705,39992,39993,3.8818591758953224e-8,PE_PCC
5918,9705,9706,39993,39994,3.883111004549678e-8,PE_PCC
5919,9706,9707,39994,39995,3.8843628332416096e-8,PE_PCC
5920,9707,9708,39995,39996,3.8856146619663385e-8,PE_PCC
5921,9708,9709,39996,39997,3.8868664907238396e-8,PE_PCC
5922,9709,9710,39997,39998,3.888118319518845e-8,PE_PCC
5923,9710,9711,39998,39999,3.889370148346517e-8,PE_PCC
5924,9711,9712,39999,40000,3.8906219772069074e-8,PE_PCC
5925,9712,9713,40000,40001,3.891873806104662e-8,PE_PCC
5926,9713,9714,40001,40002,3.89312563503501e-8,PE_PCC
5927,9714,9715,40002,40003,3.8943774639979464e-8,PE_PCC
5928,9715,9716,40003,40004,3.8956292929981516e-8,PE_PCC
5929,9716,9717,40004,40005,3.896881122030891e-8,PE_PCC
5930,9717,9718,40005,40006,3.898132951096091e-8,PE_PCC
5931,9718,9719,40006,40007,3.899384780198479e-8,PE_PCC
5932,9719,9720,40007,40008,3.900636609333271e-8,PE_PCC
5933,9720,9721,40008,40009,3.901888438500447e-8,PE_PCC
5934,9721,9722,40009,40010,3.903140267704711e-8,PE_PCC
5935,9722,9723,40010,40011,3.90439209694128e-8,PE_PCC
5936,9723,9724,40011,40012,3.905643926210128e-8,PE_PCC
5937,9724,9725,40012,40013,3.906895755515978e-8,PE_PCC
5938,9725,9726,40013,40014,3.9081475848540335e-8,PE_PCC
5939,9726,9727,40014,40015,3.9093994142242604e-8,PE_PCC
5940,9727,9728,40015,40016,3.910651243631405e-8,PE_PCC
5941,9728,9729,40016,40017,3.911903073070654e-8,PE_PCC
5942,9729,9730,40017,40018,3.913154902541969e-8,PE_PCC
5943,9730,9731,40018,40019,3.914406732050111e-8,PE_PCC
5944,9731,9732,40019,40020,3.915658561588665e-8,PE_PCC
5945,9732,9733,40020,40021,3.9169103911639745e-8,PE_PCC
5946,9733,9734,40021,40022,3.918162220771228e-8,PE_PCC
5947,9734,9735,40022,40023,3.919414050410389e-8,PE_PCC
5948,9735,9736,40023,40024,3.920665880086217e-8,PE_PCC
5949,9736,9737,40024,40025,3.921917709793884e-8,PE_PCC
5950,9737,9738,40025,40026,3.9231695395333665e-8,PE_PCC
5951,9738,9739,40026,40027,3.9244213693094214e-8,PE_PCC
5952,9739,9740,40027,40028,3.925673199117222e-8,PE_PCC
5953,9740,9741,40028,40029,3.9269250289567344e-8,PE_PCC
5954,9741,9742,40029,40030,3.928176858832717e-8,PE_PCC
5955,9742,9743,40030,40031,3.929428688740369e-8,PE_PCC
5956,9743,9744,40031,40032,3.9306805186796285e-8,PE_PCC
5957,9744,9745,40032,40033,3.9319323486552735e-8,PE_PCC
5958,9745,9746,40033,40034,3.933184178662474e-8,PE_PCC
5959,9746,9747,40034,40035,3.9344360087011804e-8,PE_PCC
5960,9747,9748,40035,40036,3.935687838776203e-8,PE_PCC
5961,9748,9749,40036,40037,3.936939668882667e-8,PE_PCC
5962,9749,9750,40037,40038,3.938191499020571e-8,PE_PCC
5963,9750,9751,40038,40039,3.939443329194644e-8,PE_PCC
5964,9751,9752,40039,40040,3.9406951594001155e-8,PE_PCC
5965,9752,9753,40040,40041,3.941946989636906e-8,PE_PCC
5966,9753,9754,40041,40042,3.943198819909814e-8,PE_PCC
5967,9754,9755,40042,40043,3.944450650212357e-8,PE_PCC
5968,9755,9756,40043,40044,3.9457024805509614e-8,PE_PCC
5969,9756,9757,40044,40045,3.9469543109207765e-8,PE_PCC
5970,9757,9758,40045,40046,3.948206141321756e-8,PE_PCC
5971,9758,9759,40046,40047,3.9494579717586976e-8,PE_PCC
5972,9759,9760,40047,40048,3.950709802226725e-8,PE_PCC
5973,9760,9761,40048,40049,3.951961632725873e-8,PE_PCC
5974,9761,9762,40049,40050,3.9532134632608386e-8,PE_PCC
5975,9762,9763,40050,40051,3.954465293826867e-8,PE_PCC
5976,9763,9764,40051,40052,3.955717124423834e-8,PE_PCC
5977,9764,9765,40052,40053,3.956968955056592e-8,PE_PCC
5978,9765,9766,40053,40054,3.958220785720278e-8,PE_PCC
5979,9766,9767,40054,40055,3.959472616414852e-8,PE_PCC
5980,9767,9768,40055,40056,3.9607244471450985e-8,PE_PCC
5981,9768,9769,40056,40057,3.9619762779061866e-8,PE_PCC
5982,9769,9770,40057,40058,3.963228108698054e-8,PE_PCC
5983,9770,9771,40058,40059,3.9644799395255346e-8,PE_PCC
5984,9771,9772,40059,40060,3.965731770383734e-8,PE_PCC
5985,9772,9773,40060,40061,3.96698360127264e-8,PE_PCC
5986,9773,9774,40061,40062,3.968235432197057e-8,PE_PCC
5987,9774,9775,40062,40063,3.969487263152107e-8,PE_PCC
5988,9775,9776,40063,40064,3.970739094137767e-8,PE_PCC
5989,9776,9777,40064,40065,3.971990925158847e-8,PE_PCC
5990,9777,9778,40065,40066,3.9732427562088564e-8,PE_PCC
5991,9778,9779,40066,40067,3.9744945872942304e-8,PE_PCC
5992,9779,9780,40067,40068,3.975746418410088e-8,PE_PCC
5993,9780,9781,40068,40069,3.976998249556394e-8,PE_PCC
5994,9781,9782,40069,40070,3.978250080737981e-8,PE_PCC
5995,9782,9783,40070,40071,3.979501911949955e-8,PE_PCC
5996,9783,9784,40071,40072,3.9807537431922895e-8,PE_PCC
5997,9784,9785,40072,40073,3.98200557446981e-8,PE_PCC
5998,9785,9786,40073,40074,3.9832574057776276e-8,PE_PCC
5999,9786,9787,40074,40075,3.9845092371157225e-8,PE_PCC
6000,9787,9788,40075,40076,3.985761068488919e-8,PE_PCC
6001,9788,9789,40076,40077,3.987012899892301e-8,PE_PCC
6002,9789,9790,40077,40078,3.9882647313258927e-8,PE_PCC
6003,9790,9791,40078,40079,3.9895165627944604e-8,PE_PCC
6004,9791,9792,40079,40080,3.990768394293169e-8,PE_PCC
6005,9792,9793,40080,40081,3.99202022582196e-8,PE_PCC
6006,9793,9794,40081,40082,3.99327205738568e-8,PE_PCC
6007,9794,9795,40082,40083,3.994523888979419e-8,PE_PCC
6008,9795,9796,40083,40084,3.995775720603143e-8,PE_PCC
6009,9796,9797,40084,40085,3.997027552261721e-8,PE_PCC
6010,9797,9798,40085,40086,3.998279383950249e-8,PE_PCC
6011,9798,9799,40086,40087,3.9995312156686545e-8,PE_PCC
6012,9799,9800,40087,40088,4.000783047421799e-8,PE_PCC
6013,9800,9801,40088,40089,4.0020348792048275e-8,PE_PCC
6014,9801,9802,40089,40090,4.0032867110176725e-8,PE_PCC
6015,9802,9803,40090,40091,4.004538542865152e-8,PE_PCC
6016,9803,9804,40091,40092,4.0057903747407744e-8,PE_PCC
6017,9804,9805,40092,40093,4.0070422066510036e-8,PE_PCC
6018,9805,9806,40093,40094,4.0082940385909326e-8,PE_PCC
6019,9806,9807,40094,40095,4.00954587056052e-8,PE_PCC
6020,9807,9808,40095,40096,4.010797702564649e-8,PE_PCC
6021,9808,9809,40096,40097,4.01204953459837e-8,PE_PCC
6022,9809,9810,40097,40098,4.013301366661669e-8,PE_PCC
6023,9810,9811,40098,40099,4.0145531987594e-8,PE_PCC
6024,9811,9812,40099,40100,4.015805030886671e-8,PE_PCC
6025,9812,9813,40100,40101,4.017056863043416e-8,PE_PCC
6026,9813,9814,40101,40102,4.0183086952345133e-8,PE_PCC
6027,9814,9815,40102,40103,4.0195605274550346e-8,PE_PCC
6028,9815,9816,40103,40104,4.0208123597049657e-8,PE_PCC
6029,9816,9817,40104,40105,4.022064191989167e-8,PE_PCC
6030,9817,9818,40105,40106,4.0233160243027085e-8,PE_PCC
6031,9818,9819,40106,40107,4.024567856645549e-8,PE_PCC
6032,9819,9820,40107,40108,4.025819689022592e-8,PE_PCC
6033,9820,9821,40108,40109,4.027071521428882e-8,PE_PCC
6034,9821,9822,40109,40110,4.02832335386439e-8,PE_PCC
6035,9822,9823,40110,40111,4.0295751863340094e-8,PE_PCC
6036,9823,9824,40111,40112,4.0308270188327895e-8,PE_PCC
6037,9824,9825,40112,40113,4.0320788513607e-8,PE_PCC
6038,9825,9826,40113,40114,4.0333306839226393e-8,PE_PCC
6039,9826,9827,40114,40115,4.0345825165120116e-8,PE_PCC
6040,9827,9828,40115,40116,4.0358343491353526e-8,PE_PCC
6041,9828,9829,40116,40117,4.037086181787716e-8,PE_PCC
6042,9829,9830,40117,40118,4.038338014469051e-8,PE_PCC
6043,9830,9831,40118,40119,4.0395898471842926e-8,PE_PCC
6044,9831,9832,40119,40120,4.0408416799284516e-8,PE_PCC
6045,9832,9833,40120,40121,4.042093512701512e-8,PE_PCC
6046,9833,9834,40121,40122,4.043345345508384e-8,PE_PCC
6047,9834,9835,40122,40123,4.044597178344102e-8,PE_PCC
6048,9835,9836,40123,40124,4.045849011208616e-8,PE_PCC
6049,9836,9837,40124,40125,4.047100844106879e-8,PE_PCC
6050,9837,9838,40125,40126,4.048352677033875e-8,PE_PCC
6051,9838,9839,40126,40127,4.049604509989613e-8,PE_PCC
6052,9839,9840,40127,40128,4.050856342978982e-8,PE_PCC
6053,9840,9841,40128,40129,4.052108175997031e-8,PE_PCC
6054,9841,9842,40129,40130,4.053360009043731e-8,PE_PCC
6055,9842,9843,40130,40131,4.054611842123962e-8,PE_PCC
6056,9843,9844,40131,40132,4.0558636752328175e-8,PE_PCC
6057,9844,9845,40132,40133,4.057115508370179e-8,PE_PCC
6058,9845,9846,40133,40134,4.058367341541073e-8,PE_PCC
6059,9846,9847,40134,40135,4.059619174740431e-8,PE_PCC
6060,9847,9848,40135,40136,4.0608710079682696e-8,PE_PCC
6061,9848,9849,40136,40137,4.062122841229516e-8,PE_PCC
6062,9849,9850,40137,40138,4.063374674517524e-8,PE_PCC
6063,9850,9851,40138,40139,4.064626507838868e-8,PE_PCC
6064,9851,9852,40139,40140,4.065878341188558e-8,PE_PCC
6065,9852,9853,40140,40141,4.0671301745666186e-8,PE_PCC
6066,9853,9854,40141,40142,4.068382007977897e-8,PE_PCC
6067,9854,9855,40142,40143,4.0696338414174876e-8,PE_PCC
6068,9855,9856,40143,40144,4.070885674885295e-8,PE_PCC
6069,9856,9857,40144,40145,4.0721375083863046e-8,PE_PCC
6070,9857,9858,40145,40146,4.0733893419155e-8,PE_PCC
6071,9858,9859,40146,40147,4.074641175472847e-8,PE_PCC
6072,9859,9860,40147,40148,4.0758930090633166e-8,PE_PCC
6073,9860,9861,40148,40149,4.077144842681881e-8,PE_PCC
6074,9861,9862,40149,40150,4.078396676328523e-8,PE_PCC
6075,9862,9863,40150,40151,4.0796485100082014e-8,PE_PCC
6076,9863,9864,40151,40152,4.0809003437158855e-8,PE_PCC
6077,9864,9865,40152,40153,4.0821521774515726e-8,PE_PCC
6078,9865,9866,40153,40154,4.0834040112202093e-8,PE_PCC
6079,9866,9867,40154,40155,4.084655845016783e-8,PE_PCC
6080,9867,9868,40155,40156,4.085907678841264e-8,PE_PCC
6081,9868,9869,40156,40157,4.087159512698617e-8,PE_PCC
6082,9869,9870,40157,40158,4.088411346583827e-8,PE_PCC
6083,9870,9871,40158,40159,4.0896631804968607e-8,PE_PCC
6084,9871,9872,40159,40160,4.0909150144426854e-8,PE_PCC
6085,9872,9873,40160,40161,4.092166848416287e-8,PE_PCC
6086,9873,9874,40161,40162,4.09341868241763e-8,PE_PCC
6087,9874,9875,40162,40163,4.094670516451689e-8,PE_PCC
6088,9875,9876,40163,40164,4.095922350511773e-8,PE_PCC
6089,9876,9877,40164,40165,4.09717418460451e-8,PE_PCC
6090,9877,9878,40165,40166,4.0984260187248956e-8,PE_PCC
6091,9878,9879,40166,40167,4.099677852872868e-8,PE_PCC
6092,9879,9880,40167,40168,4.100929687053445e-8,PE_PCC
6093,9880,9881,40168,40169,4.102181521261579e-8,PE_PCC
6094,9881,9882,40169,40170,4.1034333554972115e-8,PE_PCC
6095,9882,9883,40170,40171,4.10468518976539e-8,PE_PCC
6096,9883,9884,40171,40172,4.1059370240609935e-8,PE_PCC
6097,9884,9885,40172,40173,4.1071888583840795e-8,PE_PCC
6098,9885,9886,40173,40174,4.10844069273958e-8,PE_PCC
6099,9886,9887,40174,40175,4.109692527122474e-8,PE_PCC
6100,9887,9888,40175,40176,4.110944361532727e-8,PE_PCC
6101,9888,9889,40176,40177,4.112196195975331e-8,PE_PCC
6102,9889,9890,40177,40178,4.11344803044525e-8,PE_PCC
6103,9890,9891,40178,40179,4.114699864942453e-8,PE_PCC
6104,9891,9892,40179,40180,4.115951699471946e-8,PE_PCC
6105,9892,9893,40180,40181,4.1172035340286375e-8,PE_PCC
6106,9893,9894,40181,40182,4.118455368612537e-8,PE_PCC
6107,9894,9895,40182,40183,4.1197072032286644e-8,PE_PCC
6108,9895,9896,40183,40184,4.1209590378719116e-8,PE_PCC
6109,9896,9897,40184,40185,4.122210872542279e-8,PE_PCC
6110,9897,9898,40185,40186,4.123462707244792e-8,PE_PCC
6111,9898,9899,40186,40187,4.124714541972677e-8,PE_PCC
6112,9899,9900,40187,40188,4.125966376732648e-8,PE_PCC
6113,9900,9901,40188,40189,4.127218211519641e-8,PE_PCC
6114,9901,9902,40189,40190,4.128470046333602e-8,PE_PCC
6115,9902,9903,40190,40191,4.12972188117957e-8,PE_PCC
6116,9903,9904,40191,40192,4.130973716052472e-8,PE_PCC
6117,9904,9905,40192,40193,4.132225550952284e-8,PE_PCC
6118,9905,9906,40193,40194,4.1334773858840285e-8,PE_PCC
6119,9906,9907,40194,40195,4.134729220842617e-8,PE_PCC
6120,9907,9908,40195,40196,4.135981055828038e-8,PE_PCC
6121,9908,9909,40196,40197,4.1372328908453106e-8,PE_PCC
6122,9909,9910,40197,40198,4.1384847258893566e-8,PE_PCC
6123,9910,9911,40198,40199,4.1397365609601516e-8,PE_PCC
6124,9911,9912,40199,40200,4.140988396062725e-8,PE_PCC
6125,9912,9913,40200,40201,4.142240231191995e-8,PE_PCC
6126,9913,9914,40201,40202,4.143492066347934e-8,PE_PCC
6127,9914,9915,40202,40203,4.144743901535575e-8,PE_PCC
6128,9915,9916,40203,40204,4.1459957367498385e-8,PE_PCC
6129,9916,9917,40204,40205,4.147247571990688e-8,PE_PCC
6130,9917,9918,40205,40206,4.1484994072631714e-8,PE_PCC
6131,9918,9919,40206,40207,4.149751242562192e-8,PE_PCC
6132,9919,9920,40207,40208,4.151003077887728e-8,PE_PCC
6133,9920,9921,40208,40209,4.15225491324481e-8,PE_PCC
6134,9921,9922,40209,40210,4.153506748628367e-8,PE_PCC
6135,9922,9923,40210,40211,4.154758584038354e-8,PE_PCC
6136,9923,9924,40211,40212,4.156010419479821e-8,PE_PCC
6137,9924,9925,40212,40213,4.157262254945977e-8,PE_PCC
6138,9925,9926,40213,40214,4.158514090443585e-8,PE_PCC
6139,9926,9927,40214,40215,4.159765925967505e-8,PE_PCC
6140,9927,9928,40215,40216,4.1610177615177286e-8,PE_PCC
6141,9928,9929,40216,40217,4.162269597099327e-8,PE_PCC
6142,9929,9930,40217,40218,4.163521432707181e-8,PE_PCC
6143,9930,9931,40218,40219,4.164773268341256e-8,PE_PCC
6144,9931,9932,40219,40220,4.166025104006612e-8,PE_PCC
6145,9932,9933,40220,40221,4.167276939698171e-8,PE_PCC
6146,9933,9934,40221,40222,4.168528775415846e-8,PE_PCC
6147,9934,9935,40222,40223,4.169780611164783e-8,PE_PCC
6148,9935,9936,40223,40224,4.1710324469397904e-8,PE_PCC
6149,9936,9937,40224,40225,4.1722842827408575e-8,PE_PCC
6150,9937,9938,40225,40226,4.173536118573097e-8,PE_PCC
6151,9938,9939,40226,40227,4.17478795443135e-8,PE_PCC
6152,9939,9940,40227,40228,4.176039790315605e-8,PE_PCC
6153,9940,9941,40228,40229,4.177291626230934e-8,PE_PCC
6154,9941,9942,40229,40230,4.178543462172207e-8,PE_PCC
6155,9942,9943,40230,40231,4.179795298139415e-8,PE_PCC
6156,9943,9944,40231,40232,4.1810471341375926e-8,PE_PCC
6157,9944,9945,40232,40233,4.182298970161667e-8,PE_PCC
6158,9945,9946,40233,40234,4.1835508062115884e-8,PE_PCC
6159,9946,9947,40234,40235,4.184802642292439e-8,PE_PCC
6160,9947,9948,40235,40236,4.1860544783973734e-8,PE_PCC
6161,9948,9949,40236,40237,4.1873063145332e-8,PE_PCC
6162,9949,9950,40237,40238,4.188558150694761e-8,PE_PCC
6163,9950,9951,40238,40239,4.1898099868820485e-8,PE_PCC
6164,9951,9952,40239,40240,4.191061823100158e-8,PE_PCC
6165,9952,9953,40240,40241,4.192313659343925e-8,PE_PCC
6166,9953,9954,40241,40242,4.193565495613338e-8,PE_PCC
6167,9954,9955,40242,40243,4.1948173319135e-8,PE_PCC
6168,9955,9956,40243,40244,4.196069168239252e-8,PE_PCC
6169,9956,9957,40244,40245,4.1973210045905787e-8,PE_PCC
6170,9957,9958,40245,40246,4.198572840972572e-8,PE_PCC
6171,9958,9959,40246,40247,4.199824677380089e-8,PE_PCC
6172,9959,9960,40247,40248,4.201076513813103e-8,PE_PCC
6173,9960,9961,40248,40249,4.202328350276716e-8,PE_PCC
6174,9961,9962,40249,40250,4.203580186765777e-8,PE_PCC
6175,9962,9963,40250,40251,4.204832023280255e-8,PE_PCC
6176,9963,9964,40251,40252,4.2060838598252737e-8,PE_PCC
6177,9964,9965,40252,40253,4.2073356963956565e-8,PE_PCC
6178,9965,9966,40253,40254,4.2085875329913894e-8,PE_PCC
6179,9966,9967,40254,40255,4.209839369617589e-8,PE_PCC
6180,9967,9968,40255,40256,4.211091206269076e-8,PE_PCC
6181,9968,9969,40256,40257,4.2123430429458507e-8,PE_PCC
6182,9969,9970,40257,40258,4.2135948796530055e-8,PE_PCC
6183,9970,9971,40258,40259,4.214846716383668e-8,PE_PCC
6184,9971,9972,40259,40260,4.216098553144697e-8,PE_PCC
6185,9972,9973,40260,40261,4.2173503899308844e-8,PE_PCC
6186,9973,9974,40261,40262,4.218602226742231e-8,PE_PCC
6187,9974,9975,40262,40263,4.219854063583842e-8,PE_PCC
6188,9975,9976,40263,40264,4.2211059004505754e-8,PE_PCC
6189,9976,9977,40264,40265,4.222357737342382e-8,PE_PCC
6190,9977,9978,40265,40266,4.223609574264382e-8,PE_PCC
6191,9978,9979,40266,40267,4.224861411211408e-8,PE_PCC
6192,9979,9980,40267,40268,4.2261132481834844e-8,PE_PCC
6193,9980,9981,40268,40269,4.227365085185659e-8,PE_PCC
6194,9981,9982,40269,40270,4.228616922212789e-8,PE_PCC
6195,9982,9983,40270,40271,4.2298687592648985e-8,PE_PCC
6196,9983,9984,40271,40272,4.231120596347008e-8,PE_PCC
6197,9984,9985,40272,40273,4.23237243345407e-8,PE_PCC
6198,9985,9986,40273,40274,4.233624270585952e-8,PE_PCC
6199,9986,9987,40274,40275,4.234876107747864e-8,PE_PCC
6200,9987,9988,40275,40276,4.2361279449345556e-8,PE_PCC
6201,9988,9989,40276,40277,4.237379782146065e-8,PE_PCC
6202,9989,9990,40277,40278,4.238631619387504e-8,PE_PCC
6203,9990,9991,40278,40279,4.239883456653669e-8,PE_PCC
6204,9991,9992,40279,40280,4.241135293944566e-8,PE_PCC
6205,9992,9993,40280,40281,4.24238713126534e-8,PE_PCC
6206,9993,9994,40281,40282,4.2436389686107565e-8,PE_PCC
6207,9994,9995,40282,40283,4.244890805980848e-8,PE_PCC
6208,9995,9996,40283,40284,4.2461426433807185e-8,PE_PCC
6209,9996,9997,40284,40285,4.247394480803462e-8,PE_PCC
6210,9997,9998,40285,40286,4.248646318255973e-8,PE_PCC
6211,9998,9999,40286,40287,4.2498981557330315e-8,PE_PCC
6212,9999,10000,40287,40288,4.251149993234609e-8,PE_PCC
6213,10000,10001,40288,40289,4.2524018307658874e-8,PE_PCC
6214,10001,10002,40289,40290,4.253653668321638e-8,PE_PCC
6215,10002,10003,40290,40291,4.2549055059018444e-8,PE_PCC
6216,10003,10004,40291,40292,4.256157343511677e-8,PE_PCC
6217,10004,10005,40292,40293,4.257409181145918e-8,PE_PCC
6218,10005,10006,40293,40294,4.258661018804543e-8,PE_PCC
6219,10006,10007,40294,40295,4.259912856492724e-8,PE_PCC
6220,10007,10008,40295,40296,4.2611646942052426e-8,PE_PCC
6221,10008,10009,40296,40297,4.2624165319420804e-8,PE_PCC
6222,10009,10010,40297,40298,4.263668369708409e-8,PE_PCC
6223,10010,10011,40298,40299,4.264920207499e-8,PE_PCC
6224,10011,10012,40299,40300,4.266172045313834e-8,PE_PCC
6225,10012,10013,40300,40301,4.26742388315811e-8,PE_PCC
6226,10013,10014,40301,40302,4.268675721026564e-8,PE_PCC
6227,10014,10015,40302,40303,4.269927558919195e-8,PE_PCC
6228,10015,10016,40303,40304,4.271179396841203e-8,PE_PCC
6229,10016,10017,40304,40305,4.2724312347873175e-8,PE_PCC
6230,10017,10018,40305,40306,4.273683072757555e-8,PE_PCC
6231,10018,10019,40306,40307,4.274934910757064e-8,PE_PCC
6232,10019,10020,40307,40308,4.276186748778925e-8,PE_PCC
6233,10020,10021,40308,40309,4.277438586830024e-8,PE_PCC
6234,10021,10022,40309,40310,4.278690424905097e-8,PE_PCC
6235,10022,10023,40310,40311,4.279942263004215e-8,PE_PCC
6236,10023,10024,40311,40312,4.281194101132502e-8,PE_PCC
6237,10024,10025,40312,40313,4.282445939284722e-8,PE_PCC
6238,10025,10026,40313,40314,4.2836977774608756e-8,PE_PCC
6239,10026,10027,40314,40315,4.284949615666141e-8,PE_PCC
6240,10027,10028,40315,40316,4.286201453895269e-8,PE_PCC
6241,10028,10029,40316,40317,4.287453292148269e-8,PE_PCC
6242,10029,10030,40317,40318,4.2887051304303454e-8,PE_PCC
6243,10030,10031,40318,40319,4.289956968736166e-8,PE_PCC
6244,10031,10032,40319,40320,4.29120880706581e-8,PE_PCC
6245,10032,10033,40320,40321,4.29246064542444e-8,PE_PCC
6246,10033,10034,40321,40322,4.293712483806812e-8,PE_PCC
6247,10034,10035,40322,40323,4.2949643222129096e-8,PE_PCC
6248,10035,10036,40323,40324,4.296216160647906e-8,PE_PCC
6249,10036,10037,40324,40325,4.297467999106584e-8,PE_PCC
6250,10037,10038,40325,40326,4.2987198375889085e-8,PE_PCC
6251,10038,10039,40326,40327,4.2999716761001164e-8,PE_PCC
6252,10039,10040,40327,40328,4.3012235146348924e-8,PE_PCC
6253,10040,10041,40328,40329,4.3024753531932655e-8,PE_PCC
6254,10041,10042,40329,40330,4.303727191780446e-8,PE_PCC
6255,10042,10043,40330,40331,4.304979030389393e-8,PE_PCC
6256,10043,10044,40331,40332,4.3062308690271174e-8,PE_PCC
6257,10044,10045,40332,40333,4.3074827076883164e-8,PE_PCC
6258,10045,10046,40333,40334,4.308734546372985e-8,PE_PCC
6259,10046,10047,40334,40335,4.3099863850863556e-8,PE_PCC
6260,10047,10048,40335,40336,4.311238223823141e-8,PE_PCC
6261,10048,10049,40336,40337,4.312490062583323e-8,PE_PCC
6262,10049,10050,40337,40338,4.313741901372146e-8,PE_PCC
6263,10050,10051,40338,40339,4.314993740184318e-8,PE_PCC
6264,10051,10052,40339,40340,4.3162455790198164e-8,PE_PCC
6265,10052,10053,40340,40341,4.317497417883894e-8,PE_PCC
6266,10053,10054,40341,40342,4.318749256771256e-8,PE_PCC
6267,10054,10055,40342,40343,4.320001095681883e-8,PE_PCC
6268,10055,10056,40343,40344,4.321252934621012e-8,PE_PCC
6269,10056,10057,40344,40345,4.3225047735833744e-8,PE_PCC
6270,10057,10058,40345,40346,4.323756612568917e-8,PE_PCC
6271,10058,10059,40346,40347,4.325008451582923e-8,PE_PCC
6272,10059,10060,40347,40348,4.326260290620074e-8,PE_PCC
6273,10060,10061,40348,40349,4.327512129680355e-8,PE_PCC
6274,10061,10062,40349,40350,4.3287639687690225e-8,PE_PCC
6275,10062,10063,40350,40351,4.330015807880782e-8,PE_PCC
6276,10063,10064,40351,40352,4.3312676470155975e-8,PE_PCC
6277,10064,10065,40352,40353,4.3325194861787336e-8,PE_PCC
6278,10065,10066,40353,40354,4.3337713253649117e-8,PE_PCC
6279,10066,10067,40354,40355,4.335023164574073e-8,PE_PCC
6280,10067,10068,40355,40356,4.3362750038115016e-8,PE_PCC
6281,10068,10069,40356,40357,4.337526843070118e-8,PE_PCC
6282,10069,10070,40357,40358,4.338778682356959e-8,PE_PCC
6283,10070,10071,40358,40359,4.3400305216666964e-8,PE_PCC
6284,10071,10072,40359,40360,4.34128236099934e-8,PE_PCC
6285,10072,10073,40360,40361,4.342534200360132e-8,PE_PCC
6286,10073,10074,40361,40362,4.343786039743814e-8,PE_PCC
6287,10074,10075,40362,40363,4.345037879150252e-8,PE_PCC
6288,10075,10076,40363,40364,4.346289718584832e-8,PE_PCC
6289,10076,10077,40364,40365,4.3475415580421804e-8,PE_PCC
6290,10077,10078,40365,40366,4.3487933975222894e-8,PE_PCC
6291,10078,10079,40366,40367,4.350045237030442e-8,PE_PCC
6292,10079,10080,40367,40368,4.351297076561296e-8,PE_PCC
6293,10080,10081,40368,40369,4.3525489161148635e-8,PE_PCC
6294,10081,10082,40369,40370,4.3538007556963955e-8,PE_PCC
6295,10082,10083,40370,40371,4.3550525953005876e-8,PE_PCC
6296,10083,10084,40371,40372,4.3563044349273995e-8,PE_PCC
6297,10084,10085,40372,40373,4.3575562745821283e-8,PE_PCC
6298,10085,10086,40373,40374,4.358808114259463e-8,PE_PCC
6299,10086,10087,40374,40375,4.360059953959335e-8,PE_PCC
6300,10087,10088,40375,40376,4.3613117936870846e-8,PE_PCC
6301,10088,10089,40376,40377,4.362563633437348e-8,PE_PCC
6302,10089,10090,40377,40378,4.3638154732101164e-8,PE_PCC
6303,10090,10091,40378,40379,4.3650673130106805e-8,PE_PCC
6304,10091,10092,40379,40380,4.366319152831925e-8,PE_PCC
6305,10092,10093,40380,40381,4.367570992680937e-8,PE_PCC
6306,10093,10094,40381,40382,4.368822832552359e-8,PE_PCC
6307,10094,10095,40382,40383,4.370074672446171e-8,PE_PCC
6308,10095,10096,40383,40384,4.371326512367687e-8,PE_PCC
6309,10096,10097,40384,40385,4.3725783523115595e-8,PE_PCC
6310,10097,10098,40385,40386,4.3738301922777496e-8,PE_PCC
6311,10098,10099,40386,40387,4.3750820322715875e-8,PE_PCC
6312,10099,10100,40387,40388,4.3763338722877195e-8,PE_PCC
6313,10100,10101,40388,40389,4.377585712326101e-8,PE_PCC
6314,10101,10102,40389,40390,4.3788375523920806e-8,PE_PCC
6315,10102,10103,40390,40391,4.3800893924802846e-8,PE_PCC
6316,10103,10104,40391,40392,4.381341232590671e-8,PE_PCC
6317,10104,10105,40392,40393,4.3825930727286016e-8,PE_PCC
6318,10105,10106,40393,40394,4.3838449128886955e-8,PE_PCC
6319,10106,10107,40394,40395,4.385096753070905e-8,PE_PCC
6320,10107,10108,40395,40396,4.386348593280596e-8,PE_PCC
6321,10108,10109,40396,40397,4.387600433512382e-8,PE_PCC
6322,10109,10110,40397,40398,4.3888522737662455e-8,PE_PCC
6323,10110,10111,40398,40399,4.390104114047524e-8,PE_PCC
6324,10111,10112,40399,40400,4.3913559543508405e-8,PE_PCC
6325,10112,10113,40400,40401,4.392607794676127e-8,PE_PCC
6326,10113,10114,40401,40402,4.3938596350288177e-8,PE_PCC
6327,10114,10115,40402,40403,4.3951114754016756e-8,PE_PCC
6328,10115,10116,40403,40404,4.396363315801828e-8,PE_PCC
6329,10116,10117,40404,40405,4.3976151562239296e-8,PE_PCC
6330,10117,10118,40405,40406,4.3988669966679396e-8,PE_PCC
6331,10118,10119,40406,40407,4.400118837139182e-8,PE_PCC
6332,10119,10120,40407,40408,4.4013706776323436e-8,PE_PCC
6333,10120,10121,40408,40409,4.402622518147284e-8,PE_PCC
6334,10121,10122,40409,40410,4.403874358689477e-8,PE_PCC
6335,10122,10123,40410,40411,4.405126199253445e-8,PE_PCC
6336,10123,10124,40411,40412,4.406378039839209e-8,PE_PCC
6337,10124,10125,40412,40413,4.407629880452108e-8,PE_PCC
6338,10125,10126,40413,40414,4.408881721086754e-8,PE_PCC
6339,10126,10127,40414,40415,4.4101335617431296e-8,PE_PCC
6340,10127,10128,40415,40416,4.411385402426586e-8,PE_PCC
6341,10128,10129,40416,40417,4.412637243131713e-8,PE_PCC
6342,10129,10130,40417,40418,4.413889083858503e-8,PE_PCC
6343,10130,10131,40418,40419,4.4151409246123274e-8,PE_PCC
6344,10131,10132,40419,40420,4.416392765387773e-8,PE_PCC
6345,10132,10133,40420,40421,4.4176446061848196e-8,PE_PCC
6346,10133,10134,40421,40422,4.418896447008827e-8,PE_PCC
6347,10134,10135,40422,40423,4.420148287854401e-8,PE_PCC
6348,10135,10136,40423,40424,4.421400128721512e-8,PE_PCC
6349,10136,10137,40424,40425,4.422651969615538e-8,PE_PCC
6350,10137,10138,40425,40426,4.42390381053106e-8,PE_PCC
6351,10138,10139,40426,40427,4.4251556514680594e-8,PE_PCC
6352,10139,10140,40427,40428,4.426407492431918e-8,PE_PCC
6353,10140,10141,40428,40429,4.427659333415413e-8,PE_PCC
6354,10141,10142,40429,40430,4.42891117442573e-8,PE_PCC
6355,10142,10143,40430,40431,4.4301630154574424e-8,PE_PCC
6356,10143,10144,40431,40432,4.4314148565105287e-8,PE_PCC
6357,10144,10145,40432,40433,4.432666697590385e-8,PE_PCC
6358,10145,10146,40433,40434,4.4339185386915777e-8,PE_PCC
6359,10146,10147,40434,40435,4.435170379814077e-8,PE_PCC
6360,10147,10148,40435,40436,4.4364222209632936e-8,PE_PCC
6361,10148,10149,40436,40437,4.4376740621337906e-8,PE_PCC
6362,10149,10150,40437,40438,4.4389259033255395e-8,PE_PCC
6363,10150,10151,40438,40439,4.440177744543924e-8,PE_PCC
6364,10151,10152,40439,40440,4.441429585783558e-8,PE_PCC
6365,10152,10153,40440,40441,4.442681427044362e-8,PE_PCC
6366,10153,10154,40441,40442,4.443933268331771e-8,PE_PCC
6367,10154,10155,40442,40443,4.445185109640352e-8,PE_PCC
6368,10155,10156,40443,40444,4.446436950970038e-8,PE_PCC
6369,10156,10157,40444,40445,4.4476887923262977e-8,PE_PCC
6370,10157,10158,40445,40446,4.4489406337036335e-8,PE_PCC
6371,10158,10159,40446,40447,4.4501924751020525e-8,PE_PCC
6372,10159,10160,40447,40448,4.451444316526974e-8,PE_PCC
6373,10160,10161,40448,40449,4.452696157972914e-8,PE_PCC
6374,10161,10162,40449,40450,4.4539479994398757e-8,PE_PCC
6375,10162,10163,40450,40451,4.455199840933254e-8,PE_PCC
6376,10163,10164,40451,40452,4.4564516824458335e-8,PE_PCC
6377,10164,10165,40452,40453,4.4577035239847706e-8,PE_PCC
6378,10165,10166,40453,40454,4.458955365544694e-8,PE_PCC
6379,10166,10167,40454,40455,4.460207207125497e-8,PE_PCC
6380,10167,10168,40455,40456,4.461459048732642e-8,PE_PCC
6381,10168,10169,40456,40457,4.462710890360693e-8,PE_PCC
6382,10169,10170,40457,40458,4.4639627320096e-8,PE_PCC
6383,10170,10171,40458,40459,4.4652145736847664e-8,PE_PCC
6384,10171,10172,40459,40460,4.46646641538078e-8,PE_PCC
6385,10172,10173,40460,40461,4.4677182570975846e-8,PE_PCC
6386,10173,10174,40461,40462,4.468970098840626e-8,PE_PCC
6387,10174,10175,40462,40463,4.470221940604439e-8,PE_PCC
6388,10175,10176,40463,40464,4.471473782388972e-8,PE_PCC
6389,10176,10177,40464,40465,4.4727256241997025e-8,PE_PCC
6390,10177,10178,40465,40466,4.4739774660311366e-8,PE_PCC
6391,10178,10179,40466,40467,4.47522930788325e-8,PE_PCC
6392,10179,10180,40467,40468,4.476481149761491e-8,PE_PCC
6393,10180,10181,40468,40469,4.47773299166038e-8,PE_PCC
6394,10181,10182,40469,40470,4.4789848335798923e-8,PE_PCC
6395,10182,10183,40470,40471,4.4802366755254814e-8,PE_PCC
6396,10183,10184,40471,40472,4.481488517491656e-8,PE_PCC
6397,10184,10185,40472,40473,4.4827403594783996e-8,PE_PCC
6398,10185,10186,40473,40474,4.483992201491161e-8,PE_PCC
6399,10186,10187,40474,40475,4.485244043524452e-8,PE_PCC
6400,10187,10188,40475,40476,4.486495885578261e-8,PE_PCC
6401,10188,10189,40476,40477,4.48774772765803e-8,PE_PCC
6402,10189,10190,40477,40478,4.488999569756445e-8,PE_PCC
6403,10190,10191,40478,40479,4.490251411880802e-8,PE_PCC
6404,10191,10192,40479,40480,4.491503254025582e-8,PE_PCC
6405,10192,10193,40480,40481,4.492755096190774e-8,PE_PCC
6406,10193,10194,40481,40482,4.494006938381851e-8,PE_PCC
6407,10194,10195,40482,40483,4.495258780593305e-8,PE_PCC
6408,10195,10196,40483,40484,4.496510622825126e-8,PE_PCC
6409,10196,10197,40484,40485,4.497762465082754e-8,PE_PCC
6410,10197,10198,40485,40486,4.4990143073607207e-8,PE_PCC
6411,10198,10199,40486,40487,4.500266149658968e-8,PE_PCC
6412,10199,10200,40487,40488,4.501517991983008e-8,PE_PCC
6413,10200,10201,40488,40489,4.5027698343273e-8,PE_PCC
6414,10201,10202,40489,40490,4.504021676691831e-8,PE_PCC
6415,10202,10203,40490,40491,4.505273519082105e-8,PE_PCC
6416,10203,10204,40491,40492,4.506525361492556e-8,PE_PCC
6417,10204,10205,40492,40493,4.5077772039232344e-8,PE_PCC
6418,10205,10206,40493,40494,4.509029046379525e-8,PE_PCC
6419,10206,10207,40494,40495,4.510280888856017e-8,PE_PCC
6420,10207,10208,40495,40496,4.511532731352624e-8,PE_PCC
6421,10208,10209,40496,40497,4.512784573874839e-8,PE_PCC
6422,10209,10210,40497,40498,4.514036416417148e-8,PE_PCC
6423,10210,10211,40498,40499,4.515288258979542e-8,PE_PCC
6424,10211,10212,40499,40500,4.5165401015674854e-8,PE_PCC
6425,10212,10213,40500,40501,4.517791944173646e-8,PE_PCC
6426,10213,10214,40501,40502,4.5190437868053314e-8,PE_PCC
6427,10214,10215,40502,40503,4.520295629457021e-8,PE_PCC
6428,10215,10216,40503,40504,4.521547472128685e-8,PE_PCC
6429,10216,10217,40504,40505,4.5227993148258216e-8,PE_PCC
6430,10217,10218,40505,40506,4.524051157542926e-8,PE_PCC
6431,10218,10219,40506,40507,4.525303000279927e-8,PE_PCC
6432,10219,10220,40507,40508,4.5265548430423774e-8,PE_PCC
6433,10220,10221,40508,40509,4.52780668582472e-8,PE_PCC
6434,10221,10222,40509,40510,4.529058528626915e-8,PE_PCC
6435,10222,10223,40510,40511,4.530310371454492e-8,PE_PCC
6436,10223,10224,40511,40512,4.531562214301912e-8,PE_PCC
6437,10224,10225,40512,40513,4.5328140571691294e-8,PE_PCC
6438,10225,10226,40513,40514,4.5340659000616854e-8,PE_PCC
6439,10226,10227,40514,40515,4.535317742974019e-8,PE_PCC
6440,10227,10228,40515,40516,4.536569585906107e-8,PE_PCC
6441,10228,10229,40516,40517,4.537821428863475e-8,PE_PCC
6442,10229,10230,40517,40518,4.5390732718405654e-8,PE_PCC
6443,10230,10231,40518,40519,4.540325114837354e-8,PE_PCC
6444,10231,10232,40519,40520,4.541576957859374e-8,PE_PCC
6445,10232,10233,40520,40521,4.542828800901058e-8,PE_PCC
6446,10233,10234,40521,40522,4.544080643962393e-8,PE_PCC
6447,10234,10235,40522,40523,4.545332487048905e-8,PE_PCC
6448,10235,10236,40523,40524,4.546584330153174e-8,PE_PCC
6449,10236,10237,40524,40525,4.5478361732825905e-8,PE_PCC
6450,10237,10238,40525,40526,4.549088016431573e-8,PE_PCC
6451,10238,10239,40526,40527,4.550339859600134e-8,PE_PCC
6452,10239,10240,40527,40528,4.5515917027937806e-8,PE_PCC
6453,10240,10241,40528,40529,4.5528435460069345e-8,PE_PCC
6454,10241,10242,40529,40530,4.5540953892395974e-8,PE_PCC
6455,10242,10243,40530,40531,4.555347232497318e-8,PE_PCC
6456,10243,10244,40531,40532,4.556599075774474e-8,PE_PCC
6457,10244,10245,40532,40533,4.5578509190711195e-8,PE_PCC
6458,10245,10246,40533,40534,4.559102762392717e-8,PE_PCC
6459,10246,10247,40534,40535,4.560354605733765e-8,PE_PCC
6460,10247,10248,40535,40536,4.5616064490941756e-8,PE_PCC
6461,10248,10249,40536,40537,4.5628582924795525e-8,PE_PCC
6462,10249,10250,40537,40538,4.564110135884269e-8,PE_PCC
6463,10250,10251,40538,40539,4.565361979308331e-8,PE_PCC
6464,10251,10252,40539,40540,4.566613822757325e-8,PE_PCC
6465,10252,10253,40540,40541,4.567865666225572e-8,PE_PCC
6466,10253,10254,40541,40542,4.569117509713119e-8,PE_PCC
6467,10254,10255,40542,40543,4.57036935322552e-8,PE_PCC
6468,10255,10256,40543,40544,4.571621196757182e-8,PE_PCC
6469,10256,10257,40544,40545,4.5728730403080545e-8,PE_PCC
6470,10257,10258,40545,40546,4.574124883883736e-8,PE_PCC
6471,10258,10259,40546,40547,4.5753767274786087e-8,PE_PCC
6472,10259,10260,40547,40548,4.57662857109267e-8,PE_PCC
6473,10260,10261,40548,40549,4.577880414731481e-8,PE_PCC
6474,10261,10262,40549,40550,4.579132258387561e-8,PE_PCC
6475,10262,10263,40550,40551,4.580384102068366e-8,PE_PCC
6476,10263,10264,40551,40552,4.581635945768271e-8,PE_PCC
6477,10264,10265,40552,40553,4.5828877894872816e-8,PE_PCC
6478,10265,10266,40553,40554,4.5841396332309435e-8,PE_PCC
6479,10266,10267,40554,40555,4.585391476993672e-8,PE_PCC
6480,10267,10268,40555,40556,4.5866433207754336e-8,PE_PCC
6481,10268,10269,40556,40557,4.587895164581817e-8,PE_PCC
6482,10269,10270,40557,40558,4.589147008407198e-8,PE_PCC
6483,10270,10271,40558,40559,4.590398852251567e-8,PE_PCC
6484,10271,10272,40559,40560,4.591650696120507e-8,PE_PCC
6485,10272,10273,40560,40561,4.592902540008399e-8,PE_PCC
6486,10273,10274,40561,40562,4.59415438391522e-8,PE_PCC
6487,10274,10275,40562,40563,4.595406227846566e-8,PE_PCC
6488,10275,10276,40563,40564,4.5966580717968084e-8,PE_PCC
6489,10276,10277,40564,40565,4.597909915765935e-8,PE_PCC
6490,10277,10278,40565,40566,4.599161759759525e-8,PE_PCC
6491,10278,10279,40566,40567,4.600413603771971e-8,PE_PCC
6492,10279,10280,40567,40568,4.60166544780324e-8,PE_PCC
6493,10280,10281,40568,40569,4.602917291858942e-8,PE_PCC
6494,10281,10282,40569,40570,4.6041691359334266e-8,PE_PCC
6495,10282,10283,40570,40571,4.6054209800267e-8,PE_PCC
6496,10283,10284,40571,40572,4.606672824144343e-8,PE_PCC
6497,10284,10285,40572,40573,4.6079246682788545e-8,PE_PCC
6498,10285,10286,40573,40574,4.6091765124377135e-8,PE_PCC
6499,10286,10287,40574,40575,4.610428356615279e-8,PE_PCC
6500,10287,10288,40575,40576,4.6116802008115474e-8,PE_PCC
6501,10288,10289,40576,40577,4.61293204503209e-8,PE_PCC
6502,10289,10290,40577,40578,4.614183889271302e-8,PE_PCC
6503,10290,10291,40578,40579,4.6154357335291615e-8,PE_PCC
6504,10291,10292,40579,40580,4.616687577811245e-8,PE_PCC
6505,10292,10293,40580,40581,4.617939422111977e-8,PE_PCC
6506,10293,10294,40581,40582,4.619191266431246e-8,PE_PCC
6507,10294,10295,40582,40583,4.620443110774766e-8,PE_PCC
6508,10295,10296,40583,40584,4.62169495513679e-8,PE_PCC
6509,10296,10297,40584,40585,4.6229467995174004e-8,PE_PCC
6510,10297,10298,40585,40586,4.624198643922121e-8,PE_PCC
6511,10298,10299,40586,40587,4.625450488345389e-8,PE_PCC
6512,10299,10300,40587,40588,4.626702332787096e-8,PE_PCC
6513,10300,10301,40588,40589,4.627954177252956e-8,PE_PCC
6514,10301,10302,40589,40590,4.629206021737246e-8,PE_PCC
6515,10302,10303,40590,40591,4.6304578662399486e-8,PE_PCC
6516,10303,10304,40591,40592,4.6317097107667594e-8,PE_PCC
6517,10304,10305,40592,40593,4.632961555311938e-8,PE_PCC
6518,10305,10306,40593,40594,4.634213399875516e-8,PE_PCC
6519,10306,10307,40594,40595,4.635465244463096e-8,PE_PCC
6520,10307,10308,40595,40596,4.6367170890671504e-8,PE_PCC
6521,10308,10309,40596,40597,4.637968933695202e-8,PE_PCC
6522,10309,10310,40597,40598,4.639220778341551e-8,PE_PCC
6523,10310,10311,40598,40599,4.6404726230062e-8,PE_PCC
6524,10311,10312,40599,40600,4.641724467694809e-8,PE_PCC
6525,10312,10313,40600,40601,4.642976312401659e-8,PE_PCC
6526,10313,10314,40601,40602,4.6442281571267726e-8,PE_PCC
6527,10314,10315,40602,40603,4.645480001875773e-8,PE_PCC
6528,10315,10316,40603,40604,4.6467318466429946e-8,PE_PCC
6529,10316,10317,40604,40605,4.647983691428406e-8,PE_PCC
6530,10317,10318,40605,40606,4.649235536237672e-8,PE_PCC
6531,10318,10319,40606,40607,4.650487381065104e-8,PE_PCC
6532,10319,10320,40607,40608,4.651739225910679e-8,PE_PCC
6533,10320,10321,40608,40609,4.6529910707800575e-8,PE_PCC
6534,10321,10322,40609,40610,4.654242915667553e-8,PE_PCC
6535,10322,10323,40610,40611,4.6554947605731494e-8,PE_PCC
6536,10323,10324,40611,40612,4.656746605502493e-8,PE_PCC
6537,10324,10325,40612,40613,4.6579984504499135e-8,PE_PCC
6538,10325,10326,40613,40614,4.659250295415376e-8,PE_PCC
6539,10326,10327,40614,40615,4.6605021404045505e-8,PE_PCC
6540,10327,10328,40615,40616,4.661753985411749e-8,PE_PCC
6541,10328,10329,40616,40617,4.663005830436934e-8,PE_PCC
6542,10329,10330,40617,40618,4.664257675485779e-8,PE_PCC
6543,10330,10331,40618,40619,4.665509520552607e-8,PE_PCC
6544,10331,10332,40619,40620,4.666761365637396e-8,PE_PCC
6545,10332,10333,40620,40621,4.6680132107457704e-8,PE_PCC
6546,10333,10334,40621,40622,4.6692650558701815e-8,PE_PCC
6547,10334,10335,40622,40623,4.6705169010182e-8,PE_PCC
6548,10335,10336,40623,40624,4.671768746184068e-8,PE_PCC
6549,10336,10337,40624,40625,4.673020591367846e-8,PE_PCC
6550,10337,10338,40625,40626,4.6742724365751436e-8,PE_PCC
6551,10338,10339,40626,40627,4.675524281800269e-8,PE_PCC
6552,10339,10340,40627,40628,4.676776127043231e-8,PE_PCC
6553,10340,10341,40628,40629,4.6780279723096865e-8,PE_PCC
6554,10341,10342,40629,40630,4.679279817593926e-8,PE_PCC
6555,10342,10343,40630,40631,4.680531662895943e-8,PE_PCC
6556,10343,10344,40631,40632,4.6817835082214196e-8,PE_PCC
6557,10344,10345,40632,40633,4.683035353564614e-8,PE_PCC
6558,10345,10346,40633,40634,4.684287198925556e-8,PE_PCC
6559,10346,10347,40634,40635,4.685539044309891e-8,PE_PCC
6560,10347,10348,40635,40636,4.686790889711916e-8,PE_PCC
6561,10348,10349,40636,40637,4.688042735131617e-8,PE_PCC
6562,10349,10350,40637,40638,4.6892945805746994e-8,PE_PCC
6563,10350,10351,40638,40639,4.690546426035398e-8,PE_PCC
6564,10351,10352,40639,40640,4.691798271513734e-8,PE_PCC
6565,10352,10353,40640,40641,4.693050117015391e-8,PE_PCC
6566,10353,10354,40641,40642,4.6943019625346526e-8,PE_PCC
6567,10354,10355,40642,40643,4.695553808071463e-8,PE_PCC
6568,10355,10356,40643,40644,4.696805653631587e-8,PE_PCC
6569,10356,10357,40644,40645,4.698057499207312e-8,PE_PCC
6570,10357,10358,40645,40646,4.699309344806313e-8,PE_PCC
6571,10358,10359,40646,40647,4.700561190422822e-8,PE_PCC
6572,10359,10360,40647,40648,4.701813036056818e-8,PE_PCC
6573,10360,10361,40648,40649,4.703064881714031e-8,PE_PCC
6574,10361,10362,40649,40650,4.704316727388704e-8,PE_PCC
6575,10362,10363,40650,40651,4.70556857308082e-8,PE_PCC
6576,10363,10364,40651,40652,4.706820418796109e-8,PE_PCC
6577,10364,10365,40652,40653,4.70807226452881e-8,PE_PCC
6578,10365,10366,40653,40654,4.7093241102789054e-8,PE_PCC
6579,10366,10367,40654,40655,4.7105759560521284e-8,PE_PCC
6580,10367,10368,40655,40656,4.711827801842725e-8,PE_PCC
6581,10368,10369,40656,40657,4.7130796476506565e-8,PE_PCC
6582,10369,10370,40657,40658,4.714331493481678e-8,PE_PCC
6583,10370,10371,40658,40659,4.715583339330022e-8,PE_PCC
6584,10371,10372,40659,40660,4.71683518519567e-8,PE_PCC
6585,10372,10373,40660,40661,4.718087031084339e-8,PE_PCC
6586,10373,10374,40661,40662,4.719338876990309e-8,PE_PCC
6587,10374,10375,40662,40663,4.7205907229135084e-8,PE_PCC
6588,10375,10376,40663,40664,4.721842568859709e-8,PE_PCC
6589,10376,10377,40664,40665,4.723094414823147e-8,PE_PCC
6590,10377,10378,40665,40666,4.724346260803774e-8,PE_PCC
6591,10378,10379,40666,40667,4.7255981068073696e-8,PE_PCC
6592,10379,10380,40667,40668,4.726849952826223e-8,PE_PCC
6593,10380,10381,40668,40669,4.7281017988679826e-8,PE_PCC
6594,10381,10382,40669,40670,4.72935364492691e-8,PE_PCC
6595,10382,10383,40670,40671,4.730605491002953e-8,PE_PCC
6596,10383,10384,40671,40672,4.731857337101877e-8,PE_PCC
6597,10384,10385,40672,40673,4.7331091832179055e-8,PE_PCC
6598,10385,10386,40673,40674,4.7343610293510275e-8,PE_PCC
6599,10386,10387,40674,40675,4.735612875506975e-8,PE_PCC
6600,10387,10388,40675,40676,4.736864721679968e-8,PE_PCC
6601,10388,10389,40676,40677,4.738116567870039e-8,PE_PCC
6602,10389,10390,40677,40678,4.73936841408284e-8,PE_PCC
6603,10390,10391,40678,40679,4.7406202603127023e-8,PE_PCC
6604,10391,10392,40679,40680,4.741872106559542e-8,PE_PCC
6605,10392,10393,40680,40681,4.743123952829131e-8,PE_PCC
6606,10393,10394,40681,40682,4.74437579911566e-8,PE_PCC
6607,10394,10395,40682,40683,4.7456276454191765e-8,PE_PCC
6608,10395,10396,40683,40684,4.746879491745369e-8,PE_PCC
6609,10396,10397,40684,40685,4.748131338088493e-8,PE_PCC
6610,10397,10398,40685,40686,4.74938318444851e-8,PE_PCC
6611,10398,10399,40686,40687,4.750635030831202e-8,PE_PCC
6612,10399,10400,40687,40688,4.751886877230759e-8,PE_PCC
6613,10400,10401,40688,40689,4.7531387236471645e-8,PE_PCC
6614,10401,10402,40689,40690,4.7543905700862065e-8,PE_PCC
6615,10402,10403,40690,40691,4.755642416542064e-8,PE_PCC
6616,10403,10404,40691,40692,4.756894263014721e-8,PE_PCC
6617,10404,10405,40692,40693,4.758146109509984e-8,PE_PCC
6618,10405,10406,40693,40694,4.7593979560200777e-8,PE_PCC
6619,10406,10407,40694,40695,4.7606498025527346e-8,PE_PCC
6620,10407,10408,40695,40696,4.761901649102137e-8,PE_PCC
6621,10408,10409,40696,40697,4.763153495668265e-8,PE_PCC
6622,10409,10410,40697,40698,4.76440534225692e-8,PE_PCC
6623,10410,10411,40698,40699,4.765657188862272e-8,PE_PCC
6624,10411,10412,40699,40700,4.766909035484298e-8,PE_PCC
6625,10412,10413,40700,40701,4.7681608821288166e-8,PE_PCC
6626,10413,10414,40701,40702,4.7694127287899796e-8,PE_PCC
6627,10414,10415,40702,40703,4.770664575467786e-8,PE_PCC
6628,10415,10416,40703,40704,4.771916422168026e-8,PE_PCC
6629,10416,10417,40704,40705,4.773168268884886e-8,PE_PCC
6630,10417,10418,40705,40706,4.7744201156183216e-8,PE_PCC
6631,10418,10419,40706,40707,4.775671962374159e-8,PE_PCC
6632,10419,10420,40707,40708,4.7769238091465747e-8,PE_PCC
6633,10420,10421,40708,40709,4.778175655935527e-8,PE_PCC
6634,10421,10422,40709,40710,4.779427502746826e-8,PE_PCC
6635,10422,10423,40710,40711,4.780679349574649e-8,PE_PCC
6636,10423,10424,40711,40712,4.781931196419e-8,PE_PCC
6637,10424,10425,40712,40713,4.783183043285643e-8,PE_PCC
6638,10425,10426,40713,40714,4.7844348901687497e-8,PE_PCC
6639,10426,10427,40714,40715,4.785686737068339e-8,PE_PCC
6640,10427,10428,40715,40716,4.78693858399017e-8,PE_PCC
6641,10428,10429,40716,40717,4.788190430926515e-8,PE_PCC
6642,10429,10430,40717,40718,4.7894422778850965e-8,PE_PCC
6643,10430,10431,40718,40719,4.7906941248600985e-8,PE_PCC
6644,10431,10432,40719,40720,4.791945971851448e-8,PE_PCC
6645,10432,10433,40720,40721,4.793197818865029e-8,PE_PCC
6646,10433,10434,40721,40722,4.79444966589497e-8,PE_PCC
6647,10434,10435,40722,40723,4.7957015129412154e-8,PE_PCC
6648,10435,10436,40723,40724,4.796953360009674e-8,PE_PCC
6649,10436,10437,40724,40725,4.798205207094409e-8,PE_PCC
6650,10437,10438,40725,40726,4.799457054195439e-8,PE_PCC
6651,10438,10439,40726,40727,4.800708901318626e-8,PE_PCC
6652,10439,10440,40727,40728,4.8019607484580653e-8,PE_PCC
6653,10440,10441,40728,40729,4.8032125956137355e-8,PE_PCC
6654,10441,10442,40729,40730,4.804464442791512e-8,PE_PCC
6655,10442,10443,40730,40731,4.805716289985526e-8,PE_PCC
6656,10443,10444,40731,40732,4.806968137195703e-8,PE_PCC
6657,10444,10445,40732,40733,4.808219984427966e-8,PE_PCC
6658,10445,10446,40733,40734,4.809471831676388e-8,PE_PCC
6659,10446,10447,40734,40735,4.810723678940981e-8,PE_PCC
6660,10447,10448,40735,40736,4.811975526227584e-8,PE_PCC
6661,10448,10449,40736,40737,4.8132273735303136e-8,PE_PCC
6662,10449,10450,40737,40738,4.8144792208491606e-8,PE_PCC
6663,10450,10451,40738,40739,4.815731068189989e-8,PE_PCC
6664,10451,10452,40739,40740,4.8169829155468976e-8,PE_PCC
6665,10452,10453,40740,40741,4.8182347629198806e-8,PE_PCC
6666,10453,10454,40741,40742,4.819486610314801e-8,PE_PCC
6667,10454,10455,40742,40743,4.8207384577238024e-8,PE_PCC
6668,10455,10456,40743,40744,4.821990305154714e-8,PE_PCC
6669,10456,10457,40744,40745,4.8232421526016443e-8,PE_PCC
6670,10457,10458,40745,40746,4.8244940000645724e-8,PE_PCC
6671,10458,10459,40746,40747,4.8257458475493645e-8,PE_PCC
6672,10459,10460,40747,40748,4.826997695050137e-8,PE_PCC
6673,10460,10461,40748,40749,4.828249542566867e-8,PE_PCC
6674,10461,10462,40749,40750,4.829501390105415e-8,PE_PCC
6675,10462,10463,40750,40751,4.83075323765989e-8,PE_PCC
6676,10463,10464,40751,40752,4.8320050852303e-8,PE_PCC
6677,10464,10465,40752,40753,4.8332569328224855e-8,PE_PCC
6678,10465,10466,40753,40754,4.83450878043057e-8,PE_PCC
6679,10466,10467,40754,40755,4.835760628054495e-8,PE_PCC
6680,10467,10468,40755,40756,4.8370124757002135e-8,PE_PCC
6681,10468,10469,40756,40757,4.8382643233617556e-8,PE_PCC
6682,10469,10470,40757,40758,4.839516171039117e-8,PE_PCC
6683,10470,10471,40758,40759,4.8407680187382015e-8,PE_PCC
6684,10471,10472,40759,40760,4.84201986645308e-8,PE_PCC
6685,10472,10473,40760,40761,4.8432717141837494e-8,PE_PCC
6686,10473,10474,40761,40762,4.8445235619360894e-8,PE_PCC
6687,10474,10475,40762,40763,4.8457754097042166e-8,PE_PCC
6688,10475,10476,40763,40764,4.8470272574880266e-8,PE_PCC
6689,10476,10477,40764,40765,4.848279105293513e-8,PE_PCC
6690,10477,10478,40765,40766,4.8495309531127484e-8,PE_PCC
6691,10478,10479,40766,40767,4.850782800953575e-8,PE_PCC
6692,10479,10480,40767,40768,4.852034648810096e-8,PE_PCC
6693,10480,10481,40768,40769,4.8532864966823085e-8,PE_PCC
6694,10481,10482,40769,40770,4.854538344576045e-8,PE_PCC
6695,10482,10483,40770,40771,4.8557901924854737e-8,PE_PCC
6696,10483,10484,40771,40772,4.857042040410514e-8,PE_PCC
6697,10484,10485,40772,40773,4.858293888357079e-8,PE_PCC
6698,10485,10486,40773,40774,4.8595457363192696e-8,PE_PCC
6699,10486,10487,40774,40775,4.860797584297023e-8,PE_PCC
6700,10487,10488,40775,40776,4.862049432296295e-8,PE_PCC
6701,10488,10489,40776,40777,4.8633012803111066e-8,PE_PCC
6702,10489,10490,40777,40778,4.864553128341476e-8,PE_PCC
6703,10490,10491,40778,40779,4.865804976393301e-8,PE_PCC
6704,10491,10492,40779,40780,4.867056824460651e-8,PE_PCC
6705,10492,10493,40780,40781,4.868308672543495e-8,PE_PCC
6706,10493,10494,40781,40782,4.8695605206477626e-8,PE_PCC
6707,10494,10495,40782,40783,4.870812368767508e-8,PE_PCC
6708,10495,10496,40783,40784,4.872064216902708e-8,PE_PCC
6709,10496,10497,40784,40785,4.873316065059303e-8,PE_PCC
6710,10497,10498,40785,40786,4.8745679132313275e-8,PE_PCC
6711,10498,10499,40786,40787,4.8758197614187665e-8,PE_PCC
6712,10499,10500,40787,40788,4.877071609627563e-8,PE_PCC
6713,10500,10501,40788,40789,4.878323457849754e-8,PE_PCC
6714,10501,10502,40789,40790,4.87957530609329e-8,PE_PCC
6715,10502,10503,40790,40791,4.880827154352172e-8,PE_PCC
6716,10503,10504,40791,40792,4.88207900262641e-8,PE_PCC
6717,10504,10505,40792,40793,4.8833308509219436e-8,PE_PCC
6718,10505,10506,40793,40794,4.8845826992327794e-8,PE_PCC
6719,10506,10507,40794,40795,4.885834547558942e-8,PE_PCC
6720,10507,10508,40795,40796,4.887086395906343e-8,PE_PCC
6721,10508,10509,40796,40797,4.8883382442690405e-8,PE_PCC
6722,10509,10510,40797,40798,4.889590092646979e-8,PE_PCC
6723,10510,10511,40798,40799,4.8908419410461567e-8,PE_PCC
6724,10511,10512,40799,40800,4.8920937894605595e-8,PE_PCC
6725,10512,10513,40800,40801,4.893345637890193e-8,PE_PCC
6726,10513,10514,40801,40802,4.894597486340997e-8,PE_PCC
6727,10514,10515,40802,40803,4.8958493348069875e-8,PE_PCC
6728,10515,10516,40803,40804,4.897101183288204e-8,PE_PCC
6729,10516,10517,40804,40805,4.898353031790524e-8,PE_PCC
6730,10517,10518,40805,40806,4.899604880308012e-8,PE_PCC
6731,10518,10519,40806,40807,4.900856728840642e-8,PE_PCC
6732,10519,10520,40807,40808,4.9021085773943775e-8,PE_PCC
6733,10520,10521,40808,40809,4.903360425963234e-8,PE_PCC
6734,10521,10522,40809,40810,4.9046122745471785e-8,PE_PCC
6735,10522,10523,40810,40811,4.905864123152218e-8,PE_PCC
6736,10523,10524,40811,40812,4.9071159717723036e-8,PE_PCC
6737,10524,10525,40812,40813,4.9083678204074564e-8,PE_PCC
6738,10525,10526,40813,40814,4.909619669063673e-8,PE_PCC
6739,10526,10527,40814,40815,4.910871517732878e-8,PE_PCC
6740,10527,10528,40815,40816,4.9121233664231185e-8,PE_PCC
6741,10528,10529,40816,40817,4.9133752151283766e-8,PE_PCC
6742,10529,10530,40817,40818,4.9146270638486145e-8,PE_PCC
6743,10530,10531,40818,40819,4.915878912589821e-8,PE_PCC
6744,10531,10532,40819,40820,4.917130761346008e-8,PE_PCC
6745,10532,10533,40820,40821,4.9183826101171286e-8,PE_PCC
6746,10533,10534,40821,40822,4.919634458909214e-8,PE_PCC
6747,10534,10535,40822,40823,4.9208863077161995e-8,PE_PCC
6748,10535,10536,40823,40824,4.922138156538111e-8,PE_PCC
6749,10536,10537,40824,40825,4.92339000538092e-8,PE_PCC
6750,10537,10538,40825,40826,4.9246418542386123e-8,PE_PCC
6751,10538,10539,40826,40827,4.925893703111192e-8,PE_PCC
6752,10539,10540,40827,40828,4.927145552004618e-8,PE_PCC
6753,10540,10541,40828,40829,4.9283974009129035e-8,PE_PCC
6754,10541,10542,40829,40830,4.9296492498360144e-8,PE_PCC
6755,10542,10543,40830,40831,4.93090109877996e-8,PE_PCC
6756,10543,10544,40831,40832,4.932152947738709e-8,PE_PCC
6757,10544,10545,40832,40833,4.9334047967122475e-8,PE_PCC
6758,10545,10546,40833,40834,4.93465664570659e-8,PE_PCC
6759,10546,10547,40834,40835,4.935908494715693e-8,PE_PCC
6760,10547,10548,40835,40836,4.937160343739543e-8,PE_PCC
6761,10548,10549,40836,40837,4.9384121927841634e-8,PE_PCC
6762,10549,10550,40837,40838,4.939664041841496e-8,PE_PCC
6763,10550,10551,40838,40839,4.9409158909195696e-8,PE_PCC
6764,10551,10552,40839,40840,4.942167740012344e-8,PE_PCC
6765,10552,10553,40840,40841,4.9434195891197964e-8,PE_PCC
6766,10553,10554,40841,40842,4.944671438247961e-8,PE_PCC
6767,10554,10555,40842,40843,4.945923287390777e-8,PE_PCC
6768,10555,10556,40843,40844,4.947175136548241e-8,PE_PCC
6769,10556,10557,40844,40845,4.948426985726383e-8,PE_PCC
6770,10557,10558,40845,40846,4.9496788349191326e-8,PE_PCC
6771,10558,10559,40846,40847,4.950930684126484e-8,PE_PCC
6772,10559,10560,40847,40848,4.952182533354488e-8,PE_PCC
6773,10560,10561,40848,40849,4.9534343825970665e-8,PE_PCC
6774,10561,10562,40849,40850,4.9546862318542135e-8,PE_PCC
6775,10562,10563,40850,40851,4.955938081131946e-8,PE_PCC
6776,10563,10564,40851,40852,4.9571899304242204e-8,PE_PCC
6777,10564,10565,40852,40853,4.9584417797310445e-8,PE_PCC
6778,10565,10566,40853,40854,4.959693629058418e-8,PE_PCC
6779,10566,10567,40854,40855,4.9609454784002834e-8,PE_PCC
6780,10567,10568,40855,40856,4.9621973277566596e-8,PE_PCC
6781,10568,10569,40856,40857,4.963449177133561e-8,PE_PCC
6782,10569,10570,40857,40858,4.964701026524917e-8,PE_PCC
6783,10570,10571,40858,40859,4.965952875930717e-8,PE_PCC
6784,10571,10572,40859,40860,4.967204725357034e-8,PE_PCC
6785,10572,10573,40860,40861,4.968456574795741e-8,PE_PCC
6786,10573,10574,40861,40862,4.9697084242549326e-8,PE_PCC
6787,10574,10575,40862,40863,4.970960273728511e-8,PE_PCC
6788,10575,10576,40863,40864,4.972212123216472e-8,PE_PCC
6789,10576,10577,40864,40865,4.973463972724879e-8,PE_PCC
6790,10577,10578,40865,40866,4.974715822247634e-8,PE_PCC
6791,10578,10579,40866,40867,4.975967671784759e-8,PE_PCC
6792,10579,10580,40867,40868,4.9772195213422686e-8,PE_PCC
6793,10580,10581,40868,40869,4.978471370914115e-8,PE_PCC
6794,10581,10582,40869,40870,4.9797232205002514e-8,PE_PCC
6795,10582,10583,40870,40871,4.9809750701067724e-8,PE_PCC
6796,10583,10584,40871,40872,4.982226919727575e-8,PE_PCC
6797,10584,10585,40872,40873,4.983478769362637e-8,PE_PCC
6798,10585,10586,40873,40874,4.9847306190180504e-8,PE_PCC
6799,10586,10587,40874,40875,4.985982468687698e-8,PE_PCC
6800,10587,10588,40875,40876,4.987234318371579e-8,PE_PCC
6801,10588,10589,40876,40877,4.9884861680757665e-8,PE_PCC
6802,10589,10590,40877,40878,4.9897380177941573e-8,PE_PCC
6803,10590,10591,40878,40879,4.990989867526746e-8,PE_PCC
6804,10591,10592,40879,40880,4.992241717279594e-8,PE_PCC
6805,10592,10593,40880,40881,4.99349356704662e-8,PE_PCC
6806,10593,10594,40881,40882,4.994745416827801e-8,PE_PCC
6807,10594,10595,40882,40883,4.995997266629206e-8,PE_PCC
6808,10595,10596,40883,40884,4.997249116444747e-8,PE_PCC
6809,10596,10597,40884,40885,4.9985009662744115e-8,PE_PCC
6810,10597,10598,40885,40886,4.999752816124287e-8,PE_PCC
6811,10598,10599,40886,40887,5.0010046659862e-8,PE_PCC
6812,10599,10600,40887,40888,5.002256515868309e-8,PE_PCC
6813,10600,10601,40888,40889,5.003508365764468e-8,PE_PCC
6814,10601,10602,40889,40890,5.004760215674689e-8,PE_PCC
6815,10602,10603,40890,40891,5.0060120656050766e-8,PE_PCC
6816,10603,10604,40891,40892,5.007263915549468e-8,PE_PCC
6817,10604,10605,40892,40893,5.0085157655078826e-8,PE_PCC
6818,10605,10606,40893,40894,5.009767615486415e-8,PE_PCC
6819,10606,10607,40894,40895,5.01101946547893e-8,PE_PCC
6820,10607,10608,40895,40896,5.0122713154854507e-8,PE_PCC
6821,10608,10609,40896,40897,5.013523165512018e-8,PE_PCC
6822,10609,10610,40897,40898,5.0147750155525585e-8,PE_PCC
6823,10610,10611,40898,40899,5.016026865607035e-8,PE_PCC
6824,10611,10612,40899,40900,5.017278715681569e-8,PE_PCC
6825,10612,10613,40900,40901,5.0185305657700064e-8,PE_PCC
6826,10613,10614,40901,40902,5.01978241587235e-8,PE_PCC
6827,10614,10615,40902,40903,5.021034265994723e-8,PE_PCC
6828,10615,10616,40903,40904,5.0222861161309475e-8,PE_PCC
6829,10616,10617,40904,40905,5.023537966281057e-8,PE_PCC
6830,10617,10618,40905,40906,5.0247898164511574e-8,PE_PCC
6831,10618,10619,40906,40907,5.0260416666350915e-8,PE_PCC
6832,10619,10620,40907,40908,5.027293516832841e-8,PE_PCC
6833,10620,10621,40908,40909,5.028545367050573e-8,PE_PCC
6834,10621,10622,40909,40910,5.029797217280042e-8,PE_PCC
6835,10622,10623,40910,40911,5.031049067529434e-8,PE_PCC
6836,10623,10624,40911,40912,5.0323009177926245e-8,PE_PCC
6837,10624,10625,40912,40913,5.033552768069564e-8,PE_PCC
6838,10625,10626,40913,40914,5.034804618366425e-8,PE_PCC
6839,10626,10627,40914,40915,5.03605646867701e-8,PE_PCC
6840,10627,10628,40915,40916,5.037308319001333e-8,PE_PCC
6841,10628,10629,40916,40917,5.0385601693455095e-8,PE_PCC
6842,10629,10630,40917,40918,5.03981201970341e-8,PE_PCC
6843,10630,10631,40918,40919,5.041063870074991e-8,PE_PCC
6844,10631,10632,40919,40920,5.042315720466411e-8,PE_PCC
6845,10632,10633,40920,40921,5.043567570871499e-8,PE_PCC
6846,10633,10634,40921,40922,5.044819421290241e-8,PE_PCC
6847,10634,10635,40922,40923,5.04607127172879e-8,PE_PCC
6848,10635,10636,40923,40924,5.047323122180968e-8,PE_PCC
6849,10636,10637,40924,40925,5.0485749726467617e-8,PE_PCC
6850,10637,10638,40925,40926,5.049826823132338e-8,PE_PCC
6851,10638,10639,40926,40927,5.0510786736314994e-8,PE_PCC
6852,10639,10640,40927,40928,5.0523305241442384e-8,PE_PCC
6853,10640,10641,40928,40929,5.0535823746767384e-8,PE_PCC
6854,10641,10642,40929,40930,5.0548342252227704e-8,PE_PCC
6855,10642,10643,40930,40931,5.0560860757823656e-8,PE_PCC
6856,10643,10644,40931,40932,5.057337926361665e-8,PE_PCC
6857,10644,10645,40932,40933,5.0585897769544915e-8,PE_PCC
6858,10645,10646,40933,40934,5.059841627560835e-8,PE_PCC
6859,10646,10647,40934,40935,5.0610934781868275e-8,PE_PCC
6860,10647,10648,40935,40936,5.0623453288242564e-8,PE_PCC
6861,10648,10649,40936,40937,5.063597179481358e-8,PE_PCC
6862,10649,10650,40937,40938,5.064849030151909e-8,PE_PCC
6863,10650,10651,40938,40939,5.0661008808359e-8,PE_PCC
6864,10651,10652,40939,40940,5.067352731539534e-8,PE_PCC
6865,10652,10653,40940,40941,5.068604582256573e-8,PE_PCC
6866,10653,10654,40941,40942,5.0698564329870545e-8,PE_PCC
6867,10654,10655,40942,40943,5.0711082837371044e-8,PE_PCC
6868,10655,10656,40943,40944,5.0723601345005466e-8,PE_PCC
6869,10656,10657,40944,40945,5.073611985277379e-8,PE_PCC
6870,10657,10658,40945,40946,5.074863836073776e-8,PE_PCC
6871,10658,10659,40946,40947,5.076115686883508e-8,PE_PCC
6872,10659,10660,40947,40948,5.0773675377065796e-8,PE_PCC
6873,10660,10661,40948,40949,5.078619388549213e-8,PE_PCC
6874,10661,10662,40949,40950,5.079871239405127e-8,PE_PCC
6875,10662,10663,40950,40951,5.081123090274383e-8,PE_PCC
6876,10663,10664,40951,40952,5.082374941163123e-8,PE_PCC
6877,10664,10665,40952,40953,5.083626792065119e-8,PE_PCC
6878,10665,10666,40953,40954,5.084878642980437e-8,PE_PCC
6879,10666,10667,40954,40955,5.0861304939151776e-8,PE_PCC
6880,10667,10668,40955,40956,5.087382344863202e-8,PE_PCC
6881,10668,10669,40956,40957,5.088634195824431e-8,PE_PCC
6882,10669,10670,40957,40958,5.089886046805118e-8,PE_PCC
6883,10670,10671,40958,40959,5.0911378977969345e-8,PE_PCC
6884,10671,10672,40959,40960,5.0923897488081736e-8,PE_PCC
6885,10672,10673,40960,40961,5.0936415998326005e-8,PE_PCC
6886,10673,10674,40961,40962,5.0948934508702035e-8,PE_PCC
6887,10674,10675,40962,40963,5.096145301927189e-8,PE_PCC
6888,10675,10676,40963,40964,5.0973971529973306e-8,PE_PCC
6889,10676,10677,40964,40965,5.0986490040806125e-8,PE_PCC
6890,10677,10678,40965,40966,5.0999008551832524e-8,PE_PCC
6891,10678,10679,40966,40967,5.101152706299008e-8,PE_PCC
6892,10679,10680,40967,40968,5.102404557427871e-8,PE_PCC
6893,10680,10681,40968,40969,5.103656408576059e-8,PE_PCC
6894,10681,10682,40969,40970,5.1049082597373264e-8,PE_PCC
6895,10682,10683,40970,40971,5.1061601109116676e-8,PE_PCC
6896,10683,10684,40971,40972,5.1074119621053126e-8,PE_PCC
6897,10684,10685,40972,40973,5.108663813311989e-8,PE_PCC
6898,10685,10686,40973,40974,5.1099156645317116e-8,PE_PCC
6899,10686,10687,40974,40975,5.111167515770704e-8,PE_PCC
6900,10687,10688,40975,40976,5.112419367022681e-8,PE_PCC
6901,10688,10689,40976,40977,5.113671218287697e-8,PE_PCC
6902,10689,10690,40977,40978,5.1149230695719283e-8,PE_PCC
6903,10690,10691,40978,40979,5.116174920869146e-8,PE_PCC
6904,10691,10692,40979,40980,5.1174267721793205e-8,PE_PCC
6905,10692,10693,40980,40981,5.118678623508697e-8,PE_PCC
6906,10693,10694,40981,40982,5.119930474848942e-8,PE_PCC
6907,10694,10695,40982,40983,5.1211823262083815e-8,PE_PCC
6908,10695,10696,40983,40984,5.12243417758073e-8,PE_PCC
6909,10696,10697,40984,40985,5.1236860289659684e-8,PE_PCC
6910,10697,10698,40985,40986,5.124937880370391e-8,PE_PCC
6911,10698,10699,40986,40987,5.126189731787693e-8,PE_PCC
6912,10699,10700,40987,40988,5.1274415832178533e-8,PE_PCC
6913,10700,10701,40988,40989,5.128693434667163e-8,PE_PCC
6914,10701,10702,40989,40990,5.1299452861293065e-8,PE_PCC
6915,10702,10703,40990,40991,5.131197137604293e-8,PE_PCC
6916,10703,10704,40991,40992,5.1324489890983817e-8,PE_PCC
6917,10704,10705,40992,40993,5.133700840605287e-8,PE_PCC
6918,10705,10706,40993,40994,5.13495269212498e-8,PE_PCC
6919,10706,10707,40994,40995,5.136204543663759e-8,PE_PCC
6920,10707,10708,40995,40996,5.137456395215312e-8,PE_PCC
6921,10708,10709,40996,40997,5.138708246779636e-8,PE_PCC
6922,10709,10710,40997,40998,5.139960098363011e-8,PE_PCC
6923,10710,10711,40998,40999,5.141211949959112e-8,PE_PCC
6924,10711,10712,40999,41000,5.142463801567963e-8,PE_PCC
6925,10712,10713,41000,41001,5.143715653195811e-8,PE_PCC
6926,10713,10714,41001,41002,5.144967504836397e-8,PE_PCC
6927,10714,10715,41002,41003,5.1462193564896695e-8,PE_PCC
6928,10715,10716,41003,41004,5.147471208161903e-8,PE_PCC
6929,10716,10717,41004,41005,5.148723059846845e-8,PE_PCC
6930,10717,10718,41005,41006,5.149974911544454e-8,PE_PCC
6931,10718,10719,41006,41007,5.1512267632609945e-8,PE_PCC
6932,10719,10720,41007,41008,5.152478614988094e-8,PE_PCC
6933,10720,10721,41008,41009,5.1537304667341245e-8,PE_PCC
6934,10721,10722,41009,41010,5.1549823184927775e-8,PE_PCC
6935,10722,10723,41010,41011,5.1562341702640433e-8,PE_PCC
6936,10723,10724,41011,41012,5.157486022054207e-8,PE_PCC
6937,10724,10725,41012,41013,5.158737873856966e-8,PE_PCC
6938,10725,10726,41013,41014,5.1599897256722977e-8,PE_PCC
6939,10726,10727,41014,41015,5.1612415775065087e-8,PE_PCC
6940,10727,10728,41015,41016,5.162493429353266e-8,PE_PCC
6941,10728,10729,41016,41017,5.163745281212575e-8,PE_PCC
6942,10729,10730,41017,41018,5.164997133090735e-8,PE_PCC
6943,10730,10731,41018,41019,5.1662489849814064e-8,PE_PCC
6944,10731,10732,41019,41020,5.167500836884593e-8,PE_PCC
6945,10732,10733,41020,41021,5.168752688806597e-8,PE_PCC
6946,10733,10734,41021,41022,5.170004540741081e-8,PE_PCC
6947,10734,10735,41022,41023,5.1712563926880656e-8,PE_PCC
6948,10735,10736,41023,41024,5.1725082446537944e-8,PE_PCC
6949,10736,10737,41024,41025,5.1737600966320254e-8,PE_PCC
6950,10737,10738,41025,41026,5.175011948622677e-8,PE_PCC
6951,10738,10739,41026,41027,5.176263800632093e-8,PE_PCC
6952,10739,10740,41027,41028,5.177515652653911e-8,PE_PCC
6953,10740,10741,41028,41029,5.178767504688183e-8,PE_PCC
6954,10741,10742,41029,41030,5.1800193567411495e-8,PE_PCC
6955,10742,10743,41030,41031,5.1812712088044174e-8,PE_PCC
6956,10743,10744,41031,41032,5.18252306088638e-8,PE_PCC
6957,10744,10745,41032,41033,5.1837749129807005e-8,PE_PCC
6958,10745,10746,41033,41034,5.18502676508741e-8,PE_PCC
6959,10746,10747,41034,41035,5.18627861721276e-8,PE_PCC
6960,10747,10748,41035,41036,5.187530469350492e-8,PE_PCC
6961,10748,10749,41036,41037,5.1887823215005094e-8,PE_PCC
6962,10749,10750,41037,41038,5.190034173669207e-8,PE_PCC
6963,10750,10751,41038,41039,5.191286025850184e-8,PE_PCC
6964,10751,10752,41039,41040,5.1925378780434556e-8,PE_PCC
6965,10752,10753,41040,41041,5.19378973025536e-8,PE_PCC
6966,10753,10754,41041,41042,5.195041582479528e-8,PE_PCC
6967,10754,10755,41042,41043,5.196293434715975e-8,PE_PCC
6968,10755,10756,41043,41044,5.197545286970981e-8,PE_PCC
6969,10756,10757,41044,41045,5.198797139238267e-8,PE_PCC
6970,10757,10758,41045,41046,5.2000489915177386e-8,PE_PCC
6971,10758,10759,41046,41047,5.2013008438157994e-8,PE_PCC
6972,10759,10760,41047,41048,5.2025526961260614e-8,PE_PCC
6973,10760,10761,41048,41049,5.203804548448515e-8,PE_PCC
6974,10761,10762,41049,41050,5.205056400789505e-8,PE_PCC
6975,10762,10763,41050,41051,5.206308253142677e-8,PE_PCC
6976,10763,10764,41051,41052,5.2075601055080036e-8,PE_PCC
6977,10764,10765,41052,41053,5.2088119578918437e-8,PE_PCC
6978,10765,10766,41053,41054,5.210063810285697e-8,PE_PCC
6979,10766,10767,41054,41055,5.211315662698051e-8,PE_PCC
6980,10767,10768,41055,41056,5.212567515122518e-8,PE_PCC
6981,10768,10769,41056,41057,5.2138193675590956e-8,PE_PCC
6982,10769,10770,41057,41058,5.2150712200141354e-8,PE_PCC
6983,10770,10771,41058,41059,5.216323072481264e-8,PE_PCC
6984,10771,10772,41059,41060,5.217574924960467e-8,PE_PCC
6985,10772,10773,41060,41061,5.218826777458099e-8,PE_PCC
6986,10773,10774,41061,41062,5.220078629967802e-8,PE_PCC
6987,10774,10775,41062,41063,5.2213304824895295e-8,PE_PCC
6988,10775,10776,41063,41064,5.2225823350296875e-8,PE_PCC
6989,10776,10777,41064,41065,5.223834187581846e-8,PE_PCC
6990,10777,10778,41065,41066,5.22508604014603e-8,PE_PCC
6991,10778,10779,41066,41067,5.22633789272859e-8,PE_PCC
6992,10779,10780,41067,41068,5.2275897453231344e-8,PE_PCC
6993,10780,10781,41068,41069,5.228841597929675e-8,PE_PCC
6994,10781,10782,41069,41070,5.23009345055455e-8,PE_PCC
6995,10782,10783,41070,41071,5.231345303191394e-8,PE_PCC
6996,10783,10784,41071,41072,5.232597155840186e-8,PE_PCC
6997,10784,10785,41072,41073,5.233849008507304e-8,PE_PCC
6998,10785,10786,41073,41074,5.235100861186347e-8,PE_PCC
6999,10786,10787,41074,41075,5.236352713877317e-8,PE_PCC
7000,10787,10788,41075,41076,5.2376045665865725e-8,PE_PCC
7001,10788,10789,41076,41077,5.238856419307712e-8,PE_PCC
7002,10789,10790,41077,41078,5.240108272040745e-8,PE_PCC
7003,10790,10791,41078,41079,5.2413601247920625e-8,PE_PCC
7004,10791,10792,41079,41080,5.2426119775531234e-8,PE_PCC
7005,10792,10793,41080,41081,5.243863830332389e-8,PE_PCC
7006,10793,10794,41081,41082,5.24511568312355e-8,PE_PCC
7007,10794,10795,41082,41083,5.246367535926486e-8,PE_PCC
7008,10795,10796,41083,41084,5.247619388747707e-8,PE_PCC
7009,10796,10797,41084,41085,5.248871241580697e-8,PE_PCC
7010,10797,10798,41085,41086,5.250123094425512e-8,PE_PCC
7011,10798,10799,41086,41087,5.2513749472885186e-8,PE_PCC
7012,10799,10800,41087,41088,5.252626800163295e-8,PE_PCC
7013,10800,10801,41088,41089,5.2538786530498604e-8,PE_PCC
7014,10801,10802,41089,41090,5.2551305059545695e-8,PE_PCC
7015,10802,10803,41090,41091,5.2563823588710464e-8,PE_PCC
7016,10803,10804,41091,41092,5.257634211799275e-8,PE_PCC
7017,10804,10805,41092,41093,5.2588860647456186e-8,PE_PCC
7018,10805,10806,41093,41094,5.2601379177037053e-8,PE_PCC
7019,10806,10807,41094,41095,5.261389770673476e-8,PE_PCC
7020,10807,10808,41095,41096,5.26264162366138e-8,PE_PCC
7021,10808,10809,41096,41097,5.263893476660976e-8,PE_PCC
7022,10809,10810,41097,41098,5.265145329672235e-8,PE_PCC
7023,10810,10811,41098,41099,5.266397182701588e-8,PE_PCC
7024,10811,10812,41099,41100,5.267649035742598e-8,PE_PCC
7025,10812,10813,41100,41101,5.2689008887952525e-8,PE_PCC
7026,10813,10814,41101,41102,5.270152741865975e-8,PE_PCC
7027,10814,10815,41102,41103,5.271404594946172e-8,PE_PCC
7028,10815,10816,41103,41104,5.2726564480444234e-8,PE_PCC
7029,10816,10817,41104,41105,5.2739083011542726e-8,PE_PCC
7030,10817,10818,41105,41106,5.275160154275718e-8,PE_PCC
7031,10818,10819,41106,41107,5.276412007415185e-8,PE_PCC
7032,10819,10820,41107,41108,5.2776638605662346e-8,PE_PCC
7033,10820,10821,41108,41109,5.2789157137288156e-8,PE_PCC
7034,10821,10822,41109,41110,5.2801675669094206e-8,PE_PCC
7035,10822,10823,41110,41111,5.281419420101568e-8,PE_PCC
7036,10823,10824,41111,41112,5.282671273305246e-8,PE_PCC
7037,10824,10825,41112,41113,5.2839231265268576e-8,PE_PCC
7038,10825,10826,41113,41114,5.285174979760039e-8,PE_PCC
7039,10826,10827,41114,41115,5.286426833004669e-8,PE_PCC
7040,10827,10828,41115,41116,5.287678686267271e-8,PE_PCC
7041,10828,10829,41116,41117,5.288930539541358e-8,PE_PCC
7042,10829,10830,41117,41118,5.290182392826878e-8,PE_PCC
7043,10830,10831,41118,41119,5.29143424613038e-8,PE_PCC
7044,10831,10832,41119,41120,5.2926860994452517e-8,PE_PCC
7045,10832,10833,41120,41121,5.293937952771625e-8,PE_PCC
7046,10833,10834,41121,41122,5.2951898061158615e-8,PE_PCC
7047,10834,10835,41122,41123,5.296441659471527e-8,PE_PCC
7048,10835,10836,41123,41124,5.297693512838616e-8,PE_PCC
7049,10836,10837,41124,41125,5.298945366223534e-8,PE_PCC
7050,10837,10838,41125,41126,5.300197219617705e-8,PE_PCC
7051,10838,10839,41126,41127,5.301449073029744e-8,PE_PCC
7052,10839,10840,41127,41128,5.302700926453116e-8,PE_PCC
7053,10840,10841,41128,41129,5.303952779887882e-8,PE_PCC
7054,10841,10842,41129,41130,5.3052046333404416e-8,PE_PCC
7055,10842,10843,41130,41131,5.306456486804361e-8,PE_PCC
7056,10843,10844,41131,41132,5.307708340279596e-8,PE_PCC
7057,10844,10845,41132,41133,5.308960193772629e-8,PE_PCC
7058,10845,10846,41133,41134,5.3102120472769686e-8,PE_PCC
7059,10846,10847,41134,41135,5.311463900792613e-8,PE_PCC
7060,10847,10848,41135,41136,5.3127157543260374e-8,PE_PCC
7061,10848,10849,41136,41137,5.313967607870728e-8,PE_PCC
7062,10849,10850,41137,41138,5.3152194614266865e-8,PE_PCC
7063,10850,10851,41138,41139,5.3164713150003835e-8,PE_PCC
7064,10851,10852,41139,41140,5.3177231685853573e-8,PE_PCC
7065,10852,10853,41140,41141,5.3189750221815405e-8,PE_PCC
7066,10853,10854,41141,41142,5.320226875795454e-8,PE_PCC
7067,10854,10855,41142,41143,5.321478729420599e-8,PE_PCC
7068,10855,10856,41143,41144,5.322730583056937e-8,PE_PCC
7069,10856,10857,41144,41145,5.323982436710975e-8,PE_PCC
7070,10857,10858,41145,41146,5.325234290376203e-8,PE_PCC
7071,10858,10859,41146,41147,5.326486144052608e-8,PE_PCC
7072,10859,10860,41147,41148,5.327737997746684e-8,PE_PCC
7073,10860,10861,41148,41149,5.3289898514519195e-8,PE_PCC
7074,10861,10862,41149,41150,5.330241705168306e-8,PE_PCC
7075,10862,10863,41150,41151,5.331493558902334e-8,PE_PCC
7076,10863,10864,41151,41152,5.3327454126453235e-8,PE_PCC
7077,10864,10865,41152,41153,5.3339972664059495e-8,PE_PCC
7078,10865,10866,41153,41154,5.335249120177664e-8,PE_PCC
7079,10866,10867,41154,41155,5.3365009739604984e-8,PE_PCC
7080,10867,10868,41155,41156,5.337752827760939e-8,PE_PCC
7081,10868,10869,41156,41157,5.339004681572439e-8,PE_PCC
7082,10869,10870,41157,41158,5.3402565353950255e-8,PE_PCC
7083,10870,10871,41158,41159,5.341508389235187e-8,PE_PCC
7084,10871,10872,41159,41160,5.3427602430864e-8,PE_PCC
7085,10872,10873,41160,41161,5.344012096948638e-8,PE_PCC
7086,10873,10874,41161,41162,5.345263950828472e-8,PE_PCC
7087,10874,10875,41162,41163,5.346515804719275e-8,PE_PCC
7088,10875,10876,41163,41164,5.347767658621113e-8,PE_PCC
7089,10876,10877,41164,41165,5.349019512540481e-8,PE_PCC
7090,10877,10878,41165,41166,5.3502713664708706e-8,PE_PCC
7091,10878,10879,41166,41167,5.3515232204121845e-8,PE_PCC
7092,10879,10880,41167,41168,5.35277507437104e-8,PE_PCC
7093,10880,10881,41168,41169,5.354026928340844e-8,PE_PCC
7094,10881,10882,41169,41170,5.355278782321591e-8,PE_PCC
7095,10882,10883,41170,41171,5.35653063631985e-8,PE_PCC
7096,10883,10884,41171,41172,5.3577824903290356e-8,PE_PCC
7097,10884,10885,41172,41173,5.359034344349121e-8,PE_PCC
7098,10885,10886,41173,41174,5.360286198386684e-8,PE_PCC
7099,10886,10887,41174,41175,5.361538052432955e-8,PE_PCC
7100,10887,10888,41175,41176,5.362789906496671e-8,PE_PCC
7101,10888,10889,41176,41177,5.3640417605712744e-8,PE_PCC
7102,10889,10890,41177,41178,5.3652936146567494e-8,PE_PCC
7103,10890,10891,41178,41179,5.366545468759653e-8,PE_PCC
7104,10891,10892,41179,41180,5.367797322873391e-8,PE_PCC
7105,10892,10893,41180,41181,5.369049176998002e-8,PE_PCC
7106,10893,10894,41181,41182,5.37030103113998e-8,PE_PCC
7107,10894,10895,41182,41183,5.371552885292789e-8,PE_PCC
7108,10895,10896,41183,41184,5.3728047394564174e-8,PE_PCC
7109,10896,10897,41184,41185,5.374056593637426e-8,PE_PCC
7110,10897,10898,41185,41186,5.37530844782921e-8,PE_PCC
7111,10898,10899,41186,41187,5.376560302031796e-8,PE_PCC
7112,10899,10900,41187,41188,5.377812156251727e-8,PE_PCC
7113,10900,10901,41188,41189,5.379064010482421e-8,PE_PCC
7114,10901,10902,41189,41190,5.380315864723879e-8,PE_PCC
7115,10902,10903,41190,41191,5.381567718982653e-8,PE_PCC
7116,10903,10904,41191,41192,5.38281957325217e-8,PE_PCC
7117,10904,10905,41192,41193,5.384071427532414e-8,PE_PCC
7118,10905,10906,41193,41194,5.385323281829959e-8,PE_PCC
7119,10906,10907,41194,41195,5.386575136138211e-8,PE_PCC
7120,10907,10908,41195,41196,5.387826990457169e-8,PE_PCC
7121,10908,10909,41196,41197,5.389078844793393e-8,PE_PCC
7122,10909,10910,41197,41198,5.390330699140309e-8,PE_PCC
7123,10910,10911,41198,41199,5.3915825534978993e-8,PE_PCC
7124,10911,10912,41199,41200,5.3928344078727215e-8,PE_PCC
7125,10912,10913,41200,41201,5.394086262256018e-8,PE_PCC
7126,10913,10914,41201,41202,5.395338116656537e-8,PE_PCC
7127,10914,10915,41202,41203,5.396589971067711e-8,PE_PCC
7128,10915,10916,41203,41204,5.3978418254894875e-8,PE_PCC
7129,10916,10917,41204,41205,5.3990936799284796e-8,PE_PCC
7130,10917,10918,41205,41206,5.400345534378083e-8,PE_PCC
7131,10918,10919,41206,41207,5.401597388838305e-8,PE_PCC
7132,10919,10920,41207,41208,5.402849243315665e-8,PE_PCC
7133,10920,10921,41208,41209,5.404101097803655e-8,PE_PCC
7134,10921,10922,41209,41210,5.4053529523021776e-8,PE_PCC
7135,10922,10923,41210,41211,5.4066048068178646e-8,PE_PCC
7136,10923,10924,41211,41212,5.4078566613441375e-8,PE_PCC
7137,10924,10925,41212,41213,5.40910851588091e-8,PE_PCC
7138,10925,10926,41213,41214,5.4103603704348515e-8,PE_PCC
7139,10926,10927,41214,41215,5.411612224999279e-8,PE_PCC
7140,10927,10928,41215,41216,5.412864079574261e-8,PE_PCC
7141,10928,10929,41216,41217,5.41411593416634e-8,PE_PCC
7142,10929,10930,41217,41218,5.4153677887689175e-8,PE_PCC
7143,10930,10931,41218,41219,5.416619643381967e-8,PE_PCC
7144,10931,10932,41219,41220,5.4178714980121146e-8,PE_PCC
7145,10932,10933,41220,41221,5.419123352652735e-8,PE_PCC
7146,10933,10934,41221,41222,5.42037520730383e-8,PE_PCC
7147,10934,10935,41222,41223,5.421627061971947e-8,PE_PCC
7148,10935,10936,41223,41224,5.4228789166483364e-8,PE_PCC
7149,10936,10937,41224,41225,5.4241307713417686e-8,PE_PCC
7150,10937,10938,41225,41226,5.425382626045611e-8,PE_PCC
7151,10938,10939,41226,41227,5.426634480759883e-8,PE_PCC
7152,10939,10940,41227,41228,5.427886335491164e-8,PE_PCC
7153,10940,10941,41228,41229,5.4291381902328554e-8,PE_PCC
7154,10941,10942,41229,41230,5.430390044984913e-8,PE_PCC
7155,10942,10943,41230,41231,5.431641899753991e-8,PE_PCC
7156,10943,10944,41231,41232,5.432893754533425e-8,PE_PCC
7157,10944,10945,41232,41233,5.434145609323225e-8,PE_PCC
7158,10945,10946,41233,41234,5.4353974641300036e-8,PE_PCC
7159,10946,10947,41234,41235,5.43664931894712e-8,PE_PCC
7160,10947,10948,41235,41236,5.437901173774563e-8,PE_PCC
7161,10948,10949,41236,41237,5.4391530286189686e-8,PE_PCC
7162,10949,10950,41237,41238,5.440404883473683e-8,PE_PCC
7163,10950,10951,41238,41239,5.4416567383387e-8,PE_PCC
7164,10951,10952,41239,41240,5.442908593220652e-8,PE_PCC
7165,10952,10953,41240,41241,5.444160448112893e-8,PE_PCC
7166,10953,10954,41241,41242,5.4454123030154044e-8,PE_PCC
7167,10954,10955,41242,41243,5.446664157934818e-8,PE_PCC
7168,10955,10956,41243,41244,5.447916012864499e-8,PE_PCC
7169,10956,10957,41244,41245,5.449167867804449e-8,PE_PCC
7170,10957,10958,41245,41246,5.450419722761238e-8,PE_PCC
7171,10958,10959,41246,41247,5.451671577726087e-8,PE_PCC
7172,10959,10960,41247,41248,5.452923432707779e-8,PE_PCC
7173,10960,10961,41248,41249,5.4541752876996956e-8,PE_PCC
7174,10961,10962,41249,41250,5.455427142701819e-8,PE_PCC
7175,10962,10963,41250,41251,5.456678997720787e-8,PE_PCC
7176,10963,10964,41251,41252,5.4579308527499245e-8,PE_PCC
7177,10964,10965,41252,41253,5.459182707789259e-8,PE_PCC
7178,10965,10966,41253,41254,5.4604345628454194e-8,PE_PCC
7179,10966,10967,41254,41255,5.4616864179117486e-8,PE_PCC
7180,10967,10968,41255,41256,5.462938272988188e-8,PE_PCC
7181,10968,10969,41256,41257,5.464190128081472e-8,PE_PCC
7182,10969,10970,41257,41258,5.465441983184871e-8,PE_PCC
7183,10970,10971,41258,41259,5.466693838298372e-8,PE_PCC
7184,10971,10972,41259,41260,5.46794569342869e-8,PE_PCC
7185,10972,10973,41260,41261,5.469197548569096e-8,PE_PCC
7186,10973,10974,41261,41262,5.4704494037195755e-8,PE_PCC
7187,10974,10975,41262,41263,5.471701258886869e-8,PE_PCC
7188,10975,10976,41263,41264,5.4729531140641874e-8,PE_PCC
7189,10976,10977,41264,41265,5.474204969251614e-8,PE_PCC
7190,10977,10978,41265,41266,5.4754568244557335e-8,PE_PCC
7191,10978,10979,41266,41267,5.476708679669954e-8,PE_PCC
7192,10979,10980,41267,41268,5.4779605348941974e-8,PE_PCC
7193,10980,10981,41268,41269,5.4792123901351133e-8,PE_PCC
7194,10981,10982,41269,41270,5.4804642453861097e-8,PE_PCC
7195,10982,10983,41270,41271,5.4817161006470904e-8,PE_PCC
7196,10983,10984,41271,41272,5.482967955924769e-8,PE_PCC
7197,10984,10985,41272,41273,5.484219811210228e-8,PE_PCC
7198,10985,10986,41273,41274,5.485471666512356e-8,PE_PCC
7199,10986,10987,41274,41275,5.486723521824467e-8,PE_PCC
7200,10987,10988,41275,41276,5.487975377146541e-8,PE_PCC
7201,10988,10989,41276,41277,5.4892272324852746e-8,PE_PCC
7202,10989,10990,41277,41278,5.4904790878339676e-8,PE_PCC
7203,10990,10991,41278,41279,5.491730943192593e-8,PE_PCC
7204,10991,10992,41279,41280,5.492982798567859e-8,PE_PCC
7205,10992,10993,41280,41281,5.4942346539530514e-8,PE_PCC
7206,10993,10994,41281,41282,5.495486509348158e-8,PE_PCC
7207,10994,10995,41282,41283,5.4967383647598826e-8,PE_PCC
7208,10995,10996,41283,41284,5.4979902201815025e-8,PE_PCC
7209,10996,10997,41284,41285,5.499242075613013e-8,PE_PCC
7210,10997,10998,41285,41286,5.500493931061116e-8,PE_PCC
7211,10998,10999,41286,41287,5.501745786519095e-8,PE_PCC
7212,10999,11000,41287,41288,5.502997641986932e-8,PE_PCC
7213,11000,11001,41288,41289,5.504249497471344e-8,PE_PCC
7214,11001,11002,41289,41290,5.505501352965604e-8,PE_PCC
7215,11002,11003,41290,41291,5.506753208469698e-8,PE_PCC
7216,11003,11004,41291,41292,5.508005063990328e-8,PE_PCC
7217,11004,11005,41292,41293,5.509256919520805e-8,PE_PCC
7218,11005,11006,41293,41294,5.51050877506108e-8,PE_PCC
7219,11006,11007,41294,41295,5.5117606306178625e-8,PE_PCC
7220,11007,11008,41295,41296,5.5130124861822246e-8,PE_PCC
7221,11008,11009,41296,41297,5.5142643417630966e-8,PE_PCC
7222,11009,11010,41297,41298,5.5155161973537465e-8,PE_PCC
7223,11010,11011,41298,41299,5.516768052954141e-8,PE_PCC
7224,11011,11012,41299,41300,5.5180199085710624e-8,PE_PCC
7225,11012,11013,41300,41301,5.5192717641976954e-8,PE_PCC
7226,11013,11014,41301,41302,5.520523619834097e-8,PE_PCC
7227,11014,11015,41302,41303,5.521775475486966e-8,PE_PCC
7228,11015,11016,41303,41304,5.52302733114954e-8,PE_PCC
7229,11016,11017,41304,41305,5.5242791868218416e-8,PE_PCC
7230,11017,11018,41305,41306,5.525531042510615e-8,PE_PCC
7231,11018,11019,41306,41307,5.5267828982090584e-8,PE_PCC
7232,11019,11020,41307,41308,5.5280347539172004e-8,PE_PCC
7233,11020,11021,41308,41309,5.5292866096417616e-8,PE_PCC
7234,11021,11022,41309,41310,5.530538465376006e-8,PE_PCC
7235,11022,11023,41310,41311,5.5317903211199134e-8,PE_PCC
7236,11023,11024,41311,41312,5.533042176880213e-8,PE_PCC
7237,11024,11025,41312,41313,5.5342940326501756e-8,PE_PCC
7238,11025,11026,41313,41314,5.5355458884297926e-8,PE_PCC
7239,11026,11027,41314,41315,5.53679774422576e-8,PE_PCC
7240,11027,11028,41315,41316,5.538049600031362e-8,PE_PCC
7241,11028,11029,41316,41317,5.539301455846575e-8,PE_PCC
7242,11029,11030,41317,41318,5.540553311678152e-8,PE_PCC
7243,11030,11031,41318,41319,5.541805167517074e-8,PE_PCC
7244,11031,11032,41319,41320,5.543057023372343e-8,PE_PCC
7245,11032,11033,41320,41321,5.544308879237193e-8,PE_PCC
7246,11033,11034,41321,41322,5.545560735111616e-8,PE_PCC
7247,11034,11035,41322,41323,5.546812591002361e-8,PE_PCC
7248,11035,11036,41323,41324,5.5480644469026606e-8,PE_PCC
7249,11036,11037,41324,41325,5.5493163028125056e-8,PE_PCC
7250,11037,11038,41325,41326,5.550568158738658e-8,PE_PCC
7251,11038,11039,41326,41327,5.5518200146743395e-8,PE_PCC
7252,11039,11040,41327,41328,5.553071870619534e-8,PE_PCC
7253,11040,11041,41328,41329,5.554323726581025e-8,PE_PCC
7254,11041,11042,41329,41330,5.555575582552012e-8,PE_PCC
7255,11042,11043,41330,41331,5.556827438532489e-8,PE_PCC
7256,11043,11044,41331,41332,5.5580792945292435e-8,PE_PCC
7257,11044,11045,41332,41333,5.559331150535471e-8,PE_PCC
7258,11045,11046,41333,41334,5.5605830065511514e-8,PE_PCC
7259,11046,11047,41334,41335,5.561834862583089e-8,PE_PCC
7260,11047,11048,41335,41336,5.563086718624485e-8,PE_PCC
7261,11048,11049,41336,41337,5.5643385746753244e-8,PE_PCC
7262,11049,11050,41337,41338,5.5655904307423714e-8,PE_PCC
7263,11050,11051,41338,41339,5.5668422868188655e-8,PE_PCC
7264,11051,11052,41339,41340,5.5680941429047485e-8,PE_PCC
7265,11052,11053,41340,41341,5.569345999006861e-8,PE_PCC
7266,11053,11054,41341,41342,5.570597855118365e-8,PE_PCC
7267,11054,11055,41342,41343,5.571849711239285e-8,PE_PCC
7268,11055,11056,41343,41344,5.573101567376338e-8,PE_PCC
7269,11056,11057,41344,41345,5.574353423520537e-8,PE_PCC
7270,11057,11058,41345,41346,5.57560527968092e-8,PE_PCC
7271,11058,11059,41346,41347,5.5768571358506186e-8,PE_PCC
7272,11059,11060,41347,41348,5.5781089920296956e-8,PE_PCC
7273,11060,11061,41348,41349,5.579360848224908e-8,PE_PCC
7274,11061,11062,41349,41350,5.580612704429479e-8,PE_PCC
7275,11062,11063,41350,41351,5.581864560643361e-8,PE_PCC
7276,11063,11064,41351,41352,5.5831164168733494e-8,PE_PCC
7277,11064,11065,41352,41353,5.5843682731126724e-8,PE_PCC
7278,11065,11066,41353,41354,5.5856201293613134e-8,PE_PCC
7279,11066,11067,41354,41355,5.5868719856260215e-8,PE_PCC
7280,11067,11068,41355,41356,5.588123841900049e-8,PE_PCC
7281,11068,11069,41356,41357,5.589375698183334e-8,PE_PCC
7282,11069,11070,41357,41358,5.590627554482712e-8,PE_PCC
7283,11070,11071,41358,41359,5.5918794107913546e-8,PE_PCC
7284,11071,11072,41359,41360,5.593131267109247e-8,PE_PCC
7285,11072,11073,41360,41361,5.594383123443199e-8,PE_PCC
7286,11073,11074,41361,41362,5.595634979786398e-8,PE_PCC
7287,11074,11075,41362,41363,5.5968868361388063e-8,PE_PCC
7288,11075,11076,41363,41364,5.598138692507279e-8,PE_PCC
7289,11076,11077,41364,41365,5.5993905488849605e-8,PE_PCC
7290,11077,11078,41365,41366,5.600642405271838e-8,PE_PCC
7291,11078,11079,41366,41367,5.601894261674752e-8,PE_PCC
7292,11079,11080,41367,41368,5.603146118084557e-8,PE_PCC
7293,11080,11081,41368,41369,5.6043979745103946e-8,PE_PCC
7294,11081,11082,41369,41370,5.605649830945391e-8,PE_PCC
7295,11082,11083,41370,41371,5.6069016873895514e-8,PE_PCC
7296,11083,11084,41371,41372,5.608153543849708e-8,PE_PCC
7297,11084,11085,41372,41373,5.609405400319006e-8,PE_PCC
7298,11085,11086,41373,41374,5.610657256797443e-8,PE_PCC
7299,11086,11087,41374,41375,5.6119091132918574e-8,PE_PCC
7300,11087,11088,41375,41376,5.613160969795387e-8,PE_PCC
7301,11088,11089,41376,41377,5.614412826308029e-8,PE_PCC
7302,11089,11090,41377,41378,5.615664682836631e-8,PE_PCC
7303,11090,11091,41378,41379,5.616916539374328e-8,PE_PCC
7304,11091,11092,41379,41380,5.6181683959211094e-8,PE_PCC
7305,11092,11093,41380,41381,5.6194202524838374e-8,PE_PCC
7306,11093,11094,41381,41382,5.620672109055606e-8,PE_PCC
7307,11094,11095,41382,41383,5.621923965636488e-8,PE_PCC
7308,11095,11096,41383,41384,5.6231758222332225e-8,PE_PCC
7309,11096,11097,41384,41385,5.624427678839065e-8,PE_PCC
7310,11097,11098,41385,41386,5.625679535453908e-8,PE_PCC
7311,11098,11099,41386,41387,5.626931392084669e-8,PE_PCC
7312,11099,11100,41387,41388,5.6281832487244467e-8,PE_PCC
7313,11100,11101,41388,41389,5.6294351053732154e-8,PE_PCC
7314,11101,11102,41389,41390,5.630686962037902e-8,PE_PCC
7315,11102,11103,41390,41391,5.631938818709284e-8,PE_PCC
7316,11103,11104,41391,41392,5.633190675396505e-8,PE_PCC
7317,11104,11105,41392,41393,5.63444253209273e-8,PE_PCC
7318,11105,11106,41393,41394,5.635694388797913e-8,PE_PCC
7319,11106,11107,41394,41395,5.6369462455189724e-8,PE_PCC
7320,11107,11108,41395,41396,5.638198102248968e-8,PE_PCC
7321,11108,11109,41396,41397,5.6394499589879236e-8,PE_PCC
7322,11109,11110,41397,41398,5.640701815742696e-8,PE_PCC
7323,11110,11111,41398,41399,5.6419536725063964e-8,PE_PCC
7324,11111,11112,41399,41400,5.643205529279029e-8,PE_PCC
7325,11112,11113,41400,41401,5.6444573860674796e-8,PE_PCC
7326,11113,11114,41401,41402,5.645709242864826e-8,PE_PCC
7327,11114,11115,41402,41403,5.646961099671091e-8,PE_PCC
7328,11115,11116,41403,41404,5.64821295649312e-8,PE_PCC
7329,11116,11117,41404,41405,5.649464813324066e-8,PE_PCC
7330,11117,11118,41405,41406,5.650716670163861e-8,PE_PCC
7331,11118,11119,41406,41407,5.65196852701944e-8,PE_PCC
7332,11119,11120,41407,41408,5.653220383883869e-8,PE_PCC
7333,11120,11121,41408,41409,5.6544722407571586e-8,PE_PCC
7334,11121,11122,41409,41410,5.6557240976462095e-8,PE_PCC
7335,11122,11123,41410,41411,5.656975954544084e-8,PE_PCC
7336,11123,11124,41411,41412,5.658227811450797e-8,PE_PCC
7337,11124,11125,41412,41413,5.659479668373237e-8,PE_PCC
7338,11125,11126,41413,41414,5.6607315253044896e-8,PE_PCC
7339,11126,11127,41414,41415,5.661983382244552e-8,PE_PCC
7340,11127,11128,41415,41416,5.6632352392003275e-8,PE_PCC
7341,11128,11129,41416,41417,5.664487096162587e-8,PE_PCC
7342,11129,11130,41417,41418,5.6657389531405446e-8,PE_PCC
7343,11130,11131,41418,41419,5.666990810127281e-8,PE_PCC
7344,11131,11132,41419,41420,5.6682426671227786e-8,PE_PCC
7345,11132,11133,41420,41421,5.6694945241339636e-8,PE_PCC
7346,11133,11134,41421,41422,5.6707463811539e-8,PE_PCC
7347,11134,11135,41422,41423,5.67199823818257e-8,PE_PCC
7348,11135,11136,41423,41424,5.6732500952269117e-8,PE_PCC
7349,11136,11137,41424,41425,5.6745019522799765e-8,PE_PCC
7350,11137,11138,41425,41426,5.6757538093417566e-8,PE_PCC
7351,11138,11139,41426,41427,5.6770056664191935e-8,PE_PCC
7352,11139,11140,41427,41428,5.678257523505338e-8,PE_PCC
7353,11140,11141,41428,41429,5.679509380600143e-8,PE_PCC
7354,11141,11142,41429,41430,5.680761237710623e-8,PE_PCC
7355,11142,11143,41430,41431,5.6820130948297526e-8,PE_PCC
7356,11143,11144,41431,41432,5.683264951957556e-8,PE_PCC
7357,11144,11145,41432,41433,5.684516809100968e-8,PE_PCC
7358,11145,11146,41433,41434,5.6857686662530435e-8,PE_PCC
7359,11146,11147,41434,41435,5.687020523413757e-8,PE_PCC
7360,11147,11148,41435,41436,5.6882723805900824e-8,PE_PCC
7361,11148,11149,41436,41437,5.689524237775035e-8,PE_PCC
7362,11149,11150,41437,41438,5.690776094968568e-8,PE_PCC
7363,11150,11151,41438,41439,5.692027952177744e-8,PE_PCC
7364,11151,11152,41439,41440,5.6932798093931586e-8,PE_PCC
7365,11152,11153,41440,41441,5.69453166662415e-8,PE_PCC
7366,11153,11154,41441,41442,5.6957835238637315e-8,PE_PCC
7367,11154,11155,41442,41443,5.697035381111912e-8,PE_PCC
7368,11155,11156,41443,41444,5.698287238375614e-8,PE_PCC
7369,11156,11157,41444,41445,5.6995390956479014e-8,PE_PCC
7370,11157,11158,41445,41446,5.700790952928753e-8,PE_PCC
7371,11158,11159,41446,41447,5.7020428102251185e-8,PE_PCC
7372,11159,11160,41447,41448,5.703294667530054e-8,PE_PCC
7373,11160,11161,41448,41449,5.704546524843482e-8,PE_PCC
7374,11161,11162,41449,41450,5.70579838217246e-8,PE_PCC
7375,11162,11163,41450,41451,5.707050239509933e-8,PE_PCC
7376,11163,11164,41451,41452,5.7083020968559393e-8,PE_PCC
7377,11164,11165,41452,41453,5.709553954217443e-8,PE_PCC
7378,11165,11166,41453,41454,5.710805811587416e-8,PE_PCC
7379,11166,11167,41454,41455,5.712057668965918e-8,PE_PCC
7380,11167,11168,41455,41456,5.713309526359869e-8,PE_PCC
7381,11168,11169,41456,41457,5.7145613837622914e-8,PE_PCC
7382,11169,11170,41457,41458,5.715813241173203e-8,PE_PCC
7383,11170,11171,41458,41459,5.717065098599554e-8,PE_PCC
7384,11171,11172,41459,41460,5.7183169560343636e-8,PE_PCC
7385,11172,11173,41460,41461,5.7195688134776234e-8,PE_PCC
7386,11173,11174,41461,41462,5.72082067093631e-8,PE_PCC
7387,11174,11175,41462,41463,5.722072528403434e-8,PE_PCC
7388,11175,11176,41463,41464,5.723324385878986e-8,PE_PCC
7389,11176,11177,41464,41465,5.724576243369945e-8,PE_PCC
7390,11177,11178,41465,41466,5.7258281008669894e-8,PE_PCC
7391,11178,11179,41466,41467,5.727079958379427e-8,PE_PCC
7392,11179,11180,41467,41468,5.7283318159002675e-8,PE_PCC
7393,11180,11181,41468,41469,5.729583673429483e-8,PE_PCC
7394,11181,11182,41469,41470,5.730835530974103e-8,PE_PCC
7395,11182,11183,41470,41471,5.732087388527074e-8,PE_PCC
7396,11183,11184,41471,41472,5.733339246088424e-8,PE_PCC
7397,11184,11185,41472,41473,5.734591103665139e-8,PE_PCC
7398,11185,11186,41473,41474,5.735842961250212e-8,PE_PCC
7399,11186,11187,41474,41475,5.737094818843599e-8,PE_PCC
7400,11187,11188,41475,41476,5.738346676452367e-8,PE_PCC
7401,11188,11189,41476,41477,5.739598534069435e-8,PE_PCC
7402,11189,11190,41477,41478,5.740850391694851e-8,PE_PCC
7403,11190,11191,41478,41479,5.7421022493355706e-8,PE_PCC
7404,11191,11192,41479,41480,5.7433541069845946e-8,PE_PCC
7405,11192,11193,41480,41481,5.744605964641953e-8,PE_PCC
7406,11193,11194,41481,41482,5.745857822314597e-8,PE_PCC
7407,11194,11195,41482,41483,5.747109679995498e-8,PE_PCC
7408,11195,11196,41483,41484,5.7483615376847255e-8,PE_PCC
7409,11196,11197,41484,41485,5.749613395389229e-8,PE_PCC
7410,11197,11198,41485,41486,5.75086525310198e-8,PE_PCC
7411,11198,11199,41486,41487,5.752117110822984e-8,PE_PCC
7412,11199,11200,41487,41488,5.753368968559282e-8,PE_PCC
7413,11200,11201,41488,41489,5.7546208263014534e-8,PE_PCC
7414,11201,11202,41489,41490,5.755872684058914e-8,PE_PCC
7415,11202,11203,41490,41491,5.757124541824587e-8,PE_PCC
7416,11203,11204,41491,41492,5.758376399598469e-8,PE_PCC
7417,11204,11205,41492,41493,5.759628257387597e-8,PE_PCC
7418,11205,11206,41493,41494,5.760880115184941e-8,PE_PCC
7419,11206,11207,41494,41495,5.76213197299047e-8,PE_PCC
7420,11207,11208,41495,41496,5.763383830811231e-8,PE_PCC
7421,11208,11209,41496,41497,5.764635688640148e-8,PE_PCC
7422,11209,11210,41497,41498,5.765887546477282e-8,PE_PCC
7423,11210,11211,41498,41499,5.767139404329601e-8,PE_PCC
7424,11211,11212,41499,41500,5.768391262190077e-8,PE_PCC
7425,11212,11213,41500,41501,5.769643120058705e-8,PE_PCC
7426,11213,11214,41501,41502,5.7708949779425277e-8,PE_PCC
7427,11214,11215,41502,41503,5.772146835834484e-8,PE_PCC
7428,11215,11216,41503,41504,5.773398693734574e-8,PE_PCC
7429,11216,11217,41504,41505,5.774650551649832e-8,PE_PCC
7430,11217,11218,41505,41506,5.775902409573211e-8,PE_PCC
7431,11218,11219,41506,41507,5.777154267504694e-8,PE_PCC
7432,11219,11220,41507,41508,5.778406125451332e-8,PE_PCC
7433,11220,11221,41508,41509,5.779657983406067e-8,PE_PCC
7434,11221,11222,41509,41510,5.780909841368886e-8,PE_PCC
7435,11222,11223,41510,41511,5.782161699346843e-8,PE_PCC
7436,11223,11224,41511,41512,5.7834135573305165e-8,PE_PCC
7437,11224,11225,41512,41513,5.7846654153293254e-8,PE_PCC
7438,11225,11226,41513,41514,5.785917273336171e-8,PE_PCC
7439,11226,11227,41514,41515,5.78716913135108e-8,PE_PCC
7440,11227,11228,41515,41516,5.788420989381112e-8,PE_PCC
7441,11228,11229,41516,41517,5.789672847419153e-8,PE_PCC
7442,11229,11230,41517,41518,5.790924705465236e-8,PE_PCC
7443,11230,11231,41518,41519,5.7921765635264005e-8,PE_PCC
7444,11231,11232,41519,41520,5.793428421595613e-8,PE_PCC
7445,11232,11233,41520,41521,5.7946802796727686e-8,PE_PCC
7446,11233,11234,41521,41522,5.795932137765068e-8,PE_PCC
7447,11234,11235,41522,41523,5.7971839958653106e-8,PE_PCC
7448,11235,11236,41523,41524,5.7984358539735455e-8,PE_PCC
7449,11236,11237,41524,41525,5.7996877120968676e-8,PE_PCC
7450,11237,11238,41525,41526,5.800939570228131e-8,PE_PCC
7451,11238,11239,41526,41527,5.802191428367352e-8,PE_PCC
7452,11239,11240,41527,41528,5.8034432865192884e-8,PE_PCC
7453,11240,11241,41528,41529,5.804695144683861e-8,PE_PCC
7454,11241,11242,41529,41530,5.805947002856399e-8,PE_PCC
7455,11242,11243,41530,41531,5.80719886103921e-8,PE_PCC
7456,11243,11244,41531,41532,5.80845071923235e-8,PE_PCC
7457,11244,11245,41532,41533,5.809702577435716e-8,PE_PCC
7458,11245,11246,41533,41534,5.810954435644707e-8,PE_PCC
7459,11246,11247,41534,41535,5.8122062938733716e-8,PE_PCC
7460,11247,11248,41535,41536,5.8134581521075835e-8,PE_PCC
7461,11248,11249,41536,41537,5.8147100103520466e-8,PE_PCC
7462,11249,11250,41537,41538,5.815961868606774e-8,PE_PCC
7463,11250,11251,41538,41539,5.817213726871733e-8,PE_PCC
7464,11251,11252,41539,41540,5.81846558514223e-8,PE_PCC
7465,11252,11253,41540,41541,5.819717443432374e-8,PE_PCC
7466,11253,11254,41541,41542,5.8209693017280506e-8,PE_PCC
7467,11254,11255,41542,41543,5.822221160033924e-8,PE_PCC
7468,11255,11256,41543,41544,5.8234730183500025e-8,PE_PCC
7469,11256,11257,41544,41545,5.824724876676313e-8,PE_PCC
7470,11257,11258,41545,41546,5.8259767350080585e-8,PE_PCC
7471,11258,11259,41546,41547,5.8272285933594866e-8,PE_PCC
7472,11259,11260,41547,41548,5.828480451716355e-8,PE_PCC
7473,11260,11261,41548,41549,5.829732310083403e-8,PE_PCC
7474,11261,11262,41549,41550,5.8309841684606217e-8,PE_PCC
7475,11262,11263,41550,41551,5.8322360268432616e-8,PE_PCC
7476,11263,11264,41551,41552,5.833487885245554e-8,PE_PCC
7477,11264,11265,41552,41553,5.83473974365325e-8,PE_PCC
7478,11265,11266,41553,41554,5.835991602071095e-8,PE_PCC
7479,11266,11267,41554,41555,5.837243460499073e-8,PE_PCC
7480,11267,11268,41555,41556,5.838495318937188e-8,PE_PCC
7481,11268,11269,41556,41557,5.839747177380677e-8,PE_PCC
7482,11269,11270,41557,41558,5.840999035843788e-8,PE_PCC
7483,11270,11271,41558,41559,5.8422508943122656e-8,PE_PCC
7484,11271,11272,41559,41560,5.843502752790841e-8,PE_PCC
7485,11272,11273,41560,41561,5.844754611279529e-8,PE_PCC
7486,11273,11274,41561,41562,5.846006469778293e-8,PE_PCC
7487,11274,11275,41562,41563,5.847258328282419e-8,PE_PCC
7488,11275,11276,41563,41564,5.8485101868060824e-8,PE_PCC
7489,11276,11277,41564,41565,5.849762045335143e-8,PE_PCC
7490,11277,11278,41565,41566,5.851013903874207e-8,PE_PCC
7491,11278,11279,41566,41567,5.852265762423323e-8,PE_PCC
7492,11279,11280,41567,41568,5.8535176209825775e-8,PE_PCC
7493,11280,11281,41568,41569,5.8547694795470284e-8,PE_PCC
7494,11281,11282,41569,41570,5.856021338131105e-8,PE_PCC
7495,11282,11283,41570,41571,5.857273196720424e-8,PE_PCC
7496,11283,11284,41571,41572,5.8585250553197594e-8,PE_PCC
7497,11284,11285,41572,41573,5.859776913929162e-8,PE_PCC
7498,11285,11286,41573,41574,5.861028772543778e-8,PE_PCC
7499,11286,11287,41574,41575,5.862280631177969e-8,PE_PCC
7500,11287,11288,41575,41576,5.863532489817353e-8,PE_PCC
7501,11288,11289,41576,41577,5.864784348466762e-8,PE_PCC
7502,11289,11290,41577,41578,5.866036207126171e-8,PE_PCC
7503,11290,11291,41578,41579,5.8672880657955507e-8,PE_PCC
7504,11291,11292,41579,41580,5.8685399244701364e-8,PE_PCC
7505,11292,11293,41580,41581,5.869791783164237e-8,PE_PCC
7506,11293,11294,41581,41582,5.871043641863528e-8,PE_PCC
7507,11294,11295,41582,41583,5.872295500572787e-8,PE_PCC
7508,11295,11296,41583,41584,5.8735473592919865e-8,PE_PCC
7509,11296,11297,41584,41585,5.8747992180211363e-8,PE_PCC
7510,11297,11298,41585,41586,5.8760510767554564e-8,PE_PCC
7511,11298,11299,41586,41587,5.8773029355092655e-8,PE_PCC
7512,11299,11300,41587,41588,5.878554794268207e-8,PE_PCC
7513,11300,11301,41588,41589,5.879806653037092e-8,PE_PCC
7514,11301,11302,41589,41590,5.881058511815867e-8,PE_PCC
7515,11302,11303,41590,41591,5.882310370604577e-8,PE_PCC
7516,11303,11304,41591,41592,5.883562229398372e-8,PE_PCC
7517,11304,11305,41592,41593,5.8848140882116506e-8,PE_PCC
7518,11305,11306,41593,41594,5.886065947030039e-8,PE_PCC
7519,11306,11307,41594,41595,5.887317805858302e-8,PE_PCC
7520,11307,11308,41595,41596,5.888569664696441e-8,PE_PCC
7521,11308,11309,41596,41597,5.889821523539657e-8,PE_PCC
7522,11309,11310,41597,41598,5.891073382402327e-8,PE_PCC
7523,11310,11311,41598,41599,5.892325241270056e-8,PE_PCC
7524,11311,11312,41599,41600,5.893577100147639e-8,PE_PCC
7525,11312,11313,41600,41601,5.8948289590350646e-8,PE_PCC
7526,11313,11314,41601,41602,5.8960808179323306e-8,PE_PCC
7527,11314,11315,41602,41603,5.897332676834639e-8,PE_PCC
7528,11315,11316,41603,41604,5.898584535756358e-8,PE_PCC
7529,11316,11317,41604,41605,5.899836394683096e-8,PE_PCC
7530,11317,11318,41605,41606,5.901088253619665e-8,PE_PCC
7531,11318,11319,41606,41607,5.9023401125660326e-8,PE_PCC
7532,11319,11320,41607,41608,5.903591971522195e-8,PE_PCC
7533,11320,11321,41608,41609,5.904843830483336e-8,PE_PCC
7534,11321,11322,41609,41610,5.906095689463919e-8,PE_PCC
7535,11322,11323,41610,41611,5.907347548449444e-8,PE_PCC
7536,11323,11324,41611,41612,5.9085994074447296e-8,PE_PCC
7537,11324,11325,41612,41613,5.909851266449844e-8,PE_PCC
7538,11325,11326,41613,41614,5.9111031254646604e-8,PE_PCC
7539,11326,11327,41614,41615,5.9123549844844643e-8,PE_PCC
7540,11327,11328,41615,41616,5.913606843523633e-8,PE_PCC
7541,11328,11329,41616,41617,5.9148587025677294e-8,PE_PCC
7542,11329,11330,41617,41618,5.916110561621555e-8,PE_PCC
7543,11330,11331,41618,41619,5.9173624206851385e-8,PE_PCC
7544,11331,11332,41619,41620,5.918614279753603e-8,PE_PCC
7545,11332,11333,41620,41621,5.91986613884143e-8,PE_PCC
7546,11333,11334,41621,41622,5.921117997934178e-8,PE_PCC
7547,11334,11335,41622,41623,5.9223698570366315e-8,PE_PCC
7548,11335,11336,41623,41624,5.923621716148766e-8,PE_PCC
7549,11336,11337,41624,41625,5.924873575270588e-8,PE_PCC
7550,11337,11338,41625,41626,5.9261254343972985e-8,PE_PCC
7551,11338,11339,41626,41627,5.9273772935433235e-8,PE_PCC
7552,11339,11340,41627,41628,5.9286291526942276e-8,PE_PCC
7553,11340,11341,41628,41629,5.929881011854782e-8,PE_PCC
7554,11341,11342,41629,41630,5.931132871024995e-8,PE_PCC
7555,11342,11343,41630,41631,5.932384730204898e-8,PE_PCC
7556,11343,11344,41631,41632,5.933636589389594e-8,PE_PCC
7557,11344,11345,41632,41633,5.934888448593616e-8,PE_PCC
7558,11345,11346,41633,41634,5.936140307802444e-8,PE_PCC
7559,11346,11347,41634,41635,5.9373921670209e-8,PE_PCC
7560,11347,11348,41635,41636,5.9386440262489774e-8,PE_PCC
7561,11348,11349,41636,41637,5.9398958854867004e-8,PE_PCC
7562,11349,11350,41637,41638,5.9411477447291846e-8,PE_PCC
7563,11350,11351,41638,41639,5.9423996039909614e-8,PE_PCC
7564,11351,11352,41639,41640,5.9436514632575046e-8,PE_PCC
7565,11352,11353,41640,41641,5.9449033225336426e-8,PE_PCC
7566,11353,11354,41641,41642,5.946155181819375e-8,PE_PCC
7567,11354,11355,41642,41643,5.9474070411146943e-8,PE_PCC
7568,11355,11356,41643,41644,5.94865890041475e-8,PE_PCC
7569,11356,11357,41644,41645,5.949910759734065e-8,PE_PCC
7570,11357,11358,41645,41646,5.951162619058105e-8,PE_PCC
7571,18931,18932,41647,41648,1.3186457791677944e-8,NE_NCC
7572,18932,18933,41648,41649,1.3198971986631174e-8,NE_NCC
7573,18933,18934,41649,41650,1.3211486190348972e-8,NE_NCC
7574,18934,18935,41650,41651,1.3224000402806457e-8,NE_NCC
7575,18935,18936,41651,41652,1.3236514623978856e-8,NE_NCC
7576,18936,18937,41652,41653,1.3249028853841468e-8,NE_NCC
7577,18937,18938,41653,41654,1.326154309236967e-8,NE_NCC
7578,18938,18939,41654,41655,1.3274057339538966e-8,NE_NCC
7579,18939,18940,41655,41656,1.3286571595324998e-8,NE_NCC
7580,18940,18941,41656,41657,1.3299085859703304e-8,NE_NCC
7581,18941,18942,41657,41658,1.3311600132649802e-8,NE_NCC
7582,18942,18943,41658,41659,1.332411441414026e-8,NE_NCC
7583,18943,18944,41659,41660,1.3336628704150592e-8,NE_NCC
7584,18944,18945,41660,41661,1.3349143002657002e-8,NE_NCC
7585,18945,18946,41661,41662,1.3361657309635401e-8,NE_NCC
7586,18946,18947,41662,41663,1.3374171625062216e-8,NE_NCC
7587,18947,18948,41663,41664,1.338668594891364e-8,NE_NCC
7588,18948,18949,41664,41665,1.3399200281165958e-8,NE_NCC
7589,18949,18950,41665,41666,1.3411714621795906e-8,NE_NCC
7590,18950,18951,41666,41667,1.342422897077985e-8,NE_NCC
7591,18951,18952,41667,41668,1.343674332809463e-8,NE_NCC
7592,18952,18953,41668,41669,1.3449257693716722e-8,NE_NCC
7593,18953,18954,41669,41670,1.3461772067623306e-8,NE_NCC
7594,18954,18955,41670,41671,1.3474286449790952e-8,NE_NCC
7595,18955,18956,41671,41672,1.3486800840196903e-8,NE_NCC
7596,18956,18957,41672,41673,1.3499315238818182e-8,NE_NCC
7597,18957,18958,41673,41674,1.3511829645631939e-8,NE_NCC
7598,18958,18959,41674,41675,1.3524344060615431e-8,NE_NCC
7599,18959,18960,41675,41676,1.353685848374599e-8,NE_NCC
7600,18960,18961,41676,41677,1.3549372915001016e-8,NE_NCC
7601,18961,18962,41677,41678,1.3561887354358213e-8,NE_NCC
7602,18962,18963,41678,41679,1.3574401801794992e-8,NE_NCC
7603,18963,18964,41679,41680,1.3586916257288985e-8,NE_NCC
7604,18964,18965,41680,41681,1.3599430720818084e-8,NE_NCC
7605,18965,18966,41681,41682,1.3611945192359925e-8,NE_NCC
7606,18966,18967,41682,41683,1.3624459671892834e-8,NE_NCC
7607,18967,18968,41683,41684,1.3636974159394344e-8,NE_NCC
7608,18968,18969,41684,41685,1.3649488654842826e-8,NE_NCC
7609,18969,18970,41685,41686,1.3662003158216232e-8,NE_NCC
7610,18970,18971,41686,41687,1.3674517669493126e-8,NE_NCC
7611,18971,18972,41687,41688,1.3687032188651528e-8,NE_NCC
7612,18972,18973,41688,41689,1.3699546715669949e-8,NE_NCC
7613,18973,18974,41689,41690,1.3712061250526854e-8,NE_NCC
7614,18974,18975,41690,41691,1.3724575793200745e-8,NE_NCC
7615,18975,18976,41691,41692,1.3737090343670468e-8,NE_NCC
7616,18976,18977,41692,41693,1.3749604901914515e-8,NE_NCC
7617,18977,18978,41693,41694,1.3762119467911753e-8,NE_NCC
7618,18978,18979,41694,41695,1.3774634041641046e-8,NE_NCC
7619,18979,18980,41695,41696,1.3787148623081251e-8,NE_NCC
7620,18980,18981,41696,41697,1.3799663212211674e-8,NE_NCC
7621,18981,18982,41697,41698,1.381217780901111e-8,NE_NCC
7622,18982,18983,41698,41699,1.3824692413458852e-8,NE_NCC
7623,18983,18984,41699,41700,1.383720702553401e-8,NE_NCC
7624,18984,18985,41700,41701,1.3849721645216277e-8,NE_NCC
7625,18985,18986,41701,41702,1.3862236272484692e-8,NE_NCC
7626,18986,18987,41702,41703,1.3874750907318843e-8,NE_NCC
7627,18987,18988,41703,41704,1.3887265549698235e-8,NE_NCC
7628,18988,18989,41704,41705,1.389978019960261e-8,NE_NCC
7629,18989,18990,41705,41706,1.3912294857011515e-8,NE_NCC
7630,18990,18991,41706,41707,1.392480952190465e-8,NE_NCC
7631,18991,18992,41707,41708,1.3937324194262257e-8,NE_NCC
7632,18992,18993,41708,41709,1.3949838874063898e-8,NE_NCC
7633,18993,18994,41709,41710,1.3962353561289573e-8,NE_NCC
7634,18994,18995,41710,41711,1.3974868255919466e-8,NE_NCC
7635,18995,18996,41711,41712,1.3987382957933557e-8,NE_NCC
7636,18996,18997,41712,41713,1.3999897667312119e-8,NE_NCC
7637,18997,18998,41713,41714,1.4012412384035494e-8,NE_NCC
7638,18998,18999,41714,41715,1.4024927108083933e-8,NE_NCC
7639,18999,19000,41715,41716,1.4037441839437625e-8,NE_NCC
7640,19000,19001,41716,41717,1.4049956578077639e-8,NE_NCC
7641,19001,19002,41717,41718,1.4062471323984046e-8,NE_NCC
7642,19002,19003,41718,41719,1.4074986077137544e-8,NE_NCC
7643,19003,19004,41719,41720,1.4087500837518916e-8,NE_NCC
7644,19004,19005,41720,41721,1.410001560510884e-8,NE_NCC
7645,19005,19006,41721,41722,1.411253037988809e-8,NE_NCC
7646,19006,19007,41722,41723,1.4125045161837657e-8,NE_NCC
7647,19007,19008,41723,41724,1.4137559950938504e-8,NE_NCC
7648,19008,19009,41724,41725,1.415007474717143e-8,NE_NCC
7649,19009,19010,41725,41726,1.4162589550518038e-8,NE_NCC
7650,19010,19011,41726,41727,1.417510436095902e-8,NE_NCC
7651,19011,19012,41727,41728,1.4187619178475768e-8,NE_NCC
7652,19012,19013,41728,41729,1.4200134003049508e-8,NE_NCC
7653,19013,19014,41729,41730,1.4212648834661642e-8,NE_NCC
7654,19014,19015,41730,41731,1.422516367329366e-8,NE_NCC
7655,19015,19016,41731,41732,1.4237678518926918e-8,NE_NCC
7656,19016,19017,41732,41733,1.4250193371543098e-8,NE_NCC
7657,19017,19018,41733,41734,1.4262708231123526e-8,NE_NCC
7658,19018,19019,41734,41735,1.4275223097650506e-8,NE_NCC
7659,19019,19020,41735,41736,1.4287737971105222e-8,NE_NCC
7660,19020,19021,41736,41737,1.4300252851469646e-8,NE_NCC
7661,19021,19022,41737,41738,1.4312767738725679e-8,NE_NCC
7662,19022,19023,41738,41739,1.4325282632855238e-8,NE_NCC
7663,19023,19024,41739,41740,1.4337797533840343e-8,NE_NCC
7664,19024,19025,41740,41741,1.4350312441663036e-8,NE_NCC
7665,19025,19026,41741,41742,1.4362827356305472e-8,NE_NCC
7666,19026,19027,41742,41743,1.4375342277749822e-8,NE_NCC
7667,19027,19028,41743,41744,1.4387857205978129e-8,NE_NCC
7668,19028,19029,41744,41745,1.4400372140973291e-8,NE_NCC
7669,19029,19030,41745,41746,1.4412887082717156e-8,NE_NCC
7670,19030,19031,41746,41747,1.4425402031192289e-8,NE_NCC
7671,19031,19032,41747,41748,1.4437916986381188e-8,NE_NCC
7672,19032,19033,41748,41749,1.4450431948266451e-8,NE_NCC
7673,19033,19034,41749,41750,1.4462946916830634e-8,NE_NCC
7674,19034,19035,41750,41751,1.4475461892056494e-8,NE_NCC
7675,19035,19036,41751,41752,1.4487976873926645e-8,NE_NCC
7676,19036,19037,41752,41753,1.450049186242393e-8,NE_NCC
7677,19037,19038,41753,41754,1.451300685753144e-8,NE_NCC
7678,19038,19039,41754,41755,1.4525521859231785e-8,NE_NCC
7679,19039,19040,41755,41756,1.4538036867507998e-8,NE_NCC
7680,19040,19041,41756,41757,1.4550551882343191e-8,NE_NCC
7681,19041,19042,41757,41758,1.4563066903720466e-8,NE_NCC
7682,19042,19043,41758,41759,1.4575581931622819e-8,NE_NCC
7683,19043,19044,41759,41760,1.4588096966033553e-8,NE_NCC
7684,19044,19045,41760,41761,1.460061200693605e-8,NE_NCC
7685,19045,19046,41761,41762,1.4613127054313232e-8,NE_NCC
7686,19046,19047,41762,41763,1.4625642108149352e-8,NE_NCC
7687,19047,19048,41763,41764,1.4638157168426525e-8,NE_NCC
7688,19048,19049,41764,41765,1.4650672235129664e-8,NE_NCC
7689,19049,19050,41765,41766,1.4663187308240991e-8,NE_NCC
7690,19050,19051,41766,41767,1.4675702387745048e-8,NE_NCC
7691,19051,19052,41767,41768,1.4688217473625567e-8,NE_NCC
7692,19052,19053,41768,41769,1.4700732565865118e-8,NE_NCC
7693,19053,19054,41769,41770,1.4713247664449075e-8,NE_NCC
7694,19054,19055,41770,41771,1.4725762769359617e-8,NE_NCC
7695,19055,19056,41771,41772,1.473827788058221e-8,NE_NCC
7696,19056,19057,41772,41773,1.4750792998099305e-8,NE_NCC
7697,19057,19058,41773,41774,1.4763308121896295e-8,NE_NCC
7698,19058,19059,41774,41775,1.4775823251955834e-8,NE_NCC
7699,19059,19060,41775,41776,1.4788338388263078e-8,NE_NCC
7700,19060,19061,41776,41777,1.4800853530802192e-8,NE_NCC
7701,19061,19062,41777,41778,1.4813368679556306e-8,NE_NCC
7702,19062,19063,41778,41779,1.4825883834511127e-8,NE_NCC
7703,19063,19064,41779,41780,1.4838398995649455e-8,NE_NCC
7704,19064,19065,41780,41781,1.4850914162957197e-8,NE_NCC
7705,19065,19066,41781,41782,1.4863429336417253e-8,NE_NCC
7706,19066,19067,41782,41783,1.4875944516015594e-8,NE_NCC
7707,19067,19068,41783,41784,1.4888459701735238e-8,NE_NCC
7708,19068,19069,41784,41785,1.4900974893561892e-8,NE_NCC
7709,19069,19070,41785,41786,1.4913490091480197e-8,NE_NCC
7710,19070,19071,41786,41787,1.4926005295473642e-8,NE_NCC
7711,19071,19072,41787,41788,1.4938520505528534e-8,NE_NCC
7712,19072,19073,41788,41789,1.4951035721628132e-8,NE_NCC
7713,19073,19074,41789,41790,1.496355094375873e-8,NE_NCC
7714,19074,19075,41790,41791,1.4976066171903754e-8,NE_NCC
7715,19075,19076,41791,41792,1.4988581406049564e-8,NE_NCC
7716,19076,19077,41792,41793,1.5001096646179817e-8,NE_NCC
7717,19077,19078,41793,41794,1.5013611892280435e-8,NE_NCC
7718,19078,19079,41794,41795,1.502612714433665e-8,NE_NCC
7719,19079,19080,41795,41796,1.5038642402332466e-8,NE_NCC
7720,19080,19081,41796,41797,1.5051157666254518e-8,NE_NCC
7721,19081,19082,41797,41798,1.506367293608651e-8,NE_NCC
7722,19082,19083,41798,41799,1.507618821181529e-8,NE_NCC
7723,19083,19084,41799,41800,1.5088703493424672e-8,NE_NCC
7724,19084,19085,41800,41801,1.5101218780901575e-8,NE_NCC
7725,19085,19086,41801,41802,1.5113734074229802e-8,NE_NCC
7726,19086,19087,41802,41803,1.5126249373395995e-8,NE_NCC
7727,19087,19088,41803,41804,1.5138764678385837e-8,NE_NCC
7728,19088,19089,41804,41805,1.5151279989183466e-8,NE_NCC
7729,19089,19090,41805,41806,1.5163795305776254e-8,NE_NCC
7730,19090,19091,41806,41807,1.5176310628148287e-8,NE_NCC
7731,19091,19092,41807,41808,1.51888259562868e-8,NE_NCC
7732,19092,19093,41808,41809,1.5201341290176015e-8,NE_NCC
7733,19093,19094,41809,41810,1.5213856629803298e-8,NE_NCC
7734,19094,19095,41810,41811,1.522637197515278e-8,NE_NCC
7735,19095,19096,41811,41812,1.523888732621182e-8,NE_NCC
7736,19096,19097,41812,41813,1.5251402682966134e-8,NE_NCC
7737,19097,19098,41813,41814,1.526391804540071e-8,NE_NCC
7738,19098,19099,41814,41815,1.5276433413502992e-8,NE_NCC
7739,19099,19100,41815,41816,1.5288948787257603e-8,NE_NCC
7740,19100,19101,41816,41817,1.5301464166652156e-8,NE_NCC
7741,19101,19102,41817,41818,1.5313979551671394e-8,NE_NCC
7742,19102,19103,41818,41819,1.532649494230294e-8,NE_NCC
7743,19103,19104,41819,41820,1.5339010338531626e-8,NE_NCC
7744,19104,19105,41820,41821,1.5351525740344854e-8,NE_NCC
7745,19105,19106,41821,41822,1.536404114772898e-8,NE_NCC
7746,19106,19107,41822,41823,1.5376556560669286e-8,NE_NCC
7747,19107,19108,41823,41824,1.5389071979153734e-8,NE_NCC
7748,19108,19109,41824,41825,1.540158740316724e-8,NE_NCC
7749,19109,19110,41825,41826,1.541410283269792e-8,NE_NCC
7750,19110,19111,41826,41827,1.542661826773078e-8,NE_NCC
7751,19111,19112,41827,41828,1.5439133708253997e-8,NE_NCC
7752,19112,19113,41828,41829,1.5451649154252666e-8,NE_NCC
7753,19113,19114,41829,41830,1.546416460571467e-8,NE_NCC
7754,19114,19115,41830,41831,1.5476680062626738e-8,NE_NCC
7755,19115,19116,41831,41832,1.5489195524974546e-8,NE_NCC
7756,19116,19117,41832,41833,1.5501710992746393e-8,NE_NCC
7757,19117,19118,41833,41834,1.551422646592767e-8,NE_NCC
7758,19118,19119,41834,41835,1.5526741944506843e-8,NE_NCC
7759,19119,19120,41835,41836,1.553925742846924e-8,NE_NCC
7760,19120,19121,41836,41837,1.5551772917803542e-8,NE_NCC
7761,19121,19122,41837,41838,1.5564288412495177e-8,NE_NCC
7762,19122,19123,41838,41839,1.557680391253271e-8,NE_NCC
7763,19123,19124,41839,41840,1.55893194179018e-8,NE_NCC
7764,19124,19125,41840,41841,1.5601834928590828e-8,NE_NCC
7765,19125,19126,41841,41842,1.561435044458692e-8,NE_NCC
7766,19126,19127,41842,41843,1.5626865965876118e-8,NE_NCC
7767,19127,19128,41843,41844,1.5639381492447364e-8,NE_NCC
7768,19128,19129,41844,41845,1.5651897024286427e-8,NE_NCC
7769,19129,19130,41845,41846,1.566441256138213e-8,NE_NCC
7770,19130,19131,41846,41847,1.5676928103720437e-8,NE_NCC
7771,19131,19132,41847,41848,1.5689443651290397e-8,NE_NCC
7772,19132,19133,41848,41849,1.5701959204077776e-8,NE_NCC
7773,19133,19134,41849,41850,1.571447476207138e-8,NE_NCC
7774,19134,19135,41850,41851,1.5726990325258752e-8,NE_NCC
7775,19135,19136,41851,41852,1.573950589362643e-8,NE_NCC
7776,19136,19137,41852,41853,1.5752021467163487e-8,NE_NCC
7777,19137,19138,41853,41854,1.576453704585613e-8,NE_NCC
7778,19138,19139,41854,41855,1.5777052629693663e-8,NE_NCC
7779,19139,19140,41855,41856,1.578956821866217e-8,NE_NCC
7780,19140,19141,41856,41857,1.580208381275115e-8,NE_NCC
7781,19141,19142,41857,41858,1.5814599411946875e-8,NE_NCC
7782,19142,19143,41858,41859,1.5827115016238337e-8,NE_NCC
7783,19143,19144,41859,41860,1.583963062561346e-8,NE_NCC
7784,19144,19145,41860,41861,1.585214624005911e-8,NE_NCC
7785,19145,19146,41861,41862,1.5864661859564817e-8,NE_NCC
7786,19146,19147,41862,41863,1.5877177484117003e-8,NE_NCC
7787,19147,19148,41863,41864,1.588969311370531e-8,NE_NCC
7788,19148,19149,41864,41865,1.590220874831637e-8,NE_NCC
7789,19149,19150,41865,41866,1.5914724387939805e-8,NE_NCC
7790,19150,19151,41866,41867,1.592724003256225e-8,NE_NCC
7791,19151,19152,41867,41868,1.593975568217314e-8,NE_NCC
7792,19152,19153,41868,41869,1.595227133676074e-8,NE_NCC
7793,19153,19154,41869,41870,1.5964786996312114e-8,NE_NCC
7794,19154,19155,41870,41871,1.5977302660817226e-8,NE_NCC
7795,19155,19156,41871,41872,1.5989818330262806e-8,NE_NCC
7796,19156,19157,41872,41873,1.600233400463891e-8,NE_NCC
7797,19157,19158,41873,41874,1.601484968393234e-8,NE_NCC
7798,19158,19159,41874,41875,1.60273653681332e-8,NE_NCC
7799,19159,19160,41875,41876,1.6039881057228377e-8,NE_NCC
7800,19160,19161,41876,41877,1.605239675120766e-8,NE_NCC
7801,19161,19162,41877,41878,1.606491245005919e-8,NE_NCC
7802,19162,19163,41878,41879,1.607742815377243e-8,NE_NCC
7803,19163,19164,41879,41880,1.608994386233363e-8,NE_NCC
7804,19164,19165,41880,41881,1.6102459575733815e-8,NE_NCC
7805,19165,19166,41881,41882,1.6114975293961e-8,NE_NCC
7806,19166,19167,41882,41883,1.612749101700477e-8,NE_NCC
7807,19167,19168,41883,41884,1.614000674485139e-8,NE_NCC
7808,19168,19169,41884,41885,1.6152522477492185e-8,NE_NCC
7809,19169,19170,41885,41886,1.6165038214915203e-8,NE_NCC
7810,19170,19171,41886,41887,1.6177553957109326e-8,NE_NCC
7811,19171,19172,41887,41888,1.6190069704064417e-8,NE_NCC
7812,19172,19173,41888,41889,1.620258545576685e-8,NE_NCC
7813,19173,19174,41889,41890,1.6215101212208077e-8,NE_NCC
7814,19174,19175,41890,41891,1.622761697337641e-8,NE_NCC
7815,19175,19176,41891,41892,1.6240132739261733e-8,NE_NCC
7816,19176,19177,41892,41893,1.625264850985063e-8,NE_NCC
7817,19177,19178,41893,41894,1.6265164285134732e-8,NE_NCC
7818,19178,19179,41894,41895,1.62776800651024e-8,NE_NCC
7819,19179,19180,41895,41896,1.6290195849742852e-8,NE_NCC
7820,19180,19181,41896,41897,1.6302711639046073e-8,NE_NCC
7821,19181,19182,41897,41898,1.6315227432999005e-8,NE_NCC
7822,19182,19183,41898,41899,1.6327743231593214e-8,NE_NCC
7823,19183,19184,41899,41900,1.6340259034817368e-8,NE_NCC
7824,19184,19185,41900,41901,1.6352774842661677e-8,NE_NCC
7825,19185,19186,41901,41902,1.6365290655113007e-8,NE_NCC
7826,19186,19187,41902,41903,1.6377806472163207e-8,NE_NCC
7827,19187,19188,41903,41904,1.639032229380106e-8,NE_NCC
7828,19188,19189,41904,41905,1.640283812001601e-8,NE_NCC
7829,19189,19190,41905,41906,1.6415353950798293e-8,NE_NCC
7830,19190,19191,41906,41907,1.6427869786135204e-8,NE_NCC
7831,19191,19192,41907,41908,1.6440385626018626e-8,NE_NCC
7832,19192,19193,41908,41909,1.6452901470437553e-8,NE_NCC
7833,19193,19194,41909,41910,1.646541731938223e-8,NE_NCC
7834,19194,19195,41910,41911,1.647793317284006e-8,NE_NCC
7835,19195,19196,41911,41912,1.6490449030803182e-8,NE_NCC
7836,19196,19197,41912,41913,1.6502964893260492e-8,NE_NCC
7837,19197,19198,41913,41914,1.651548076020179e-8,NE_NCC
7838,19198,19199,41914,41915,1.652799663161777e-8,NE_NCC
7839,19199,19200,41915,41916,1.6540512507495696e-8,NE_NCC
7840,19200,19201,41916,41917,1.6553028387827996e-8,NE_NCC
7841,19201,19202,41917,41918,1.6565544272603728e-8,NE_NCC
7842,19202,19203,41918,41919,1.6578060161813677e-8,NE_NCC
7843,19203,19204,41919,41920,1.6590576055445275e-8,NE_NCC
7844,19204,19205,41920,41921,1.660309195349103e-8,NE_NCC
7845,19205,19206,41921,41922,1.6615607855940166e-8,NE_NCC
7846,19206,19207,41922,41923,1.6628123762782717e-8,NE_NCC
7847,19207,19208,41923,41924,1.6640639674009564e-8,NE_NCC
7848,19208,19209,41924,41925,1.6653155589608435e-8,NE_NCC
7849,19209,19210,41925,41926,1.6665671509571857e-8,NE_NCC
7850,19210,19211,41926,41927,1.66781874338892e-8,NE_NCC
7851,19211,19212,41927,41928,1.6690703362551563e-8,NE_NCC
7852,19212,19213,41928,41929,1.6703219295546598e-8,NE_NCC
7853,19213,19214,41929,41930,1.6715735232867208e-8,NE_NCC
7854,19214,19215,41930,41931,1.6728251174502627e-8,NE_NCC
7855,19215,19216,41931,41932,1.6740767120443373e-8,NE_NCC
7856,19216,19217,41932,41933,1.6753283070680653e-8,NE_NCC
7857,19217,19218,41933,41934,1.6765799025201994e-8,NE_NCC
7858,19218,19219,41934,41935,1.6778314984000806e-8,NE_NCC
7859,19219,19220,41935,41936,1.6790830947066403e-8,NE_NCC
7860,19220,19221,41936,41937,1.6803346914390122e-8,NE_NCC
7861,19221,19222,41937,41938,1.68158628859599e-8,NE_NCC
7862,19222,19223,41938,41939,1.682837886176894e-8,NE_NCC
7863,19223,19224,41939,41940,1.6840894841806805e-8,NE_NCC
7864,19224,19225,41940,41941,1.6853410826064065e-8,NE_NCC
7865,19225,19226,41941,41942,1.6865926814532257e-8,NE_NCC
7866,19226,19227,41942,41943,1.6878442807199528e-8,NE_NCC
7867,19227,19228,41943,41944,1.6890958804058868e-8,NE_NCC
7868,19228,19229,41944,41945,1.69034748051003e-8,NE_NCC
7869,19229,19230,41945,41946,1.69159908103153e-8,NE_NCC
7870,19230,19231,41946,41947,1.6928506819692167e-8,NE_NCC
7871,19231,19232,41947,41948,1.6941022833224163e-8,NE_NCC
7872,19232,19233,41948,41949,1.6953538850901187e-8,NE_NCC
7873,19233,19234,41949,41950,1.6966054872714075e-8,NE_NCC
7874,19234,19235,41950,41951,1.697857089865464e-8,NE_NCC
7875,19235,19236,41951,41952,1.699108692871109e-8,NE_NCC
7876,19236,19237,41952,41953,1.7003602962876925e-8,NE_NCC
7877,19237,19238,41953,41954,1.7016119001142326e-8,NE_NCC
7878,19238,19239,41954,41955,1.7028635043498887e-8,NE_NCC
7879,19239,19240,41955,41956,1.704115108993523e-8,NE_NCC
7880,19240,19241,41956,41957,1.705366714044484e-8,NE_NCC
7881,19241,19242,41957,41958,1.706618319501795e-8,NE_NCC
7882,19242,19243,41958,41959,1.7078699253645568e-8,NE_NCC
7883,19243,19244,41959,41960,1.709121531631972e-8,NE_NCC
7884,19244,19245,41960,41961,1.7103731383028877e-8,NE_NCC
7885,19245,19246,41961,41962,1.7116247453766788e-8,NE_NCC
7886,19246,19247,41962,41963,1.712876352852378e-8,NE_NCC
7887,19247,19248,41963,41964,1.7141279607291902e-8,NE_NCC
7888,19248,19249,41964,41965,1.715379569005977e-8,NE_NCC
7889,19249,19250,41965,41966,1.7166311776821224e-8,NE_NCC
7890,19250,19251,41966,41967,1.717882786756672e-8,NE_NCC
7891,19251,19252,41967,41968,1.7191343962287495e-8,NE_NCC
7892,19252,19253,41968,41969,1.720386006097575e-8,NE_NCC
7893,19253,19254,41969,41970,1.7216376163620296e-8,NE_NCC
7894,19254,19255,41970,41971,1.7228892270215015e-8,NE_NCC
7895,19255,19256,41971,41972,1.7241408380750488e-8,NE_NCC
7896,19256,19257,41972,41973,1.7253924495219033e-8,NE_NCC
7897,19257,19258,41973,41974,1.726644061360945e-8,NE_NCC
7898,19258,19259,41974,41975,1.727895673591584e-8,NE_NCC
7899,19259,19260,41975,41976,1.7291472862128802e-8,NE_NCC
7900,19260,19261,41976,41977,1.730398899223987e-8,NE_NCC
7901,19261,19262,41977,41978,1.7316505126241545e-8,NE_NCC
7902,19262,19263,41978,41979,1.7329021264122657e-8,NE_NCC
7903,19263,19264,41979,41980,1.7341537405877498e-8,NE_NCC
7904,19264,19265,41980,41981,1.7354053551496738e-8,NE_NCC
7905,19265,19266,41981,41982,1.7366569700973015e-8,NE_NCC
7906,19266,19267,41982,41983,1.7379085854295322e-8,NE_NCC
7907,19267,19268,41983,41984,1.7391602011457818e-8,NE_NCC
7908,19268,19269,41984,41985,1.7404118172451762e-8,NE_NCC
7909,19269,19270,41985,41986,1.7416634337268332e-8,NE_NCC
7910,19270,19271,41986,41987,1.7429150505900743e-8,NE_NCC
7911,19271,19272,41987,41988,1.74416666783376e-8,NE_NCC
7912,19272,19273,41988,41989,1.7454182854573758e-8,NE_NCC
7913,19273,19274,41989,41990,1.7466699034600006e-8,NE_NCC
7914,19274,19275,41990,41991,1.747921521840913e-8,NE_NCC
7915,19275,19276,41991,41992,1.749173140599032e-8,NE_NCC
7916,19276,19277,41992,41993,1.750424759733817e-8,NE_NCC
7917,19277,19278,41993,41994,1.7516763792443687e-8,NE_NCC
7918,19278,19279,41994,41995,1.7529279991298825e-8,NE_NCC
7919,19279,19280,41995,41996,1.754179619389654e-8,NE_NCC
7920,19280,19281,41996,41997,1.755431240022595e-8,NE_NCC
7921,19281,19282,41997,41998,1.756682861028204e-8,NE_NCC
7922,19282,19283,41998,41999,1.7579344824055678e-8,NE_NCC
7923,19283,19284,41999,42000,1.7591861041539993e-8,NE_NCC
7924,19284,19285,42000,42001,1.760437726272435e-8,NE_NCC
7925,19285,19286,42001,42002,1.76168934876035e-8,NE_NCC
7926,19286,19287,42002,42003,1.7629409716168746e-8,NE_NCC
7927,19287,19288,42003,42004,1.76419259484122e-8,NE_NCC
7928,19288,19289,42004,42005,1.765444218432695e-8,NE_NCC
7929,19289,19290,42005,42006,1.766695842390249e-8,NE_NCC
7930,19290,19291,42006,42007,1.7679474667133755e-8,NE_NCC
7931,19291,19292,42007,42008,1.769199091401208e-8,NE_NCC
7932,19292,19293,42008,42009,1.770450716453062e-8,NE_NCC
7933,19293,19294,42009,42010,1.771702341867899e-8,NE_NCC
7934,19294,19295,42010,42011,1.7729539676452174e-8,NE_NCC
7935,19295,19296,42011,42012,1.7742055937841578e-8,NE_NCC
7936,19296,19297,42012,42013,1.775457220283963e-8,NE_NCC
7937,19297,19298,42013,42014,1.776708847143955e-8,NE_NCC
7938,19298,19299,42014,42015,1.7779604743631034e-8,NE_NCC
7939,19299,19300,42015,42016,1.7792121019409178e-8,NE_NCC
7940,19300,19301,42016,42017,1.780463729876559e-8,NE_NCC
7941,19301,19302,42017,42018,1.7817153581693586e-8,NE_NCC
7942,19302,19303,42018,42019,1.782966986818289e-8,NE_NCC
7943,19303,19304,42019,42020,1.784218615822882e-8,NE_NCC
7944,19304,19305,42020,42021,1.7854702451822956e-8,NE_NCC
7945,19305,19306,42021,42022,1.78672187489578e-8,NE_NCC
7946,19306,19307,42022,42023,1.7879735049626794e-8,NE_NCC
7947,19307,19308,42023,42024,1.7892251353819886e-8,NE_NCC
7948,19308,19309,42024,42025,1.7904767661532397e-8,NE_NCC
7949,19309,19310,42025,42026,1.7917283972756038e-8,NE_NCC
7950,19310,19311,42026,42027,1.7929800287484357e-8,NE_NCC
7951,19311,19312,42027,42028,1.7942316605707134e-8,NE_NCC
7952,19312,19313,42028,42029,1.7954832927420143e-8,NE_NCC
7953,19313,19314,42029,42030,1.796734925261487e-8,NE_NCC
7954,19314,19315,42030,42031,1.7979865581285048e-8,NE_NCC
7955,19315,19316,42031,42032,1.7992381913420765e-8,NE_NCC
7956,19316,19317,42032,42033,1.8004898249017438e-8,NE_NCC
7957,19317,19318,42033,42034,1.8017414588066922e-8,NE_NCC
7958,19318,19319,42034,42035,1.802993093056216e-8,NE_NCC
7959,19319,19320,42035,42036,1.804244727649674e-8,NE_NCC
7960,19320,19321,42036,42037,1.8054963625860882e-8,NE_NCC
7961,19321,19322,42037,42038,1.8067479978650127e-8,NE_NCC
7962,19322,19323,42038,42039,1.8079996334856482e-8,NE_NCC
7963,19323,19324,42039,42040,1.8092512694473752e-8,NE_NCC
7964,19324,19325,42040,42041,1.8105029057492217e-8,NE_NCC
7965,19325,19326,42041,42042,1.8117545423907304e-8,NE_NCC
7966,19326,19327,42042,42043,1.8130061793711446e-8,NE_NCC
7967,19327,19328,42043,42044,1.814257816689731e-8,NE_NCC
7968,19328,19329,42044,42045,1.8155094543458982e-8,NE_NCC
7969,19329,19330,42045,42046,1.8167610923386657e-8,NE_NCC
7970,19330,19331,42046,42047,1.8180127306676192e-8,NE_NCC
7971,19331,19332,42047,42048,1.819264369331968e-8,NE_NCC
7972,19332,19333,42048,42049,1.8205160083311184e-8,NE_NCC
7973,19333,19334,42049,42050,1.8217676476640968e-8,NE_NCC
7974,19334,19335,42050,42051,1.823019287330497e-8,NE_NCC
7975,19335,19336,42051,42052,1.82427092732954e-8,NE_NCC
7976,19336,19337,42052,42053,1.82552256766054e-8,NE_NCC
7977,19337,19338,42053,42054,1.8267742083229083e-8,NE_NCC
7978,19338,19339,42054,42055,1.828025849315687e-8,NE_NCC
7979,19339,19340,42055,42056,1.8292774906384726e-8,NE_NCC
7980,19340,19341,42056,42057,1.830529132290501e-8,NE_NCC
7981,19341,19342,42057,42058,1.8317807742711864e-8,NE_NCC
7982,19342,19343,42058,42059,1.833032416579575e-8,NE_NCC
7983,19343,19344,42059,42060,1.8342840592152785e-8,NE_NCC
7984,19344,19345,42060,42061,1.835535702177536e-8,NE_NCC
7985,19345,19346,42061,42062,1.8367873454656732e-8,NE_NCC
7986,19346,19347,42062,42063,1.8380389890791236e-8,NE_NCC
7987,19347,19348,42063,42064,1.83929063301694e-8,NE_NCC
7988,19348,19349,42064,42065,1.8405422772787413e-8,NE_NCC
7989,19349,19350,42065,42066,1.841793921863773e-8,NE_NCC
7990,19350,19351,42066,42067,1.843045566771477e-8,NE_NCC
7991,19351,19352,42067,42068,1.844297212000904e-8,NE_NCC
7992,19352,19353,42068,42069,1.8455488575516896e-8,NE_NCC
7993,19353,19354,42069,42070,1.846800503423078e-8,NE_NCC
7994,19354,19355,42070,42071,1.848052149614419e-8,NE_NCC
7995,19355,19356,42071,42072,1.8493037961251807e-8,NE_NCC
7996,19356,19357,42072,42073,1.8505554429543937e-8,NE_NCC
7997,19357,19358,42073,42074,1.8518070901017186e-8,NE_NCC
7998,19358,19359,42074,42075,1.8530587375664214e-8,NE_NCC
7999,19359,19360,42075,42076,1.8543103853479264e-8,NE_NCC
8000,19360,19361,42076,42077,1.8555620334453397e-8,NE_NCC
8001,19361,19362,42077,42078,1.8568136818582965e-8,NE_NCC
8002,19362,19363,42078,42079,1.8580653305860555e-8,NE_NCC
8003,19363,19364,42079,42080,1.8593169796279803e-8,NE_NCC
8004,19364,19365,42080,42081,1.860568628983553e-8,NE_NCC
8005,19365,19366,42081,42082,1.8618202786518253e-8,NE_NCC
8006,19366,19367,42082,42083,1.863071928632484e-8,NE_NCC
8007,19367,19368,42083,42084,1.8643235789247773e-8,NE_NCC
8008,19368,19369,42084,42085,1.8655752295281924e-8,NE_NCC
8009,19369,19370,42085,42086,1.8668268804418043e-8,NE_NCC
8010,19370,19371,42086,42087,1.868078531665286e-8,NE_NCC
8011,19371,19372,42087,42088,1.8693301831979124e-8,NE_NCC
8012,19372,19373,42088,42089,1.8705818350390674e-8,NE_NCC
8013,19373,19374,42089,42090,1.871833487188225e-8,NE_NCC
8014,19374,19375,42090,42091,1.8730851396444814e-8,NE_NCC
8015,19375,19376,42091,42092,1.874336792407509e-8,NE_NCC
8016,19376,19377,42092,42093,1.8755884454765966e-8,NE_NCC
8017,19377,19378,42093,42094,1.876840098851229e-8,NE_NCC
8018,19378,19379,42094,42095,1.87809175253051e-8,NE_NCC
8019,19379,19380,42095,42096,1.8793434065141133e-8,NE_NCC
8020,19380,19381,42096,42097,1.8805950608013386e-8,NE_NCC
8021,19381,19382,42097,42098,1.8818467153915803e-8,NE_NCC
8022,19382,19383,42098,42099,1.8830983702843286e-8,NE_NCC
8023,19383,19384,42099,42100,1.8843500254786937e-8,NE_NCC
8024,19384,19385,42100,42101,1.885601680974363e-8,NE_NCC
8025,19385,19386,42101,42102,1.8868533367706398e-8,NE_NCC
8026,19386,19387,42102,42103,1.8881049928670272e-8,NE_NCC
8027,19387,19388,42103,42104,1.889356649262629e-8,NE_NCC
8028,19388,19389,42104,42105,1.8906083059571514e-8,NE_NCC
8029,19389,19390,42105,42106,1.8918599629499997e-8,NE_NCC
8030,19390,19391,42106,42107,1.8931116202401894e-8,NE_NCC
8031,19391,19392,42107,42108,1.894363277827807e-8,NE_NCC
8032,19392,19393,42108,42109,1.8956149357115035e-8,NE_NCC
8033,19393,19394,42109,42110,1.8968665938914504e-8,NE_NCC
8034,19394,19395,42110,42111,1.8981182523664896e-8,NE_NCC
8035,19395,19396,42111,42112,1.8993699111360356e-8,NE_NCC
8036,19396,19397,42112,42113,1.9006215702000853e-8,NE_NCC
8037,19397,19398,42113,42114,1.9018732295572862e-8,NE_NCC
8038,19398,19399,42114,42115,1.9031248892078407e-8,NE_NCC
8039,19399,19400,42115,42116,1.904376549150575e-8,NE_NCC
8040,19400,19401,42116,42117,1.905628209384923e-8,NE_NCC
8041,19401,19402,42117,42118,1.9068798699108756e-8,NE_NCC
8042,19402,19403,42118,42119,1.9081315307273194e-8,NE_NCC
8043,19403,19404,42119,42120,1.9093831918336265e-8,NE_NCC
8044,19404,19405,42120,42121,1.9106348532298577e-8,NE_NCC
8045,19405,19406,42121,42122,1.9118865149146316e-8,NE_NCC
8046,19406,19407,42122,42123,1.913138176888186e-8,NE_NCC
8047,19407,19408,42123,42124,1.914389839149358e-8,NE_NCC
8048,19408,19409,42124,42125,1.915641501697576e-8,NE_NCC
8049,19409,19410,42125,42126,1.9168931645328762e-8,NE_NCC
8050,19410,19411,42126,42127,1.9181448276539176e-8,NE_NCC
8051,19411,19412,42127,42128,1.9193964910609058e-8,NE_NCC
8052,19412,19413,42128,42129,1.9206481547527134e-8,NE_NCC
8053,19413,19414,42129,42130,1.921899818728776e-8,NE_NCC
8054,19414,19415,42130,42131,1.9231514829891208e-8,NE_NCC
8055,19415,19416,42131,42132,1.924403147532422e-8,NE_NCC
8056,19416,19417,42132,42133,1.925654812358904e-8,NE_NCC
8057,19417,19418,42133,42134,1.926906477467421e-8,NE_NCC
8058,19418,19419,42134,42135,1.9281581428574328e-8,NE_NCC
8059,19419,19420,42135,42136,1.9294098085289824e-8,NE_NCC
8060,19420,19421,42136,42137,1.930661474480925e-8,NE_NCC
8061,19421,19422,42137,42138,1.9319131407127198e-8,NE_NCC
8062,19422,19423,42138,42139,1.9331648072244113e-8,NE_NCC
8063,19423,19424,42139,42140,1.934416474014672e-8,NE_NCC
8064,19424,19425,42140,42141,1.9356681410837466e-8,NE_NCC
8065,19425,19426,42141,42142,1.9369198084305037e-8,NE_NCC
8066,19426,19427,42142,42143,1.938171476054407e-8,NE_NCC
8067,19427,19428,42143,42144,1.939423143955509e-8,NE_NCC
8068,19428,19429,42144,42145,1.940674812132488e-8,NE_NCC
8069,19429,19430,42145,42146,1.9419264805855947e-8,NE_NCC
8070,19430,19431,42146,42147,1.943178149313708e-8,NE_NCC
8071,19431,19432,42147,42148,1.9444298183162955e-8,NE_NCC
8072,19432,19433,42148,42149,1.9456814875934155e-8,NE_NCC
8073,19433,19434,42149,42150,1.946933157143758e-8,NE_NCC
8074,19434,19435,42150,42151,1.9481848269675775e-8,NE_NCC
8075,19435,19436,42151,42152,1.9494364970637612e-8,NE_NCC
8076,19436,19437,42152,42153,1.9506881674317753e-8,NE_NCC
8077,19437,19438,42153,42154,1.9519398380717006e-8,NE_NCC
8078,19438,19439,42154,42155,1.953191508982416e-8,NE_NCC
8079,19439,19440,42155,42156,1.9544431801634074e-8,NE_NCC
8080,19440,19441,42156,42157,1.9556948516147353e-8,NE_NCC
8081,19441,19442,42157,42158,1.9569465233351003e-8,NE_NCC
8082,19442,19443,42158,42159,1.958198195324776e-8,NE_NCC
8083,19443,19444,42159,42160,1.9594498675826598e-8,NE_NCC
8084,19444,19445,42160,42161,1.96070154010821e-8,NE_NCC
8085,19445,19446,42161,42162,1.9619532129015565e-8,NE_NCC
8086,19446,19447,42162,42163,1.963204885961348e-8,NE_NCC
8087,19447,19448,42163,42164,1.9644565592879e-8,NE_NCC
8088,19448,19449,42164,42165,1.9657082328800824e-8,NE_NCC
8089,19449,19450,42165,42166,1.9669599067374064e-8,NE_NCC
8090,19450,19451,42166,42167,1.968211580859963e-8,NE_NCC
8091,19451,19452,42167,42168,1.969463255246636e-8,NE_NCC
8092,19452,19453,42168,42169,1.9707149298969203e-8,NE_NCC
8093,19453,19454,42169,42170,1.971966604810939e-8,NE_NCC
8094,19454,19455,42170,42171,1.9732182799873666e-8,NE_NCC
8095,19455,19456,42171,42172,1.9744699554265134e-8,NE_NCC
8096,19456,19457,42172,42173,1.9757216311272785e-8,NE_NCC
8097,19457,19458,42173,42174,1.9769733070891564e-8,NE_NCC
8098,19458,19459,42174,42175,1.978224983312267e-8,NE_NCC
8099,19459,19460,42175,42176,1.9794766597953e-8,NE_NCC
8100,19460,19461,42176,42177,1.9807283365385794e-8,NE_NCC
8101,19461,19462,42177,42178,1.9819800135409917e-8,NE_NCC
8102,19462,19463,42178,42179,1.983231690802065e-8,NE_NCC
8103,19463,19464,42179,42180,1.9844833683218995e-8,NE_NCC
8104,19464,19465,42180,42181,1.9857350460992063e-8,NE_NCC
8105,19465,19466,42181,42182,1.986986724134304e-8,NE_NCC
8106,19466,19467,42182,42183,1.9882384024260998e-8,NE_NCC
8107,19467,19468,42183,42184,1.9894900809741086e-8,NE_NCC
8108,19468,19469,42184,42185,1.9907417597784587e-8,NE_NCC
8109,19469,19470,42185,42186,1.991993438838054e-8,NE_NCC
8110,19470,19471,42186,42187,1.9932451181524154e-8,NE_NCC
8111,19471,19472,42187,42188,1.9944967977216717e-8,NE_NCC
8112,19472,19473,42188,42189,1.9957484775445323e-8,NE_NCC
8113,19473,19474,42189,42190,1.9970001576213306e-8,NE_NCC
8114,19474,19475,42190,42191,1.9982518379509826e-8,NE_NCC
8115,19475,19476,42191,42192,1.9995035185330127e-8,NE_NCC
8116,19476,19477,42192,42193,2.0007551993675548e-8,NE_NCC
8117,19477,19478,42193,42194,2.0020068804533233e-8,NE_NCC
8118,19478,19479,42194,42195,2.003258561790662e-8,NE_NCC
8119,19479,19480,42195,42196,2.0045102433784887e-8,NE_NCC
8120,19480,19481,42196,42197,2.0057619252163364e-8,NE_NCC
8121,19481,19482,42197,42198,2.007013607304341e-8,NE_NCC
8122,19482,19483,42198,42199,2.0082652896412298e-8,NE_NCC
8123,19483,19484,42199,42200,2.0095169722273444e-8,NE_NCC
8124,19484,19485,42200,42201,2.010768655061616e-8,NE_NCC
8125,19485,19486,42201,42202,2.0120203381435704e-8,NE_NCC
8126,19486,19487,42202,42203,2.0132720214733684e-8,NE_NCC
8127,19487,19488,42203,42204,2.0145237050499312e-8,NE_NCC
8128,19488,19489,42204,42205,2.0157753888727894e-8,NE_NCC
8129,19489,19490,42205,42206,2.017027072942125e-8,NE_NCC
8130,19490,19491,42206,42207,2.0182787572566384e-8,NE_NCC
8131,19491,19492,42207,42208,2.0195304418166872e-8,NE_NCC
8132,19492,19493,42208,42209,2.0207821266212245e-8,NE_NCC
8133,19493,19494,42209,42210,2.0220338116697744e-8,NE_NCC
8134,19494,19495,42210,42211,2.0232854969625107e-8,NE_NCC
8135,19495,19496,42211,42212,2.0245371824981576e-8,NE_NCC
8136,19496,19497,42212,42213,2.0257888682770868e-8,NE_NCC
8137,19497,19498,42213,42214,2.027040554298229e-8,NE_NCC
8138,19498,19499,42214,42215,2.028292240561141e-8,NE_NCC
8139,19499,19500,42215,42216,2.0295439270659788e-8,NE_NCC
8140,19500,19501,42216,42217,2.03079561381149e-8,NE_NCC
8141,19501,19502,42217,42218,2.032047300798034e-8,NE_NCC
8142,19502,19503,42218,42219,2.033298988024572e-8,NE_NCC
8143,19503,19504,42219,42220,2.0345506754906362e-8,NE_NCC
8144,19504,19505,42220,42221,2.035802363196424e-8,NE_NCC
8145,19505,19506,42221,42222,2.0370540511408602e-8,NE_NCC
8146,19506,19507,42222,42223,2.03830573932351e-8,NE_NCC
8147,19507,19508,42223,42224,2.0395574277445575e-8,NE_NCC
8148,19508,19509,42224,42225,2.040809116402733e-8,NE_NCC
8149,19509,19510,42225,42226,2.042060805298427e-8,NE_NCC
8150,19510,19511,42226,42227,2.043312494430588e-8,NE_NCC
8151,19511,19512,42227,42228,2.0445641837987795e-8,NE_NCC
8152,19512,19513,42228,42229,2.045815873403183e-8,NE_NCC
8153,19513,19514,42229,42230,2.047067563242545e-8,NE_NCC
8154,19514,19515,42230,42231,2.0483192533172618e-8,NE_NCC
8155,19515,19516,42231,42232,2.0495709436262768e-8,NE_NCC
8156,19516,19517,42232,42233,2.050822634169163e-8,NE_NCC
8157,19517,19518,42233,42234,2.052074324946116e-8,NE_NCC
8158,19518,19519,42234,42235,2.0533260159558765e-8,NE_NCC
8159,19519,19520,42235,42236,2.05457770719885e-8,NE_NCC
8160,19520,19521,42236,42237,2.0558293986739844e-8,NE_NCC
8161,19521,19522,42237,42238,2.0570810903808634e-8,NE_NCC
8162,19522,19523,42238,42239,2.058332782319678e-8,NE_NCC
8163,19523,19524,42239,42240,2.0595844744893914e-8,NE_NCC
8164,19524,19525,42240,42241,2.060836166889573e-8,NE_NCC
8165,19525,19526,42241,42242,2.062087859520431e-8,NE_NCC
8166,19526,19527,42242,42243,2.0633395523807213e-8,NE_NCC
8167,19527,19528,42243,42244,2.064591245470848e-8,NE_NCC
8168,19528,19529,42244,42245,2.065842938789775e-8,NE_NCC
8169,19529,19530,42245,42246,2.0670946323370818e-8,NE_NCC
8170,19530,19531,42246,42247,2.0683463261129828e-8,NE_NCC
8171,19531,19532,42247,42248,2.0695980201162284e-8,NE_NCC
8172,19532,19533,42248,42249,2.0708497143472395e-8,NE_NCC
8173,19533,19534,42249,42250,2.072101408804986e-8,NE_NCC
8174,19534,19535,42250,42251,2.0733531034890344e-8,NE_NCC
8175,19535,19536,42251,42252,2.0746047983996306e-8,NE_NCC
8176,19536,19537,42252,42253,2.075856493535505e-8,NE_NCC
8177,19537,19538,42253,42254,2.0771081888971124e-8,NE_NCC
8178,19538,19539,42254,42255,2.0783598844833888e-8,NE_NCC
8179,19539,19540,42255,42256,2.079611580293947e-8,NE_NCC
8180,19540,19541,42256,42257,2.080863276328994e-8,NE_NCC
8181,19541,19542,42257,42258,2.0821149725875247e-8,NE_NCC
8182,19542,19543,42258,42259,2.083366669069101e-8,NE_NCC
8183,19543,19544,42259,42260,2.084618365773983e-8,NE_NCC
8184,19544,19545,42260,42261,2.0858700627009074e-8,NE_NCC
8185,19545,19546,42261,42262,2.0871217598503258e-8,NE_NCC
8186,19546,19547,42262,42263,2.088373457221204e-8,NE_NCC
8187,19547,19548,42263,42264,2.0896251548131416e-8,NE_NCC
8188,19548,19549,42264,42265,2.090876852626371e-8,NE_NCC
8189,19549,19550,42265,42266,2.092128550659666e-8,NE_NCC
8190,19550,19551,42266,42267,2.0933802489134578e-8,NE_NCC
8191,19551,19552,42267,42268,2.0946319473867305e-8,NE_NCC
8192,19552,19553,42268,42269,2.095883646079087e-8,NE_NCC
8193,19553,19554,42269,42270,2.0971353449907648e-8,NE_NCC
8194,19554,19555,42270,42271,2.098387044120531e-8,NE_NCC
8195,19555,19556,42271,42272,2.0996387434688417e-8,NE_NCC
8196,19556,19557,42272,42273,2.100890443034669e-8,NE_NCC
8197,19557,19558,42273,42274,2.1021421428176222e-8,NE_NCC
8198,19558,19559,42274,42275,2.1033938428179567e-8,NE_NCC
8199,19559,19560,42275,42276,2.1046455430346426e-8,NE_NCC
8200,19560,19561,42276,42277,2.1058972434672928e-8,NE_NCC
8201,19561,19562,42277,42278,2.107148944116166e-8,NE_NCC
8202,19562,19563,42278,42279,2.1084006449800194e-8,NE_NCC
8203,19563,19564,42279,42280,2.1096523460593283e-8,NE_NCC
8204,19564,19565,42280,42281,2.110904047353067e-8,NE_NCC
8205,19565,19566,42281,42282,2.1121557488608524e-8,NE_NCC
8206,19566,19567,42282,42283,2.113407450582949e-8,NE_NCC
8207,19567,19568,42283,42284,2.1146591525181186e-8,NE_NCC
8208,19568,19569,42284,42285,2.1159108546668376e-8,NE_NCC
8209,19569,19570,42285,42286,2.117162557028092e-8,NE_NCC
8210,19570,19571,42286,42287,2.1184142596014934e-8,NE_NCC
8211,19571,19572,42287,42288,2.1196659623873172e-8,NE_NCC
8212,19572,19573,42288,42289,2.120917665384329e-8,NE_NCC
8213,19573,19574,42289,42290,2.1221693685930104e-8,NE_NCC
8214,19574,19575,42290,42291,2.123421072012349e-8,NE_NCC
8215,19575,19576,42291,42292,2.1246727756419623e-8,NE_NCC
8216,19576,19577,42292,42293,2.1259244794821364e-8,NE_NCC
8217,19577,19578,42293,42294,2.1271761835318412e-8,NE_NCC
8218,19578,19579,42294,42295,2.128427887790718e-8,NE_NCC
8219,19579,19580,42295,42296,2.1296795922590205e-8,NE_NCC
8220,19580,19581,42296,42297,2.1309312969355664e-8,NE_NCC
8221,19581,19582,42297,42298,2.132183001820811e-8,NE_NCC
8222,19582,19583,42298,42299,2.1334347069137393e-8,NE_NCC
8223,19583,19584,42299,42300,2.1346864122140165e-8,NE_NCC
8224,19584,19585,42300,42301,2.1359381177218862e-8,NE_NCC
8225,19585,19586,42301,42302,2.1371898234361442e-8,NE_NCC
8226,19586,19587,42302,42303,2.1384415293573048e-8,NE_NCC
8227,19587,19588,42303,42304,2.1396932354843113e-8,NE_NCC
8228,19588,19589,42304,42305,2.140944941816863e-8,NE_NCC
8229,19589,19590,42305,42306,2.142196648355194e-8,NE_NCC
8230,19590,19591,42306,42307,2.143448355098106e-8,NE_NCC
8231,19591,19592,42307,42308,2.144700062046102e-8,NE_NCC
8232,19592,19593,42308,42309,2.1459517691981763e-8,NE_NCC
8233,19593,19594,42309,42310,2.147203476553965e-8,NE_NCC
8234,19594,19595,42310,42311,2.1484551841137657e-8,NE_NCC
8235,19595,19596,42311,42312,2.149706891876574e-8,NE_NCC
8236,19596,19597,42312,42313,2.1509585998420336e-8,NE_NCC
8237,19597,19598,42313,42314,2.152210308010437e-8,NE_NCC
8238,19598,19599,42314,42315,2.1534620163805672e-8,NE_NCC
8239,19599,19600,42315,42316,2.1547137249529446e-8,NE_NCC
8240,19600,19601,42316,42317,2.1559654337265625e-8,NE_NCC
8241,19601,19602,42317,42318,2.1572171427010605e-8,NE_NCC
8242,19602,19603,42318,42319,2.1584688518767596e-8,NE_NCC
8243,19603,19604,42319,42320,2.159720561252424e-8,NE_NCC
8244,19604,19605,42320,42321,2.160972270828588e-8,NE_NCC
8245,19605,19606,42321,42322,2.1622239806042426e-8,NE_NCC
8246,19606,19607,42322,42323,2.1634756905790438e-8,NE_NCC
8247,19607,19608,42323,42324,2.1647274007533034e-8,NE_NCC
8248,19608,19609,42324,42325,2.1659791111257953e-8,NE_NCC
8249,19609,19610,42325,42326,2.1672308216970602e-8,NE_NCC
8250,19610,19611,42326,42327,2.1684825324660892e-8,NE_NCC
8251,19611,19612,42327,42328,2.1697342434325427e-8,NE_NCC
8252,19612,19613,42328,42329,2.1709859545967387e-8,NE_NCC
8253,19613,19614,42329,42330,2.1722376659576736e-8,NE_NCC
8254,19614,19615,42330,42331,2.173489377515013e-8,NE_NCC
8255,19615,19616,42331,42332,2.1747410892690658e-8,NE_NCC
8256,19616,19617,42332,42333,2.1759928012186307e-8,NE_NCC
8257,19617,19618,42333,42334,2.1772445133642368e-8,NE_NCC
8258,19618,19619,42334,42335,2.1784962257048818e-8,NE_NCC
8259,19619,19620,42335,42336,2.1797479382402474e-8,NE_NCC
8260,19620,19621,42336,42337,2.1809996509706467e-8,NE_NCC
8261,19621,19622,42337,42338,2.182251363894863e-8,NE_NCC
8262,19622,19623,42338,42339,2.1835030770134406e-8,NE_NCC
8263,19623,19624,42339,42340,2.1847547903254107e-8,NE_NCC
8264,19624,19625,42340,42341,2.1860065038303987e-8,NE_NCC
8265,19625,19626,42341,42342,2.1872582175287704e-8,NE_NCC
8266,19626,19627,42342,42343,2.188509931419288e-8,NE_NCC
8267,19627,19628,42343,42344,2.1897616455025267e-8,NE_NCC
8268,19628,19629,42344,42345,2.1910133597774644e-8,NE_NCC
8269,19629,19630,42345,42346,2.1922650742438068e-8,NE_NCC
8270,19630,19631,42346,42347,2.193516788901868e-8,NE_NCC
8271,19631,19632,42347,42348,2.1947685037506594e-8,NE_NCC
8272,19632,19633,42348,42349,2.1960202187898517e-8,NE_NCC
8273,19633,19634,42349,42350,2.1972719340198042e-8,NE_NCC
8274,19634,19635,42350,42351,2.1985236494392674e-8,NE_NCC
8275,19635,19636,42351,42352,2.199775365048843e-8,NE_NCC
8276,19636,19637,42352,42353,2.201027080847525e-8,NE_NCC
8277,19637,19638,42353,42354,2.2022787968349793e-8,NE_NCC
8278,19638,19639,42354,42355,2.2035305130115725e-8,NE_NCC
8279,19639,19640,42355,42356,2.2047822293760704e-8,NE_NCC
8280,19640,19641,42356,42357,2.2060339459290727e-8,NE_NCC
8281,19641,19642,42357,42358,2.2072856626695602e-8,NE_NCC
8282,19642,19643,42358,42359,2.2085373795972318e-8,NE_NCC
8283,19643,19644,42359,42360,2.2097890967124334e-8,NE_NCC
8284,19644,19645,42360,42361,2.2110408140139525e-8,NE_NCC
8285,19645,19646,42361,42362,2.2122925315023704e-8,NE_NCC
8286,19646,19647,42362,42363,2.2135442491766962e-8,NE_NCC
8287,19647,19648,42363,42364,2.2147959670366195e-8,NE_NCC
8288,19648,19649,42364,42365,2.2160476850824876e-8,NE_NCC
8289,19649,19650,42365,42366,2.217299403313321e-8,NE_NCC
8290,19650,19651,42366,42367,2.218551121728807e-8,NE_NCC
8291,19651,19652,42367,42368,2.219802840329304e-8,NE_NCC
8292,19652,19653,42368,42369,2.2210545591136002e-8,NE_NCC
8293,19653,19654,42369,42370,2.222306278082286e-8,NE_NCC
8294,19654,19655,42370,42371,2.2235579972343752e-8,NE_NCC
8295,19655,19656,42371,42372,2.2248097165695533e-8,NE_NCC
8296,19656,19657,42372,42373,2.2260614360881973e-8,NE_NCC
8297,19657,19658,42373,42374,2.2273131557890865e-8,NE_NCC
8298,19658,19659,42374,42375,2.2285648756728183e-8,NE_NCC
8299,19659,19660,42375,42376,2.2298165957384176e-8,NE_NCC
8300,19660,19661,42376,42377,2.2310683159855617e-8,NE_NCC
8301,19661,19662,42377,42378,2.232320036414631e-8,NE_NCC
8302,19662,19663,42378,42379,2.233571757024422e-8,NE_NCC
8303,19663,19664,42379,42380,2.2348234778155224e-8,NE_NCC
8304,19664,19665,42380,42381,2.2360751987869652e-8,NE_NCC
8305,19665,19666,42381,42382,2.2373269199384244e-8,NE_NCC
8306,19666,19667,42382,42383,2.2385786412703103e-8,NE_NCC
8307,19667,19668,42383,42384,2.2398303627816017e-8,NE_NCC
8308,19668,19669,42384,42385,2.241082084472035e-8,NE_NCC
8309,19669,19670,42385,42386,2.2423338063419673e-8,NE_NCC
8310,19670,19671,42386,42387,2.2435855283901833e-8,NE_NCC
8311,19671,19672,42387,42388,2.2448372506173264e-8,NE_NCC
8312,19672,19673,42388,42389,2.2460889730223917e-8,NE_NCC
8313,19673,19674,42389,42390,2.2473406956050818e-8,NE_NCC
8314,19674,19675,42390,42391,2.2485924183657872e-8,NE_NCC
8315,19675,19676,42391,42392,2.249844141303298e-8,NE_NCC
8316,19676,19677,42392,42393,2.2510958644182442e-8,NE_NCC
8317,19677,19678,42393,42394,2.252347587709625e-8,NE_NCC
8318,19678,19679,42394,42395,2.2535993111771492e-8,NE_NCC
8319,19679,19680,42395,42396,2.2548510348212252e-8,NE_NCC
8320,19680,19681,42396,42397,2.2561027586406347e-8,NE_NCC
8321,19681,19682,42397,42398,2.257354482636002e-8,NE_NCC
8322,19682,19683,42398,42399,2.2586062068063426e-8,NE_NCC
8323,19683,19684,42399,42400,2.2598579311513662e-8,NE_NCC
8324,19684,19685,42400,42401,2.2611096556714807e-8,NE_NCC
8325,19685,19686,42401,42402,2.262361380365698e-8,NE_NCC
8326,19686,19687,42402,42403,2.2636131052337372e-8,NE_NCC
8327,19687,19688,42403,42404,2.26486483027599e-8,NE_NCC
8328,19688,19689,42404,42405,2.266116555491248e-8,NE_NCC
8329,19689,19690,42405,42406,2.2673682808801572e-8,NE_NCC
8330,19690,19691,42406,42407,2.268620006441727e-8,NE_NCC
8331,19691,19692,42407,42408,2.269871732175676e-8,NE_NCC
8332,19692,19693,42408,42409,2.2711234580824133e-8,NE_NCC
8333,19693,19694,42409,42410,2.272375184160726e-8,NE_NCC
8334,19694,19695,42410,42411,2.2736269104112597e-8,NE_NCC
8335,19695,19696,42411,42412,2.2748786368330314e-8,NE_NCC
8336,19696,19697,42412,42413,2.276130363425762e-8,NE_NCC
8337,19697,19698,42413,42414,2.277382090189862e-8,NE_NCC
8338,19698,19699,42414,42415,2.278633817124356e-8,NE_NCC
8339,19699,19700,42415,42416,2.2798855442289607e-8,NE_NCC
8340,19700,19701,42416,42417,2.2811372715040975e-8,NE_NCC
8341,19701,19702,42417,42418,2.2823889989485497e-8,NE_NCC
8342,19702,19703,42418,42419,2.2836407265629722e-8,NE_NCC
8343,19703,19704,42419,42420,2.284892454346386e-8,NE_NCC
8344,19704,19705,42420,42421,2.286144182298519e-8,NE_NCC
8345,19705,19706,42421,42422,2.287395910419792e-8,NE_NCC
8346,19706,19707,42422,42423,2.2886476387089878e-8,NE_NCC
8347,19707,19708,42423,42424,2.2898993671667633e-8,NE_NCC
8348,19708,19709,42424,42425,2.291151095792158e-8,NE_NCC
8349,19709,19710,42425,42426,2.2924028245848785e-8,NE_NCC
8350,19710,19711,42426,42427,2.2936545535453667e-8,NE_NCC
8351,19711,19712,42427,42428,2.2949062826724018e-8,NE_NCC
8352,19712,19713,42428,42429,2.2961580119666465e-8,NE_NCC
8353,19713,19714,42429,42430,2.297409741427139e-8,NE_NCC
8354,19714,19715,42430,42431,2.298661471053601e-8,NE_NCC
8355,19715,19716,42431,42432,2.2999132008464505e-8,NE_NCC
8356,19716,19717,42432,42433,2.301164930804735e-8,NE_NCC
8357,19717,19718,42433,42434,2.302416660928177e-8,NE_NCC
8358,19718,19719,42434,42435,2.3036683912171933e-8,NE_NCC
8359,19719,19720,42435,42436,2.304920121670606e-8,NE_NCC
8360,19720,19721,42436,42437,2.3061718522890638e-8,NE_NCC
8361,19721,19722,42437,42438,2.307423583071602e-8,NE_NCC
8362,19722,19723,42438,42439,2.3086753140179513e-8,NE_NCC
8363,19723,19724,42439,42440,2.30992704512855e-8,NE_NCC
8364,19724,19725,42440,42441,2.311178776402193e-8,NE_NCC
8365,19725,19726,42441,42442,2.3124305078395623e-8,NE_NCC
8366,19726,19727,42442,42443,2.3136822394396768e-8,NE_NCC
8367,19727,19728,42443,42444,2.3149339712022744e-8,NE_NCC
8368,19728,19729,42444,42445,2.3161857031277962e-8,NE_NCC
8369,19729,19730,42445,42446,2.3174374352150417e-8,NE_NCC
8370,19730,19731,42446,42447,2.3186891674646836e-8,NE_NCC
8371,19731,19732,42447,42448,2.3199408998757644e-8,NE_NCC
8372,19732,19733,42448,42449,2.321192632448016e-8,NE_NCC
8373,19733,19734,42449,42450,2.322444365181883e-8,NE_NCC
8374,19734,19735,42450,42451,2.3236960980763927e-8,NE_NCC
8375,19735,19736,42451,42452,2.3249478311312982e-8,NE_NCC
8376,19736,19737,42452,42453,2.3261995643470408e-8,NE_NCC
8377,19737,19738,42453,42454,2.3274512977224146e-8,NE_NCC
8378,19738,19739,42454,42455,2.3287030312581123e-8,NE_NCC
8379,19739,19740,42455,42456,2.329954764953164e-8,NE_NCC
8380,19740,19741,42456,42457,2.3312064988073126e-8,NE_NCC
8381,19741,19742,42457,42458,2.3324582328210124e-8,NE_NCC
8382,19742,19743,42458,42459,2.33370996699306e-8,NE_NCC
8383,19743,19744,42459,42460,2.3349617013241482e-8,NE_NCC
8384,19744,19745,42460,42461,2.3362134358133088e-8,NE_NCC
8385,19745,19746,42461,42462,2.3374651704602902e-8,NE_NCC
8386,19746,19747,42462,42463,2.3387169052655506e-8,NE_NCC
8387,19747,19748,42463,42464,2.339968640227882e-8,NE_NCC
8388,19748,19749,42464,42465,2.3412203753479895e-8,NE_NCC
8389,19749,19750,42465,42466,2.3424721106249057e-8,NE_NCC
8390,19750,19751,42466,42467,2.343723846058374e-8,NE_NCC
8391,19751,19752,42467,42468,2.344975581648857e-8,NE_NCC
8392,19752,19753,42468,42469,2.346227317395401e-8,NE_NCC
8393,19753,19754,42469,42470,2.347479053297744e-8,NE_NCC
8394,19754,19755,42470,42471,2.348730789356356e-8,NE_NCC
8395,19755,19756,42471,42472,2.3499825255700393e-8,NE_NCC
8396,19756,19757,42472,42473,2.3512342619394893e-8,NE_NCC
8397,19757,19758,42473,42474,2.3524859984637478e-8,NE_NCC
8398,19758,19759,42474,42475,2.353737735142566e-8,NE_NCC
8399,19759,19760,42475,42476,2.3549894719764224e-8,NE_NCC
8400,19760,19761,42476,42477,2.3562412089640973e-8,NE_NCC
8401,19761,19762,42477,42478,2.3574929461063166e-8,NE_NCC
8402,19762,19763,42478,42479,2.3587446834021126e-8,NE_NCC
8403,19763,19764,42479,42480,2.3599964208512295e-8,NE_NCC
8404,19764,19765,42480,42481,2.3612481584541706e-8,NE_NCC
8405,19765,19766,42481,42482,2.3624998962097037e-8,NE_NCC
8406,19766,19767,42482,42483,2.3637516341185474e-8,NE_NCC
8407,19767,19768,42483,42484,2.365003372179767e-8,NE_NCC
8408,19768,19769,42484,42485,2.3662551103930814e-8,NE_NCC
8409,19769,19770,42485,42486,2.367506848759008e-8,NE_NCC
8410,19770,19771,42486,42487,2.3687585872765616e-8,NE_NCC
8411,19771,19772,42487,42488,2.370010325945492e-8,NE_NCC
8412,19772,19773,42488,42489,2.3712620647663057e-8,NE_NCC
8413,19773,19774,42489,42490,2.3725138037377913e-8,NE_NCC
8414,19774,19775,42490,42491,2.3737655428606695e-8,NE_NCC
8415,19775,19776,42491,42492,2.3750172821339728e-8,NE_NCC
8416,19776,19777,42492,42493,2.3762690215574798e-8,NE_NCC
8417,19777,19778,42493,42494,2.3775207611316588e-8,NE_NCC
8418,19778,19779,42494,42495,2.3787725008553242e-8,NE_NCC
8419,19779,19780,42495,42496,2.3800242407291917e-8,NE_NCC
8420,19780,19781,42496,42497,2.3812759807523078e-8,NE_NCC
8421,19781,19782,42497,42498,2.3825277209244344e-8,NE_NCC
8422,19782,19783,42498,42499,2.3837794612460648e-8,NE_NCC
8423,19783,19784,42499,42500,2.3850312017159877e-8,NE_NCC
8424,19784,19785,42500,42501,2.3862829423349478e-8,NE_NCC
8425,19785,19786,42501,42502,2.3875346831019797e-8,NE_NCC
8426,19786,19787,42502,42503,2.3887864240168508e-8,NE_NCC
8427,19787,19788,42503,42504,2.390038165080056e-8,NE_NCC
8428,19788,19789,42504,42505,2.391289906290638e-8,NE_NCC
8429,19789,19790,42505,42506,2.392541647648359e-8,NE_NCC
8430,19790,19791,42506,42507,2.3937933891537194e-8,NE_NCC
8431,19791,19792,42507,42508,2.395045130805522e-8,NE_NCC
8432,19792,19793,42508,42509,2.3962968726044992e-8,NE_NCC
8433,19793,19794,42509,42510,2.397548614549701e-8,NE_NCC
8434,19794,19795,42510,42511,2.3988003566408864e-8,NE_NCC
8435,19795,19796,42511,42512,2.4000520988785698e-8,NE_NCC
8436,19796,19797,42512,42513,2.4013038412615448e-8,NE_NCC
8437,19797,19798,42513,42514,2.4025555837905515e-8,NE_NCC
8438,19798,19799,42514,42515,2.403807326464638e-8,NE_NCC
8439,19799,19800,42515,42516,2.4050590692835747e-8,NE_NCC
8440,19800,19801,42516,42517,2.406310812247865e-8,NE_NCC
8441,19801,19802,42517,42518,2.407562555356317e-8,NE_NCC
8442,19802,19803,42518,42519,2.4088142986096625e-8,NE_NCC
8443,19803,19804,42519,42520,2.410066042006971e-8,NE_NCC
8444,19804,19805,42520,42521,2.4113177855480016e-8,NE_NCC
8445,19805,19806,42521,42522,2.412569529233243e-8,NE_NCC
8446,19806,19807,42522,42523,2.413821273061776e-8,NE_NCC
8447,19807,19808,42523,42524,2.4150730170333623e-8,NE_NCC
8448,19808,19809,42524,42525,2.4163247611485077e-8,NE_NCC
8449,19809,19810,42525,42526,2.417576505406019e-8,NE_NCC
8450,19810,19811,42526,42527,2.418828249806641e-8,NE_NCC
8451,19811,19812,42527,42528,2.4200799943494384e-8,NE_NCC
8452,19812,19813,42528,42529,2.4213317390341656e-8,NE_NCC
8453,19813,19814,42529,42530,2.422583483861363e-8,NE_NCC
8454,19814,19815,42530,42531,2.4238352288298008e-8,NE_NCC
8455,19815,19816,42531,42532,2.4250869739402765e-8,NE_NCC
8456,19816,19817,42532,42533,2.426338719191806e-8,NE_NCC
8457,19817,19818,42533,42534,2.427590464584171e-8,NE_NCC
8458,19818,19819,42534,42535,2.4288422101179165e-8,NE_NCC
8459,19819,19820,42535,42536,2.430093955791811e-8,NE_NCC
8460,19820,19821,42536,42537,2.4313457016066446e-8,NE_NCC
8461,19821,19822,42537,42538,2.432597447561444e-8,NE_NCC
8462,19822,19823,42538,42539,2.433849193656008e-8,NE_NCC
8463,19823,19824,42539,42540,2.435100939890841e-8,NE_NCC
8464,19824,19825,42540,42541,2.4363526862650203e-8,NE_NCC
8465,19825,19826,42541,42542,2.437604432778292e-8,NE_NCC
8466,19826,19827,42542,42543,2.4388561794312078e-8,NE_NCC
8467,19827,19828,42543,42544,2.440107926222555e-8,NE_NCC
8468,19828,19829,42544,42545,2.4413596731531157e-8,NE_NCC
8469,19829,19830,42545,42546,2.4426114202219302e-8,NE_NCC
8470,19830,19831,42546,42547,2.4438631674287843e-8,NE_NCC
8471,19831,19832,42547,42548,2.4451149147742123e-8,NE_NCC
8472,19832,19833,42548,42549,2.446366662257007e-8,NE_NCC
8473,19833,19834,42549,42550,2.4476184098779526e-8,NE_NCC
8474,19834,19835,42550,42551,2.4488701576360934e-8,NE_NCC
8475,19835,19836,42551,42552,2.4501219055312137e-8,NE_NCC
8476,19836,19837,42552,42553,2.4513736535638545e-8,NE_NCC
8477,19837,19838,42553,42554,2.4526254017328096e-8,NE_NCC
8478,19838,19839,42554,42555,2.453877150038866e-8,NE_NCC
8479,19839,19840,42555,42556,2.4551288984810597e-8,NE_NCC
8480,19840,19841,42556,42557,2.456380647059199e-8,NE_NCC
8481,19841,19842,42557,42558,2.4576323957737978e-8,NE_NCC
8482,19842,19843,42558,42559,2.458884144623939e-8,NE_NCC
8483,19843,19844,42559,42560,2.4601358936093672e-8,NE_NCC
8484,19844,19845,42560,42561,2.461387642730671e-8,NE_NCC
8485,19845,19846,42561,42562,2.462639391986609e-8,NE_NCC
8486,19846,19847,42562,42563,2.463891141378e-8,NE_NCC
8487,19847,19848,42563,42564,2.4651428909036174e-8,NE_NCC
8488,19848,19849,42564,42565,2.466394640564518e-8,NE_NCC
8489,19849,19850,42565,42566,2.467646390358753e-8,NE_NCC
8490,19850,19851,42566,42567,2.4688981402876075e-8,NE_NCC
8491,19851,19852,42567,42568,2.4701498903508787e-8,NE_NCC
8492,19852,19853,42568,42569,2.471401640546863e-8,NE_NCC
8493,19853,19854,42569,42570,2.472653390876862e-8,NE_NCC
8494,19854,19855,42570,42571,2.473905141340174e-8,NE_NCC
8495,19855,19856,42571,42572,2.4751568919370938e-8,NE_NCC
8496,19856,19857,42572,42573,2.4764086426659138e-8,NE_NCC
8497,19857,19858,42573,42574,2.4776603935279308e-8,NE_NCC
8498,19858,19859,42574,42575,2.4789121445229697e-8,NE_NCC
8499,19859,19860,42575,42576,2.4801638956492963e-8,NE_NCC
8500,19860,19861,42576,42577,2.48141564690823e-8,NE_NCC
8501,19861,19862,42577,42578,2.4826673982995708e-8,NE_NCC
8502,19862,19863,42578,42579,2.483919149821603e-8,NE_NCC
8503,19863,19864,42579,42580,2.4851709014756396e-8,NE_NCC
8504,19864,19865,42580,42581,2.486422653260993e-8,NE_NCC
8505,19865,19866,42581,42582,2.4876744051779514e-8,NE_NCC
8506,19866,19867,42582,42583,2.488926157224811e-8,NE_NCC
8507,19867,19868,42583,42584,2.4901779094028802e-8,NE_NCC
8508,19868,19869,42584,42585,2.4914296617119816e-8,NE_NCC
8509,19869,19870,42585,42586,2.4926814141503848e-8,NE_NCC
8510,19870,19871,42586,42587,2.4939331667194117e-8,NE_NCC
8511,19871,19872,42587,42588,2.4951849194188787e-8,NE_NCC
8512,19872,19873,42588,42589,2.4964366722470537e-8,NE_NCC
8513,19873,19874,42589,42590,2.497688425205279e-8,NE_NCC
8514,19874,19875,42590,42591,2.4989401782933496e-8,NE_NCC
8515,19875,19876,42591,42592,2.500191931509552e-8,NE_NCC
8516,19876,19877,42592,42593,2.5014436848552145e-8,NE_NCC
8517,19877,19878,42593,42594,2.5026954383296363e-8,NE_NCC
8518,19878,19879,42594,42595,2.5039471919331356e-8,NE_NCC
8519,19879,19880,42595,42596,2.5051989456639847e-8,NE_NCC
8520,19880,19881,42596,42597,2.506450699523534e-8,NE_NCC
8521,19881,19882,42597,42598,2.5077024535115726e-8,NE_NCC
8522,19882,19883,42598,42599,2.5089542076263916e-8,NE_NCC
8523,19883,19884,42599,42600,2.5102059618693307e-8,NE_NCC
8524,19884,19885,42600,42601,2.511457716240188e-8,NE_NCC
8525,19885,19886,42601,42602,2.5127094707372637e-8,NE_NCC
8526,19886,19887,42602,42603,2.513961225361866e-8,NE_NCC
8527,19887,19888,42603,42604,2.515212980113844e-8,NE_NCC
8528,19888,19889,42604,42605,2.51646473499144e-8,NE_NCC
8529,19889,19890,42605,42606,2.5177164899960255e-8,NE_NCC
8530,19890,19891,42606,42607,2.5189682451268883e-8,NE_NCC
8531,19891,19892,42607,42608,2.5202200003843495e-8,NE_NCC
8532,19892,19893,42608,42609,2.521471755766684e-8,NE_NCC
8533,19893,19894,42609,42610,2.522723511275258e-8,NE_NCC
8534,19894,19895,42610,42611,2.5239752669098738e-8,NE_NCC
8535,19895,19896,42611,42612,2.5252270226687907e-8,NE_NCC
8536,19896,19897,42612,42613,2.526478778553388e-8,NE_NCC
8537,19897,19898,42613,42614,2.5277305345634742e-8,NE_NCC
8538,19898,19899,42614,42615,2.5289822906973012e-8,NE_NCC
8539,19899,19900,42615,42616,2.530234046956246e-8,NE_NCC
8540,19900,19901,42616,42617,2.5314858033396097e-8,NE_NCC
8541,19901,19902,42617,42618,2.5327375598477107e-8,NE_NCC
8542,19902,19903,42618,42619,2.533989316478834e-8,NE_NCC
8543,19903,19904,42619,42620,2.535241073234337e-8,NE_NCC
8544,19904,19905,42620,42621,2.5364928301140127e-8,NE_NCC
8545,19905,19906,42621,42622,2.5377445871161798e-8,NE_NCC
8546,19906,19907,42622,42623,2.5389963442421557e-8,NE_NCC
8547,19907,19908,42623,42624,2.540248101491789e-8,NE_NCC
8548,19908,19909,42624,42625,2.54149985886333e-8,NE_NCC
8549,19909,19910,42625,42626,2.5427516163581602e-8,NE_NCC
8550,19910,19911,42626,42627,2.5440033739760915e-8,NE_NCC
8551,19911,19912,42627,42628,2.5452551317153887e-8,NE_NCC
8552,19912,19913,42628,42629,2.54650688957743e-8,NE_NCC
8553,19913,19914,42629,42630,2.5477586475615176e-8,NE_NCC
8554,19914,19915,42630,42631,2.5490104056679857e-8,NE_NCC
8555,19915,19916,42631,42632,2.550262163895106e-8,NE_NCC
8556,19916,19917,42632,42633,2.55151392224424e-8,NE_NCC
8557,19917,19918,42633,42634,2.55276568071523e-8,NE_NCC
8558,19918,19919,42634,42635,2.5540174393063252e-8,NE_NCC
8559,19919,19920,42635,42636,2.5552691980189115e-8,NE_NCC
8560,19920,19921,42636,42637,2.556520956852811e-8,NE_NCC
8561,19921,19922,42637,42638,2.5577727158062848e-8,NE_NCC
8562,19922,19923,42638,42639,2.5590244748807163e-8,NE_NCC
8563,19923,19924,42639,42640,2.5602762340759324e-8,NE_NCC
8564,19924,19925,42640,42641,2.5615279933901928e-8,NE_NCC
8565,19925,19926,42641,42642,2.5627797528248806e-8,NE_NCC
8566,19926,19927,42642,42643,2.5640315123793036e-8,NE_NCC
8567,19927,19928,42643,42644,2.5652832720538103e-8,NE_NCC
8568,19928,19929,42644,42645,2.56653503184665e-8,NE_NCC
8569,19929,19930,42645,42646,2.5677867917592268e-8,NE_NCC
8570,19930,19931,42646,42647,2.5690385517913548e-8,NE_NCC
8571,19931,19932,42647,42648,2.5702903119413055e-8,NE_NCC
8572,19932,19933,42648,42649,2.5715420722104618e-8,NE_NCC
8573,19933,19934,42649,42650,2.5727938325986613e-8,NE_NCC
8574,19934,19935,42650,42651,2.574045593104146e-8,NE_NCC
8575,19935,19936,42651,42652,2.575297353728327e-8,NE_NCC
8576,19936,19937,42652,42653,2.5765491144705078e-8,NE_NCC
8577,19937,19938,42653,42654,2.5778008753310244e-8,NE_NCC
8578,19938,19939,42654,42655,2.579052636308168e-8,NE_NCC
8579,19939,19940,42655,42656,2.580304397403307e-8,NE_NCC
8580,19940,19941,42656,42657,2.5815561586162688e-8,NE_NCC
8581,19941,19942,42657,42658,2.582807919945336e-8,NE_NCC
8582,19942,19943,42658,42659,2.5840596813918925e-8,NE_NCC
8583,19943,19944,42659,42660,2.5853114429557774e-8,NE_NCC
8584,19944,19945,42660,42661,2.586563204635242e-8,NE_NCC
8585,19945,19946,42661,42662,2.5878149664316863e-8,NE_NCC
8586,19946,19947,42662,42663,2.5890667283449563e-8,NE_NCC
8587,19947,19948,42663,42664,2.590318490373304e-8,NE_NCC
8588,19948,19949,42664,42665,2.5915702525181103e-8,NE_NCC
8589,19949,19950,42665,42666,2.5928220147787258e-8,NE_NCC
8590,19950,19951,42666,42667,2.5940737771554906e-8,NE_NCC
8591,19951,19952,42667,42668,2.5953255396466423e-8,NE_NCC
8592,19952,19953,42668,42669,2.596577302253599e-8,NE_NCC
8593,19953,19954,42669,42670,2.597829064976227e-8,NE_NCC
8594,19954,19955,42670,42671,2.5990808278127307e-8,NE_NCC
8595,19955,19956,42671,42672,2.600332590764554e-8,NE_NCC
8596,19956,19957,42672,42673,2.601584353831529e-8,NE_NCC
8597,19957,19958,42673,42674,2.6028361170119033e-8,NE_NCC
8598,19958,19959,42674,42675,2.6040878803071003e-8,NE_NCC
8599,19959,19960,42675,42676,2.6053396437169446e-8,NE_NCC
8600,19960,19961,42676,42677,2.606591407239696e-8,NE_NCC
8601,19961,19962,42677,42678,2.607843170876774e-8,NE_NCC
8602,19962,19963,42678,42679,2.6090949346274837e-8,NE_NCC
8603,19963,19964,42679,42680,2.610346698492194e-8,NE_NCC
8604,19964,19965,42680,42681,2.6115984624691515e-8,NE_NCC
8605,19965,19966,42681,42682,2.612850226559784e-8,NE_NCC
8606,19966,19967,42682,42683,2.6141019907639288e-8,NE_NCC
8607,19967,19968,42683,42684,2.6153537550798297e-8,NE_NCC
8608,19968,19969,42684,42685,2.6166055195089186e-8,NE_NCC
8609,19969,19970,42685,42686,2.6178572840510378e-8,NE_NCC
8610,19970,19971,42686,42687,2.6191090487044228e-8,NE_NCC
8611,19971,19972,42687,42688,2.6203608134705196e-8,NE_NCC
8612,19972,19973,42688,42689,2.6216125783491555e-8,NE_NCC
8613,19973,19974,42689,42690,2.622864343338582e-8,NE_NCC
8614,19974,19975,42690,42691,2.6241161084402348e-8,NE_NCC
8615,19975,19976,42691,42692,2.6253678736534162e-8,NE_NCC
8616,19976,19977,42692,42693,2.6266196389785118e-8,NE_NCC
8617,19977,19978,42693,42694,2.627871404413738e-8,NE_NCC
8618,19978,19979,42694,42695,2.6291231699605706e-8,NE_NCC
8619,19979,19980,42695,42696,2.6303749356188288e-8,NE_NCC
8620,19980,19981,42696,42697,2.6316267013867522e-8,NE_NCC
8621,19981,19982,42697,42698,2.632878467265789e-8,NE_NCC
8622,19982,19983,42698,42699,2.6341302332557967e-8,NE_NCC
8623,19983,19984,42699,42700,2.6353819993549806e-8,NE_NCC
8624,19984,19985,42700,42701,2.636633765564825e-8,NE_NCC
8625,19985,19986,42701,42702,2.637885531884614e-8,NE_NCC
8626,19986,19987,42702,42703,2.6391372983147314e-8,NE_NCC
8627,19987,19988,42703,42704,2.6403890648534198e-8,NE_NCC
8628,19988,19989,42704,42705,2.6416408315021162e-8,NE_NCC
8629,19989,19990,42705,42706,2.6428925982606967e-8,NE_NCC
8630,19990,19991,42706,42707,2.6441443651273608e-8,NE_NCC
8631,19991,19992,42707,42708,2.6453961321035874e-8,NE_NCC
8632,19992,19993,42708,42709,2.646647899189216e-8,NE_NCC
8633,19993,19994,42709,42710,2.647899666382455e-8,NE_NCC
8634,19994,19995,42710,42711,2.6491514336848083e-8,NE_NCC
8635,19995,19996,42711,42712,2.650403201096111e-8,NE_NCC
8636,19996,19997,42712,42713,2.6516549686145567e-8,NE_NCC
8637,19997,19998,42713,42714,2.6529067362416364e-8,NE_NCC
8638,19998,19999,42714,42715,2.6541585039766755e-8,NE_NCC
8639,19999,20000,42715,42716,2.655410271820033e-8,NE_NCC
8640,20000,20001,42716,42717,2.656662039769942e-8,NE_NCC
8641,20001,20002,42717,42718,2.6579138078278752e-8,NE_NCC
8642,20002,20003,42718,42719,2.659165575993692e-8,NE_NCC
8643,20003,20004,42719,42720,2.6604173442655964e-8,NE_NCC
8644,20004,20005,42720,42721,2.661669112645074e-8,NE_NCC
8645,20005,20006,42721,42722,2.6629208811319702e-8,NE_NCC
8646,20006,20007,42722,42723,2.6641726497245077e-8,NE_NCC
8647,20007,20008,42723,42724,2.6654244184241693e-8,NE_NCC
8648,20008,20009,42724,42725,2.6666761872308003e-8,NE_NCC
8649,20009,20010,42725,42726,2.6679279561426212e-8,NE_NCC
8650,20010,20011,42726,42727,2.6691797251611117e-8,NE_NCC
8651,20011,20012,42727,42728,2.6704314942855822e-8,NE_NCC
8652,20012,20013,42728,42729,2.6716832635164252e-8,NE_NCC
8653,20013,20014,42729,42730,2.672935032851862e-8,NE_NCC
8654,20014,20015,42730,42731,2.6741868022933738e-8,NE_NCC
8655,20015,20016,42731,42732,2.675438571840814e-8,NE_NCC
8656,20016,20017,42732,42733,2.6766903414924025e-8,NE_NCC
8657,20017,20018,42733,42734,2.677942111249628e-8,NE_NCC
8658,20018,20019,42734,42735,2.6791938811123342e-8,NE_NCC
8659,20019,20020,42735,42736,2.6804456510787475e-8,NE_NCC
8660,20020,20021,42736,42737,2.6816974211503508e-8,NE_NCC
8661,20021,20022,42737,42738,2.6829491913264636e-8,NE_NCC
8662,20022,20023,42738,42739,2.684200961607463e-8,NE_NCC
8663,20023,20024,42739,42740,2.6854527319915863e-8,NE_NCC
8664,20024,20025,42740,42741,2.686704502480332e-8,NE_NCC
8665,20025,20026,42741,42742,2.6879562730735306e-8,NE_NCC
8666,20026,20027,42742,42743,2.689208043769401e-8,NE_NCC
8667,20027,20028,42743,42744,2.6904598145694523e-8,NE_NCC
8668,20028,20029,42744,42745,2.6917115854735487e-8,NE_NCC
8669,20029,20030,42745,42746,2.6929633564798686e-8,NE_NCC
8670,20030,20031,42746,42747,2.6942151275899442e-8,NE_NCC
8671,20031,20032,42747,42748,2.6954668988036106e-8,NE_NCC
8672,20032,20033,42748,42749,2.696718670119092e-8,NE_NCC
8673,20033,20034,42749,42750,2.6979704415379034e-8,NE_NCC
8674,20034,20035,42750,42751,2.6992222130593074e-8,NE_NCC
8675,20035,20036,42751,42752,2.7004739846837583e-8,NE_NCC
8676,20036,20037,42752,42753,2.7017257564094335e-8,NE_NCC
8677,20037,20038,42753,42754,2.702977528237869e-8,NE_NCC
8678,20038,20039,42754,42755,2.7042293001689016e-8,NE_NCC
8679,20039,20040,42755,42756,2.7054810722007382e-8,NE_NCC
8680,20040,20041,42756,42757,2.7067328443348928e-8,NE_NCC
8681,20041,20042,42757,42758,2.70798461657124e-8,NE_NCC
8682,20042,20043,42758,42759,2.7092363889079615e-8,NE_NCC
8683,20043,20044,42759,42760,2.7104881613465824e-8,NE_NCC
8684,20044,20045,42760,42761,2.711739933886966e-8,NE_NCC
8685,20045,20046,42761,42762,2.7129917065273105e-8,NE_NCC
8686,20046,20047,42762,42763,2.7142434792691196e-8,NE_NCC
8687,20047,20048,42763,42764,2.715495252111746e-8,NE_NCC
8688,20048,20049,42764,42765,2.716747025055549e-8,NE_NCC
8689,20049,20050,42765,42766,2.7179987980987603e-8,NE_NCC
8690,20050,20051,42766,42767,2.7192505712428945e-8,NE_NCC
8691,20051,20052,42767,42768,2.720502344487816e-8,NE_NCC
8692,20052,20053,42768,42769,2.721754117831722e-8,NE_NCC
8693,20053,20054,42769,42770,2.7230058912761352e-8,NE_NCC
8694,20054,20055,42770,42771,2.724257664820921e-8,NE_NCC
8695,20055,20056,42771,42772,2.7255094384642775e-8,NE_NCC
8696,20056,20057,42772,42773,2.726761212207731e-8,NE_NCC
8697,20057,20058,42773,42774,2.7280129860505895e-8,NE_NCC
8698,20058,20059,42774,42775,2.7292647599932706e-8,NE_NCC
8699,20059,20060,42775,42776,2.730516534033974e-8,NE_NCC
8700,20060,20061,42776,42777,2.7317683081742317e-8,NE_NCC
8701,20061,20062,42777,42778,2.7330200824139005e-8,NE_NCC
8702,20062,20063,42778,42779,2.7342718567511805e-8,NE_NCC
8703,20063,20064,42779,42780,2.7355236311876097e-8,NE_NCC
8704,20064,20065,42780,42781,2.7367754057230454e-8,NE_NCC
8705,20065,20066,42781,42782,2.7380271803556905e-8,NE_NCC
8706,20066,20067,42782,42783,2.739278955087063e-8,NE_NCC
8707,20067,20068,42783,42784,2.7405307299170602e-8,NE_NCC
8708,20068,20069,42784,42785,2.741782504843839e-8,NE_NCC
8709,20069,20070,42785,42786,2.7430342798689708e-8,NE_NCC
8710,20070,20071,42786,42787,2.744286054991731e-8,NE_NCC
8711,20071,20072,42787,42788,2.74553783021258e-8,NE_NCC
8712,20072,20073,42788,42789,2.7467896055296943e-8,NE_NCC
8713,20073,20074,42789,42790,2.7480413809445944e-8,NE_NCC
8714,20074,20075,42790,42791,2.749293156457172e-8,NE_NCC
8715,20075,20076,42791,42792,2.7505449320656367e-8,NE_NCC
8716,20076,20077,42792,42793,2.7517967077714834e-8,NE_NCC
8717,20077,20078,42793,42794,2.7530484835746026e-8,NE_NCC
8718,20078,20079,42794,42795,2.7543002594732168e-8,NE_NCC
8719,20079,20080,42795,42796,2.7555520354688192e-8,NE_NCC
8720,20080,20081,42796,42797,2.756803811561308e-8,NE_NCC
8721,20081,20082,42797,42798,2.7580555877488723e-8,NE_NCC
8722,20082,20083,42798,42799,2.7593073640330618e-8,NE_NCC
8723,20083,20084,42799,42800,2.7605591404131613e-8,NE_NCC
8724,20084,20085,42800,42801,2.761810916889642e-8,NE_NCC
8725,20085,20086,42801,42802,2.7630626934606507e-8,NE_NCC
8726,20086,20087,42802,42803,2.764314470127769e-8,NE_NCC
8727,20087,20088,42803,42804,2.7655662468908626e-8,NE_NCC
8728,20088,20089,42804,42805,2.766818023748104e-8,NE_NCC
8729,20089,20090,42805,42806,2.7680698007010552e-8,NE_NCC
8730,20090,20091,42806,42807,2.7693215777495977e-8,NE_NCC
8731,20091,20092,42807,42808,2.7705733548918965e-8,NE_NCC
8732,20092,20093,42808,42809,2.771825132129532e-8,NE_NCC
8733,20093,20094,42809,42810,2.7730769094618028e-8,NE_NCC
8734,20094,20095,42810,42811,2.7743286868891434e-8,NE_NCC
8735,20095,20096,42811,42812,2.775580464409724e-8,NE_NCC
8736,20096,20097,42812,42813,2.776832242025139e-8,NE_NCC
8737,20097,20098,42813,42814,2.7780840197352292e-8,NE_NCC
8738,20098,20099,42814,42815,2.779335797538192e-8,NE_NCC
8739,20099,20100,42815,42816,2.7805875754355894e-8,NE_NCC
8740,20100,20101,42816,42817,2.7818393534272954e-8,NE_NCC
8741,20101,20102,42817,42818,2.783091131511488e-8,NE_NCC
8742,20102,20103,42818,42819,2.7843429096897367e-8,NE_NCC
8743,20103,20104,42819,42820,2.7855946879619172e-8,NE_NCC
8744,20104,20105,42820,42821,2.786846466326204e-8,NE_NCC
8745,20105,20106,42821,42822,2.7880982447841663e-8,NE_NCC
8746,20106,20107,42822,42823,2.7893500233351202e-8,NE_NCC
8747,20107,20108,42823,42824,2.7906018019795042e-8,NE_NCC
8748,20108,20109,42824,42825,2.7918535807154852e-8,NE_NCC
8749,20109,20110,42825,42826,2.793105359544662e-8,NE_NCC
8750,20110,20111,42826,42827,2.7943571384668867e-8,NE_NCC
8751,20111,20112,42827,42828,2.7956089174803332e-8,NE_NCC
8752,20112,20113,42828,42829,2.7968606965865953e-8,NE_NCC
8753,20113,20114,42829,42830,2.7981124757855447e-8,NE_NCC
8754,20114,20115,42830,42831,2.7993642550753366e-8,NE_NCC
8755,20115,20116,42831,42832,2.8006160344575932e-8,NE_NCC
8756,20116,20117,42832,42833,2.801867813932136e-8,NE_NCC
8757,20117,20118,42833,42834,2.8031195934971832e-8,NE_NCC
8758,20118,20119,42834,42835,2.8043713731542993e-8,NE_NCC
8759,20119,20120,42835,42836,2.8056231529027765e-8,NE_NCC
8760,20120,20121,42836,42837,2.8068749327431102e-8,NE_NCC
8761,20121,20122,42837,42838,2.808126712673411e-8,NE_NCC
8762,20122,20123,42838,42839,2.809378492695313e-8,NE_NCC
8763,20123,20124,42839,42840,2.8106302728086556e-8,NE_NCC
8764,20124,20125,42840,42841,2.8118820530116424e-8,NE_NCC
8765,20125,20126,42841,42842,2.813133833305841e-8,NE_NCC
8766,20126,20127,42842,42843,2.8143856136911584e-8,NE_NCC
8767,20127,20128,42843,42844,2.8156373941657007e-8,NE_NCC
8768,20128,20129,42844,42845,2.816889174731139e-8,NE_NCC
8769,20129,20130,42845,42846,2.818140955386717e-8,NE_NCC
8770,20130,20131,42846,42847,2.819392736132932e-8,NE_NCC
8771,20131,20132,42847,42848,2.8206445169679136e-8,NE_NCC
8772,20132,20133,42848,42849,2.8218962978932687e-8,NE_NCC
8773,20133,20134,42849,42850,2.8231480789089125e-8,NE_NCC
8774,20134,20135,42850,42851,2.824399860012946e-8,NE_NCC
8775,20135,20136,42851,42852,2.825651641207021e-8,NE_NCC
8776,20136,20137,42852,42853,2.8269034224909827e-8,NE_NCC
8777,20137,20138,42853,42854,2.828155203863027e-8,NE_NCC
8778,20138,20139,42854,42855,2.8294069853247162e-8,NE_NCC
8779,20139,20140,42855,42856,2.8306587668759747e-8,NE_NCC
8780,20140,20141,42856,42857,2.831910548514927e-8,NE_NCC
8781,20141,20142,42857,42858,2.8331623302431966e-8,NE_NCC
8782,20142,20143,42858,42859,2.8344141120600863e-8,NE_NCC
8783,20143,20144,42859,42860,2.8356658939660587e-8,NE_NCC
8784,20144,20145,42860,42861,2.8369176759592605e-8,NE_NCC
8785,20145,20146,42861,42862,2.8381694580413112e-8,NE_NCC
8786,20146,20147,42862,42863,2.8394212402120915e-8,NE_NCC
8787,20147,20148,42863,42864,2.840673022469753e-8,NE_NCC
8788,20148,20149,42864,42865,2.841924804815909e-8,NE_NCC
8789,20149,20150,42865,42866,2.8431765872504536e-8,NE_NCC
8790,20150,20151,42866,42867,2.844428369771525e-8,NE_NCC
8791,20151,20152,42867,42868,2.8456801523807432e-8,NE_NCC
8792,20152,20153,42868,42869,2.846931935078007e-8,NE_NCC
8793,20153,20154,42869,42870,2.848183717861448e-8,NE_NCC
8794,20154,20155,42870,42871,2.8494355007326922e-8,NE_NCC
8795,20155,20156,42871,42872,2.85068728369105e-8,NE_NCC
8796,20156,20157,42872,42873,2.8519390667369898e-8,NE_NCC
8797,20157,20158,42873,42874,2.8531908498686384e-8,NE_NCC
8798,20158,20159,42874,42875,2.8544426330876464e-8,NE_NCC
8799,20159,20160,42875,42876,2.8556944163938804e-8,NE_NCC
8800,20160,20161,42876,42877,2.8569461997854973e-8,NE_NCC
8801,20161,20162,42877,42878,2.8581979832641246e-8,NE_NCC
8802,20162,20163,42878,42879,2.8594497668296492e-8,NE_NCC
8803,20163,20164,42879,42880,2.8607015504801975e-8,NE_NCC
8804,20164,20165,42880,42881,2.8619533342174077e-8,NE_NCC
8805,20165,20166,42881,42882,2.863205118040609e-8,NE_NCC
8806,20166,20167,42882,42883,2.8644569019502498e-8,NE_NCC
8807,20167,20168,42883,42884,2.8657086859444796e-8,NE_NCC
8808,20168,20169,42884,42885,2.866960470024909e-8,NE_NCC
8809,20169,20170,42885,42886,2.8682122541914558e-8,NE_NCC
8810,20170,20171,42886,42887,2.8694640384422364e-8,NE_NCC
8811,20171,20172,42887,42888,2.8707158227789207e-8,NE_NCC
8812,20172,20173,42888,42889,2.871967607201374e-8,NE_NCC
8813,20173,20174,42889,42890,2.8732193917077156e-8,NE_NCC
8814,20174,20175,42890,42891,2.8744711762996215e-8,NE_NCC
8815,20175,20176,42891,42892,2.8757229609769712e-8,NE_NCC
8816,20176,20177,42892,42893,2.876974745737891e-8,NE_NCC
8817,20177,20178,42893,42894,2.8782265305840265e-8,NE_NCC
8818,20178,20179,42894,42895,2.879478315514691e-8,NE_NCC
8819,20179,20180,42895,42896,2.8807301005303503e-8,NE_NCC
8820,20180,20181,42896,42897,2.881981885629142e-8,NE_NCC
8821,20181,20182,42897,42898,2.8832336708127112e-8,NE_NCC
8822,20182,20183,42898,42899,2.8844854560809468e-8,NE_NCC
8823,20183,20184,42899,42900,2.885737241431991e-8,NE_NCC
8824,20184,20185,42900,42901,2.8869890268674832e-8,NE_NCC
8825,20185,20186,42901,42902,2.888240812387322e-8,NE_NCC
8826,20186,20187,42902,42903,2.889492597989627e-8,NE_NCC
8827,20187,20188,42903,42904,2.890744383676062e-8,NE_NCC
8828,20188,20189,42904,42905,2.8919961694465162e-8,NE_NCC
8829,20189,20190,42905,42906,2.8932479552991132e-8,NE_NCC
8830,20190,20191,42906,42907,2.8944997412355118e-8,NE_NCC
8831,20191,20192,42907,42908,2.8957515272550167e-8,NE_NCC
8832,20192,20193,42908,42909,2.8970033133581094e-8,NE_NCC
8833,20193,20194,42909,42910,2.898255099542913e-8,NE_NCC
8834,20194,20195,42910,42911,2.8995068858110895e-8,NE_NCC
8835,20195,20196,42911,42912,2.900758672162531e-8,NE_NCC
8836,20196,20197,42912,42913,2.9020104585953578e-8,NE_NCC
8837,20197,20198,42913,42914,2.9032622451112434e-8,NE_NCC
8838,20198,20199,42914,42915,2.904514031710076e-8,NE_NCC
8839,20199,20200,42915,42916,2.905765818389965e-8,NE_NCC
8840,20200,20201,42916,42917,2.907017605152598e-8,NE_NCC
8841,20201,20202,42917,42918,2.9082693919972683e-8,NE_NCC
8842,20202,20203,42918,42919,2.9095211789244506e-8,NE_NCC
8843,20203,20204,42919,42920,2.9107729659322814e-8,NE_NCC
8844,20204,20205,42920,42921,2.9120247530224273e-8,NE_NCC
8845,20205,20206,42921,42922,2.9132765401947688e-8,NE_NCC
8846,20206,20207,42922,42923,2.9145283274474454e-8,NE_NCC
8847,20207,20208,42923,42924,2.9157801147821207e-8,NE_NCC
8848,20208,20209,42924,42925,2.917031902198667e-8,NE_NCC
8849,20209,20210,42925,42926,2.9182836896952475e-8,NE_NCC
8850,20210,20211,42926,42927,2.919535477273497e-8,NE_NCC
8851,20211,20212,42927,42928,2.920787264933337e-8,NE_NCC
8852,20212,20213,42928,42929,2.9220390526728538e-8,NE_NCC
8853,20213,20214,42929,42930,2.923290840493747e-8,NE_NCC
8854,20214,20215,42930,42931,2.9245426283953328e-8,NE_NCC
8855,20215,20216,42931,42932,2.9257944163780688e-8,NE_NCC
8856,20216,20217,42932,42933,2.927046204440081e-8,NE_NCC
8857,20217,20218,42933,42934,2.9282979925830535e-8,NE_NCC
8858,20218,20219,42934,42935,2.9295497808069003e-8,NE_NCC
8859,20219,20220,42935,42936,2.9308015691096807e-8,NE_NCC
8860,20220,20221,42936,42937,2.9320533574931307e-8,NE_NCC
8861,20221,20222,42937,42938,2.9333051459571475e-8,NE_NCC
8862,20222,20223,42938,42939,2.9345569344997937e-8,NE_NCC
8863,20223,20224,42939,42940,2.9358087231227916e-8,NE_NCC
8864,20224,20225,42940,42941,2.9370605118260485e-8,NE_NCC
8865,20225,20226,42941,42942,2.9383123006076345e-8,NE_NCC
8866,20226,20227,42942,42943,2.939564089469272e-8,NE_NCC
8867,20227,20228,42943,42944,2.9408158784102524e-8,NE_NCC
8868,20228,20229,42944,42945,2.942067667431073e-8,NE_NCC
8869,20229,20230,42945,42946,2.9433194565298343e-8,NE_NCC
8870,20230,20231,42946,42947,2.94457124570823e-8,NE_NCC
8871,20231,20232,42947,42948,2.9458230349661608e-8,NE_NCC
8872,20232,20233,42948,42949,2.947074824301736e-8,NE_NCC
8873,20233,20234,42949,42950,2.948326613716645e-8,NE_NCC
8874,20234,20235,42950,42951,2.9495784032107885e-8,NE_NCC
8875,20235,20236,42951,42952,2.9508301927822713e-8,NE_NCC
8876,20236,20237,42952,42953,2.9520819824327897e-8,NE_NCC
8877,20237,20238,42953,42954,2.9533337721622442e-8,NE_NCC
8878,20238,20239,42954,42955,2.954585561968737e-8,NE_NCC
8879,20239,20240,42955,42956,2.955837351853965e-8,NE_NCC
8880,20240,20241,42956,42957,2.9570891418172356e-8,NE_NCC
8881,20241,20242,42957,42958,2.958340931859045e-8,NE_NCC
8882,20242,20243,42958,42959,2.95959272197749e-8,NE_NCC
8883,20243,20244,42959,42960,2.9608445121742807e-8,NE_NCC
8884,20244,20245,42960,42961,2.9620963024493184e-8,NE_NCC
8885,20245,20246,42961,42962,2.9633480928006887e-8,NE_NCC
8886,20246,20247,42962,42963,2.9645998832301237e-8,NE_NCC
8887,20247,20248,42963,42964,2.965851673737497e-8,NE_NCC
8888,20248,20249,42964,42965,2.9671034643209115e-8,NE_NCC
8889,20249,20250,42965,42966,2.9683552549820987e-8,NE_NCC
8890,20250,20251,42966,42967,2.9696070457203268e-8,NE_NCC
8891,20251,20252,42967,42968,2.9708588365361242e-8,NE_NCC
8892,20252,20253,42968,42969,2.9721106274275677e-8,NE_NCC
8893,20253,20254,42969,42970,2.973362418396383e-8,NE_NCC
8894,20254,20255,42970,42971,2.974614209442476e-8,NE_NCC
8895,20255,20256,42971,42972,2.9758660005639178e-8,NE_NCC
8896,20256,20257,42972,42973,2.9771177917624517e-8,NE_NCC
8897,20257,20258,42973,42974,2.9783695830379524e-8,NE_NCC
8898,20258,20259,42974,42975,2.979621374388525e-8,NE_NCC
8899,20259,20260,42975,42976,2.980873165815903e-8,NE_NCC
8900,20260,20261,42976,42977,2.982124957319971e-8,NE_NCC
8901,20261,20262,42977,42978,2.983376748898805e-8,NE_NCC
8902,20262,20263,42978,42979,2.984628540554146e-8,NE_NCC
8903,20263,20264,42979,42980,2.985880332285301e-8,NE_NCC
8904,20264,20265,42980,42981,2.987132124092773e-8,NE_NCC
8905,20265,20266,42981,42982,2.98838391597462e-8,NE_NCC
8906,20266,20267,42982,42983,2.989635707932606e-8,NE_NCC
8907,20267,20268,42983,42984,2.990887499966633e-8,NE_NCC
8908,20268,20269,42984,42985,2.992139292074746e-8,NE_NCC
8909,20269,20270,42985,42986,2.993391084258706e-8,NE_NCC
8910,20270,20271,42986,42987,2.994642876518426e-8,NE_NCC
8911,20271,20272,42987,42988,2.9958946688519565e-8,NE_NCC
8912,20272,20273,42988,42989,2.997146461261055e-8,NE_NCC
8913,20273,20274,42989,42990,2.9983982537456216e-8,NE_NCC
8914,20274,20275,42990,42991,2.999650046303727e-8,NE_NCC
8915,20275,20276,42991,42992,3.00090183893711e-8,NE_NCC
8916,20276,20277,42992,42993,3.002153631645068e-8,NE_NCC
8917,20277,20278,42993,42994,3.003405424428119e-8,NE_NCC
8918,20278,20279,42994,42995,3.0046572172843406e-8,NE_NCC
8919,20279,20280,42995,42996,3.005909010215466e-8,NE_NCC
8920,20280,20281,42996,42997,3.007160803221408e-8,NE_NCC
8921,20281,20282,42997,42998,3.008412596300236e-8,NE_NCC
8922,20282,20283,42998,42999,3.009664389453695e-8,NE_NCC
8923,20283,20284,42999,43000,3.0109161826816915e-8,NE_NCC
8924,20284,20285,43000,43001,3.0121679759822994e-8,NE_NCC
8925,20285,20286,43001,43002,3.013419769357257e-8,NE_NCC
8926,20286,20287,43002,43003,3.014671562805867e-8,NE_NCC
8927,20287,20288,43003,43004,3.0159233563286496e-8,NE_NCC
8928,20288,20289,43004,43005,3.01717514992367e-8,NE_NCC
8929,20289,20290,43005,43006,3.0184269435926794e-8,NE_NCC
8930,20290,20291,43006,43007,3.019678737335583e-8,NE_NCC
8931,20291,20292,43007,43008,3.020930531150465e-8,NE_NCC
8932,20292,20293,43008,43009,3.022182325039054e-8,NE_NCC
8933,20293,20294,43009,43010,3.023434119001257e-8,NE_NCC
8934,20294,20295,43010,43011,3.024685913035168e-8,NE_NCC
8935,20295,20296,43011,43012,3.0259377071425263e-8,NE_NCC
8936,20296,20297,43012,43013,3.0271895013232135e-8,NE_NCC
8937,20297,20298,43013,43014,3.0284412955753564e-8,NE_NCC
8938,20298,20299,43014,43015,3.029693089900644e-8,NE_NCC
8939,20299,20300,43015,43016,3.030944884298405e-8,NE_NCC
8940,20300,20301,43016,43017,3.032196678769181e-8,NE_NCC
8941,20301,20302,43017,43018,3.033448473310994e-8,NE_NCC
8942,20302,20303,43018,43019,3.034700267925639e-8,NE_NCC
8943,20303,20304,43019,43020,3.035952062613005e-8,NE_NCC
8944,20304,20305,43020,43021,3.037203857371156e-8,NE_NCC
8945,20305,20306,43021,43022,3.03845565220186e-8,NE_NCC
8946,20306,20307,43022,43023,3.039707447105029e-8,NE_NCC
8947,20307,20308,43023,43024,3.040959242078708e-8,NE_NCC
8948,20308,20309,43024,43025,3.042211037124696e-8,NE_NCC
8949,20309,20310,43025,43026,3.043462832242848e-8,NE_NCC
8950,20310,20311,43026,43027,3.044714627431278e-8,NE_NCC
8951,20311,20312,43027,43028,3.045966422691717e-8,NE_NCC
8952,20312,20313,43028,43029,3.047218218023472e-8,NE_NCC
8953,20313,20314,43029,43030,3.048470013427084e-8,NE_NCC
8954,20314,20315,43030,43031,3.0497218089005734e-8,NE_NCC
8955,20315,20316,43031,43032,3.0509736044457505e-8,NE_NCC
8956,20316,20317,43032,43033,3.0522254000625125e-8,NE_NCC
8957,20317,20318,43033,43034,3.0534771957488954e-8,NE_NCC
8958,20318,20319,43034,43035,3.054728991506701e-8,NE_NCC
8959,20319,20320,43035,43036,3.055980787335827e-8,NE_NCC
8960,20320,20321,43036,43037,3.057232583234319e-8,NE_NCC
8961,20321,20322,43037,43038,3.058484379203972e-8,NE_NCC
8962,20322,20323,43038,43039,3.059736175244056e-8,NE_NCC
8963,20323,20324,43039,43040,3.060987971355129e-8,NE_NCC
8964,20324,20325,43040,43041,3.062239767535218e-8,NE_NCC
8965,20325,20326,43041,43042,3.063491563786116e-8,NE_NCC
8966,20326,20327,43042,43043,3.064743360107735e-8,NE_NCC
8967,20327,20328,43043,43044,3.065995156498116e-8,NE_NCC
8968,20328,20329,43044,43045,3.0672469529590514e-8,NE_NCC
8969,20329,20330,43045,43046,3.068498749490443e-8,NE_NCC
8970,20330,20331,43046,43047,3.069750546090348e-8,NE_NCC
8971,20331,20332,43047,43048,3.0710023427605425e-8,NE_NCC
8972,20332,20333,43048,43049,3.0722541395009433e-8,NE_NCC
8973,20333,20334,43049,43050,3.0735059363096064e-8,NE_NCC
8974,20334,20335,43050,43051,3.074757733188294e-8,NE_NCC
8975,20335,20336,43051,43052,3.0760095301363185e-8,NE_NCC
8976,20336,20337,43052,43053,3.077261327154216e-8,NE_NCC
8977,20337,20338,43053,43054,3.078513124240005e-8,NE_NCC
8978,20338,20339,43054,43055,3.079764921395527e-8,NE_NCC
8979,20339,20340,43055,43056,3.0810167186206316e-8,NE_NCC
8980,20340,20341,43056,43057,3.082268515913421e-8,NE_NCC
8981,20341,20342,43057,43058,3.0835203132756486e-8,NE_NCC
8982,20342,20343,43058,43059,3.084772110707237e-8,NE_NCC
8983,20343,20344,43059,43060,3.086023908206247e-8,NE_NCC
8984,20344,20345,43060,43061,3.087275705774428e-8,NE_NCC
8985,20345,20346,43061,43062,3.088527503411759e-8,NE_NCC
8986,20346,20347,43062,43063,3.0897793011162134e-8,NE_NCC
8987,20347,20348,43063,43064,3.091031098889634e-8,NE_NCC
8988,20348,20349,43064,43065,3.092282896731282e-8,NE_NCC
8989,20349,20350,43065,43066,3.093534694641739e-8,NE_NCC
8990,20350,20351,43066,43067,3.0947864926189926e-8,NE_NCC
8991,20351,20352,43067,43068,3.0960382906648764e-8,NE_NCC
8992,20352,20353,43068,43069,3.0972900887792997e-8,NE_NCC
8993,20353,20354,43069,43070,3.0985418869602785e-8,NE_NCC
8994,20354,20355,43070,43071,3.099793685209652e-8,NE_NCC
8995,20355,20356,43071,43072,3.101045483527294e-8,NE_NCC
8996,20356,20357,43072,43073,3.10229728191129e-8,NE_NCC
8997,20357,20358,43073,43074,3.103549080363389e-8,NE_NCC
8998,20358,20359,43074,43075,3.104800878882921e-8,NE_NCC
8999,20359,20360,43075,43076,3.106052677470402e-8,NE_NCC
9000,20360,20361,43076,43077,3.1073044761238936e-8,NE_NCC
9001,20361,20362,43077,43078,3.1085562748451855e-8,NE_NCC
9002,20362,20363,43078,43079,3.109808073634202e-8,NE_NCC
9003,20363,20364,43079,43080,3.111059872488963e-8,NE_NCC
9004,20364,20365,43080,43081,3.112311671411284e-8,NE_NCC
9005,20365,20366,43081,43082,3.113563470401092e-8,NE_NCC
9006,20366,20367,43082,43083,3.114815269456407e-8,NE_NCC
9007,20367,20368,43083,43084,3.116067068579041e-8,NE_NCC
9008,20368,20369,43084,43085,3.1173188677689175e-8,NE_NCC
9009,20369,20370,43085,43086,3.1185706670240526e-8,NE_NCC
9010,20370,20371,43086,43087,3.119822466346273e-8,NE_NCC
9011,20371,20372,43087,43088,3.121074265734859e-8,NE_NCC
9012,20372,20373,43088,43089,3.122326065190371e-8,NE_NCC
9013,20373,20374,43089,43090,3.1235778647108215e-8,NE_NCC
9014,20374,20375,43090,43091,3.124829664298034e-8,NE_NCC
9015,20375,20376,43091,43092,3.126081463951934e-8,NE_NCC
9016,20376,20377,43092,43093,3.127333263670535e-8,NE_NCC
9017,20377,20378,43093,43094,3.1285850634556584e-8,NE_NCC
9018,20378,20379,43094,43095,3.1298368633072344e-8,NE_NCC
9019,20379,20380,43095,43096,3.131088663223268e-8,NE_NCC
9020,20380,20381,43096,43097,3.132340463205595e-8,NE_NCC
9021,20381,20382,43097,43098,3.1335922632541314e-8,NE_NCC
9022,20382,20383,43098,43099,3.1348440633668887e-8,NE_NCC
9023,20383,20384,43099,43100,3.136095863545712e-8,NE_NCC
9024,20384,20385,43100,43101,3.1373476637898804e-8,NE_NCC
9025,20385,20386,43101,43102,3.138599464099934e-8,NE_NCC
9026,20386,20387,43102,43103,3.139851264473892e-8,NE_NCC
9027,20387,20388,43103,43104,3.14110306491361e-8,NE_NCC
9028,20388,20389,43104,43105,3.142354865418982e-8,NE_NCC
9029,20389,20390,43105,43106,3.143606665988049e-8,NE_NCC
9030,20390,20391,43106,43107,3.144858466622614e-8,NE_NCC
9031,20391,20392,43107,43108,3.146110267322591e-8,NE_NCC
9032,20392,20393,43108,43109,3.1473620680860474e-8,NE_NCC
9033,20393,20394,43109,43110,3.148613868914773e-8,NE_NCC
9034,20394,20395,43110,43111,3.1498656698080337e-8,NE_NCC
9035,20395,20396,43111,43112,3.1511174707664634e-8,NE_NCC
9036,20396,20397,43112,43113,3.152369271788006e-8,NE_NCC
9037,20397,20398,43113,43114,3.153621072874526e-8,NE_NCC
9038,20398,20399,43114,43115,3.154872874025927e-8,NE_NCC
9039,20399,20400,43115,43116,3.15612467524025e-8,NE_NCC
9040,20400,20401,43116,43117,3.1573764765193034e-8,NE_NCC
9041,20401,20402,43117,43118,3.15862827786304e-8,NE_NCC
9042,20402,20403,43118,43119,3.1598800792694334e-8,NE_NCC
9043,20403,20404,43119,43120,3.161131880740351e-8,NE_NCC
9044,20404,20405,43120,43121,3.162383682275709e-8,NE_NCC
9045,20405,20406,43121,43122,3.163635483873495e-8,NE_NCC
9046,20406,20407,43122,43123,3.1648872855355966e-8,NE_NCC
9047,20407,20408,43123,43124,3.166139087261258e-8,NE_NCC
9048,20408,20409,43124,43125,3.167390889051064e-8,NE_NCC
9049,20409,20410,43125,43126,3.1686426909029995e-8,NE_NCC
9050,20410,20411,43126,43127,3.169894492818936e-8,NE_NCC
9051,20411,20412,43127,43128,3.1711462947987813e-8,NE_NCC
9052,20412,20413,43128,43129,3.17239809684054e-8,NE_NCC
9053,20413,20414,43129,43130,3.173649898946063e-8,NE_NCC
9054,20414,20415,43130,43131,3.174901701115285e-8,NE_NCC
9055,20415,20416,43131,43132,3.176153503346186e-8,NE_NCC
9056,20416,20417,43132,43133,3.177405305640632e-8,NE_NCC
9057,20417,20418,43133,43134,3.1786571079985504e-8,NE_NCC
9058,20418,20419,43134,43135,3.179908910417926e-8,NE_NCC
9059,20419,20420,43135,43136,3.181160712900626e-8,NE_NCC
9060,20420,20421,43136,43137,3.1824125154459275e-8,NE_NCC
9061,20421,20422,43137,43138,3.183664318054411e-8,NE_NCC
9062,20422,20423,43138,43139,3.18491612072404e-8,NE_NCC
9063,20423,20424,43139,43140,3.186167923456716e-8,NE_NCC
9064,20424,20425,43140,43141,3.1874197262523394e-8,NE_NCC
9065,20425,20426,43141,43142,3.1886715291088985e-8,NE_NCC
9066,20426,20427,43142,43143,3.189923332028275e-8,NE_NCC
9067,20427,20428,43143,43144,3.1911751350103855e-8,NE_NCC
9068,20428,20429,43144,43145,3.192426938053206e-8,NE_NCC
9069,20429,20430,43145,43146,3.193678741158633e-8,NE_NCC
9070,20430,20431,43146,43147,3.194930544325916e-8,NE_NCC
9071,20431,20432,43147,43148,3.196182347555649e-8,NE_NCC
9072,20432,20433,43148,43149,3.1974341508458094e-8,NE_NCC
9073,20433,20434,43149,43150,3.19868595419827e-8,NE_NCC
9074,20434,20435,43150,43151,3.1999377576129734e-8,NE_NCC
9075,20435,20436,43151,43152,3.201189561087862e-8,NE_NCC
9076,20436,20437,43152,43153,3.202441364624838e-8,NE_NCC
9077,20437,20438,43153,43154,3.2036931682238385e-8,NE_NCC
9078,20438,20439,43154,43155,3.204944971882838e-8,NE_NCC
9079,20439,20440,43155,43156,3.2061967756036825e-8,NE_NCC
9080,20440,20441,43156,43157,3.2074485793863325e-8,NE_NCC
9081,20441,20442,43157,43158,3.208700383228771e-8,NE_NCC
9082,20442,20443,43158,43159,3.209952187132853e-8,NE_NCC
9083,20443,20444,43159,43160,3.211203991097869e-8,NE_NCC
9084,20444,20445,43160,43161,3.2124557951244065e-8,NE_NCC
9085,20445,20446,43161,43162,3.213707599210433e-8,NE_NCC
9086,20446,20447,43162,43163,3.2149594033578057e-8,NE_NCC
9087,20447,20448,43163,43164,3.216211207566516e-8,NE_NCC
9088,20448,20449,43164,43165,3.217463011834469e-8,NE_NCC
9089,20449,20450,43165,43166,3.218714816163605e-8,NE_NCC
9090,20450,20451,43166,43167,3.219966620553818e-8,NE_NCC
9091,20451,20452,43167,43168,3.2212184250030994e-8,NE_NCC
9092,20452,20453,43168,43169,3.222470229513324e-8,NE_NCC
9093,20453,20454,43169,43170,3.223722034084433e-8,NE_NCC
9094,20454,20455,43170,43171,3.224973838714385e-8,NE_NCC
9095,20455,20456,43171,43172,3.226225643405074e-8,NE_NCC
9096,20456,20457,43172,43173,3.227477448155788e-8,NE_NCC
9097,20457,20458,43173,43174,3.228729252967103e-8,NE_NCC
9098,20458,20459,43174,43175,3.2299810578369783e-8,NE_NCC
9099,20459,20460,43175,43176,3.2312328627673176e-8,NE_NCC
9100,20460,20461,43176,43177,3.2324846677580516e-8,NE_NCC
9101,20461,20462,43177,43178,3.233736472807138e-8,NE_NCC
9102,20462,20463,43178,43179,3.234988277916483e-8,NE_NCC
9103,20463,20464,43179,43180,3.236240083086017e-8,NE_NCC
9104,20464,20465,43180,43181,3.237491888313688e-8,NE_NCC
9105,20465,20466,43181,43182,3.2387436936014146e-8,NE_NCC
9106,20466,20467,43182,43183,3.23999549894912e-8,NE_NCC
9107,20467,20468,43183,43184,3.24124730435477e-8,NE_NCC
9108,20468,20469,43184,43185,3.242499109820251e-8,NE_NCC
9109,20469,20470,43185,43186,3.243750915344856e-8,NE_NCC
9110,20470,20471,43186,43187,3.2450027209291665e-8,NE_NCC
9111,20471,20472,43187,43188,3.2462545265711484e-8,NE_NCC
9112,20472,20473,43188,43189,3.247506332272683e-8,NE_NCC
9113,20473,20474,43189,43190,3.248758138033738e-8,NE_NCC
9114,20474,20475,43190,43191,3.250009943852239e-8,NE_NCC
9115,20475,20476,43191,43192,3.251261749730113e-8,NE_NCC
9116,20476,20477,43192,43193,3.2525135556672913e-8,NE_NCC
9117,20477,20478,43193,43194,3.253765361661707e-8,NE_NCC
9118,20478,20479,43194,43195,3.255017167715304e-8,NE_NCC
9119,20479,20480,43195,43196,3.256268973827317e-8,NE_NCC
9120,20480,20481,43196,43197,3.257520779998391e-8,NE_NCC
9121,20481,20482,43197,43198,3.258772586226424e-8,NE_NCC
9122,20482,20483,43198,43199,3.260024392513348e-8,NE_NCC
9123,20483,20484,43199,43200,3.2612761988591326e-8,NE_NCC
9124,20484,20485,43200,43201,3.262528005261665e-8,NE_NCC
9125,20485,20486,43201,43202,3.26377981172291e-8,NE_NCC
9126,20486,20487,43202,43203,3.265031618242788e-8,NE_NCC
9127,20487,20488,43203,43204,3.266283424819219e-8,NE_NCC
9128,20488,20489,43204,43205,3.267535231454178e-8,NE_NCC
9129,20489,20490,43205,43206,3.268787038147544e-8,NE_NCC
9130,20490,20491,43206,43207,3.2700388448973016e-8,NE_NCC
9131,20491,20492,43207,43208,3.271290651705349e-8,NE_NCC
9132,20492,20493,43208,43209,3.272542458570967e-8,NE_NCC
9133,20493,20494,43209,43210,3.273794265494761e-8,NE_NCC
9134,20494,20495,43210,43211,3.2750460724746536e-8,NE_NCC
9135,20495,20496,43211,43212,3.276297879512589e-8,NE_NCC
9136,20496,20497,43212,43213,3.277549686608499e-8,NE_NCC
9137,20497,20498,43213,43214,3.278801493760309e-8,NE_NCC
9138,20498,20499,43214,43215,3.280053300969963e-8,NE_NCC
9139,20499,20500,43215,43216,3.28130510823739e-8,NE_NCC
9140,20500,20501,43216,43217,3.282556915560538e-8,NE_NCC
9141,20501,20502,43217,43218,3.283808722941322e-8,NE_NCC
9142,20502,20503,43218,43219,3.2850605303796914e-8,NE_NCC
9143,20503,20504,43219,43220,3.286312337873573e-8,NE_NCC
9144,20504,20505,43220,43221,3.2875641454249056e-8,NE_NCC
9145,20505,20506,43221,43222,3.288815953032959e-8,NE_NCC
9146,20506,20507,43222,43223,3.290067760698335e-8,NE_NCC
9147,20507,20508,43223,43224,3.2913195684189617e-8,NE_NCC
9148,20508,20509,43224,43225,3.292571376196783e-8,NE_NCC
9149,20509,20510,43225,43226,3.293823184031733e-8,NE_NCC
9150,20510,20511,43226,43227,3.295074991921745e-8,NE_NCC
9151,20511,20512,43227,43228,3.2963267998687524e-8,NE_NCC
9152,20512,20513,43228,43229,3.297578607872704e-8,NE_NCC
9153,20513,20514,43229,43230,3.298830415931508e-8,NE_NCC
9154,20514,20515,43230,43231,3.300082224047139e-8,NE_NCC
9155,20515,20516,43231,43232,3.301334032218823e-8,NE_NCC
9156,20516,20517,43232,43233,3.302585840447212e-8,NE_NCC
9157,20517,20518,43233,43234,3.303837648730196e-8,NE_NCC
9158,20518,20519,43234,43235,3.305089457069749e-8,NE_NCC
9159,20519,20520,43235,43236,3.306341265465769e-8,NE_NCC
9160,20520,20521,43236,43237,3.307593073916229e-8,NE_NCC
9161,20521,20522,43237,43238,3.308844882423039e-8,NE_NCC
9162,20522,20523,43238,43239,3.310096690986176e-8,NE_NCC
9163,20523,20524,43239,43240,3.311348499603503e-8,NE_NCC
9164,20524,20525,43240,43241,3.312600308277034e-8,NE_NCC
9165,20525,20526,43241,43242,3.3138521170066725e-8,NE_NCC
9166,20526,20527,43242,43243,3.315103925790338e-8,NE_NCC
9167,20527,20528,43243,43244,3.3163557346300076e-8,NE_NCC
9168,20528,20529,43244,43245,3.3176075435249315e-8,NE_NCC
9169,20529,20530,43245,43246,3.318859352475698e-8,NE_NCC
9170,20530,20531,43246,43247,3.320111161480273e-8,NE_NCC
9171,20531,20532,43247,43248,3.321362970540573e-8,NE_NCC
9172,20532,20533,43248,43249,3.322614779656562e-8,NE_NCC
9173,20533,20534,43249,43250,3.323866588826141e-8,NE_NCC
9174,20534,20535,43250,43251,3.325118398051271e-8,NE_NCC
9175,20535,20536,43251,43252,3.3263702073318984e-8,NE_NCC
9176,20536,20537,43252,43253,3.327622016665935e-8,NE_NCC
9177,20537,20538,43253,43254,3.328873826055331e-8,NE_NCC
9178,20538,20539,43254,43255,3.330125635500061e-8,NE_NCC
9179,20539,20540,43255,43256,3.3313774449979825e-8,NE_NCC
9180,20540,20541,43256,43257,3.332629254551109e-8,NE_NCC
9181,20541,20542,43257,43258,3.333881064158676e-8,NE_NCC
9182,20542,20543,43258,43259,3.335132873821313e-8,NE_NCC
9183,20543,20544,43259,43260,3.336384683536918e-8,NE_NCC
9184,20544,20545,43260,43261,3.337636493307467e-8,NE_NCC
9185,20545,20546,43261,43262,3.338888303132897e-8,NE_NCC
9186,20546,20547,43262,43263,3.34014011301112e-8,NE_NCC
9187,20547,20548,43263,43264,3.341391922944094e-8,NE_NCC
9188,20548,20549,43264,43265,3.342643732931776e-8,NE_NCC
9189,20549,20550,43265,43266,3.343895542972059e-8,NE_NCC
9190,20550,20551,43266,43267,3.34514735306692e-8,NE_NCC
9191,20551,20552,43267,43268,3.346399163215622e-8,NE_NCC
9192,20552,20553,43268,43269,3.347650973418786e-8,NE_NCC
9193,20553,20554,43269,43270,3.348902783674307e-8,NE_NCC
9194,20554,20555,43270,43271,3.350154593984165e-8,NE_NCC
9195,20555,20556,43271,43272,3.3514064043483084e-8,NE_NCC
9196,20556,20557,43272,43273,3.3526582147646266e-8,NE_NCC
9197,20557,20558,43273,43274,3.3539100252350986e-8,NE_NCC
9198,20558,20559,43274,43275,3.355161835759681e-8,NE_NCC
9199,20559,20560,43275,43276,3.356413646336251e-8,NE_NCC
9200,20560,20561,43276,43277,3.3576654569668044e-8,NE_NCC
9201,20561,20562,43277,43278,3.358917267651289e-8,NE_NCC
9202,20562,20563,43278,43279,3.36016907838758e-8,NE_NCC
9203,20563,20564,43279,43280,3.361420889177682e-8,NE_NCC
9204,20564,20565,43280,43281,3.362672700020831e-8,NE_NCC
9205,20565,20566,43281,43282,3.3639245109176846e-8,NE_NCC
9206,20566,20567,43282,43283,3.365176321866102e-8,NE_NCC
9207,20567,20568,43283,43284,3.3664281328680775e-8,NE_NCC
9208,20568,20569,43284,43285,3.367679943923594e-8,NE_NCC
9209,20569,20570,43285,43286,3.368931755030493e-8,NE_NCC
9210,20570,20571,43286,43287,3.3701835661907686e-8,NE_NCC
9211,20571,20572,43287,43288,3.3714353774043956e-8,NE_NCC
9212,20572,20573,43288,43289,3.372687188669251e-8,NE_NCC
9213,20573,20574,43289,43290,3.373938999987296e-8,NE_NCC
9214,20574,20575,43290,43291,3.375190811358516e-8,NE_NCC
9215,20575,20576,43291,43292,3.3764426227807864e-8,NE_NCC
9216,20576,20577,43292,43293,3.3776944342560844e-8,NE_NCC
9217,20577,20578,43293,43294,3.378946245783693e-8,NE_NCC
9218,20578,20579,43294,43295,3.380198057364225e-8,NE_NCC
9219,20579,20580,43295,43296,3.381449868995558e-8,NE_NCC
9220,20580,20581,43296,43297,3.382701680679711e-8,NE_NCC
9221,20581,20582,43297,43298,3.3839534924166237e-8,NE_NCC
9222,20582,20583,43298,43299,3.385205304204158e-8,NE_NCC
9223,20583,20584,43299,43300,3.3864571160443325e-8,NE_NCC
9224,20584,20585,43300,43301,3.3877089279370966e-8,NE_NCC
9225,20585,20586,43301,43302,3.3889607398803154e-8,NE_NCC
9226,20586,20587,43302,43303,3.390212551876004e-8,NE_NCC
9227,20587,20588,43303,43304,3.391464363923406e-8,NE_NCC
9228,20588,20589,43304,43305,3.392716176023169e-8,NE_NCC
9229,20589,20590,43305,43306,3.39396798817316e-8,NE_NCC
9230,20590,20591,43306,43307,3.3952198003753893e-8,NE_NCC
9231,20591,20592,43307,43308,3.396471612629801e-8,NE_NCC
9232,20592,20593,43308,43309,3.3977234249342666e-8,NE_NCC
9233,20593,20594,43309,43310,3.398975237290804e-8,NE_NCC
9234,20594,20595,43310,43311,3.400227049699354e-8,NE_NCC
9235,20595,20596,43311,43312,3.401478862157787e-8,NE_NCC
9236,20596,20597,43312,43313,3.402730674668121e-8,NE_NCC
9237,20597,20598,43313,43314,3.403982487230299e-8,NE_NCC
9238,20598,20599,43314,43315,3.405234299842191e-8,NE_NCC
9239,20599,20600,43315,43316,3.406486112505811e-8,NE_NCC
9240,20600,20601,43316,43317,3.4077379252204186e-8,NE_NCC
9241,20601,20602,43317,43318,3.408989737986647e-8,NE_NCC
9242,20602,20603,43318,43319,3.410241550802359e-8,NE_NCC
9243,20603,20604,43319,43320,3.4114933636695754e-8,NE_NCC
9244,20604,20605,43320,43321,3.412745176588251e-8,NE_NCC
9245,20605,20606,43321,43322,3.4139969895562436e-8,NE_NCC
9246,20606,20607,43322,43323,3.415248802575573e-8,NE_NCC
9247,20607,20608,43323,43324,3.4165006156461925e-8,NE_NCC
9248,20608,20609,43324,43325,3.417752428765954e-8,NE_NCC
9249,20609,20610,43325,43326,3.4190042419369034e-8,NE_NCC
9250,20610,20611,43326,43327,3.42025605515897e-8,NE_NCC
9251,20611,20612,43327,43328,3.4215078684299995e-8,NE_NCC
9252,20612,20613,43328,43329,3.4227596817520576e-8,NE_NCC
9253,20613,20614,43329,43330,3.424011495124361e-8,NE_NCC
9254,20614,20615,43330,43331,3.42526330854759e-8,NE_NCC
9255,20615,20616,43331,43332,3.4265151220195546e-8,NE_NCC
9256,20616,20617,43332,43333,3.427766935542307e-8,NE_NCC
9257,20617,20618,43333,43334,3.4290187491158217e-8,NE_NCC
9258,20618,20619,43334,43335,3.430270562737897e-8,NE_NCC
9259,20619,20620,43335,43336,3.431522376410628e-8,NE_NCC
9260,20620,20621,43336,43337,3.4327741901339116e-8,NE_NCC
9261,20621,20622,43337,43338,3.4340260039056364e-8,NE_NCC
9262,20622,20623,43338,43339,3.4352778177278125e-8,NE_NCC
9263,20623,20624,43339,43340,3.436529631599696e-8,NE_NCC
9264,20624,20625,43340,43341,3.437781445521962e-8,NE_NCC
9265,20625,20626,43341,43342,3.439033259492416e-8,NE_NCC
9266,20626,20627,43342,43343,3.4402850735131165e-8,NE_NCC
9267,20627,20628,43343,43344,3.4415368875840206e-8,NE_NCC
9268,20628,20629,43344,43345,3.442788701702958e-8,NE_NCC
9269,20629,20630,43345,43346,3.444040515872008e-8,NE_NCC
9270,20630,20631,43346,43347,3.4452923300910495e-8,NE_NCC
9271,20631,20632,43347,43348,3.4465441443580086e-8,NE_NCC
9272,20632,20633,43348,43349,3.447795958674881e-8,NE_NCC
9273,20633,20634,43349,43350,3.4490477730416214e-8,NE_NCC
9274,20634,20635,43350,43351,3.450299587456086e-8,NE_NCC
9275,20635,20636,43351,43352,3.451551401920315e-8,NE_NCC
9276,20636,20637,43352,43353,3.452803216433558e-8,NE_NCC
9277,20637,20638,43353,43354,3.454055030996462e-8,NE_NCC
9278,20638,20639,43354,43355,3.4553068456068665e-8,NE_NCC
9279,20639,20640,43355,43356,3.456558660266831e-8,NE_NCC
9280,20640,20641,43356,43357,3.4578104749762927e-8,NE_NCC
9281,20641,20642,43357,43358,3.4590622897330975e-8,NE_NCC
9282,20642,20643,43358,43359,3.460314104539301e-8,NE_NCC
9283,20643,20644,43359,43360,3.4615659193948473e-8,NE_NCC
9284,20644,20645,43360,43361,3.4628177342975715e-8,NE_NCC
9285,20645,20646,43361,43362,3.464069549249546e-8,NE_NCC
9286,20646,20647,43362,43363,3.465321364250696e-8,NE_NCC
9287,20647,20648,43363,43364,3.4665731792988736e-8,NE_NCC
9288,20648,20649,43364,43365,3.46782499439613e-8,NE_NCC
9289,20649,20650,43365,43366,3.46907680954172e-8,NE_NCC
9290,20650,20651,43366,43367,3.4703286247362785e-8,NE_NCC
9291,20651,20652,43367,43368,3.4715804399776603e-8,NE_NCC
9292,20652,20653,43368,43369,3.4728322552679054e-8,NE_NCC
9293,20653,20654,43369,43370,3.474084070606975e-8,NE_NCC
9294,20654,20655,43370,43371,3.4753358859927014e-8,NE_NCC
9295,20655,20656,43371,43372,3.476587701427147e-8,NE_NCC
9296,20656,20657,43372,43373,3.47783951691026e-8,NE_NCC
9297,20657,20658,43373,43374,3.479091332439875e-8,NE_NCC
9298,20658,20659,43374,43375,3.480343148018041e-8,NE_NCC
9299,20659,20660,43375,43376,3.4815949636440194e-8,NE_NCC
9300,20660,20661,43376,43377,3.4828467793184614e-8,NE_NCC
9301,20661,20662,43377,43378,3.48409859503919e-8,NE_NCC
9302,20662,20663,43378,43379,3.485350410808294e-8,NE_NCC
9303,20663,20664,43379,43380,3.486602226625675e-8,NE_NCC
9304,20664,20665,43380,43381,3.487854042489203e-8,NE_NCC
9305,20665,20666,43381,43382,3.489105858400952e-8,NE_NCC
9306,20666,20667,43382,43383,3.490357674360834e-8,NE_NCC
9307,20667,20668,43383,43384,3.491609490366722e-8,NE_NCC
9308,20668,20669,43384,43385,3.4928613064206296e-8,NE_NCC
9309,20669,20670,43385,43386,3.494113122522561e-8,NE_NCC
9310,20670,20671,43386,43387,3.495364938670321e-8,NE_NCC
9311,20671,20672,43387,43388,3.496616754865969e-8,NE_NCC
9312,20672,20673,43388,43389,3.4978685711087654e-8,NE_NCC
9313,20673,20674,43389,43390,3.49912038739937e-8,NE_NCC
9314,20674,20675,43390,43391,3.50037220373558e-8,NE_NCC
9315,20675,20676,43391,43392,3.501624020119507e-8,NE_NCC
9316,20676,20677,43392,43393,3.5028758365510815e-8,NE_NCC
9317,20677,20678,43393,43394,3.504127653028102e-8,NE_NCC
9318,20678,20679,43394,43395,3.505379469552701e-8,NE_NCC
9319,20679,20680,43395,43396,3.506631286124787e-8,NE_NCC
9320,20680,20681,43396,43397,3.5078831027421906e-8,NE_NCC
9321,20681,20682,43397,43398,3.5091349194069954e-8,NE_NCC
9322,20682,20683,43398,43399,3.510386736119156e-8,NE_NCC
9323,20683,20684,43399,43400,3.5116385528764726e-8,NE_NCC
9324,20684,20685,43400,43401,3.512890369681047e-8,NE_NCC
9325,20685,20686,43401,43402,3.514142186532109e-8,NE_NCC
9326,20686,20687,43402,43403,3.515394003430328e-8,NE_NCC
9327,20687,20688,43403,43404,3.516645820373505e-8,NE_NCC
9328,20688,20689,43404,43405,3.51789763736374e-8,NE_NCC
9329,20689,20690,43405,43406,3.519149454400982e-8,NE_NCC
9330,20690,20691,43406,43407,3.5204012714830314e-8,NE_NCC
9331,20691,20692,43407,43408,3.5216530886119944e-8,NE_NCC
9332,20692,20693,43408,43409,3.522904905787818e-8,NE_NCC
9333,20693,20694,43409,43410,3.524156723008291e-8,NE_NCC
9334,20694,20695,43410,43411,3.5254085402755375e-8,NE_NCC
9335,20695,20696,43411,43412,3.526660357588782e-8,NE_NCC
9336,20696,20697,43412,43413,3.5279121749486817e-8,NE_NCC
9337,20697,20698,43413,43414,3.529163992353062e-8,NE_NCC
9338,20698,20699,43414,43415,3.5304158098039855e-8,NE_NCC
9339,20699,20700,43415,43416,3.531667627301443e-8,NE_NCC
9340,20700,20701,43416,43417,3.5329194448432153e-8,NE_NCC
9341,20701,20702,43417,43418,3.534171262431415e-8,NE_NCC
9342,20702,20703,43418,43419,3.535423080065963e-8,NE_NCC
9343,20703,20704,43419,43420,3.5366748977447004e-8,NE_NCC
9344,20704,20705,43420,43421,3.5379267154697225e-8,NE_NCC
9345,20705,20706,43421,43422,3.539178533240945e-8,NE_NCC
9346,20706,20707,43422,43423,3.540430351056228e-8,NE_NCC
9347,20707,20708,43423,43424,3.541682168917626e-8,NE_NCC
9348,20708,20709,43424,43425,3.5429339868243616e-8,NE_NCC
9349,20709,20710,43425,43426,3.5441858047771826e-8,NE_NCC
9350,20710,20711,43426,43427,3.545437622773803e-8,NE_NCC
9351,20711,20712,43427,43428,3.5466894408163567e-8,NE_NCC
9352,20712,20713,43428,43429,3.5479412589048346e-8,NE_NCC
9353,20713,20714,43429,43430,3.5491930770369804e-8,NE_NCC
9354,20714,20715,43430,43431,3.5504448952149215e-8,NE_NCC
9355,20715,20716,43431,43432,3.5516967134386183e-8,NE_NCC
9356,20716,20717,43432,43433,3.552948531705853e-8,NE_NCC
9357,20717,20718,43433,43434,3.554200350018744e-8,NE_NCC
9358,20718,20719,43434,43435,3.5554521683772494e-8,NE_NCC
9359,20719,20720,43435,43436,3.5567039867791434e-8,NE_NCC
9360,20720,20721,43436,43437,3.557955805226559e-8,NE_NCC
9361,20721,20722,43437,43438,3.5592076237187115e-8,NE_NCC
9362,20722,20723,43438,43439,3.5604594422562996e-8,NE_NCC
9363,20723,20724,43439,43440,3.561711260837073e-8,NE_NCC
9364,20724,20725,43440,43441,3.562963079463192e-8,NE_NCC
9365,20725,20726,43441,43442,3.564214898134582e-8,NE_NCC
9366,20726,20727,43442,43443,3.5654667168490325e-8,NE_NCC
9367,20727,20728,43443,43444,3.566718535608677e-8,NE_NCC
9368,20728,20729,43444,43445,3.567970354413461e-8,NE_NCC
9369,20729,20730,43445,43446,3.5692221732611634e-8,NE_NCC
9370,20730,20731,43446,43447,3.570473992153914e-8,NE_NCC
9371,20731,20732,43447,43448,3.5717258110916686e-8,NE_NCC
9372,20732,20733,43448,43449,3.5729776300721986e-8,NE_NCC
9373,20733,20734,43449,43450,3.5742294490976405e-8,NE_NCC
9374,20734,20735,43450,43451,3.575481268167216e-8,NE_NCC
9375,20735,20736,43451,43452,3.5767330872816145e-8,NE_NCC
9376,20736,20737,43452,43453,3.577984906438602e-8,NE_NCC
9377,20737,20738,43453,43454,3.579236725640308e-8,NE_NCC
9378,20738,20739,43454,43455,3.580488544886705e-8,NE_NCC
9379,20739,20740,43455,43456,3.58174036417555e-8,NE_NCC
9380,20740,20741,43456,43457,3.582992183508972e-8,NE_NCC
9381,20741,20742,43457,43458,3.5842440028869436e-8,NE_NCC
9382,20742,20743,43458,43459,3.5854958223072214e-8,NE_NCC
9383,20743,20744,43459,43460,3.586747641771976e-8,NE_NCC
9384,20744,20745,43460,43461,3.5879994612803766e-8,NE_NCC
9385,20745,20746,43461,43462,3.5892512808331435e-8,NE_NCC
9386,20746,20747,43462,43463,3.5905031004280444e-8,NE_NCC
9387,20747,20748,43463,43464,3.591754920067202e-8,NE_NCC
9388,20748,20749,43464,43465,3.593006739750608e-8,NE_NCC
9389,20749,20750,43465,43466,3.594258559475962e-8,NE_NCC
9390,20750,20751,43466,43467,3.595510379245494e-8,NE_NCC
9391,20751,20752,43467,43468,3.596762199059099e-8,NE_NCC
9392,20752,20753,43468,43469,3.598014018914551e-8,NE_NCC
9393,20753,20754,43469,43470,3.599265838813981e-8,NE_NCC
9394,20754,20755,43470,43471,3.6005176587574044e-8,NE_NCC
9395,20755,20756,43471,43472,3.6017694787425254e-8,NE_NCC
9396,20756,20757,43472,43473,3.603021298771492e-8,NE_NCC
9397,20757,20758,43473,43474,3.6042731188435685e-8,NE_NCC
9398,20758,20759,43474,43475,3.6055249389594244e-8,NE_NCC
9399,20759,20760,43475,43476,3.606776759116791e-8,NE_NCC
9400,20760,20761,43476,43477,3.608028579317856e-8,NE_NCC
9401,20761,20762,43477,43478,3.609280399562569e-8,NE_NCC
9402,20762,20763,43478,43479,3.610532219848658e-8,NE_NCC
9403,20763,20764,43479,43480,3.6117840401783224e-8,NE_NCC
9404,20764,20765,43480,43481,3.613035860550748e-8,NE_NCC
9405,20765,20766,43481,43482,3.614287680966646e-8,NE_NCC
9406,20766,20767,43482,43483,3.615539501424479e-8,NE_NCC
9407,20767,20768,43483,43484,3.616791321923505e-8,NE_NCC
9408,20768,20769,43484,43485,3.6180431424680554e-8,NE_NCC
9409,20769,20770,43485,43486,3.619294963053691e-8,NE_NCC
9410,20770,20771,43486,43487,3.6205467836803673e-8,NE_NCC
9411,20771,20772,43487,43488,3.621798604352448e-8,NE_NCC
9412,20772,20773,43488,43489,3.6230504250654787e-8,NE_NCC
9413,20773,20774,43489,43490,3.6243022458194104e-8,NE_NCC
9414,20774,20775,43490,43491,3.625554066618628e-8,NE_NCC
9415,20775,20776,43491,43492,3.62680588745718e-8,NE_NCC
9416,20776,20777,43492,43493,3.6280577083409306e-8,NE_NCC
9417,20777,20778,43493,43494,3.629309529265407e-8,NE_NCC
9418,20778,20779,43494,43495,3.630561350230562e-8,NE_NCC
9419,20779,20780,43495,43496,3.631813171240789e-8,NE_NCC
9420,20780,20781,43496,43497,3.633064992291606e-8,NE_NCC
9421,20781,20782,43497,43498,3.6343168133829754e-8,NE_NCC
9422,20782,20783,43498,43499,3.635568634519283e-8,NE_NCC
9423,20783,20784,43499,43500,3.6368204556960556e-8,NE_NCC
9424,20784,20785,43500,43501,3.6380722769132416e-8,NE_NCC
9425,20785,20786,43501,43502,3.6393240981752496e-8,NE_NCC
9426,20786,20787,43502,43503,3.6405759194775704e-8,NE_NCC
9427,20787,20788,43503,43504,3.641827740820198e-8,NE_NCC
9428,20788,20789,43504,43505,3.643079562207503e-8,NE_NCC
9429,20789,20790,43505,43506,3.644331383635008e-8,NE_NCC
9430,20790,20791,43506,43507,3.6455832051026726e-8,NE_NCC
9431,20791,20792,43507,43508,3.646835026614889e-8,NE_NCC
9432,20792,20793,43508,43509,3.6480868481671835e-8,NE_NCC
9433,20793,20794,43509,43510,3.649338669759509e-8,NE_NCC
9434,20794,20795,43510,43511,3.65059049139627e-8,NE_NCC
9435,20795,20796,43511,43512,3.6518423130729645e-8,NE_NCC
9436,20796,20797,43512,43513,3.6530941347895605e-8,NE_NCC
9437,20797,20798,43513,43514,3.654345956550454e-8,NE_NCC
9438,20798,20799,43514,43515,3.655597778349691e-8,NE_NCC
9439,20799,20800,43515,43516,3.656849600193148e-8,NE_NCC
9440,20800,20801,43516,43517,3.658101422076329e-8,NE_NCC
9441,20801,20802,43517,43518,3.659353243999189e-8,NE_NCC
9442,20802,20803,43518,43519,3.66060506596618e-8,NE_NCC
9443,20803,20804,43519,43520,3.66185688797274e-8,NE_NCC
9444,20804,20805,43520,43521,3.663108710018841e-8,NE_NCC
9445,20805,20806,43521,43522,3.6643605321089726e-8,NE_NCC
9446,20806,20807,43522,43523,3.66561235423852e-8,NE_NCC
9447,20807,20808,43523,43524,3.6668641764075424e-8,NE_NCC
9448,20808,20809,43524,43525,3.6681159986203746e-8,NE_NCC
9449,20809,20810,43525,43526,3.669367820872599e-8,NE_NCC
9450,20810,20811,43526,43527,3.6706196431640844e-8,NE_NCC
9451,20811,20812,43527,43528,3.671871465499322e-8,NE_NCC
9452,20812,20813,43528,43529,3.673123287873776e-8,NE_NCC
9453,20813,20814,43529,43530,3.6743751102874035e-8,NE_NCC
9454,20814,20815,43530,43531,3.675626932744641e-8,NE_NCC
9455,20815,20816,43531,43532,3.676878755240969e-8,NE_NCC
9456,20816,20817,43532,43533,3.6781305777763465e-8,NE_NCC
9457,20817,20818,43533,43534,3.679382400355213e-8,NE_NCC
9458,20818,20819,43534,43535,3.680634222973046e-8,NE_NCC
9459,20819,20820,43535,43536,3.681886045629799e-8,NE_NCC
9460,20820,20821,43536,43537,3.683137868329928e-8,NE_NCC
9461,20821,20822,43537,43538,3.6843896910688925e-8,NE_NCC
9462,20822,20823,43538,43539,3.685641513846653e-8,NE_NCC
9463,20823,20824,43539,43540,3.686893336667668e-8,NE_NCC
9464,20824,20825,43540,43541,3.6881451595258954e-8,NE_NCC
9465,20825,20826,43541,43542,3.689396982427298e-8,NE_NCC
9466,20826,20827,43542,43543,3.6906488053673285e-8,NE_NCC
9467,20827,20828,43543,43544,3.691900628345947e-8,NE_NCC
9468,20828,20829,43544,43545,3.693152451367629e-8,NE_NCC
9469,20829,20830,43545,43546,3.6944042744278054e-8,NE_NCC
9470,20830,20831,43546,43547,3.695656097526449e-8,NE_NCC
9471,20831,20832,43547,43548,3.696907920668034e-8,NE_NCC
9472,20832,20833,43548,43549,3.698159743848001e-8,NE_NCC
9473,20833,20834,43549,43550,3.699411567066299e-8,NE_NCC
9474,20834,20835,43550,43551,3.700663390327425e-8,NE_NCC
9475,20835,20836,43551,43552,3.701915213626824e-8,NE_NCC
9476,20836,20837,43552,43553,3.703167036964413e-8,NE_NCC
9477,20837,20838,43553,43554,3.704418860344712e-8,NE_NCC
9478,20838,20839,43554,43555,3.705670683763159e-8,NE_NCC
9479,20839,20840,43555,43556,3.706922507219704e-8,NE_NCC
9480,20840,20841,43556,43557,3.708174330718807e-8,NE_NCC
9481,20841,20842,43557,43558,3.709426154255951e-8,NE_NCC
9482,20842,20843,43558,43559,3.710677977831056e-8,NE_NCC
9483,20843,20844,43559,43560,3.711929801448635e-8,NE_NCC
9484,20844,20845,43560,43561,3.713181625104115e-8,NE_NCC
9485,20845,20846,43561,43562,3.714433448797432e-8,NE_NCC
9486,20846,20847,43562,43563,3.7156852725331074e-8,NE_NCC
9487,20847,20848,43563,43564,3.716937096305033e-8,NE_NCC
9488,20848,20849,43564,43565,3.718188920119246e-8,NE_NCC
9489,20849,20850,43565,43566,3.719440743971139e-8,NE_NCC
9490,20850,20851,43566,43567,3.7206925678606934e-8,NE_NCC
9491,20851,20852,43567,43568,3.721944391792399e-8,NE_NCC
9492,20852,20853,43568,43569,3.7231962157616844e-8,NE_NCC
9493,20853,20854,43569,43570,3.724448039768498e-8,NE_NCC
9494,20854,20855,43570,43571,3.7256998638173416e-8,NE_NCC
9495,20855,20856,43571,43572,3.726951687903652e-8,NE_NCC
9496,20856,20857,43572,43573,3.7282035120273805e-8,NE_NCC
9497,20857,20858,43573,43574,3.7294553361930214e-8,NE_NCC
9498,20858,20859,43574,43575,3.730707160396003e-8,NE_NCC
9499,20859,20860,43575,43576,3.731958984636279e-8,NE_NCC
9500,20860,20861,43576,43577,3.733210808918367e-8,NE_NCC
9501,20861,20862,43577,43578,3.7344626332376716e-8,NE_NCC
9502,20862,20863,43578,43579,3.735714457594152e-8,NE_NCC
9503,20863,20864,43579,43580,3.736966281992325e-8,NE_NCC
9504,20864,20865,43580,43581,3.7382181064276035e-8,NE_NCC
9505,20865,20866,43581,43582,3.7394699308999345e-8,NE_NCC
9506,20866,20867,43582,43583,3.740721755413852e-8,NE_NCC
9507,20867,20868,43583,43584,3.7419735799647494e-8,NE_NCC
9508,20868,20869,43584,43585,3.743225404552587e-8,NE_NCC
9509,20869,20870,43585,43586,3.744477229181898e-8,NE_NCC
9510,20870,20871,43586,43587,3.7457290538465425e-8,NE_NCC
9511,20871,20872,43587,43588,3.746980878552589e-8,NE_NCC
9512,20872,20873,43588,43589,3.748232703295419e-8,NE_NCC
9513,20873,20874,43589,43590,3.749484528074994e-8,NE_NCC
9514,20874,20875,43590,43591,3.75073635289585e-8,NE_NCC
9515,20875,20876,43591,43592,3.7519881777533814e-8,NE_NCC
9516,20876,20877,43592,43593,3.7532400026475414e-8,NE_NCC
9517,20877,20878,43593,43594,3.754491827582864e-8,NE_NCC
9518,20878,20879,43594,43595,3.7557436525547465e-8,NE_NCC
9519,20879,20880,43595,43596,3.7569954775631534e-8,NE_NCC
9520,20880,20881,43596,43597,3.758247302612597e-8,NE_NCC
9521,20881,20882,43597,43598,3.759499127698497e-8,NE_NCC
9522,20882,20883,43598,43599,3.7607509528207947e-8,NE_NCC
9523,20883,20884,43599,43600,3.7620027779840425e-8,NE_NCC
9524,20884,20885,43600,43601,3.7632546031835916e-8,NE_NCC
9525,20885,20886,43601,43602,3.764506428419447e-8,NE_NCC
9526,20886,20887,43602,43603,3.765758253696116e-8,NE_NCC
9527,20887,20888,43603,43604,3.7670100790090275e-8,NE_NCC
9528,20888,20889,43604,43605,3.768261904358112e-8,NE_NCC
9529,20889,20890,43605,43606,3.769513729747884e-8,NE_NCC
9530,20890,20891,43606,43607,3.770765555173766e-8,NE_NCC
9531,20891,20892,43607,43608,3.772017380635732e-8,NE_NCC
9532,20892,20893,43608,43609,3.773269206138271e-8,NE_NCC
9533,20893,20894,43609,43610,3.7745210316768424e-8,NE_NCC
9534,20894,20895,43610,43611,3.775772857251309e-8,NE_NCC
9535,20895,20896,43611,43612,3.777024682866304e-8,NE_NCC
9536,20896,20897,43612,43613,3.778276508515639e-8,NE_NCC
9537,20897,20898,43613,43614,3.779528334205401e-8,NE_NCC
9538,20898,20899,43614,43615,3.7807801599309595e-8,NE_NCC
9539,20899,20900,43615,43616,3.782031985692258e-8,NE_NCC
9540,20900,20901,43616,43617,3.7832838114939115e-8,NE_NCC
9541,20901,20902,43617,43618,3.784535637331229e-8,NE_NCC
9542,20902,20903,43618,43619,3.785787463204181e-8,NE_NCC
9543,20903,20904,43619,43620,3.787039289117367e-8,NE_NCC
9544,20904,20905,43620,43621,3.78829111506612e-8,NE_NCC
9545,20905,20906,43621,43622,3.78954294105039e-8,NE_NCC
9546,20906,20907,43622,43623,3.7907947670747925e-8,NE_NCC
9547,20907,20908,43623,43624,3.792046593134637e-8,NE_NCC
9548,20908,20909,43624,43625,3.7932984192299026e-8,NE_NCC
9549,20909,20910,43625,43626,3.794550245365179e-8,NE_NCC
9550,20910,20911,43626,43627,3.795802071535798e-8,NE_NCC
9551,20911,20912,43627,43628,3.7970538977417207e-8,NE_NCC
9552,20912,20913,43628,43629,3.79830572398755e-8,NE_NCC
9553,20913,20914,43629,43630,3.7995575502686074e-8,NE_NCC
9554,20914,20915,43630,43631,3.800809376584865e-8,NE_NCC
9555,20915,20916,43631,43632,3.802061202940915e-8,NE_NCC
9556,20916,20917,43632,43633,3.803313029332092e-8,NE_NCC
9557,20917,20918,43633,43634,3.804564855758352e-8,NE_NCC
9558,20918,20919,43634,43635,3.805816682224298e-8,NE_NCC
9559,20919,20920,43635,43636,3.8070685087237094e-8,NE_NCC
9560,20920,20921,43636,43637,3.8083203352627584e-8,NE_NCC
9561,20921,20922,43637,43638,3.809572161836723e-8,NE_NCC
9562,20922,20923,43638,43639,3.810823988445594e-8,NE_NCC
9563,20923,20924,43639,43640,3.812075815093999e-8,NE_NCC
9564,20924,20925,43640,43641,3.813327641777223e-8,NE_NCC
9565,20925,20926,43641,43642,3.814579468495236e-8,NE_NCC
9566,20926,20927,43642,43643,3.815831295252671e-8,NE_NCC
9567,20927,20928,43643,43644,3.817083122044809e-8,NE_NCC
9568,20928,20929,43644,43645,3.81833494887164e-8,NE_NCC
9569,20929,20930,43645,43646,3.8195867757377865e-8,NE_NCC
9570,20930,20931,43646,43647,3.820838602638561e-8,NE_NCC
9571,20931,20932,43647,43648,3.8220904295738706e-8,NE_NCC
9572,20932,20933,43648,43649,3.823342256548417e-8,NE_NCC
9573,20933,20934,43649,43650,3.824594083557441e-8,NE_NCC
9574,20934,20935,43650,43651,3.825845910600959e-8,NE_NCC
9575,20935,20936,43651,43652,3.8270977376835656e-8,NE_NCC
9576,20936,20937,43652,43653,3.828349564800576e-8,NE_NCC
9577,20937,20938,43653,43654,3.8296013919519435e-8,NE_NCC
9578,20938,20939,43654,43655,3.830853219142312e-8,NE_NCC
9579,20939,20940,43655,43656,3.832105046366958e-8,NE_NCC
9580,20940,20941,43656,43657,3.833356873625878e-8,NE_NCC
9581,20941,20942,43657,43658,3.8346087009236864e-8,NE_NCC
9582,20942,20943,43658,43659,3.8358605282541064e-8,NE_NCC
9583,20943,20944,43659,43660,3.8371123556233615e-8,NE_NCC
9584,20944,20945,43660,43661,3.83836418302674e-8,NE_NCC
9585,20945,20946,43661,43662,3.839616010464191e-8,NE_NCC
9586,20946,20947,43662,43663,3.8408678379403554e-8,NE_NCC
9587,20947,20948,43663,43664,3.842119665450534e-8,NE_NCC
9588,20948,20949,43664,43665,3.843371492994682e-8,NE_NCC
9589,20949,20950,43665,43666,3.844623320577462e-8,NE_NCC
9590,20950,20951,43666,43667,3.845875148194137e-8,NE_NCC
9591,20951,20952,43667,43668,3.847126975844674e-8,NE_NCC
9592,20952,20953,43668,43669,3.848378803533742e-8,NE_NCC
9593,20953,20954,43669,43670,3.849630631256602e-8,NE_NCC
9594,20954,20955,43670,43671,3.8508824590132216e-8,NE_NCC
9595,20955,20956,43671,43672,3.8521342868082663e-8,NE_NCC
9596,20956,20957,43672,43673,3.853386114637002e-8,NE_NCC
9597,20957,20958,43673,43674,3.8546379424993896e-8,NE_NCC
9598,20958,20959,43674,43675,3.855889770400106e-8,NE_NCC
9599,20959,20960,43675,43676,3.8571415983344065e-8,NE_NCC
9600,20960,20961,43676,43677,3.85839342630226e-8,NE_NCC
9601,20961,20962,43677,43678,3.859645254308329e-8,NE_NCC
9602,20962,20963,43678,43679,3.86089708234789e-8,NE_NCC
9603,20963,20964,43679,43680,3.862148910420898e-8,NE_NCC
9604,20964,20965,43680,43681,3.863400738532026e-8,NE_NCC
9605,20965,20966,43681,43682,3.864652566676536e-8,NE_NCC
9606,20966,20967,43682,43683,3.865904394854379e-8,NE_NCC
9607,20967,20968,43683,43684,3.8671562230702674e-8,NE_NCC
9608,20968,20969,43684,43685,3.868408051317836e-8,NE_NCC
9609,20969,20970,43685,43686,3.869659879603386e-8,NE_NCC
9610,20970,20971,43686,43687,3.8709117079221344e-8,NE_NCC
9611,20971,20972,43687,43688,3.872163536274062e-8,NE_NCC
9612,20972,20973,43688,43689,3.8734153646638214e-8,NE_NCC
9613,20973,20974,43689,43690,3.8746671930867246e-8,NE_NCC
9614,20974,20975,43690,43691,3.8759190215426774e-8,NE_NCC
9615,20975,20976,43691,43692,3.877170850036386e-8,NE_NCC
9616,20976,20977,43692,43693,3.878422678563133e-8,NE_NCC
9617,20977,20978,43693,43694,3.879674507122809e-8,NE_NCC
9618,20978,20979,43694,43695,3.880926335720156e-8,NE_NCC
9619,20979,20980,43695,43696,3.882178164350422e-8,NE_NCC
9620,20980,20981,43696,43697,3.88342999301355e-8,NE_NCC
9621,20981,20982,43697,43698,3.884681821714233e-8,NE_NCC
9622,20982,20983,43698,43699,3.885933650447739e-8,NE_NCC
9623,20983,20984,43699,43700,3.8871854792139805e-8,NE_NCC
9624,20984,20985,43700,43701,3.888437308017711e-8,NE_NCC
9625,20985,20986,43701,43702,3.889689136854141e-8,NE_NCC
9626,20986,20987,43702,43703,3.8909409657232295e-8,NE_NCC
9627,20987,20988,43703,43704,3.8921927946297105e-8,NE_NCC
9628,20988,20989,43704,43705,3.8934446235687625e-8,NE_NCC
9629,20989,20990,43705,43706,3.8946964525403975e-8,NE_NCC
9630,20990,20991,43706,43707,3.895948281549305e-8,NE_NCC
9631,20991,20992,43707,43708,3.897200110589128e-8,NE_NCC
9632,20992,20993,43708,43709,3.8984519396661734e-8,NE_NCC
9633,20993,20994,43709,43710,3.899703768775642e-8,NE_NCC
9634,20994,20995,43710,43711,3.9009555979175014e-8,NE_NCC
9635,20995,20996,43711,43712,3.9022074270964954e-8,NE_NCC
9636,20996,20997,43712,43713,3.9034592563078156e-8,NE_NCC
9637,20997,20998,43713,43714,3.904711085551432e-8,NE_NCC
9638,20998,20999,43714,43715,3.9059629148320754e-8,NE_NCC
9639,20999,21000,43715,43716,3.907214744144954e-8,NE_NCC
9640,21000,21001,43716,43717,3.908466573490024e-8,NE_NCC
9641,21001,21002,43717,43718,3.909718402872033e-8,NE_NCC
9642,21002,21003,43718,43719,3.910970232286173e-8,NE_NCC
9643,21003,21004,43719,43720,3.9122220617324105e-8,NE_NCC
9644,21004,21005,43720,43721,3.913473891215487e-8,NE_NCC
9645,21005,21006,43721,43722,3.9147257207306025e-8,NE_NCC
9646,21006,21007,43722,43723,3.915977550277709e-8,NE_NCC
9647,21007,21008,43723,43724,3.917229379861568e-8,NE_NCC
9648,21008,21009,43724,43725,3.918481209477362e-8,NE_NCC
9649,21009,21010,43725,43726,3.919733039125066e-8,NE_NCC
9650,21010,21011,43726,43727,3.9209848688094e-8,NE_NCC
9651,21011,21012,43727,43728,3.9222366985255995e-8,NE_NCC
9652,21012,21013,43728,43729,3.9234885282735786e-8,NE_NCC
9653,21013,21014,43729,43730,3.9247403580581356e-8,NE_NCC
9654,21014,21015,43730,43731,3.9259921878744385e-8,NE_NCC
9655,21015,21016,43731,43732,3.9272440177224185e-8,NE_NCC
9656,21016,21017,43732,43733,3.92849584760689e-8,NE_NCC
9657,21017,21018,43733,43734,3.9297476775214047e-8,NE_NCC
9658,21018,21019,43734,43735,3.930999507472318e-8,NE_NCC
9659,21019,21020,43735,43736,3.9322513374548216e-8,NE_NCC
9660,21020,21021,43736,43737,3.933503167468845e-8,NE_NCC
9661,21021,21022,43737,43738,3.934754997519215e-8,NE_NCC
9662,21022,21023,43738,43739,3.936006827601048e-8,NE_NCC
9663,21023,21024,43739,43740,3.9372586577143407e-8,NE_NCC
9664,21024,21025,43740,43741,3.9385104878638425e-8,NE_NCC
9665,21025,21026,43741,43742,3.939762318044741e-8,NE_NCC
9666,21026,21027,43742,43743,3.941014148256989e-8,NE_NCC
9667,21027,21028,43743,43744,3.942265978505379e-8,NE_NCC
9668,21028,21029,43744,43745,3.9435178087850385e-8,NE_NCC
9669,21029,21030,43745,43746,3.9447696390959736e-8,NE_NCC
9670,21030,21031,43746,43747,3.946021469442938e-8,NE_NCC
9671,21031,21032,43747,43748,3.947273299821113e-8,NE_NCC
9672,21032,21033,43748,43749,3.94852513023043e-8,NE_NCC
9673,21033,21034,43749,43750,3.949776960675717e-8,NE_NCC
9674,21034,21035,43750,43751,3.951028791152096e-8,NE_NCC
9675,21035,21036,43751,43752,3.952280621659532e-8,NE_NCC
9676,21036,21037,43752,43753,3.953532452202827e-8,NE_NCC
9677,21037,21038,43753,43754,3.9547842827771584e-8,NE_NCC
9678,21038,21039,43754,43755,3.956036113382431e-8,NE_NCC
9679,21039,21040,43755,43756,3.957287944023487e-8,NE_NCC
9680,21040,21041,43756,43757,3.958539774693839e-8,NE_NCC
9681,21041,21042,43757,43758,3.9597916053999066e-8,NE_NCC
9682,21042,21043,43758,43759,3.961043436136819e-8,NE_NCC
9683,21043,21044,43759,43760,3.962295266904547e-8,NE_NCC
9684,21044,21045,43760,43761,3.9635470977078996e-8,NE_NCC
9685,21045,21046,43761,43762,3.964798928542005e-8,NE_NCC
9686,21046,21047,43762,43763,3.9660507594068316e-8,NE_NCC
9687,21047,21048,43763,43764,3.967302590307194e-8,NE_NCC
9688,21048,21049,43764,43765,3.968554421238215e-8,NE_NCC
9689,21049,21050,43765,43766,3.969806252199869e-8,NE_NCC
9690,21050,21051,43766,43767,3.971058083196961e-8,NE_NCC
9691,21051,21052,43767,43768,3.972309914224626e-8,NE_NCC
9692,21052,21053,43768,43769,3.973561745282822e-8,NE_NCC
9693,21053,21054,43769,43770,3.974813576376379e-8,NE_NCC
9694,21054,21055,43770,43771,3.976065407500417e-8,NE_NCC
9695,21055,21056,43771,43772,3.977317238654895e-8,NE_NCC
9696,21056,21057,43772,43773,3.9785690698446266e-8,NE_NCC
9697,21057,21058,43773,43774,3.979820901064758e-8,NE_NCC
9698,21058,21059,43774,43775,3.981072732315238e-8,NE_NCC
9699,21059,21060,43775,43776,3.98232456360089e-8,NE_NCC
9700,21060,21061,43776,43777,3.9835763949168485e-8,NE_NCC
9701,21061,21062,43777,43778,3.984828226263056e-8,NE_NCC
9702,21062,21063,43778,43779,3.9860800576443545e-8,NE_NCC
9703,21063,21064,43779,43780,3.9873318890542414e-8,NE_NCC
9704,21064,21065,43780,43781,3.988583720499156e-8,NE_NCC
9705,21065,21066,43781,43782,3.989835551974205e-8,NE_NCC
9706,21066,21067,43782,43783,3.991087383479374e-8,NE_NCC
9707,21067,21068,43783,43784,3.992339215019492e-8,NE_NCC
9708,21068,21069,43784,43785,3.993591046589635e-8,NE_NCC
9709,21069,21070,43785,43786,3.994842878189813e-8,NE_NCC
9710,21070,21071,43786,43787,3.996094709824864e-8,NE_NCC
9711,21071,21072,43787,43788,3.997346541489841e-8,NE_NCC
9712,21072,21073,43788,43789,3.998598373184779e-8,NE_NCC
9713,21073,21074,43789,43790,3.9998502049144607e-8,NE_NCC
9714,21074,21075,43790,43791,4.0011020366740265e-8,NE_NCC
9715,21075,21076,43791,43792,4.002353868463438e-8,NE_NCC
9716,21076,21077,43792,43793,4.003605700287526e-8,NE_NCC
9717,21077,21078,43793,43794,4.004857532141383e-8,NE_NCC
9718,21078,21079,43794,43795,4.006109364025006e-8,NE_NCC
9719,21079,21080,43795,43796,4.007361195943222e-8,NE_NCC
9720,21080,21081,43796,43797,4.008613027891123e-8,NE_NCC
9721,21081,21082,43797,43798,4.0098648598686845e-8,NE_NCC
9722,21082,21083,43798,43799,4.011116691880764e-8,NE_NCC
9723,21083,21084,43799,43800,4.012368523922445e-8,NE_NCC
9724,21084,21085,43800,43801,4.013620355993692e-8,NE_NCC
9725,21085,21086,43801,43802,4.014872188099374e-8,NE_NCC
9726,21086,21087,43802,43803,4.0161240202345645e-8,NE_NCC
9727,21087,21088,43803,43804,4.01737585239923e-8,NE_NCC
9728,21088,21089,43804,43805,4.018627684598253e-8,NE_NCC
9729,21089,21090,43805,43806,4.019879516825055e-8,NE_NCC
9730,21090,21091,43806,43807,4.021131349086155e-8,NE_NCC
9731,21091,21092,43807,43808,4.0223831813766164e-8,NE_NCC
9732,21092,21093,43808,43809,4.023635013696404e-8,NE_NCC
9733,21093,21094,43809,43810,4.02488684605041e-8,NE_NCC
9734,21094,21095,43810,43811,4.0261386784336835e-8,NE_NCC
9735,21095,21096,43811,43812,4.0273905108461987e-8,NE_NCC
9736,21096,21097,43812,43813,4.028642343292848e-8,NE_NCC
9737,21097,21098,43813,43814,4.029894175768677e-8,NE_NCC
9738,21098,21099,43814,43815,4.03114600827366e-8,NE_NCC
9739,21099,21100,43815,43816,4.032397840812689e-8,NE_NCC
9740,21100,21101,43816,43817,4.0336496733808184e-8,NE_NCC
9741,21101,21102,43817,43818,4.034901505978016e-8,NE_NCC
9742,21102,21103,43818,43819,4.036153338609167e-8,NE_NCC
9743,21103,21104,43819,43820,4.0374051712693384e-8,NE_NCC
9744,21104,21105,43820,43821,4.03865700395848e-8,NE_NCC
9745,21105,21106,43821,43822,4.039908836681506e-8,NE_NCC
9746,21106,21107,43822,43823,4.041160669433453e-8,NE_NCC
9747,21107,21108,43823,43824,4.042412502214302e-8,NE_NCC
9748,21108,21109,43824,43825,4.04366433502893e-8,NE_NCC
9749,21109,21110,43825,43826,4.044916167872414e-8,NE_NCC
9750,21110,21111,43826,43827,4.046168000744706e-8,NE_NCC
9751,21111,21112,43827,43828,4.047419833650698e-8,NE_NCC
9752,21112,21113,43828,43829,4.0486716665837955e-8,NE_NCC
9753,21113,21114,43829,43830,4.049923499550557e-8,NE_NCC
9754,21114,21115,43830,43831,4.0511753325460296e-8,NE_NCC
9755,21115,21116,43831,43832,4.0524271655701376e-8,NE_NCC
9756,21116,21117,43832,43833,4.053678998627827e-8,NE_NCC
9757,21117,21118,43833,43834,4.0549308317141404e-8,NE_NCC
9758,21118,21119,43834,43835,4.05618266482904e-8,NE_NCC
9759,21119,21120,43835,43836,4.0574344979774035e-8,NE_NCC
9760,21120,21121,43836,43837,4.05868633115433e-8,NE_NCC
9761,21121,21122,43837,43838,4.0599381643597085e-8,NE_NCC
9762,21122,21123,43838,43839,4.061189997598529e-8,NE_NCC
9763,21123,21124,43839,43840,4.062441830865778e-8,NE_NCC
9764,21124,21125,43840,43841,4.0636936641614436e-8,NE_NCC
9765,21125,21126,43841,43842,4.064945497490441e-8,NE_NCC
9766,21126,21127,43842,43843,4.066197330847782e-8,NE_NCC
9767,21127,21128,43843,43844,4.0674491642334616e-8,NE_NCC
9768,21128,21129,43844,43845,4.068700997652387e-8,NE_NCC
9769,21129,21130,43845,43846,4.0699528310995825e-8,NE_NCC
9770,21130,21131,43846,43847,4.071204664575016e-8,NE_NCC
9771,21131,21132,43847,43848,4.072456498083632e-8,NE_NCC
9772,21132,21133,43848,43849,4.073708331620424e-8,NE_NCC
9773,21133,21134,43849,43850,4.074960165185376e-8,NE_NCC
9774,21134,21135,43850,43851,4.0762119987834215e-8,NE_NCC
9775,21135,21136,43851,43852,4.07746383240791e-8,NE_NCC
9776,21136,21137,43852,43853,4.078715666065445e-8,NE_NCC
9777,21137,21138,43853,43854,4.079967499751024e-8,NE_NCC
9778,21138,21139,43854,43855,4.081219333464613e-8,NE_NCC
9779,21139,21140,43855,43856,4.0824711672111744e-8,NE_NCC
9780,21140,21141,43856,43857,4.083723000985692e-8,NE_NCC
9781,21141,21142,43857,43858,4.084974834788137e-8,NE_NCC
9782,21142,21143,43858,43859,4.08622666862348e-8,NE_NCC
9783,21143,21144,43859,43860,4.087478502486692e-8,NE_NCC
9784,21144,21145,43860,43861,4.088730336377761e-8,NE_NCC
9785,21145,21146,43861,43862,4.089982170301623e-8,NE_NCC
9786,21146,21147,43862,43863,4.0912340042532944e-8,NE_NCC
9787,21147,21148,43863,43864,4.0924858382327344e-8,NE_NCC
9788,21148,21149,43864,43865,4.0937376722448806e-8,NE_NCC
9789,21149,21150,43865,43866,4.094989506284767e-8,NE_NCC
9790,21150,21151,43866,43867,4.096241340352328e-8,NE_NCC
9791,21151,21152,43867,43868,4.097493174452539e-8,NE_NCC
9792,21152,21153,43868,43869,4.098745008580374e-8,NE_NCC
9793,21153,21154,43869,43870,4.0999968427358185e-8,NE_NCC
9794,21154,21155,43870,43871,4.1012486769238265e-8,NE_NCC
9795,21155,21156,43871,43872,4.10250051113941e-8,NE_NCC
9796,21156,21157,43872,43873,4.1037523453824904e-8,NE_NCC
9797,21157,21158,43873,43874,4.1050041796580624e-8,NE_NCC
9798,21158,21159,43874,43875,4.1062560139611154e-8,NE_NCC
9799,21159,21160,43875,43876,4.107507848291622e-8,NE_NCC
9800,21160,21161,43876,43877,4.1087596826545054e-8,NE_NCC
9801,21161,21162,43877,43878,4.110011517043156e-8,NE_NCC
9802,21162,21163,43878,43879,4.111263351464126e-8,NE_NCC
9803,21163,21164,43879,43880,4.1125151859124546e-8,NE_NCC
9804,21164,21165,43880,43881,4.1137670203880825e-8,NE_NCC
9805,21165,21166,43881,43882,4.115018854896011e-8,NE_NCC
9806,21166,21167,43882,43883,4.116270689431173e-8,NE_NCC
9807,21167,21168,43883,43884,4.117522523993577e-8,NE_NCC
9808,21168,21169,43884,43885,4.118774358588162e-8,NE_NCC
9809,21169,21170,43885,43886,4.120026193209973e-8,NE_NCC
9810,21170,21171,43886,43887,4.121278027858876e-8,NE_NCC
9811,21171,21172,43887,43888,4.122529862539946e-8,NE_NCC
9812,21172,21173,43888,43889,4.123781697248102e-8,NE_NCC
9813,21173,21174,43889,43890,4.125033531983309e-8,NE_NCC
9814,21174,21175,43890,43891,4.126285366750594e-8,NE_NCC
9815,21175,21176,43891,43892,4.127537201544881e-8,NE_NCC
9816,21176,21177,43892,43893,4.12878903636615e-8,NE_NCC
9817,21177,21178,43893,43894,4.130040871219416e-8,NE_NCC
9818,21178,21179,43894,43895,4.131292706099609e-8,NE_NCC
9819,21179,21180,43895,43896,4.1325445410066994e-8,NE_NCC
9820,21180,21181,43896,43897,4.133796375945712e-8,NE_NCC
9821,21181,21182,43897,43898,4.135048210911573e-8,NE_NCC
9822,21182,21183,43898,43899,4.136300045904252e-8,NE_NCC
9823,21183,21184,43899,43900,4.137551880928779e-8,NE_NCC
9824,21184,21185,43900,43901,4.13880371597839e-8,NE_NCC
9825,21185,21186,43901,43902,4.1400555510597974e-8,NE_NCC
9826,21186,21187,43902,43903,4.14130738616792e-8,NE_NCC
9827,21187,21188,43903,43904,4.142559221302725e-8,NE_NCC
9828,21188,21189,43904,43905,4.143811056469266e-8,NE_NCC
9829,21189,21190,43905,43906,4.1450628916624346e-8,NE_NCC
9830,21190,21191,43906,43907,4.146314726882214e-8,NE_NCC
9831,21191,21192,43907,43908,4.147566562133645e-8,NE_NCC
9832,21192,21193,43908,43909,4.1488183974116407e-8,NE_NCC
9833,21193,21194,43909,43910,4.1500702327161486e-8,NE_NCC
9834,21194,21195,43910,43911,4.1513220680522555e-8,NE_NCC
9835,21195,21196,43911,43912,4.1525739034148256e-8,NE_NCC
9836,21196,21197,43912,43913,4.1538257388038535e-8,NE_NCC
9837,21197,21198,43913,43914,4.155077574224383e-8,NE_NCC
9838,21198,21199,43914,43915,4.156329409671324e-8,NE_NCC
9839,21199,21200,43915,43916,4.1575812451446314e-8,NE_NCC
9840,21200,21201,43916,43917,4.158833080649367e-8,NE_NCC
9841,21201,21202,43917,43918,4.1600849161804453e-8,NE_NCC
9842,21202,21203,43918,43919,4.161336751737781e-8,NE_NCC
9843,21203,21204,43919,43920,4.1625885873265205e-8,NE_NCC
9844,21204,21205,43920,43921,4.163840422941476e-8,NE_NCC
9845,21205,21206,43921,43922,4.1650922585826835e-8,NE_NCC
9846,21206,21207,43922,43923,4.1663440942551247e-8,NE_NCC
9847,21207,21208,43923,43924,4.1675959299520934e-8,NE_NCC
9848,21208,21209,43924,43925,4.168847765680269e-8,NE_NCC
9849,21209,21210,43925,43926,4.1700996014345545e-8,NE_NCC
9850,21210,21211,43926,43927,4.171351437214965e-8,NE_NCC
9851,21211,21212,43927,43928,4.172603273026507e-8,NE_NCC
9852,21212,21213,43928,43929,4.173855108864111e-8,NE_NCC
9853,21213,21214,43929,43930,4.175106944727732e-8,NE_NCC
9854,21214,21215,43930,43931,4.176358780622432e-8,NE_NCC
9855,21215,21216,43931,43932,4.177610616543111e-8,NE_NCC
9856,21216,21217,43932,43933,4.1788624524897275e-8,NE_NCC
9857,21217,21218,43933,43934,4.180114288467359e-8,NE_NCC
9858,21218,21219,43934,43935,4.1813661244708825e-8,NE_NCC
9859,21219,21220,43935,43936,4.182617960500275e-8,NE_NCC
9860,21220,21221,43936,43937,4.183869796560609e-8,NE_NCC
9861,21221,21222,43937,43938,4.185121632646763e-8,NE_NCC
9862,21222,21223,43938,43939,4.1863734687587066e-8,NE_NCC
9863,21223,21224,43939,43940,4.187625304901527e-8,NE_NCC
9864,21224,21225,43940,43941,4.188877141070085e-8,NE_NCC
9865,21225,21226,43941,43942,4.1901289772643584e-8,NE_NCC
9866,21226,21227,43942,43943,4.1913808134894363e-8,NE_NCC
9867,21227,21228,43943,43944,4.1926326497401813e-8,NE_NCC
9868,21228,21229,43944,43945,4.1938844860165636e-8,NE_NCC
9869,21229,21230,43945,43946,4.1951363223236774e-8,NE_NCC
9870,21230,21231,43946,43947,4.19638815865639e-8,NE_NCC
9871,21231,21232,43947,43948,4.197639995014657e-8,NE_NCC
9872,21232,21233,43948,43949,4.1988918314035976e-8,NE_NCC
9873,21233,21234,43949,43950,4.200143667816337e-8,NE_NCC
9874,21234,21235,43950,43951,4.201395504259702e-8,NE_NCC
9875,21235,21236,43951,43952,4.2026473407285275e-8,NE_NCC
9876,21236,21237,43952,43953,4.203899177222784e-8,NE_NCC
9877,21237,21238,43953,43954,4.2051510137475976e-8,NE_NCC
9878,21238,21239,43954,43955,4.2064028502978224e-8,NE_NCC
9879,21239,21240,43955,43956,4.2076546868733734e-8,NE_NCC
9880,21240,21241,43956,43957,4.208906523479441e-8,NE_NCC
9881,21241,21242,43957,43958,4.210158360110787e-8,NE_NCC
9882,21242,21243,43958,43959,4.211410196767464e-8,NE_NCC
9883,21243,21244,43959,43960,4.2126620334545346e-8,NE_NCC
9884,21244,21245,43960,43961,4.213913870166821e-8,NE_NCC
9885,21245,21246,43961,43962,4.215165706904385e-8,NE_NCC
9886,21246,21247,43962,43963,4.216417543672235e-8,NE_NCC
9887,21247,21248,43963,43964,4.217669380465276e-8,NE_NCC
9888,21248,21249,43964,43965,4.2189212172834634e-8,NE_NCC
9889,21249,21250,43965,43966,4.220173054131938e-8,NE_NCC
9890,21250,21251,43966,43967,4.221424891005477e-8,NE_NCC
9891,21251,21252,43967,43968,4.222676727904101e-8,NE_NCC
9892,21252,21253,43968,43969,4.2239285648329454e-8,NE_NCC
9893,21253,21254,43969,43970,4.225180401786787e-8,NE_NCC
9894,21254,21255,43970,43971,4.2264322387656206e-8,NE_NCC
9895,21255,21256,43971,43972,4.227684075774635e-8,NE_NCC
9896,21256,21257,43972,43973,4.228935912806843e-8,NE_NCC
9897,21257,21258,43973,43974,4.230187749869146e-8,NE_NCC
9898,21258,21259,43974,43975,4.231439586956359e-8,NE_NCC
9899,21259,21260,43975,43976,4.23269142406845e-8,NE_NCC
9900,21260,21261,43976,43977,4.233943261210553e-8,NE_NCC
9901,21261,21262,43977,43978,4.23519509837749e-8,NE_NCC
9902,21262,21263,43978,43979,4.236446935569245e-8,NE_NCC
9903,21263,21264,43979,43980,4.237698772790939e-8,NE_NCC
9904,21264,21265,43980,43981,4.2389506100374006e-8,NE_NCC
9905,21265,21266,43981,43982,4.240202447308587e-8,NE_NCC
9906,21266,21267,43982,43983,4.241454284609669e-8,NE_NCC
9907,21267,21268,43983,43984,4.24270612193543e-8,NE_NCC
9908,21268,21269,43984,43985,4.243957959285858e-8,NE_NCC
9909,21269,21270,43985,43986,4.245209796666107e-8,NE_NCC
9910,21270,21271,43986,43987,4.246461634070967e-8,NE_NCC
9911,21271,21272,43987,43988,4.24771347150042e-8,NE_NCC
9912,21272,21273,43988,43989,4.248965308959624e-8,NE_NCC
9913,21273,21274,43989,43990,4.250217146443375e-8,NE_NCC
9914,21274,21275,43990,43991,4.2514689839516414e-8,NE_NCC
9915,21275,21276,43991,43992,4.252720821489596e-8,NE_NCC
9916,21276,21277,43992,43993,4.253972659052025e-8,NE_NCC
9917,21277,21278,43993,43994,4.255224496638901e-8,NE_NCC
9918,21278,21279,43994,43995,4.25647633425539e-8,NE_NCC
9919,21279,21280,43995,43996,4.2577281718962914e-8,NE_NCC
9920,21280,21281,43996,43997,4.258980009561574e-8,NE_NCC
9921,21281,21282,43997,43998,4.260231847256398e-8,NE_NCC
9922,21282,21283,43998,43999,4.261483684973814e-8,NE_NCC
9923,21283,21284,43999,44000,4.262735522720758e-8,NE_NCC
9924,21284,21285,44000,44001,4.2639873604919855e-8,NE_NCC
9925,21285,21286,44001,44002,4.265239198287458e-8,NE_NCC
9926,21286,21287,44002,44003,4.266491036112382e-8,NE_NCC
9927,21287,21288,44003,44004,4.267742873961531e-8,NE_NCC
9928,21288,21289,44004,44005,4.268994711834857e-8,NE_NCC
9929,21289,21290,44005,44006,4.270246549737556e-8,NE_NCC
9930,21290,21291,44006,44007,4.271498387664418e-8,NE_NCC
9931,21291,21292,44007,44008,4.2727502256153865e-8,NE_NCC
9932,21292,21293,44008,44009,4.2740020635956774e-8,NE_NCC
9933,21293,21294,44009,44010,4.2752539016000334e-8,NE_NCC
9934,21294,21295,44010,44011,4.276505739628438e-8,NE_NCC
9935,21295,21296,44011,44012,4.277757577686117e-8,NE_NCC
9936,21296,21297,44012,44013,4.279009415767786e-8,NE_NCC
9937,21297,21298,44013,44014,4.280261253873408e-8,NE_NCC
9938,21298,21299,44014,44015,4.2815130920082457e-8,NE_NCC
9939,21299,21300,44015,44016,4.2827649301670277e-8,NE_NCC
9940,21300,21301,44016,44017,4.2840167683497026e-8,NE_NCC
9941,21301,21302,44017,44018,4.285268606561498e-8,NE_NCC
9942,21302,21303,44018,44019,4.2865204447971545e-8,NE_NCC
9943,21303,21304,44019,44020,4.287772283056671e-8,NE_NCC
9944,21304,21305,44020,44021,4.289024121345236e-8,NE_NCC
9945,21305,21306,44021,44022,4.2902759596558525e-8,NE_NCC
9946,21306,21307,44022,44023,4.2915277979954773e-8,NE_NCC
9947,21307,21308,44023,44024,4.2927796363588694e-8,NE_NCC
9948,21308,21309,44024,44025,4.2940314747459725e-8,NE_NCC
9949,21309,21310,44025,44026,4.295283313162036e-8,NE_NCC
9950,21310,21311,44026,44027,4.296535151601776e-8,NE_NCC
9951,21311,21312,44027,44028,4.297786990065177e-8,NE_NCC
9952,21312,21313,44028,44029,4.299038828557471e-8,NE_NCC
9953,21313,21314,44029,44030,4.300290667073377e-8,NE_NCC
9954,21314,21315,44030,44031,4.3015425056128756e-8,NE_NCC
9955,21315,21316,44031,44032,4.3027943441811934e-8,NE_NCC
9956,21316,21317,44032,44033,4.304046182773061e-8,NE_NCC
9957,21317,21318,44033,44034,4.305298021388454e-8,NE_NCC
9958,21318,21319,44034,44035,4.306549860032607e-8,NE_NCC
9959,21319,21320,44035,44036,4.3078016987002404e-8,NE_NCC
9960,21320,21321,44036,44037,4.3090535373913244e-8,NE_NCC
9961,21321,21322,44037,44038,4.3103053761111155e-8,NE_NCC
9962,21322,21323,44038,44039,4.3115572148543066e-8,NE_NCC
9963,21323,21324,44039,44040,4.312809053620896e-8,NE_NCC
9964,21324,21325,44040,44041,4.314060892416125e-8,NE_NCC
9965,21325,21326,44041,44042,4.315312731234681e-8,NE_NCC
9966,21326,21327,44042,44043,4.316564570076581e-8,NE_NCC
9967,21327,21328,44043,44044,4.317816408947036e-8,NE_NCC
9968,21328,21329,44044,44045,4.3190682478390084e-8,NE_NCC
9969,21329,21330,44045,44046,4.320320086759523e-8,NE_NCC
9970,21330,21331,44046,44047,4.321571925703282e-8,NE_NCC
9971,21331,21332,44047,44048,4.322823764670234e-8,NE_NCC
9972,21332,21333,44048,44049,4.324075603665648e-8,NE_NCC
9973,21333,21334,44049,44050,4.32532744268423e-8,NE_NCC
9974,21334,21335,44050,44051,4.326579281725997e-8,NE_NCC
9975,21335,21336,44051,44052,4.327831120796111e-8,NE_NCC
9976,21336,21337,44052,44053,4.329082959889354e-8,NE_NCC
9977,21337,21338,44053,44054,4.330334799005685e-8,NE_NCC
9978,21338,21339,44054,44055,4.331586638150358e-8,NE_NCC
9979,21339,21340,44055,44056,4.332838477318045e-8,NE_NCC
9980,21340,21341,44056,44057,4.334090316508758e-8,NE_NCC
9981,21341,21342,44057,44058,4.335342155727752e-8,NE_NCC
9982,21342,21343,44058,44059,4.3365939949697294e-8,NE_NCC
9983,21343,21344,44059,44060,4.3378458342346206e-8,NE_NCC
9984,21344,21345,44060,44061,4.3390976735277736e-8,NE_NCC
9985,21345,21346,44061,44062,4.340349512843786e-8,NE_NCC
9986,21346,21347,44062,44063,4.341601352182705e-8,NE_NCC
9987,21347,21348,44063,44064,4.342853191549798e-8,NE_NCC
9988,21348,21349,44064,44065,4.3441050309397e-8,NE_NCC
9989,21349,21350,44065,44066,4.345356870352434e-8,NE_NCC
9990,21350,21351,44066,44067,4.346608709793265e-8,NE_NCC
9991,21351,21352,44067,44068,4.3478605492568557e-8,NE_NCC
9992,21352,21353,44068,44069,4.349112388743226e-8,NE_NCC
9993,21353,21354,44069,44070,4.350364228257608e-8,NE_NCC
9994,21354,21355,44070,44071,4.3516160677929326e-8,NE_NCC
9995,21355,21356,44071,44072,4.3528679073562667e-8,NE_NCC
9996,21356,21357,44072,44073,4.3541197469422575e-8,NE_NCC
9997,21357,21358,44073,44074,4.355371586550888e-8,NE_NCC
9998,21358,21359,44074,44075,4.3566234261874645e-8,NE_NCC
9999,21359,21360,44075,44076,4.357875265846636e-8,NE_NCC
10000,21360,21361,44076,44077,4.359127105528385e-8,NE_NCC
10001,21361,21362,44077,44078,4.3603789452380154e-8,NE_NCC
10002,21362,21363,44078,44079,4.3616307849701776e-8,NE_NCC
10003,21363,21364,44079,44080,4.362882624724858e-8,NE_NCC
10004,21364,21365,44080,44081,4.3641344645073496e-8,NE_NCC
10005,21365,21366,44081,44082,4.365386304312321e-8,NE_NCC
10006,21366,21367,44082,44083,4.3666381441397387e-8,NE_NCC
10007,21367,21368,44083,44084,4.3678899839949126e-8,NE_NCC
10008,21368,21369,44084,44085,4.3691418238724985e-8,NE_NCC
10009,21369,21370,44085,44086,4.370393663772457e-8,NE_NCC
10010,21370,21371,44086,44087,4.3716455037001405e-8,NE_NCC
10011,21371,21372,44087,44088,4.372897343650137e-8,NE_NCC
10012,21372,21373,44088,44089,4.374149183622477e-8,NE_NCC
10013,21373,21374,44089,44090,4.3754010236224624e-8,NE_NCC
10014,21374,21375,44090,44091,4.376652863644706e-8,NE_NCC
10015,21375,21376,44091,44092,4.3779047036892166e-8,NE_NCC
10016,21376,21377,44092,44093,4.379156543761309e-8,NE_NCC
10017,21377,21378,44093,44094,4.380408383853848e-8,NE_NCC
10018,21378,21379,44094,44095,4.381660223973916e-8,NE_NCC
10019,21379,21380,44095,44096,4.3829120641161484e-8,NE_NCC
10020,21380,21381,44096,44097,4.38416390428056e-8,NE_NCC
10021,21381,21382,44097,44098,4.3854157444724316e-8,NE_NCC
10022,21382,21383,44098,44099,4.38666758468643e-8,NE_NCC
10023,21383,21384,44099,44100,4.3879194249225324e-8,NE_NCC
10024,21384,21385,44100,44101,4.389171265186029e-8,NE_NCC
10025,21385,21386,44101,44102,4.3904231054715613e-8,NE_NCC
10026,21386,21387,44102,44103,4.3916749457791746e-8,NE_NCC
10027,21387,21388,44103,44104,4.392926786114135e-8,NE_NCC
10028,21388,21389,44104,44105,4.394178626471062e-8,NE_NCC
10029,21389,21390,44105,44106,4.395430466849958e-8,NE_NCC
10030,21390,21391,44106,44107,4.396682307256178e-8,NE_NCC
10031,21391,21392,44107,44108,4.397934147684315e-8,NE_NCC
10032,21392,21393,44108,44109,4.3991859881343624e-8,NE_NCC
10033,21393,21394,44109,44110,4.4004378286116403e-8,NE_NCC
10034,21394,21395,44110,44111,4.401689669110795e-8,NE_NCC
10035,21395,21396,44111,44112,4.402941509631789e-8,NE_NCC
10036,21396,21397,44112,44113,4.404193350179988e-8,NE_NCC
10037,21397,21398,44113,44114,4.405445190749958e-8,NE_NCC
10038,21398,21399,44114,44115,4.4066970313417315e-8,NE_NCC
10039,21399,21400,44115,44116,4.4079488719606353e-8,NE_NCC
10040,21400,21401,44116,44117,4.409200712599479e-8,NE_NCC
10041,21401,21402,44117,44118,4.4104525532654274e-8,NE_NCC
10042,21402,21403,44118,44119,4.411704393953067e-8,NE_NCC
10043,21403,21404,44119,44120,4.4129562346623866e-8,NE_NCC
10044,21404,21405,44120,44121,4.4142080753987475e-8,NE_NCC
10045,21405,21406,44121,44122,4.4154599161567414e-8,NE_NCC
10046,21406,21407,44122,44123,4.416711756936351e-8,NE_NCC
10047,21407,21408,44123,44124,4.417963597742948e-8,NE_NCC
10048,21408,21409,44124,44125,4.4192154385711156e-8,NE_NCC
10049,21409,21410,44125,44126,4.420467279420833e-8,NE_NCC
10050,21410,21411,44126,44127,4.4217191202974925e-8,NE_NCC
10051,21411,21412,44127,44128,4.422970961195654e-8,NE_NCC
10052,21412,21413,44128,44129,4.42422280211531e-8,NE_NCC
10053,21413,21414,44129,44130,4.425474643061835e-8,NE_NCC
10054,21414,21415,44130,44131,4.426726484029827e-8,NE_NCC
10055,21415,21416,44131,44132,4.427978325019227e-8,NE_NCC
10056,21416,21417,44132,44133,4.429230166035471e-8,NE_NCC
10057,21417,21418,44133,44134,4.4304820070730865e-8,NE_NCC
10058,21418,21419,44134,44135,4.431733848132076e-8,NE_NCC
10059,21419,21420,44135,44136,4.432985689217825e-8,NE_NCC
10060,21420,21421,44136,44137,4.434237530324916e-8,NE_NCC
10061,21421,21422,44137,44138,4.4354893714532984e-8,NE_NCC
10062,21422,21423,44138,44139,4.4367412126083907e-8,NE_NCC
10063,21423,21424,44139,44140,4.4379930537847825e-8,NE_NCC
10064,21424,21425,44140,44141,4.4392448949824e-8,NE_NCC
10065,21425,21426,44141,44142,4.440496736206673e-8,NE_NCC
10066,21426,21427,44142,44143,4.441748577450341e-8,NE_NCC
10067,21427,21428,44143,44144,4.443000418720617e-8,NE_NCC
10068,21428,21429,44144,44145,4.4442522600120695e-8,NE_NCC
10069,21429,21430,44145,44146,4.445504101324704e-8,NE_NCC
10070,21430,21431,44146,44147,4.446755942663837e-8,NE_NCC
10071,21431,21432,44147,44148,4.4480077840241344e-8,NE_NCC
10072,21432,21433,44148,44149,4.4492596254054884e-8,NE_NCC
10073,21433,21434,44149,44150,4.450511466813365e-8,NE_NCC
10074,21434,21435,44150,44151,4.451763308242285e-8,NE_NCC
10075,21435,21436,44151,44152,4.45301514969223e-8,NE_NCC
10076,21436,21437,44152,44153,4.4542669911686483e-8,NE_NCC
10077,21437,21438,44153,44154,4.455518832666019e-8,NE_NCC
10078,21438,21439,44154,44155,4.456770674184398e-8,NE_NCC
10079,21439,21440,44155,44156,4.458022515729152e-8,NE_NCC
10080,21440,21441,44156,44157,4.4592743572948466e-8,NE_NCC
10081,21441,21442,44157,44158,4.460526198881449e-8,NE_NCC
10082,21442,21443,44158,44159,4.461778040494381e-8,NE_NCC
10083,21443,21444,44159,44160,4.463029882128214e-8,NE_NCC
10084,21444,21445,44160,44161,4.464281723782878e-8,NE_NCC
10085,21445,21446,44161,44162,4.46553356546383e-8,NE_NCC
10086,21446,21447,44162,44163,4.466785407165605e-8,NE_NCC
10087,21447,21448,44163,44164,4.468037248888175e-8,NE_NCC
10088,21448,21449,44164,44165,4.4692890906369696e-8,NE_NCC
10089,21449,21450,44165,44166,4.470540932404706e-8,NE_NCC
10090,21450,21451,44166,44167,4.4717927741986367e-8,NE_NCC
10091,21451,21452,44167,44168,4.473044616013285e-8,NE_NCC
10092,21452,21453,44168,44169,4.474296457848631e-8,NE_NCC
10093,21453,21454,44169,44170,4.475548299710119e-8,NE_NCC
10094,21454,21455,44170,44171,4.4768001415922676e-8,NE_NCC
10095,21455,21456,44171,44172,4.478051983495054e-8,NE_NCC
10096,21456,21457,44172,44173,4.4793038254239264e-8,NE_NCC
10097,21457,21458,44173,44174,4.480555667373409e-8,NE_NCC
10098,21458,21459,44174,44175,4.4818075093434714e-8,NE_NCC
10099,21459,21460,44175,44176,4.483059351339558e-8,NE_NCC
10100,21460,21461,44176,44177,4.484311193356195e-8,NE_NCC
10101,21461,21462,44177,44178,4.4855630353933626e-8,NE_NCC
10102,21462,21463,44178,44179,4.486814877456496e-8,NE_NCC
10103,21463,21464,44179,44180,4.488066719540137e-8,NE_NCC
10104,21464,21465,44180,44181,4.4893185616442236e-8,NE_NCC
10105,21465,21466,44181,44182,4.490570403774243e-8,NE_NCC
10106,21466,21467,44182,44183,4.491822245924698e-8,NE_NCC
10107,21467,21468,44183,44184,4.493074088095573e-8,NE_NCC
10108,21468,21469,44184,44185,4.494325930292319e-8,NE_NCC
10109,21469,21470,44185,44186,4.495577772509403e-8,NE_NCC
10110,21470,21471,44186,44187,4.496829614746863e-8,NE_NCC
10111,21471,21472,44187,44188,4.498081457010149e-8,NE_NCC
10112,21472,21473,44188,44189,4.499333299291944e-8,NE_NCC
10113,21473,21474,44189,44190,4.5005851415994723e-8,NE_NCC
10114,21474,21475,44190,44191,4.5018369839273214e-8,NE_NCC
10115,21475,21476,44191,44192,4.503088826275396e-8,NE_NCC
10116,21476,21477,44192,44193,4.504340668649217e-8,NE_NCC
10117,21477,21478,44193,44194,4.505592511043294e-8,NE_NCC
10118,21478,21479,44194,44195,4.506844353457507e-8,NE_NCC
10119,21479,21480,44195,44196,4.508096195897463e-8,NE_NCC
10120,21480,21481,44196,44197,4.509348038357524e-8,NE_NCC
10121,21481,21482,44197,44198,4.5105998808377824e-8,NE_NCC
10122,21482,21483,44198,44199,4.5118517233436454e-8,NE_NCC
10123,21483,21484,44199,44200,4.513103565869612e-8,NE_NCC
10124,21484,21485,44200,44201,4.514355408415683e-8,NE_NCC
10125,21485,21486,44201,44202,4.515607250987331e-8,NE_NCC
10126,21486,21487,44202,44203,4.516859093579015e-8,NE_NCC
10127,21487,21488,44203,44204,4.518110936190742e-8,NE_NCC
10128,21488,21489,44204,44205,4.5193627788279894e-8,NE_NCC
10129,21489,21490,44205,44206,4.520614621485245e-8,NE_NCC
10130,21490,21491,44206,44207,4.521866464162463e-8,NE_NCC
10131,21491,21492,44207,44208,4.5231183068651615e-8,NE_NCC
10132,21492,21493,44208,44209,4.524370149587803e-8,NE_NCC
10133,21493,21494,44209,44210,4.5256219923303564e-8,NE_NCC
10134,21494,21495,44210,44211,4.526873835098345e-8,NE_NCC
10135,21495,21496,44211,44212,4.5281256778862084e-8,NE_NCC
10136,21496,21497,44212,44213,4.52937752069394e-8,NE_NCC
10137,21497,21498,44213,44214,4.5306293635270455e-8,NE_NCC
10138,21498,21499,44214,44215,4.531881206378135e-8,NE_NCC
10139,21499,21500,44215,44216,4.533133049254563e-8,NE_NCC
10140,21500,21501,44216,44217,4.5343848921507906e-8,NE_NCC
10141,21501,21502,44217,44218,4.535636735066773e-8,NE_NCC
10142,21502,21503,44218,44219,4.5368885780080625e-8,NE_NCC
10143,21503,21504,44219,44220,4.538140420969087e-8,NE_NCC
10144,21504,21505,44220,44221,4.5393922639498153e-8,NE_NCC
10145,21505,21506,44221,44222,4.5406441069557785e-8,NE_NCC
10146,21506,21507,44222,44223,4.5418959499814496e-8,NE_NCC
10147,21507,21508,44223,44224,4.543147793026763e-8,NE_NCC
10148,21508,21509,44224,44225,4.544399636097259e-8,NE_NCC
10149,21509,21510,44225,44226,4.545651479187402e-8,NE_NCC
10150,21510,21511,44226,44227,4.546903322297133e-8,NE_NCC
10151,21511,21512,44227,44228,4.548155165432015e-8,NE_NCC
10152,21512,21513,44228,44229,4.5494070085864656e-8,NE_NCC
10153,21513,21514,44229,44230,4.550658851760456e-8,NE_NCC
10154,21514,21515,44230,44231,4.551910694959558e-8,NE_NCC
10155,21515,21516,44231,44232,4.55316253817815e-8,NE_NCC
10156,21516,21517,44232,44233,4.55441438141627e-8,NE_NCC
10157,21517,21518,44233,44234,4.5556662246794154e-8,NE_NCC
10158,21518,21519,44234,44235,4.556918067962015e-8,NE_NCC
10159,21519,21520,44235,44236,4.558169911264065e-8,NE_NCC
10160,21520,21521,44236,44237,4.559421754591097e-8,NE_NCC
10161,21521,21522,44237,44238,4.5606735979356796e-8,NE_NCC
10162,21522,21523,44238,44239,4.5619254413052336e-8,NE_NCC
10163,21523,21524,44239,44240,4.563177284694166e-8,NE_NCC
10164,21524,21525,44240,44241,4.5644291281024216e-8,NE_NCC
10165,21525,21526,44241,44242,4.565680971535612e-8,NE_NCC
10166,21526,21527,44242,44243,4.5669328149881145e-8,NE_NCC
10167,21527,21528,44243,44244,4.568184658459907e-8,NE_NCC
10168,21528,21529,44244,44245,4.569436501956562e-8,NE_NCC
10169,21529,21530,44245,44246,4.570688345472495e-8,NE_NCC
10170,21530,21531,44246,44247,4.5719401890076455e-8,NE_NCC
10171,21531,21532,44247,44248,4.5731920325676204e-8,NE_NCC
10172,21532,21533,44248,44249,4.574443876146824e-8,NE_NCC
10173,21533,21534,44249,44250,4.5756957197451904e-8,NE_NCC
10174,21534,21535,44250,44251,4.576947563368332e-8,NE_NCC
10175,21535,21536,44251,44252,4.578199407010633e-8,NE_NCC
10176,21536,21537,44252,44253,4.579451250672069e-8,NE_NCC
10177,21537,21538,44253,44254,4.5807030943582114e-8,NE_NCC
10178,21538,21539,44254,44255,4.58195493806347e-8,NE_NCC
10179,21539,21540,44255,44256,4.5832067817878035e-8,NE_NCC
10180,21540,21541,44256,44257,4.5844586255368084e-8,NE_NCC
10181,21541,21542,44257,44258,4.585710469304861e-8,NE_NCC
10182,21542,21543,44258,44259,4.586962313091947e-8,NE_NCC
10183,21543,21544,44259,44260,4.588214156903646e-8,NE_NCC
10184,21544,21545,44260,44261,4.589466000734344e-8,NE_NCC
10185,21545,21546,44261,44262,4.590717844584028e-8,NE_NCC
10186,21546,21547,44262,44263,4.5919696884582764e-8,NE_NCC
10187,21547,21548,44263,44264,4.593221532349594e-8,NE_NCC
10188,21548,21549,44264,44265,4.594473376265454e-8,NE_NCC
10189,21549,21550,44265,44266,4.595725220200231e-8,NE_NCC
10190,21550,21551,44266,44267,4.5969770641538764e-8,NE_NCC
10191,21551,21552,44267,44268,4.598228908132038e-8,NE_NCC
10192,21552,21553,44268,44269,4.59948075212904e-8,NE_NCC
10193,21553,21554,44269,44270,4.6007325961448885e-8,NE_NCC
10194,21554,21555,44270,44271,4.601984440185177e-8,NE_NCC
10195,21555,21556,44271,44272,4.603236284244269e-8,NE_NCC
10196,21556,21557,44272,44273,4.604488128322146e-8,NE_NCC
10197,21557,21558,44273,44274,4.605739972424428e-8,NE_NCC
10198,21558,21559,44274,44275,4.606991816545453e-8,NE_NCC
10199,21559,21560,44275,44276,4.6082436606852145e-8,NE_NCC
10200,21560,21561,44276,44277,4.609495504849298e-8,NE_NCC
10201,21561,21562,44277,44278,4.6107473490321386e-8,NE_NCC
10202,21562,21563,44278,44279,4.611999193233626e-8,NE_NCC
10203,21563,21564,44279,44280,4.613251037459393e-8,NE_NCC
10204,21564,21565,44280,44281,4.614502881703865e-8,NE_NCC
10205,21565,21566,44281,44282,4.6157547259669206e-8,NE_NCC
10206,21566,21567,44282,44283,4.617006570254257e-8,NE_NCC
10207,21567,21568,44283,44284,4.6182584145601685e-8,NE_NCC
10208,21568,21569,44284,44285,4.6195102588846794e-8,NE_NCC
10209,21569,21570,44285,44286,4.6207621032333756e-8,NE_NCC
10210,21570,21571,44286,44287,4.622013947598748e-8,NE_NCC
10211,21571,21572,44287,44288,4.6232657919883016e-8,NE_NCC
10212,21572,21573,44288,44289,4.624517636396359e-8,NE_NCC
10213,21573,21574,44289,44290,4.6257694808229076e-8,NE_NCC
10214,21574,21575,44290,44291,4.6270213252735985e-8,NE_NCC
10215,21575,21576,44291,44292,4.6282731697427264e-8,NE_NCC
10216,21576,21577,44292,44293,4.629525014230317e-8,NE_NCC
10217,21577,21578,44293,44294,4.6307768587419856e-8,NE_NCC
10218,21578,21579,44294,44295,4.632028703272065e-8,NE_NCC
10219,21579,21580,44295,44296,4.633280547820527e-8,NE_NCC
10220,21580,21581,44296,44297,4.6345323923930313e-8,NE_NCC
10221,21581,21582,44297,44298,4.6357842369838957e-8,NE_NCC
10222,21582,21583,44298,44299,4.637036081593099e-8,NE_NCC
10223,21583,21584,44299,44300,4.638287926226292e-8,NE_NCC
10224,21584,21585,44300,44301,4.639539770877792e-8,NE_NCC
10225,21585,21586,44301,44302,4.640791615547584e-8,NE_NCC
10226,21586,21587,44302,44303,4.642043460241321e-8,NE_NCC
10227,21587,21588,44303,44304,4.6432953049533135e-8,NE_NCC
10228,21588,21589,44304,44305,4.644547149683546e-8,NE_NCC
10229,21589,21590,44305,44306,4.645798994437676e-8,NE_NCC
10230,21590,21591,44306,44307,4.647050839210015e-8,NE_NCC
10231,21591,21592,44307,44308,4.648302684000546e-8,NE_NCC
10232,21592,21593,44308,44309,4.649554528814921e-8,NE_NCC
10233,21593,21594,44309,44310,4.6508063736455614e-8,NE_NCC
10234,21594,21595,44310,44311,4.652058218500032e-8,NE_NCC
10235,21595,21596,44311,44312,4.653310063372615e-8,NE_NCC
10236,21596,21597,44312,44313,4.654561908263321e-8,NE_NCC
10237,21597,21598,44313,44314,4.655813753177789e-8,NE_NCC
10238,21598,21599,44314,44315,4.6570655981103274e-8,NE_NCC
10239,21599,21600,44315,44316,4.6583174430609306e-8,NE_NCC
10240,21600,21601,44316,44317,4.659569288035276e-8,NE_NCC
10241,21601,21602,44317,44318,4.660821133027615e-8,NE_NCC
10242,21602,21603,44318,44319,4.662072978037988e-8,NE_NCC
10243,21603,21604,44319,44320,4.66332482307203e-8,NE_NCC
10244,21604,21605,44320,44321,4.664576668124069e-8,NE_NCC
10245,21605,21606,44321,44322,4.665828513194031e-8,NE_NCC
10246,21606,21607,44322,44323,4.6670803582876645e-8,NE_NCC
10247,21607,21608,44323,44324,4.6683322033992007e-8,NE_NCC
10248,21608,21609,44324,44325,4.669584048528672e-8,NE_NCC
10249,21609,21610,44325,44326,4.670835893681713e-8,NE_NCC
10250,21610,21611,44326,44327,4.6720877388526505e-8,NE_NCC
10251,21611,21612,44327,44328,4.673339584041416e-8,NE_NCC
10252,21612,21613,44328,44329,4.6745914292537684e-8,NE_NCC
10253,21613,21614,44329,44330,4.6758432744839176e-8,NE_NCC
10254,21614,21615,44330,44331,4.677095119731909e-8,NE_NCC
10255,21615,21616,44331,44332,4.678346965003376e-8,NE_NCC
10256,21616,21617,44332,44333,4.679598810292632e-8,NE_NCC
10257,21617,21618,44333,44334,4.680850655599653e-8,NE_NCC
10258,21618,21619,44334,44335,4.682102500930136e-8,NE_NCC
10259,21619,21620,44335,44336,4.683354346276433e-8,NE_NCC
10260,21620,21621,44336,44337,4.6846061916461714e-8,NE_NCC
10261,21621,21622,44337,44338,4.685858037033603e-8,NE_NCC
10262,21622,21623,44338,44339,4.687109882438719e-8,NE_NCC
10263,21623,21624,44339,44340,4.6883617278672065e-8,NE_NCC
10264,21624,21625,44340,44341,4.6896135733133617e-8,NE_NCC
10265,21625,21626,44341,44342,4.690865418777139e-8,NE_NCC
10266,21626,21627,44342,44343,4.692117264264263e-8,NE_NCC
10267,21627,21628,44343,44344,4.693369109768988e-8,NE_NCC
10268,21628,21629,44344,44345,4.69462095529129e-8,NE_NCC
10269,21629,21630,44345,44346,4.695872800836896e-8,NE_NCC
10270,21630,21631,44346,44347,4.6971246464000555e-8,NE_NCC
10271,21631,21632,44347,44348,4.698376491980746e-8,NE_NCC
10272,21632,21633,44348,44349,4.699628337584695e-8,NE_NCC
10273,21633,21634,44349,44350,4.7008801832061475e-8,NE_NCC
10274,21634,21635,44350,44351,4.70213202884509e-8,NE_NCC
10275,21635,21636,44351,44352,4.703383874507234e-8,NE_NCC
10276,21636,21637,44352,44353,4.704635720186848e-8,NE_NCC
10277,21637,21638,44353,44354,4.7058875658838884e-8,NE_NCC
10278,21638,21639,44354,44355,4.70713941160411e-8,NE_NCC
10279,21639,21640,44355,44356,4.708391257341729e-8,NE_NCC
10280,21640,21641,44356,44357,4.709643103096743e-8,NE_NCC
10281,21641,21642,44357,44358,4.710894948874892e-8,NE_NCC
10282,21642,21643,44358,44359,4.712146794668458e-8,NE_NCC
10283,21643,21644,44359,44360,4.7133986404851566e-8,NE_NCC
10284,21644,21645,44360,44361,4.71465048631915e-8,NE_NCC
10285,21645,21646,44361,44362,4.715902332170477e-8,NE_NCC
10286,21646,21647,44362,44363,4.7171541780448445e-8,NE_NCC
10287,21647,21648,44363,44364,4.718406023936504e-8,NE_NCC
10288,21648,21649,44364,44365,4.7196578698454375e-8,NE_NCC
10289,21649,21650,44365,44366,4.720909715777346e-8,NE_NCC
10290,21650,21651,44366,44367,4.722161561726529e-8,NE_NCC
10291,21651,21652,44367,44368,4.723413407692906e-8,NE_NCC
10292,21652,21653,44368,44369,4.724665253682256e-8,NE_NCC
10293,21653,21654,44369,44370,4.725917099688779e-8,NE_NCC
10294,21654,21655,44370,44371,4.727168945712514e-8,NE_NCC
10295,21655,21656,44371,44372,4.728420791759133e-8,NE_NCC
10296,21656,21657,44372,44373,4.729672637822915e-8,NE_NCC
10297,21657,21658,44373,44374,4.730924483903796e-8,NE_NCC
10298,21658,21659,44374,44375,4.732176330007609e-8,NE_NCC
10299,21659,21660,44375,44376,4.733428176128441e-8,NE_NCC
10300,21660,21661,44376,44377,4.734680022266421e-8,NE_NCC
10301,21661,21662,44377,44378,4.735931868427198e-8,NE_NCC
10302,21662,21663,44378,44379,4.737183714605041e-8,NE_NCC
10303,21663,21664,44379,44380,4.738435560799906e-8,NE_NCC
10304,21664,21665,44380,44381,4.7396874070175704e-8,NE_NCC
10305,21665,21666,44381,44382,4.74093925325031e-8,NE_NCC
10306,21666,21667,44382,44383,4.742191099505823e-8,NE_NCC
10307,21667,21668,44383,44384,4.743442945778297e-8,NE_NCC
10308,21668,21669,44384,44385,4.744694792067718e-8,NE_NCC
10309,21669,21670,44385,44386,4.745946638379891e-8,NE_NCC
10310,21670,21671,44386,44387,4.747198484708959e-8,NE_NCC
10311,21671,21672,44387,44388,4.748450331054953e-8,NE_NCC
10312,21672,21673,44388,44389,4.749702177423625e-8,NE_NCC
10313,21673,21674,44389,44390,4.7509540238091755e-8,NE_NCC
10314,21674,21675,44390,44391,4.7522058702115866e-8,NE_NCC
10315,21675,21676,44391,44392,4.753457716636643e-8,NE_NCC
10316,21676,21677,44392,44393,4.754709563078531e-8,NE_NCC
10317,21677,21678,44393,44394,4.755961409537233e-8,NE_NCC
10318,21678,21679,44394,44395,4.757213256018535e-8,NE_NCC
10319,21679,21680,44395,44396,4.758465102516626e-8,NE_NCC
10320,21680,21681,44396,44397,4.7597169490314826e-8,NE_NCC
10321,21681,21682,44397,44398,4.7609687955689054e-8,NE_NCC
10322,21682,21683,44398,44399,4.762220642123062e-8,NE_NCC
10323,21683,21684,44399,44400,4.763472488693953e-8,NE_NCC
10324,21684,21685,44400,44401,4.7647243352873374e-8,NE_NCC
10325,21685,21686,44401,44402,4.765976181897454e-8,NE_NCC
10326,21686,21687,44402,44403,4.767228028524221e-8,NE_NCC
10327,21687,21688,44403,44404,4.768479875173458e-8,NE_NCC
10328,21688,21689,44404,44405,4.7697317218393746e-8,NE_NCC
10329,21689,21690,44405,44406,4.7709835685219167e-8,NE_NCC
10330,21690,21691,44406,44407,4.772235415226885e-8,NE_NCC
10331,21691,21692,44407,44408,4.7734872619465035e-8,NE_NCC
10332,21692,21693,44408,44409,4.774739108688561e-8,NE_NCC
10333,21693,21694,44409,44410,4.775990955447178e-8,NE_NCC
10334,21694,21695,44410,44411,4.7772428022223435e-8,NE_NCC
10335,21695,21696,44411,44412,4.7784946490199066e-8,NE_NCC
10336,21696,21697,44412,44413,4.779746495833972e-8,NE_NCC
10337,21697,21698,44413,44414,4.780998342664555e-8,NE_NCC
10338,21698,21699,44414,44415,4.7822501895174654e-8,NE_NCC
10339,21699,21700,44415,44416,4.7835020363868596e-8,NE_NCC
10340,21700,21701,44416,44417,4.7847538832727306e-8,NE_NCC
10341,21701,21702,44417,44418,4.7860057301808945e-8,NE_NCC
10342,21702,21703,44418,44419,4.787257577105456e-8,NE_NCC
10343,21703,21704,44419,44420,4.788509424046491e-8,NE_NCC
10344,21704,21705,44420,44421,4.789761271009754e-8,NE_NCC
10345,21705,21706,44421,44422,4.7910131179894104e-8,NE_NCC
10346,21706,21707,44422,44423,4.792264964985435e-8,NE_NCC
10347,21707,21708,44423,44424,4.7935168120036876e-8,NE_NCC
10348,21708,21709,44424,44425,4.7947686590382665e-8,NE_NCC
10349,21709,21710,44425,44426,4.796020506089195e-8,NE_NCC
10350,21710,21711,44426,44427,4.7972723531622855e-8,NE_NCC
10351,21711,21712,44427,44428,4.7985242002516985e-8,NE_NCC
10352,21712,21713,44428,44429,4.7997760473573626e-8,NE_NCC
10353,21713,21714,44429,44430,4.8010278944851906e-8,NE_NCC
10354,21714,21715,44430,44431,4.8022797416273075e-8,NE_NCC
10355,21715,21716,44431,44432,4.803531588791531e-8,NE_NCC
10356,21716,21717,44432,44433,4.804783435971987e-8,NE_NCC
10357,21717,21718,44433,44434,4.806035283168653e-8,NE_NCC
10358,21718,21719,44434,44435,4.807287130387394e-8,NE_NCC
10359,21719,21720,44435,44436,4.808538977622307e-8,NE_NCC
10360,21720,21721,44436,44437,4.809790824873398e-8,NE_NCC
10361,21721,21722,44437,44438,4.811042672146513e-8,NE_NCC
10362,21722,21723,44438,44439,4.812294519435768e-8,NE_NCC
10363,21723,21724,44439,44440,4.813546366741151e-8,NE_NCC
10364,21724,21725,44440,44441,4.81479821406852e-8,NE_NCC
10365,21725,21726,44441,44442,4.8160500614119874e-8,NE_NCC
10366,21726,21727,44442,44443,4.817301908771525e-8,NE_NCC
10367,21727,21728,44443,44444,4.818553756153028e-8,NE_NCC
10368,21728,21729,44444,44445,4.819805603550572e-8,NE_NCC
10369,21729,21730,44445,44446,4.8210574509641656e-8,NE_NCC
10370,21730,21731,44446,44447,4.822309298399656e-8,NE_NCC
10371,21731,21732,44447,44448,4.823561145851166e-8,NE_NCC
10372,21732,21733,44448,44449,4.824812993318661e-8,NE_NCC
10373,21733,21734,44449,44450,4.826064840808033e-8,NE_NCC
10374,21734,21735,44450,44451,4.82731668831337e-8,NE_NCC
10375,21735,21736,44451,44452,4.8285685358346634e-8,NE_NCC
10376,21736,21737,44452,44453,4.829820383377759e-8,NE_NCC
10377,21737,21738,44453,44454,4.831072230934852e-8,NE_NCC
10378,21738,21739,44454,44455,4.8323240785137344e-8,NE_NCC
10379,21739,21740,44455,44456,4.8335759261085084e-8,NE_NCC
10380,21740,21741,44456,44457,4.834827773719157e-8,NE_NCC
10381,21741,21742,44457,44458,4.836079621351576e-8,NE_NCC
10382,21742,21743,44458,44459,4.837331468999848e-8,NE_NCC
10383,21743,21744,44459,44460,4.838583316663966e-8,NE_NCC
10384,21744,21745,44460,44461,4.839835164349798e-8,NE_NCC
10385,21745,21746,44461,44462,4.841087012051431e-8,NE_NCC
10386,21746,21747,44462,44463,4.842338859768898e-8,NE_NCC
10387,21747,21748,44463,44464,4.8435907075080065e-8,NE_NCC
10388,21748,21749,44464,44465,4.844842555262885e-8,NE_NCC
10389,21749,21750,44465,44466,4.8460944030335646e-8,NE_NCC
10390,21750,21751,44466,44467,4.847346250825845e-8,NE_NCC
10391,21751,21752,44467,44468,4.8485980986338456e-8,NE_NCC
10392,21752,21753,44468,44469,4.8498499464575885e-8,NE_NCC
10393,21753,21754,44469,44470,4.851101794302921e-8,NE_NCC
10394,21754,21755,44470,44471,4.852353642163935e-8,NE_NCC
10395,21755,21756,44471,44472,4.853605490040628e-8,NE_NCC
10396,21756,21757,44472,44473,4.8548573379388777e-8,NE_NCC
10397,21757,21758,44473,44474,4.856109185852791e-8,NE_NCC
10398,21758,21759,44474,44475,4.8573610337823034e-8,NE_NCC
10399,21759,21760,44475,44476,4.858612881733361e-8,NE_NCC
10400,21760,21761,44476,44477,4.8598647297000146e-8,NE_NCC
10401,21761,21762,44477,44478,4.861116577682245e-8,NE_NCC
10402,21762,21763,44478,44479,4.862368425685986e-8,NE_NCC
10403,21763,21764,44479,44480,4.863620273703293e-8,NE_NCC
10404,21764,21765,44480,44481,4.864872121742075e-8,NE_NCC
10405,21765,21766,44481,44482,4.8661239697963845e-8,NE_NCC
10406,21766,21767,44482,44483,4.8673758178662024e-8,NE_NCC
10407,21767,21768,44483,44484,4.868627665957461e-8,NE_NCC
10408,21768,21769,44484,44485,4.869879514064199e-8,NE_NCC
10409,21769,21770,44485,44486,4.8711313621864084e-8,NE_NCC
10410,21770,21771,44486,44487,4.872383210330017e-8,NE_NCC
10411,21771,21772,44487,44488,4.873635058489061e-8,NE_NCC
10412,21772,21773,44488,44489,4.874886906663543e-8,NE_NCC
10413,21773,21774,44489,44490,4.876138754859376e-8,NE_NCC
10414,21774,21775,44490,44491,4.8773906030706255e-8,NE_NCC
10415,21775,21776,44491,44492,4.8786424512972385e-8,NE_NCC
10416,21776,21777,44492,44493,4.8798942995451834e-8,NE_NCC
10417,21777,21778,44493,44494,4.8811461478085034e-8,NE_NCC
10418,21778,21779,44494,44495,4.882397996087147e-8,NE_NCC
10419,21779,21780,44495,44496,4.883649844387079e-8,NE_NCC
10420,21780,21781,44496,44497,4.8849016927023326e-8,NE_NCC
10421,21781,21782,44497,44498,4.8861535410329076e-8,NE_NCC
10422,21782,21783,44498,44499,4.8874053893847094e-8,NE_NCC
10423,21783,21784,44499,44500,4.8886572377517875e-8,NE_NCC
10424,21784,21785,44500,44501,4.8899090861341487e-8,NE_NCC
10425,21785,21786,44501,44502,4.891160934537683e-8,NE_NCC
10426,21786,21787,44502,44503,4.892412782954507e-8,NE_NCC
10427,21787,21788,44503,44504,4.8936646313924846e-8,NE_NCC
10428,21788,21789,44504,44505,4.8949164798457014e-8,NE_NCC
10429,21789,21790,44505,44506,4.8961683283140695e-8,NE_NCC
10430,21790,21791,44506,44507,4.89742017680365e-8,NE_NCC
10431,21791,21792,44507,44508,4.8986720253083383e-8,NE_NCC
10432,21792,21793,44508,44509,4.8999238738281974e-8,NE_NCC
10433,21793,21794,44509,44510,4.901175722369188e-8,NE_NCC
10434,21794,21795,44510,44511,4.9024275709252954e-8,NE_NCC
10435,21795,21796,44511,44512,4.903679419496503e-8,NE_NCC
10436,21796,21797,44512,44513,4.904931268088794e-8,NE_NCC
10437,21797,21798,44513,44514,4.9061831166961876e-8,NE_NCC
10438,21798,21799,44514,44515,4.9074349653186336e-8,NE_NCC
10439,21799,21800,44515,44516,4.908686813962119e-8,NE_NCC
10440,21800,21801,44516,44517,4.9099386626206706e-8,NE_NCC
10441,21801,21802,44517,44518,4.9111905112942205e-8,NE_NCC
10442,21802,21803,44518,44519,4.912442359988807e-8,NE_NCC
10443,21803,21804,44519,44520,4.9136942086983765e-8,NE_NCC
10444,21804,21805,44520,44521,4.9149460574229397e-8,NE_NCC
10445,21805,21806,44521,44522,4.916197906168487e-8,NE_NCC
10446,21806,21807,44522,44523,4.917449754928984e-8,NE_NCC
10447,21807,21808,44523,44524,4.918701603704432e-8,NE_NCC
10448,21808,21809,44524,44525,4.919953452500817e-8,NE_NCC
10449,21809,21810,44525,44526,4.921205301312125e-8,NE_NCC
10450,21810,21811,44526,44527,4.922457150138339e-8,NE_NCC
10451,21811,21812,44527,44528,4.923708998985456e-8,NE_NCC
10452,21812,21813,44528,44529,4.92496084784545e-8,NE_NCC
10453,21813,21814,44529,44530,4.926212696726322e-8,NE_NCC
10454,21814,21815,44530,44531,4.927464545622048e-8,NE_NCC
10455,21815,21816,44531,44532,4.9287163945326176e-8,NE_NCC
10456,21816,21817,44532,44533,4.929968243464022e-8,NE_NCC
10457,21817,21818,44533,44534,4.931220092410253e-8,NE_NCC
10458,21818,21819,44534,44535,4.932471941371282e-8,NE_NCC
10459,21819,21820,44535,44536,4.9337237903531044e-8,NE_NCC
10460,21820,21821,44536,44537,4.934975639349703e-8,NE_NCC
10461,21821,21822,44537,44538,4.936227488361087e-8,NE_NCC
10462,21822,21823,44538,44539,4.9374793373932204e-8,NE_NCC
10463,21823,21824,44539,44540,4.938731186440098e-8,NE_NCC
10464,21824,21825,44540,44541,4.9399830355016785e-8,NE_NCC
10465,21825,21826,44541,44542,4.941234884584031e-8,NE_NCC
10466,21826,21827,44542,44543,4.9424867336810556e-8,NE_NCC
10467,21827,21828,44543,44544,4.943738582792746e-8,NE_NCC
10468,21828,21829,44544,44545,4.9449904319251726e-8,NE_NCC
10469,21829,21830,44545,44546,4.9462422810722404e-8,NE_NCC
10470,21830,21831,44546,44547,4.947494130233926e-8,NE_NCC
10471,21831,21832,44547,44548,4.94874597941633e-8,NE_NCC
10472,21832,21833,44548,44549,4.9499978286133136e-8,NE_NCC
10473,21833,21834,44549,44550,4.9512496778248875e-8,NE_NCC
10474,21834,21835,44550,44551,4.952501527057118e-8,NE_NCC
10475,21835,21836,44551,44552,4.953753376301917e-8,NE_NCC
10476,21836,21837,44552,44553,4.9550052255672965e-8,NE_NCC
10477,21837,21838,44553,44554,4.956257074847256e-8,NE_NCC
10478,21838,21839,44554,44555,4.957508924141745e-8,NE_NCC
10479,21839,21840,44555,44556,4.95876077345678e-8,NE_NCC
10480,21840,21841,44556,44557,4.9600126227863636e-8,NE_NCC
10481,21841,21842,44557,44558,4.961264472130432e-8,NE_NCC
10482,21842,21843,44558,44559,4.9625163214950325e-8,NE_NCC
10483,21843,21844,44559,44560,4.963768170874125e-8,NE_NCC
10484,21844,21845,44560,44561,4.965020020267642e-8,NE_NCC
10485,21845,21846,44561,44562,4.966271869681703e-8,NE_NCC
10486,21846,21847,44562,44563,4.967523719110174e-8,NE_NCC
10487,21847,21848,44563,44564,4.9687755685530756e-8,NE_NCC
10488,21848,21849,44564,44565,4.9700274180164394e-8,NE_NCC
10489,21849,21850,44565,44566,4.971279267494207e-8,NE_NCC
10490,21850,21851,44566,44567,4.9725311169863484e-8,NE_NCC
10491,21851,21852,44567,44568,4.973782966498936e-8,NE_NCC
10492,21852,21853,44568,44569,4.975034816025866e-8,NE_NCC
10493,21853,21854,44569,44570,4.9762866655671486e-8,NE_NCC
10494,21854,21855,44570,44571,4.9775385151288364e-8,NE_NCC
10495,21855,21856,44571,44572,4.978790364704834e-8,NE_NCC
10496,21856,21857,44572,44573,4.98004221429514e-8,NE_NCC
10497,21857,21858,44573,44574,4.981294063905814e-8,NE_NCC
10498,21858,21859,44574,44575,4.98254591352874e-8,NE_NCC
10499,21859,21860,44575,44576,4.983797763172018e-8,NE_NCC
10500,21860,21861,44576,44577,4.985049612829539e-8,NE_NCC
10501,21861,21862,44577,44578,4.986301462501305e-8,NE_NCC
10502,21862,21863,44578,44579,4.987553312193394e-8,NE_NCC
10503,21863,21864,44579,44580,4.988805161899676e-8,NE_NCC
10504,21864,21865,44580,44581,4.9900570116201796e-8,NE_NCC
10505,21865,21866,44581,44582,4.9913088613609566e-8,NE_NCC
10506,21866,21867,44582,44583,4.9925607111159095e-8,NE_NCC
10507,21867,21868,44583,44584,4.993812560885019e-8,NE_NCC
10508,21868,21869,44584,44585,4.995064410674392e-8,NE_NCC
10509,21869,21870,44585,44586,4.9963162604778964e-8,NE_NCC
10510,21870,21871,44586,44587,4.997568110295509e-8,NE_NCC
10511,21871,21872,44587,44588,4.9988199601333695e-8,NE_NCC
10512,21872,21873,44588,44589,5.000071809985284e-8,NE_NCC
10513,21873,21874,44589,44590,5.001323659851332e-8,NE_NCC
10514,21874,21875,44590,44591,5.002575509737534e-8,NE_NCC
10515,21875,21876,44591,44592,5.0038273596378003e-8,NE_NCC
10516,21876,21877,44592,44593,5.005079209552135e-8,NE_NCC
10517,21877,21878,44593,44594,5.0063310594865875e-8,NE_NCC
10518,21878,21879,44594,44595,5.007582909435084e-8,NE_NCC
10519,21879,21880,44595,44596,5.008834759397582e-8,NE_NCC
10520,21880,21881,44596,44597,5.0100866093802166e-8,NE_NCC
10521,21881,21882,44597,44598,5.011338459376802e-8,NE_NCC
10522,21882,21883,44598,44599,5.012590309387385e-8,NE_NCC
10523,21883,21884,44599,44600,5.013842159418056e-8,NE_NCC
10524,21884,21885,44600,44601,5.0150940094606246e-8,NE_NCC
10525,21885,21886,44601,44602,5.016345859523236e-8,NE_NCC
10526,21886,21887,44602,44603,5.017597709599801e-8,NE_NCC
10527,21887,21888,44603,44604,5.018849559690277e-8,NE_NCC
10528,21888,21889,44604,44605,5.020101409800752e-8,NE_NCC
10529,21889,21890,44605,44606,5.021353259925143e-8,NE_NCC
10530,21890,21891,44606,44607,5.0226051100633796e-8,NE_NCC
10531,21891,21892,44607,44608,5.023856960221641e-8,NE_NCC
10532,21892,21893,44608,44609,5.025108810393729e-8,NE_NCC
10533,21893,21894,44609,44610,5.0263606605796686e-8,NE_NCC
10534,21894,21895,44610,44611,5.027612510785567e-8,NE_NCC
10535,21895,21896,44611,44612,5.028864361005269e-8,NE_NCC
10536,21896,21897,44612,44613,5.030116211238781e-8,NE_NCC
10537,21897,21898,44613,44614,5.0313680614922196e-8,NE_NCC
10538,21898,21899,44614,44615,5.0326199117594336e-8,NE_NCC
10539,21899,21900,44615,44616,5.0338717620404065e-8,NE_NCC
10540,21900,21901,44616,44617,5.035123612341281e-8,NE_NCC
10541,21901,21902,44617,44618,5.036375462655892e-8,NE_NCC
10542,21902,21903,44618,44619,5.03762731298423e-8,NE_NCC
10543,21903,21904,44619,44620,5.0388791633324336e-8,NE_NCC
10544,21904,21905,44620,44621,5.04013101369434e-8,NE_NCC
10545,21905,21906,44621,44622,5.0413828640699317e-8,NE_NCC
10546,21906,21907,44622,44623,5.042634714465363e-8,NE_NCC
10547,21907,21908,44623,44624,5.043886564872391e-8,NE_NCC
10548,21908,21909,44624,44625,5.045138415299248e-8,NE_NCC
10549,21909,21910,44625,44626,5.04639026573974e-8,NE_NCC
10550,21910,21911,44626,44627,5.0476421161938604e-8,NE_NCC
10551,21911,21912,44627,44628,5.0488939666677603e-8,NE_NCC
10552,21912,21913,44628,44629,5.050145817155262e-8,NE_NCC
10553,21913,21914,44629,44630,5.051397667656349e-8,NE_NCC
10554,21914,21915,44630,44631,5.052649518177201e-8,NE_NCC
10555,21915,21916,44631,44632,5.053901368711604e-8,NE_NCC
10556,21916,21917,44632,44633,5.055153219259574e-8,NE_NCC
10557,21917,21918,44633,44634,5.056405069827252e-8,NE_NCC
10558,21918,21919,44634,44635,5.057656920408471e-8,NE_NCC
10559,21919,21920,44635,44636,5.0589087710032e-8,NE_NCC
10560,21920,21921,44636,44637,5.060160621617617e-8,NE_NCC
10561,21921,21922,44637,44638,5.0614124722455165e-8,NE_NCC
10562,21922,21923,44638,44639,5.0626643228869245e-8,NE_NCC
10563,21923,21924,44639,44640,5.063916173547966e-8,NE_NCC
10564,21924,21925,44640,44641,5.065168024222458e-8,NE_NCC
10565,21925,21926,44641,44642,5.0664198749104226e-8,NE_NCC
10566,21926,21927,44642,44643,5.067671725618005e-8,NE_NCC
10567,21927,21928,44643,44644,5.0689235763389863e-8,NE_NCC
10568,21928,21929,44644,44645,5.0701754270733926e-8,NE_NCC
10569,21929,21930,44645,44646,5.0714272778273996e-8,NE_NCC
10570,21930,21931,44646,44647,5.072679128592724e-8,NE_NCC
10571,21931,21932,44647,44648,5.0739309793776e-8,NE_NCC
10572,21932,21933,44648,44649,5.075182830175859e-8,NE_NCC
10573,21933,21934,44649,44650,5.076434680987453e-8,NE_NCC
10574,21934,21935,44650,44651,5.077686531818601e-8,NE_NCC
10575,21935,21936,44651,44652,5.0789383826630655e-8,NE_NCC
10576,21936,21937,44652,44653,5.08019023352085e-8,NE_NCC
10577,21937,21938,44653,44654,5.081442084398138e-8,NE_NCC
10578,21938,21939,44654,44655,5.082693935288729e-8,NE_NCC
10579,21939,21940,44655,44656,5.0839457861925824e-8,NE_NCC
10580,21940,21941,44656,44657,5.0851976371159226e-8,NE_NCC
10581,21941,21942,44657,44658,5.086449488052518e-8,NE_NCC
10582,21942,21943,44658,44659,5.087701339002354e-8,NE_NCC
10583,21943,21944,44659,44660,5.088953189971643e-8,NE_NCC
10584,21944,21945,44660,44661,5.090205040954143e-8,NE_NCC
10585,21945,21946,44661,44662,5.091456891949856e-8,NE_NCC
10586,21946,21947,44662,44663,5.0927087429649834e-8,NE_NCC
10587,21947,21948,44663,44664,5.093960593993294e-8,NE_NCC
10588,21948,21949,44664,44665,5.095212445034784e-8,NE_NCC
10589,21949,21950,44665,44666,5.0964642960956475e-8,NE_NCC
10590,21950,21951,44666,44667,5.0977161471696755e-8,NE_NCC
10591,21951,21952,44667,44668,5.098967998256831e-8,NE_NCC
10592,21952,21953,44668,44669,5.1002198493633384e-8,NE_NCC
10593,21953,21954,44669,44670,5.101471700482967e-8,NE_NCC
10594,21954,21955,44670,44671,5.10272355161569e-8,NE_NCC
10595,21955,21956,44671,44672,5.1039754027677496e-8,NE_NCC
10596,21956,21957,44672,44673,5.1052272539308e-8,NE_NCC
10597,21957,21958,44673,44674,5.106479105113165e-8,NE_NCC
10598,21958,21959,44674,44675,5.1077309563085716e-8,NE_NCC
10599,21959,21960,44675,44676,5.1089828075170185e-8,NE_NCC
10600,21960,21961,44676,44677,5.110234658744763e-8,NE_NCC
10601,21961,21962,44677,44678,5.1114865099855237e-8,NE_NCC
10602,21962,21963,44678,44679,5.112738361239277e-8,NE_NCC
10603,21963,21964,44679,44680,5.1139902125122776e-8,NE_NCC
10604,21964,21965,44680,44681,5.115242063798261e-8,NE_NCC
10605,21965,21966,44681,44682,5.116493915097228e-8,NE_NCC
10606,21966,21967,44682,44683,5.117745766415418e-8,NE_NCC
10607,21967,21968,44683,44684,5.118997617746541e-8,NE_NCC
10608,21968,21969,44684,44685,5.1202494690906004e-8,NE_NCC
10609,21969,21970,44685,44686,5.12150132045387e-8,NE_NCC
10610,21970,21971,44686,44687,5.122753171830046e-8,NE_NCC
10611,21971,21972,44687,44688,5.1240050232191064e-8,NE_NCC
10612,21972,21973,44688,44689,5.125256874627349e-8,NE_NCC
10613,21973,21974,44689,44690,5.126508726048434e-8,NE_NCC
10614,21974,21975,44690,44691,5.127760577482449e-8,NE_NCC
10615,21975,21976,44691,44692,5.129012428935526e-8,NE_NCC
10616,21976,21977,44692,44693,5.130264280401497e-8,NE_NCC
10617,21977,21978,44693,44694,5.131516131880273e-8,NE_NCC
10618,21978,21979,44694,44695,5.132767983378171e-8,NE_NCC
10619,21979,21980,44695,44696,5.134019834886769e-8,NE_NCC
10620,21980,21981,44696,44697,5.135271686414454e-8,NE_NCC
10621,21981,21982,44697,44698,5.136523537954928e-8,NE_NCC
10622,21982,21983,44698,44699,5.137775389508177e-8,NE_NCC
10623,21983,21984,44699,44700,5.139027241080487e-8,NE_NCC
10624,21984,21985,44700,44701,5.1402790926655195e-8,NE_NCC
10625,21985,21986,44701,44702,5.141530944263333e-8,NE_NCC
10626,21986,21987,44702,44703,5.1427827958801377e-8,NE_NCC
10627,21987,21988,44703,44704,5.144034647509675e-8,NE_NCC
10628,21988,21989,44704,44705,5.1452864991519206e-8,NE_NCC
10629,21989,21990,44705,44706,5.146538350813156e-8,NE_NCC
10630,21990,21991,44706,44707,5.147790202487078e-8,NE_NCC
10631,21991,21992,44707,44708,5.1490420541736784e-8,NE_NCC
10632,21992,21993,44708,44709,5.150293905879232e-8,NE_NCC
10633,21993,21994,44709,44710,5.1515457575974455e-8,NE_NCC
10634,21994,21995,44710,44711,5.1527976093282966e-8,NE_NCC
10635,21995,21996,44711,44712,5.1540494610780796e-8,NE_NCC
10636,21996,21997,44712,44713,5.1553013128404834e-8,NE_NCC
10637,21997,21998,44713,44714,5.156553164615492e-8,NE_NCC
10638,21998,21999,44714,44715,5.157805016409404e-8,NE_NCC
10639,21999,22000,44715,44716,5.159056868215901e-8,NE_NCC
10640,22000,22001,44716,44717,5.1603087200349736e-8,NE_NCC
10641,22001,22002,44717,44718,5.161560571872919e-8,NE_NCC
10642,22002,22003,44718,44719,5.162812423723431e-8,NE_NCC
10643,22003,22004,44719,44720,5.1640642755864525e-8,NE_NCC
10644,22004,22005,44720,44721,5.1653161274683336e-8,NE_NCC
10645,22005,22006,44721,44722,5.16656797936064e-8,NE_NCC
10646,22006,22007,44722,44723,5.1678198312717634e-8,NE_NCC
10647,22007,22008,44723,44724,5.16907168319535e-8,NE_NCC
10648,22008,22009,44724,44725,5.17032353513148e-8,NE_NCC
10649,22009,22010,44725,44726,5.171575387086349e-8,NE_NCC
10650,22010,22011,44726,44727,5.172827239053733e-8,NE_NCC
10651,22011,22012,44727,44728,5.174079091033538e-8,NE_NCC
10652,22012,22013,44728,44729,5.175330943032125e-8,NE_NCC
10653,22013,22014,44729,44730,5.176582795043119e-8,NE_NCC
10654,22014,22015,44730,44731,5.1778346470665577e-8,NE_NCC
10655,22015,22016,44731,44732,5.1790864991087305e-8,NE_NCC
10656,22016,22017,44732,44733,5.1803383511632905e-8,NE_NCC
10657,22017,22018,44733,44734,5.18159020323022e-8,NE_NCC
10658,22018,22019,44734,44735,5.182842055315892e-8,NE_NCC
10659,22019,22020,44735,44736,5.184093907413919e-8,NE_NCC
10660,22020,22021,44736,44737,5.185345759524294e-8,NE_NCC
10661,22021,22022,44737,44738,5.1865976116533484e-8,NE_NCC
10662,22022,22023,44738,44739,5.187849463794723e-8,NE_NCC
10663,22023,22024,44739,44740,5.1891013159484464e-8,NE_NCC
10664,22024,22025,44740,44741,5.1903531681207996e-8,NE_NCC
10665,22025,22026,44741,44742,5.191605020305456e-8,NE_NCC
10666,22026,22027,44742,44743,5.1928568725024094e-8,NE_NCC
10667,22027,22028,44743,44744,5.194108724717973e-8,NE_NCC
10668,22028,22029,44744,44745,5.195360576943683e-8,NE_NCC
10669,22029,22030,44745,44746,5.196612429188024e-8,NE_NCC
10670,22030,22031,44746,44747,5.1978642814445846e-8,NE_NCC
10671,22031,22032,44747,44748,5.1991161337133864e-8,NE_NCC
10672,22032,22033,44748,44749,5.200367986000761e-8,NE_NCC
10673,22033,22034,44749,44750,5.2016198383003514e-8,NE_NCC
10674,22034,22035,44750,44751,5.2028716906121434e-8,NE_NCC
10675,22035,22036,44751,44752,5.2041235429424814e-8,NE_NCC
10676,22036,22037,44752,44753,5.205375395284999e-8,NE_NCC
10677,22037,22038,44753,44754,5.206627247639686e-8,NE_NCC
10678,22038,22039,44754,44755,5.207879100012889e-8,NE_NCC
10679,22039,22040,44755,44756,5.209130952398244e-8,NE_NCC
10680,22040,22041,44756,44757,5.2103828047957304e-8,NE_NCC
10681,22041,22042,44757,44758,5.211634657211719e-8,NE_NCC
10682,22042,22043,44758,44759,5.212886509639804e-8,NE_NCC
10683,22043,22044,44759,44760,5.2141383620800085e-8,NE_NCC
10684,22044,22045,44760,44761,5.2153902145386773e-8,NE_NCC
10685,22045,22046,44761,44762,5.216642067009407e-8,NE_NCC
10686,22046,22047,44762,44763,5.217893919492237e-8,NE_NCC
10687,22047,22048,44763,44764,5.2191457719934916e-8,NE_NCC
10688,22048,22049,44764,44765,5.220397624506805e-8,NE_NCC
10689,22049,22050,44765,44766,5.221649477032148e-8,NE_NCC
10690,22050,22051,44766,44767,5.222901329575878e-8,NE_NCC
10691,22051,22052,44767,44768,5.2241531821295406e-8,NE_NCC
10692,22052,22053,44768,44769,5.225405034701581e-8,NE_NCC
10693,22053,22054,44769,44770,5.2266568872855946e-8,NE_NCC
10694,22054,22055,44770,44771,5.2279087398816224e-8,NE_NCC
10695,22055,22056,44771,44772,5.229160592496002e-8,NE_NCC
10696,22056,22057,44772,44773,5.230412445122352e-8,NE_NCC
10697,22057,22058,44773,44774,5.2316642977606414e-8,NE_NCC
10698,22058,22059,44774,44775,5.2329161504172784e-8,NE_NCC
10699,22059,22060,44775,44776,5.234168003085866e-8,NE_NCC
10700,22060,22061,44776,44777,5.235419855766333e-8,NE_NCC
10701,22061,22062,44777,44778,5.236671708465157e-8,NE_NCC
10702,22062,22063,44778,44779,5.2379235611758575e-8,NE_NCC
10703,22063,22064,44779,44780,5.239175413898439e-8,NE_NCC
10704,22064,22065,44780,44781,5.240427266639316e-8,NE_NCC
10705,22065,22066,44781,44782,5.241679119392058e-8,NE_NCC
10706,22066,22067,44782,44783,5.242930972156653e-8,NE_NCC
10707,22067,22068,44783,44784,5.244182824939535e-8,NE_NCC
10708,22068,22069,44784,44785,5.245434677734214e-8,NE_NCC
10709,22069,22070,44785,44786,5.2466865305407406e-8,NE_NCC
10710,22070,22071,44786,44787,5.2479383833654945e-8,NE_NCC
10711,22071,22072,44787,44788,5.249190236202046e-8,NE_NCC
10712,22072,22073,44788,44789,5.250442089050399e-8,NE_NCC
10713,22073,22074,44789,44790,5.251693941916962e-8,NE_NCC
10714,22074,22075,44790,44791,5.25294579479528e-8,NE_NCC
10715,22075,22076,44791,44792,5.2541976476853834e-8,NE_NCC
10716,22076,22077,44792,44793,5.25544950059365e-8,NE_NCC
10717,22077,22078,44793,44794,5.2567013535115166e-8,NE_NCC
10718,22078,22079,44794,44795,5.2579532064475435e-8,NE_NCC
10719,22079,22080,44795,44796,5.259205059395299e-8,NE_NCC
10720,22080,22081,44796,44797,5.2604569123547596e-8,NE_NCC
10721,22081,22082,44797,44798,5.2617087653323505e-8,NE_NCC
10722,22082,22083,44798,44799,5.2629606183216365e-8,NE_NCC
10723,22083,22084,44799,44800,5.2642124713226017e-8,NE_NCC
10724,22084,22085,44800,44801,5.2654643243416754e-8,NE_NCC
10725,22085,22086,44801,44802,5.266716177372392e-8,NE_NCC
10726,22086,22087,44802,44803,5.26796803041478e-8,NE_NCC
10727,22087,22088,44803,44804,5.269219883475229e-8,NE_NCC
10728,22088,22089,44804,44805,5.270471736547328e-8,NE_NCC
10729,22089,22090,44805,44806,5.27172358963103e-8,NE_NCC
10730,22090,22091,44806,44807,5.272975442732775e-8,NE_NCC
10731,22091,22092,44807,44808,5.274227295846131e-8,NE_NCC
10732,22092,22093,44808,44809,5.275479148971083e-8,NE_NCC
10733,22093,22094,44809,44810,5.276731002114044e-8,NE_NCC
10734,22094,22095,44810,44811,5.277982855268573e-8,NE_NCC
10735,22095,22096,44811,44812,5.279234708434666e-8,NE_NCC
10736,22096,22097,44812,44813,5.2804865616187586e-8,NE_NCC
10737,22097,22098,44813,44814,5.2817384148143646e-8,NE_NCC
10738,22098,22099,44814,44815,5.282990268021536e-8,NE_NCC
10739,22099,22100,44815,44816,5.284242121246667e-8,NE_NCC
10740,22100,22101,44816,44817,5.2854939744811406e-8,NE_NCC
10741,22101,22102,44817,44818,5.2867458277335746e-8,NE_NCC
10742,22102,22103,44818,44819,5.287997680997478e-8,NE_NCC
10743,22103,22104,44819,44820,5.289249534272889e-8,NE_NCC
10744,22104,22105,44820,44821,5.290501387566189e-8,NE_NCC
10745,22105,22106,44821,44822,5.291753240871002e-8,NE_NCC
10746,22106,22107,44822,44823,5.293005094187195e-8,NE_NCC
10747,22107,22108,44823,44824,5.2942569475213215e-8,NE_NCC
10748,22108,22109,44824,44825,5.2955088008668835e-8,NE_NCC
10749,22109,22110,44825,44826,5.2967606542238486e-8,NE_NCC
10750,22110,22111,44826,44827,5.298012507598681e-8,NE_NCC
10751,22111,22112,44827,44828,5.2992643609849176e-8,NE_NCC
10752,22112,22113,44828,44829,5.300516214382544e-8,NE_NCC
10753,22113,22114,44829,44830,5.3017680677979983e-8,NE_NCC
10754,22114,22115,44830,44831,5.303019921224854e-8,NE_NCC
10755,22115,22116,44831,44832,5.3042717746630386e-8,NE_NCC
10756,22116,22117,44832,44833,5.305523628119043e-8,NE_NCC
10757,22117,22118,44833,44834,5.3067754815863945e-8,NE_NCC
10758,22118,22119,44834,44835,5.308027335065066e-8,NE_NCC
10759,22119,22120,44835,44836,5.309279188561534e-8,NE_NCC
10760,22120,22121,44836,44837,5.310531042069314e-8,NE_NCC
10761,22121,22122,44837,44838,5.3117828955883865e-8,NE_NCC
10762,22122,22123,44838,44839,5.313034749125224e-8,NE_NCC
10763,22123,22124,44839,44840,5.314286602671174e-8,NE_NCC
10764,22124,22125,44840,44841,5.315538456234885e-8,NE_NCC
10765,22125,22126,44841,44842,5.316790309809848e-8,NE_NCC
10766,22126,22127,44842,44843,5.3180421633960554e-8,NE_NCC
10767,22127,22128,44843,44844,5.3192940169999916e-8,NE_NCC
10768,22128,22129,44844,44845,5.3205458706151555e-8,NE_NCC
10769,22129,22130,44845,44846,5.32179772424153e-8,NE_NCC
10770,22130,22131,44846,44847,5.323049577885616e-8,NE_NCC
10771,22131,22132,44847,44848,5.324301431540893e-8,NE_NCC
10772,22132,22133,44848,44849,5.325553285207347e-8,NE_NCC
10773,22133,22134,44849,44850,5.326805138891499e-8,NE_NCC
10774,22134,22135,44850,44851,5.3280569925867936e-8,NE_NCC
10775,22135,22136,44851,44852,5.329308846293262e-8,NE_NCC
10776,22136,22137,44852,44853,5.330560700017371e-8,NE_NCC
10777,22137,22138,44853,44854,5.331812553752626e-8,NE_NCC
10778,22138,22139,44854,44855,5.333064407498998e-8,NE_NCC
10779,22139,22140,44855,44856,5.3343162612629975e-8,NE_NCC
10780,22140,22141,44856,44857,5.33556811503812e-8,NE_NCC
10781,22141,22142,44857,44858,5.336819968824329e-8,NE_NCC
10782,22142,22143,44858,44859,5.3380718226281175e-8,NE_NCC
10783,22143,22144,44859,44860,5.339323676443019e-8,NE_NCC
10784,22144,22145,44860,44861,5.340575530268979e-8,NE_NCC
10785,22145,22146,44861,44862,5.341827384112505e-8,NE_NCC
10786,22146,22147,44862,44863,5.3430792379670876e-8,NE_NCC
10787,22147,22148,44863,44864,5.3443310918326894e-8,NE_NCC
10788,22148,22149,44864,44865,5.345582945715867e-8,NE_NCC
10789,22149,22150,44865,44866,5.3468347996078904e-8,NE_NCC
10790,22150,22151,44866,44867,5.348086653517422e-8,NE_NCC
10791,22151,22152,44867,44868,5.3493385074380016e-8,NE_NCC
10792,22152,22153,44868,44869,5.350590361369512e-8,NE_NCC
10793,22153,22154,44869,44870,5.351842215318568e-8,NE_NCC
10794,22154,22155,44870,44871,5.3530940692785765e-8,NE_NCC
10795,22155,22156,44871,44872,5.354345923249566e-8,NE_NCC
10796,22156,22157,44872,44873,5.355597777238014e-8,NE_NCC
10797,22157,22158,44873,44874,5.356849631237439e-8,NE_NCC
10798,22158,22159,44874,44875,5.358101485247775e-8,NE_NCC
10799,22159,22160,44875,44876,5.3593533392755695e-8,NE_NCC
10800,22160,22161,44876,44877,5.360605193314267e-8,NE_NCC
10801,22161,22162,44877,44878,5.361857047363882e-8,NE_NCC
10802,22162,22163,44878,44879,5.3631089014309316e-8,NE_NCC
10803,22163,22164,44879,44880,5.364360755508861e-8,NE_NCC
10804,22164,22165,44880,44881,5.365612609597665e-8,NE_NCC
10805,22165,22166,44881,44882,5.366864463703884e-8,NE_NCC
10806,22166,22167,44882,44883,5.3681163178209556e-8,NE_NCC
10807,22167,22168,44883,44884,5.369368171948867e-8,NE_NCC
10808,22168,22169,44884,44885,5.3706200260941717e-8,NE_NCC
10809,22169,22170,44885,44886,5.3718718802502965e-8,NE_NCC
10810,22170,22171,44886,44887,5.3731237344172395e-8,NE_NCC
10811,22171,22172,44887,44888,5.374375588601548e-8,NE_NCC
10812,22172,22173,44888,44889,5.3756274427944626e-8,NE_NCC
10813,22173,22174,44889,44890,5.376879297004726e-8,NE_NCC
10814,22174,22175,44890,44891,5.3781311512257714e-8,NE_NCC
10815,22175,22176,44891,44892,5.3793830054575746e-8,NE_NCC
10816,22176,22177,44892,44893,5.380634859706708e-8,NE_NCC
10817,22177,22178,44893,44894,5.381886713966595e-8,NE_NCC
10818,22178,22179,44894,44895,5.383138568237205e-8,NE_NCC
10819,22179,22180,44895,44896,5.3843904225251245e-8,NE_NCC
10820,22180,22181,44896,44897,5.385642276823773e-8,NE_NCC
10821,22181,22182,44897,44898,5.386894131133129e-8,NE_NCC
10822,22182,22183,44898,44899,5.3881459854597344e-8,NE_NCC
10823,22183,22184,44899,44900,5.389397839797074e-8,NE_NCC
10824,22184,22185,44900,44901,5.390649694145052e-8,NE_NCC
10825,22185,22186,44901,44902,5.391901548510312e-8,NE_NCC
10826,22186,22187,44902,44903,5.393153402886233e-8,NE_NCC
10827,22187,22188,44903,44904,5.3944052572727746e-8,NE_NCC
10828,22188,22189,44904,44905,5.395657111676601e-8,NE_NCC
10829,22189,22190,44905,44906,5.3969089660910054e-8,NE_NCC
10830,22190,22191,44906,44907,5.398160820516065e-8,NE_NCC
10831,22191,22192,44907,44908,5.3994126749583104e-8,NE_NCC
10832,22192,22193,44908,44909,5.400664529411196e-8,NE_NCC
10833,22193,22194,44909,44910,5.4019163838746634e-8,NE_NCC
10834,22194,22195,44910,44911,5.403168238355286e-8,NE_NCC
10835,22195,22196,44911,44912,5.404420092844306e-8,NE_NCC
10836,22196,22197,44912,44913,5.405671947350514e-8,NE_NCC
10837,22197,22198,44913,44914,5.406923801867243e-8,NE_NCC
10838,22198,22199,44914,44915,5.408175656394558e-8,NE_NCC
10839,22199,22200,44915,44916,5.409427510938976e-8,NE_NCC
10840,22200,22201,44916,44917,5.41067936549396e-8,NE_NCC
10841,22201,22202,44917,44918,5.411931220059438e-8,NE_NCC
10842,22202,22203,44918,44919,5.4131830746420584e-8,NE_NCC
10843,22203,22204,44919,44920,5.414434929235179e-8,NE_NCC
10844,22204,22205,44920,44921,5.415686783838764e-8,NE_NCC
10845,22205,22206,44921,44922,5.416938638459468e-8,NE_NCC
10846,22206,22207,44922,44923,5.418190493090654e-8,NE_NCC
10847,22207,22208,44923,44924,5.419442347732285e-8,NE_NCC
10848,22208,22209,44924,44925,5.420694202391001e-8,NE_NCC
10849,22209,22210,44925,44926,5.4219460570601685e-8,NE_NCC
10850,22210,22211,44926,44927,5.4231979117397604e-8,NE_NCC
10851,22211,22212,44927,44928,5.424449766436406e-8,NE_NCC
10852,22212,22213,44928,44929,5.425701621143473e-8,NE_NCC
10853,22213,22214,44929,44930,5.426953475860949e-8,NE_NCC
10854,22214,22215,44930,44931,5.4282053305954544e-8,NE_NCC
10855,22215,22216,44931,44932,5.429457185340346e-8,NE_NCC
10856,22216,22217,44932,44933,5.430709040095622e-8,NE_NCC
10857,22217,22218,44933,44934,5.4319608948679005e-8,NE_NCC
10858,22218,22219,44934,44935,5.43321274965054e-8,NE_NCC
10859,22219,22220,44935,44936,5.434464604443542e-8,NE_NCC
10860,22220,22221,44936,44937,5.435716459253514e-8,NE_NCC
10861,22221,22222,44937,44938,5.4369683140716126e-8,NE_NCC
10862,22222,22223,44938,44939,5.4382201689066846e-8,NE_NCC
10863,22223,22224,44939,44940,5.4394720237520574e-8,NE_NCC
10864,22224,22225,44940,44941,5.440723878607759e-8,NE_NCC
10865,22225,22226,44941,44942,5.441975733480384e-8,NE_NCC
10866,22226,22227,44942,44943,5.4432275883633194e-8,NE_NCC
10867,22227,22228,44943,44944,5.444479443256511e-8,NE_NCC
10868,22228,22229,44944,44945,5.445731298166641e-8,NE_NCC
10869,22229,22230,44945,44946,5.4469831530870435e-8,NE_NCC
10870,22230,22231,44946,44947,5.448235008017658e-8,NE_NCC
10871,22231,22232,44947,44948,5.449486862965209e-8,NE_NCC
10872,22232,22233,44948,44949,5.4507387179229744e-8,NE_NCC
10873,22233,22234,44949,44950,5.4519905728909756e-8,NE_NCC
10874,22234,22235,44950,44951,5.4532424278758474e-8,NE_NCC
10875,22235,22236,44951,44952,5.454494282870946e-8,NE_NCC
10876,22236,22237,44952,44953,5.4557461378762033e-8,NE_NCC
10877,22237,22238,44953,44954,5.4569979928983545e-8,NE_NCC
10878,22238,22239,44954,44955,5.45824984793064e-8,NE_NCC
10879,22239,22240,44955,44956,5.4595017029731315e-8,NE_NCC
10880,22240,22241,44956,44957,5.460753558032451e-8,NE_NCC
10881,22241,22242,44957,44958,5.462005413101922e-8,NE_NCC
10882,22242,22243,44958,44959,5.463257268181526e-8,NE_NCC
10883,22243,22244,44959,44960,5.4645091232779566e-8,NE_NCC
10884,22244,22245,44960,44961,5.465760978382266e-8,NE_NCC
10885,22245,22246,44961,44962,5.467012833503364e-8,NE_NCC
10886,22246,22247,44962,44963,5.468264688634609e-8,NE_NCC
10887,22247,22248,44963,44964,5.4695165437759184e-8,NE_NCC
10888,22248,22249,44964,44965,5.47076839893401e-8,NE_NCC
10889,22249,22250,44965,44966,5.472020254102195e-8,NE_NCC
10890,22250,22251,44966,44967,5.4732721092804316e-8,NE_NCC
10891,22251,22252,44967,44968,5.47452396447543e-8,NE_NCC
10892,22252,22253,44968,44969,5.475775819680458e-8,NE_NCC
10893,22253,22254,44969,44970,5.477027674895565e-8,NE_NCC
10894,22254,22255,44970,44971,5.478279530127374e-8,NE_NCC
10895,22255,22256,44971,44972,5.4795313853692306e-8,NE_NCC
10896,22256,22257,44972,44973,5.4807832406210905e-8,NE_NCC
10897,22257,22258,44973,44974,5.482035095889657e-8,NE_NCC
10898,22258,22259,44974,44975,5.483286951168231e-8,NE_NCC
10899,22259,22260,44975,44976,5.484538806456791e-8,NE_NCC
10900,22260,22261,44976,44977,5.485790661762034e-8,NE_NCC
10901,22261,22262,44977,44978,5.487042517077252e-8,NE_NCC
10902,22262,22263,44978,44979,5.488294372402434e-8,NE_NCC
10903,22263,22264,44979,44980,5.4895462277442774e-8,NE_NCC
10904,22264,22265,44980,44981,5.4907980830960713e-8,NE_NCC
10905,22265,22266,44981,44982,5.492049938457799e-8,NE_NCC
10906,22266,22267,44982,44983,5.493301793836167e-8,NE_NCC
10907,22267,22268,44983,44984,5.494553649224456e-8,NE_NCC
10908,22268,22269,44984,44985,5.495805504622662e-8,NE_NCC
10909,22269,22270,44985,44986,5.497057360037467e-8,NE_NCC
10910,22270,22271,44986,44987,5.498309215459946e-8,NE_NCC
10911,22271,22272,44987,44988,5.4995610708990234e-8,NE_NCC
10912,22272,22273,44988,44989,5.5008129263479746e-8,NE_NCC
10913,22273,22274,44989,44990,5.502064781806788e-8,NE_NCC
10914,22274,22275,44990,44991,5.503316637282201e-8,NE_NCC
10915,22275,22276,44991,44992,5.504568492767452e-8,NE_NCC
10916,22276,22277,44992,44993,5.505820348262544e-8,NE_NCC
10917,22277,22278,44993,44994,5.5070722037741804e-8,NE_NCC
10918,22278,22279,44994,44995,5.508324059295675e-8,NE_NCC
10919,22279,22280,44995,44996,5.509575914826961e-8,NE_NCC
10920,22280,22281,44996,44997,5.510827770374786e-8,NE_NCC
10921,22281,22282,44997,44998,5.512079625932433e-8,NE_NCC
10922,22282,22283,44998,44999,5.513331481499832e-8,NE_NCC
10923,22283,22284,44999,45000,5.5145833370837754e-8,NE_NCC
10924,22284,22285,45000,45001,5.515835192677457e-8,NE_NCC
10925,22285,22286,45001,45002,5.5170870482809445e-8,NE_NCC
10926,22286,22287,45002,45003,5.51833890390091e-8,NE_NCC
10927,22287,22288,45003,45004,5.5195907595306065e-8,NE_NCC
10928,22288,22289,45004,45005,5.520842615170052e-8,NE_NCC
10929,22289,22290,45005,45006,5.522094470825953e-8,NE_NCC
10930,22290,22291,45006,45007,5.523346326491607e-8,NE_NCC
10931,22291,22292,45007,45008,5.524598182166964e-8,NE_NCC
10932,22292,22293,45008,45009,5.5258500378587535e-8,NE_NCC
10933,22293,22294,45009,45010,5.527101893558e-8,NE_NCC
10934,22294,22295,45010,45011,5.52835374927368e-8,NE_NCC
10935,22295,22296,45011,45012,5.5296056049990414e-8,NE_NCC
10936,22296,22297,45012,45013,5.5308574607340575e-8,NE_NCC
10937,22297,22298,45013,45014,5.5321093164855114e-8,NE_NCC
10938,22298,22299,45014,45015,5.5333611722465975e-8,NE_NCC
10939,22299,22300,45015,45016,5.5346130280173386e-8,NE_NCC
10940,22300,22301,45016,45017,5.535864883804462e-8,NE_NCC
10941,22301,22302,45017,45018,5.537116739601226e-8,NE_NCC
10942,22302,22303,45018,45019,5.53836859540759e-8,NE_NCC
10943,22303,22304,45019,45020,5.53962045123034e-8,NE_NCC
10944,22304,22305,45020,45021,5.540872307062683e-8,NE_NCC
10945,22305,22306,45021,45022,5.542124162904619e-8,NE_NCC
10946,22306,22307,45022,45023,5.543376018762908e-8,NE_NCC
10947,22307,22308,45023,45024,5.54462787463077e-8,NE_NCC
10948,22308,22309,45024,45025,5.5458797305082e-8,NE_NCC
10949,22309,22310,45025,45026,5.547131586401957e-8,NE_NCC
10950,22310,22311,45026,45027,5.5483834423052706e-8,NE_NCC
10951,22311,22312,45027,45028,5.549635298218121e-8,NE_NCC
10952,22312,22313,45028,45029,5.550887154147269e-8,NE_NCC
10953,22313,22314,45029,45030,5.552139010085958e-8,NE_NCC
10954,22314,22315,45030,45031,5.553390866034159e-8,NE_NCC
10955,22315,22316,45031,45032,5.554642721998628e-8,NE_NCC
10956,22316,22317,45032,45033,5.555894577970366e-8,NE_NCC
10957,22317,22318,45033,45034,5.557146433958361e-8,NE_NCC
10958,22318,22319,45034,45035,5.558398289955833e-8,NE_NCC
10959,22319,22320,45035,45036,5.559650145962794e-8,NE_NCC
10960,22320,22321,45036,45037,5.560902001985986e-8,NE_NCC
10961,22321,22322,45037,45038,5.562153858018657e-8,NE_NCC
10962,22322,22323,45038,45039,5.5634057140607504e-8,NE_NCC
10963,22323,22324,45039,45040,5.564657570119109e-8,NE_NCC
10964,22324,22325,45040,45041,5.5659094261868864e-8,NE_NCC
10965,22325,22326,45041,45042,5.5671612822640714e-8,NE_NCC
10966,22326,22327,45042,45043,5.5684131383574764e-8,NE_NCC
10967,22327,22328,45043,45044,5.569664994460301e-8,NE_NCC
10968,22328,22329,45044,45045,5.570916850572503e-8,NE_NCC
10969,22329,22330,45045,45046,5.572168706700909e-8,NE_NCC
10970,22330,22331,45046,45047,5.5734205628386914e-8,NE_NCC
10971,22331,22332,45047,45048,5.5746724189858313e-8,NE_NCC
10972,22332,22333,45048,45049,5.575924275149177e-8,NE_NCC
10973,22333,22334,45049,45050,5.5771761313218594e-8,NE_NCC
10974,22334,22335,45050,45051,5.578427987503883e-8,NE_NCC
10975,22335,22336,45051,45052,5.579679843702049e-8,NE_NCC
10976,22336,22337,45052,45053,5.58093169990959e-8,NE_NCC
10977,22337,22338,45053,45054,5.582183556126416e-8,NE_NCC
10978,22338,22339,45054,45055,5.5834354123593717e-8,NE_NCC
10979,22339,22340,45055,45056,5.584687268601641e-8,NE_NCC
10980,22340,22341,45056,45057,5.585939124853202e-8,NE_NCC
10981,22341,22342,45057,45058,5.587190981120874e-8,NE_NCC
10982,22342,22343,45058,45059,5.588442837395573e-8,NE_NCC
10983,22343,22344,45059,45060,5.5896946936863376e-8,NE_NCC
10984,22344,22345,45060,45061,5.590946549986394e-8,NE_NCC
10985,22345,22346,45061,45062,5.592198406295693e-8,NE_NCC
10986,22346,22347,45062,45063,5.5934502626210695e-8,NE_NCC
10987,22347,22348,45063,45064,5.594702118955683e-8,NE_NCC
10988,22348,22349,45064,45065,5.5959539752995305e-8,NE_NCC
10989,22349,22350,45065,45066,5.597205831659435e-8,NE_NCC
10990,22350,22351,45066,45067,5.598457688028554e-8,NE_NCC
10991,22351,22352,45067,45068,5.5997095444068784e-8,NE_NCC
10992,22352,22353,45068,45069,5.600961400801243e-8,NE_NCC
10993,22353,22354,45069,45070,5.602213257204789e-8,NE_NCC
10994,22354,22355,45070,45071,5.603465113617529e-8,NE_NCC
10995,22355,22356,45071,45072,5.604716970046275e-8,NE_NCC
10996,22356,22357,45072,45073,5.6059688264841924e-8,NE_NCC
10997,22357,22358,45073,45074,5.607220682931255e-8,NE_NCC
10998,22358,22359,45074,45075,5.608472539394334e-8,NE_NCC
10999,22359,22360,45075,45076,5.609724395866546e-8,NE_NCC
11000,22360,22361,45076,45077,5.610976252347899e-8,NE_NCC
11001,22361,22362,45077,45078,5.612228108845198e-8,NE_NCC
11002,22362,22363,45078,45079,5.613479965351638e-8,NE_NCC
11003,22363,22364,45079,45080,5.6147318218672006e-8,NE_NCC
11004,22364,22365,45080,45081,5.615983678398675e-8,NE_NCC
11005,22365,22366,45081,45082,5.6172355349370147e-8,NE_NCC
11006,22366,22367,45082,45083,5.6184873914912426e-8,NE_NCC
11007,22367,22368,45083,45084,5.619739248054572e-8,NE_NCC
11008,22368,22369,45084,45085,5.620991104626981e-8,NE_NCC
11009,22369,22370,45085,45086,5.622242961215293e-8,NE_NCC
11010,22370,22371,45086,45087,5.623494817812661e-8,NE_NCC
11011,22371,22372,45087,45088,5.624746674419076e-8,NE_NCC
11012,22372,22373,45088,45089,5.6259985310414005e-8,NE_NCC
11013,22373,22374,45089,45090,5.6272503876727316e-8,NE_NCC
11014,22374,22375,45090,45091,5.628502244313097e-8,NE_NCC
11015,22375,22376,45091,45092,5.629754100969378e-8,NE_NCC
11016,22376,22377,45092,45093,5.631005957634595e-8,NE_NCC
11017,22377,22378,45093,45094,5.6322578143088765e-8,NE_NCC
11018,22378,22379,45094,45095,5.633509670998963e-8,NE_NCC
11019,22379,22380,45095,45096,5.634761527698073e-8,NE_NCC
11020,22380,22381,45096,45097,5.6360133844061214e-8,NE_NCC
11021,22381,22382,45097,45098,5.6372652411300465e-8,NE_NCC
11022,22382,22383,45098,45099,5.6385170978628985e-8,NE_NCC
11023,22383,22384,45099,45100,5.639768954604729e-8,NE_NCC
11024,22384,22385,45100,45101,5.641020811362366e-8,NE_NCC
11025,22385,22386,45101,45102,5.642272668128916e-8,NE_NCC
11026,22386,22387,45102,45103,5.6435245249044214e-8,NE_NCC
11027,22387,22388,45103,45104,5.6447763816957134e-8,NE_NCC
11028,22388,22389,45104,45105,5.646028238493635e-8,NE_NCC
11029,22389,22390,45105,45106,5.647280095307326e-8,NE_NCC
11030,22390,22391,45106,45107,5.648531952129924e-8,NE_NCC
11031,22391,22392,45107,45108,5.649783808961405e-8,NE_NCC
11032,22392,22393,45108,45109,5.651035665808653e-8,NE_NCC
11033,22393,22394,45109,45110,5.652287522664776e-8,NE_NCC
11034,22394,22395,45110,45111,5.653539379529755e-8,NE_NCC
11035,22395,22396,45111,45112,5.65479123641049e-8,NE_NCC
11036,22396,22397,45112,45113,5.65604309330007e-8,NE_NCC
11037,22397,22398,45113,45114,5.657294950198484e-8,NE_NCC
11038,22398,22399,45114,45115,5.658546807112632e-8,NE_NCC
11039,22399,22400,45115,45116,5.659798664035605e-8,NE_NCC
11040,22400,22401,45116,45117,5.6610505209673895e-8,NE_NCC
11041,22401,22402,45117,45118,5.662302377914892e-8,NE_NCC
11042,22402,22403,45118,45119,5.663554234871183e-8,NE_NCC
11043,22403,22404,45119,45120,5.6648060918362814e-8,NE_NCC
11044,22404,22405,45120,45121,5.666057948817047e-8,NE_NCC
11045,22405,22406,45121,45122,5.6673098058066086e-8,NE_NCC
11046,22406,22407,45122,45123,5.6685616628049326e-8,NE_NCC
11047,22407,22408,45123,45124,5.669813519818946e-8,NE_NCC
11048,22408,22409,45124,45125,5.671065376841683e-8,NE_NCC
11049,22409,22410,45125,45126,5.672317233873182e-8,NE_NCC
11050,22410,22411,45126,45127,5.673569090920314e-8,NE_NCC
11051,22411,22412,45127,45128,5.6748209479762e-8,NE_NCC
11052,22412,22413,45128,45129,5.67607280504081e-8,NE_NCC
11053,22413,22414,45129,45130,5.67732466212103e-8,NE_NCC
11054,22414,22415,45130,45131,5.678576519207669e-8,NE_NCC
11055,22415,22416,45131,45132,5.679828376309935e-8,NE_NCC
11056,22416,22417,45132,45133,5.681080233420862e-8,NE_NCC
11057,22417,22418,45133,45134,5.682332090540495e-8,NE_NCC
11058,22418,22419,45134,45135,5.6835839476757264e-8,NE_NCC
11059,22419,22420,45135,45136,5.6848358048196203e-8,NE_NCC
11060,22420,22421,45136,45137,5.6860876619721864e-8,NE_NCC
11061,22421,22422,45137,45138,5.687339519140314e-8,NE_NCC
11062,22422,22423,45138,45139,5.6885913763170974e-8,NE_NCC
11063,22423,22424,45139,45140,5.689843233502543e-8,NE_NCC
11064,22424,22425,45140,45141,5.691095090703497e-8,NE_NCC
11065,22425,22426,45141,45142,5.692346947913123e-8,NE_NCC
11066,22426,22427,45142,45143,5.693598805131344e-8,NE_NCC
11067,22427,22428,45143,45144,5.694850662365104e-8,NE_NCC
11068,22428,22429,45144,45145,5.696102519607473e-8,NE_NCC
11069,22429,22430,45145,45146,5.6973543768584224e-8,NE_NCC
11070,22430,22431,45146,45147,5.69860623412491e-8,NE_NCC
11071,22431,22432,45147,45148,5.699858091399966e-8,NE_NCC
11072,22432,22433,45148,45149,5.7011099486835894e-8,NE_NCC
11073,22433,22434,45149,45150,5.7023618059827266e-8,NE_NCC
11074,22434,22435,45150,45151,5.703613663290416e-8,NE_NCC
11075,22435,22436,45151,45152,5.7048655206066416e-8,NE_NCC
11076,22436,22437,45152,45153,5.706117377938369e-8,NE_NCC
11077,22437,22438,45153,45154,5.7073692352762845e-8,NE_NCC
11078,22438,22439,45154,45155,5.7086210926297046e-8,NE_NCC
11079,22439,22440,45155,45156,5.7098729499916295e-8,NE_NCC
11080,22440,22441,45156,45157,5.711124807362053e-8,NE_NCC
11081,22441,22442,45157,45158,5.712376664747946e-8,NE_NCC
11082,22442,22443,45158,45159,5.713628522142328e-8,NE_NCC
11083,22443,22444,45159,45160,5.7148803795451835e-8,NE_NCC
11084,22444,22445,45160,45161,5.7161322369635035e-8,NE_NCC
11085,22445,22446,45161,45162,5.717384094390264e-8,NE_NCC
11086,22446,22447,45162,45163,5.718635951825499e-8,NE_NCC
11087,22447,22448,45163,45164,5.719887809276167e-8,NE_NCC
11088,22448,22449,45164,45165,5.7211396667352565e-8,NE_NCC
11089,22449,22450,45165,45166,5.7223915242027964e-8,NE_NCC
11090,22450,22451,45166,45167,5.723643381685747e-8,NE_NCC
11091,22451,22452,45167,45168,5.724895239177115e-8,NE_NCC
11092,22452,22453,45168,45169,5.7261470966769005e-8,NE_NCC
11093,22453,22454,45169,45170,5.727398954192075e-8,NE_NCC
11094,22454,22455,45170,45171,5.728650811715632e-8,NE_NCC
11095,22455,22456,45171,45172,5.7299026692475994e-8,NE_NCC
11096,22456,22457,45172,45173,5.731154526794936e-8,NE_NCC
11097,22457,22458,45173,45174,5.732406384350647e-8,NE_NCC
11098,22458,22459,45174,45175,5.733658241914718e-8,NE_NCC
11099,22459,22460,45175,45176,5.7349100994941455e-8,NE_NCC
11100,22460,22461,45176,45177,5.736161957079609e-8,NE_NCC
11101,22461,22462,45177,45178,5.7374138146803964e-8,NE_NCC
11102,22462,22463,45178,45179,5.7386656722895305e-8,NE_NCC
11103,22463,22464,45179,45180,5.7399175299069794e-8,NE_NCC
11104,22464,22465,45180,45181,5.7411693875397887e-8,NE_NCC
11105,22465,22466,45181,45182,5.7424212451808896e-8,NE_NCC
11106,22466,22467,45182,45183,5.743673102830307e-8,NE_NCC
11107,22467,22468,45183,45184,5.7449249604950154e-8,NE_NCC
11108,22468,22469,45184,45185,5.7461768181680435e-8,NE_NCC
11109,22469,22470,45185,45186,5.7474286758493276e-8,NE_NCC
11110,22470,22471,45186,45187,5.748680533545922e-8,NE_NCC
11111,22471,22472,45187,45188,5.7499323912507785e-8,NE_NCC
11112,22472,22473,45188,45189,5.751184248963893e-8,NE_NCC
11113,22473,22474,45189,45190,5.7524361066922914e-8,NE_NCC
11114,22474,22475,45190,45191,5.753687964428937e-8,NE_NCC
11115,22475,22476,45191,45192,5.75493982217382e-8,NE_NCC
11116,22476,22477,45192,45193,5.756191679933958e-8,NE_NCC
11117,22477,22478,45193,45194,5.757443537702319e-8,NE_NCC
11118,22478,22479,45194,45195,5.7586953954788984e-8,NE_NCC
11119,22479,22480,45195,45196,5.7599472532707163e-8,NE_NCC
11120,22480,22481,45196,45197,5.7611991110707365e-8,NE_NCC
11121,22481,22482,45197,45198,5.7624509688789564e-8,NE_NCC
11122,22482,22483,45198,45199,5.7637028267024004e-8,NE_NCC
11123,22483,22484,45199,45200,5.7649546845340176e-8,NE_NCC
11124,22484,22485,45200,45201,5.7662065423738073e-8,NE_NCC
11125,22485,22486,45201,45202,5.7674584002288066e-8,NE_NCC
11126,22486,22487,45202,45203,5.768710258089613e-8,NE_NCC
11127,22487,22488,45203,45204,5.7699621159656144e-8,NE_NCC
11128,22488,22489,45204,45205,5.771213973849761e-8,NE_NCC
11129,22489,22490,45205,45206,5.7724658317420375e-8,NE_NCC
11130,22490,22491,45206,45207,5.7737176896495025e-8,NE_NCC
11131,22491,22492,45207,45208,5.774969547565071e-8,NE_NCC
11132,22492,22493,45208,45209,5.776221405488764e-8,NE_NCC
11133,22493,22494,45209,45210,5.7774732634276184e-8,NE_NCC
11134,22494,22495,45210,45211,5.778725121374573e-8,NE_NCC
11135,22495,22496,45211,45212,5.779976979329601e-8,NE_NCC
11136,22496,22497,45212,45213,5.7812288372997894e-8,NE_NCC
11137,22497,22498,45213,45214,5.782480695278054e-8,NE_NCC
11138,22498,22499,45214,45215,5.783732553264394e-8,NE_NCC
11139,22499,22500,45215,45216,5.784984411265835e-8,NE_NCC
11140,22500,22501,45216,45217,5.7862362692753435e-8,NE_NCC
11141,22501,22502,45217,45218,5.7874881272929076e-8,NE_NCC
11142,22502,22503,45218,45219,5.7887399853255713e-8,NE_NCC
11143,22503,22504,45219,45220,5.789991843366285e-8,NE_NCC
11144,22504,22505,45220,45221,5.7912437014149844e-8,NE_NCC
11145,22505,22506,45221,45222,5.7924955594788143e-8,NE_NCC
11146,22506,22507,45222,45223,5.793747417550646e-8,NE_NCC
11147,22507,22508,45223,45224,5.794999275630473e-8,NE_NCC
11148,22508,22509,45224,45225,5.7962511337253825e-8,NE_NCC
11149,22509,22510,45225,45226,5.797502991825911e-8,NE_NCC
11150,22510,22511,45226,45227,5.798754849941512e-8,NE_NCC
11151,22511,22512,45227,45228,5.800006708065089e-8,NE_NCC
11152,22512,22513,45228,45229,5.801258566196632e-8,NE_NCC
11153,22513,22514,45229,45230,5.802510424343232e-8,NE_NCC
11154,22514,22515,45230,45231,5.8037622824977326e-8,NE_NCC
11155,22515,22516,45231,45232,5.805014140660265e-8,NE_NCC
11156,22516,22517,45232,45233,5.806265998837754e-8,NE_NCC
11157,22517,22518,45233,45234,5.807517857023217e-8,NE_NCC
11158,22518,22519,45234,45235,5.808769715216588e-8,NE_NCC
11159,22519,22520,45235,45236,5.810021573424976e-8,NE_NCC
11160,22520,22521,45236,45237,5.8112734316412685e-8,NE_NCC
11161,22521,22522,45237,45238,5.812525289865469e-8,NE_NCC
11162,22522,22523,45238,45239,5.8137771481046644e-8,NE_NCC
11163,22523,22524,45239,45240,5.8150290063517467e-8,NE_NCC
11164,22524,22525,45240,45241,5.816280864606712e-8,NE_NCC
11165,22525,22526,45241,45242,5.817532722876661e-8,NE_NCC
11166,22526,22527,45242,45243,5.81878458115447e-8,NE_NCC
11167,22527,22528,45243,45244,5.8200364394401445e-8,NE_NCC
11168,22528,22529,45244,45245,5.821288297740776e-8,NE_NCC
11169,22529,22530,45245,45246,5.8225401560492606e-8,NE_NCC
11170,22530,22531,45246,45247,5.82379201436558e-8,NE_NCC
11171,22531,22532,45247,45248,5.8250438726968445e-8,NE_NCC
11172,22532,22533,45248,45249,5.826295731035936e-8,NE_NCC
11173,22533,22534,45249,45250,5.827547589382845e-8,NE_NCC
11174,22534,22535,45250,45251,5.828799447744675e-8,NE_NCC
11175,22535,22536,45251,45252,5.830051306111953e-8,NE_NCC
11176,22536,22537,45252,45253,5.831303164494128e-8,NE_NCC
11177,22537,22538,45253,45254,5.832555022884105e-8,NE_NCC
11178,22538,22539,45254,45255,5.833806881281869e-8,NE_NCC
11179,22539,22540,45255,45256,5.8350587396945263e-8,NE_NCC
11180,22540,22541,45256,45257,5.836310598114942e-8,NE_NCC
11181,22541,22542,45257,45258,5.8375624565431304e-8,NE_NCC
11182,22542,22543,45258,45259,5.838814314986215e-8,NE_NCC
11183,22543,22544,45259,45260,5.8400661734370375e-8,NE_NCC
11184,22544,22545,45260,45261,5.84131803189558e-8,NE_NCC
11185,22545,22546,45261,45262,5.842569890369014e-8,NE_NCC
11186,22546,22547,45262,45263,5.8438217488501625e-8,NE_NCC
11187,22547,22548,45263,45264,5.845073607339057e-8,NE_NCC
11188,22548,22549,45264,45265,5.84632546584277e-8,NE_NCC
11189,22549,22550,45265,45266,5.8475773243541915e-8,NE_NCC
11190,22550,22551,45266,45267,5.848829182873344e-8,NE_NCC
11191,22551,22552,45267,45268,5.8500810414072805e-8,NE_NCC
11192,22552,22553,45268,45269,5.851332899948944e-8,NE_NCC
11193,22553,22554,45269,45270,5.8525847584982716e-8,NE_NCC
11194,22554,22555,45270,45271,5.8538366170624234e-8,NE_NCC
11195,22555,22556,45271,45272,5.855088475634214e-8,NE_NCC
11196,22556,22557,45272,45273,5.8563403342136915e-8,NE_NCC
11197,22557,22558,45273,45274,5.857592192807951e-8,NE_NCC
11198,22558,22559,45274,45275,5.858844051407473e-8,NE_NCC
11199,22559,22560,45275,45276,5.860095910021807e-8,NE_NCC
11200,22560,22561,45276,45277,5.8613477686437506e-8,NE_NCC
11201,22561,22562,45277,45278,5.862599627273316e-8,NE_NCC
11202,22562,22563,45278,45279,5.8638514859176366e-8,NE_NCC
11203,22563,22564,45279,45280,5.865103344569637e-8,NE_NCC
11204,22564,22565,45280,45281,5.866355203229148e-8,NE_NCC
11205,22565,22566,45281,45282,5.867607061903472e-8,NE_NCC
11206,22566,22567,45282,45283,5.868858920585366e-8,NE_NCC
11207,22567,22568,45283,45284,5.870110779274864e-8,NE_NCC
11208,22568,22569,45284,45285,5.871362637979076e-8,NE_NCC
11209,22569,22570,45285,45286,5.872614496690871e-8,NE_NCC
11210,22570,22571,45286,45287,5.873866355410217e-8,NE_NCC
11211,22571,22572,45287,45288,5.8751182141442954e-8,NE_NCC
11212,22572,22573,45288,45289,5.8763700728859185e-8,NE_NCC
11213,22573,22574,45289,45290,5.877621931635079e-8,NE_NCC
11214,22574,22575,45290,45291,5.878873790398952e-8,NE_NCC
11215,22575,22576,45291,45292,5.880125649170354e-8,NE_NCC
11216,22576,22577,45292,45293,5.881377507949273e-8,NE_NCC
11217,22577,22578,45293,45294,5.8826293667428826e-8,NE_NCC
11218,22578,22579,45294,45295,5.8838812255440065e-8,NE_NCC
11219,22579,22580,45295,45296,5.885133084352621e-8,NE_NCC
11220,22580,22581,45296,45297,5.886384943175918e-8,NE_NCC
11221,22581,22582,45297,45298,5.887636802004299e-8,NE_NCC
11222,22582,22583,45298,45299,5.8888886608473545e-8,NE_NCC
11223,22583,22584,45299,45300,5.8901405196978715e-8,NE_NCC
11224,22584,22585,45300,45301,5.891392378555864e-8,NE_NCC
11225,22585,22586,45301,45302,5.892644237428515e-8,NE_NCC
11226,22586,22587,45302,45303,5.893896096308596e-8,NE_NCC
11227,22587,22588,45303,45304,5.895147955196128e-8,NE_NCC
11228,22588,22589,45304,45305,5.8963998140983086e-8,NE_NCC
11229,22589,22590,45305,45306,5.897651673007913e-8,NE_NCC
11230,22590,22591,45306,45307,5.8989035319249366e-8,NE_NCC
11231,22591,22592,45307,45308,5.900155390856568e-8,NE_NCC
11232,22592,22593,45308,45309,5.901407249795642e-8,NE_NCC
11233,22593,22594,45309,45310,5.902659108742106e-8,NE_NCC
11234,22594,22595,45310,45311,5.9039109677031736e-8,NE_NCC
11235,22595,22596,45311,45312,5.90516282667163e-8,NE_NCC
11236,22596,22597,45312,45313,5.9064146856474525e-8,NE_NCC
11237,22597,22598,45313,45314,5.9076665446355006e-8,NE_NCC
11238,22598,22599,45314,45315,5.90891840363569e-8,NE_NCC
11239,22599,22600,45315,45316,5.910170262643268e-8,NE_NCC
11240,22600,22601,45316,45317,5.911422121660594e-8,NE_NCC
11241,22601,22602,45317,45318,5.9126739806876866e-8,NE_NCC
11242,22602,22603,45318,45319,5.9139258397244966e-8,NE_NCC
11243,22603,22604,45319,45320,5.915177698766297e-8,NE_NCC
11244,22604,22605,45320,45321,5.916429557827421e-8,NE_NCC
11245,22605,22606,45321,45322,5.917681416893465e-8,NE_NCC
11246,22606,22607,45322,45323,5.918933275969232e-8,NE_NCC
11247,22607,22608,45323,45324,5.920185135054727e-8,NE_NCC
11248,22608,22609,45324,45325,5.9214369941499314e-8,NE_NCC
11249,22609,22610,45325,45326,5.9226888532500394e-8,NE_NCC
11250,22610,22611,45326,45327,5.923940712369441e-8,NE_NCC
11251,22611,22612,45327,45328,5.9251925714937834e-8,NE_NCC
11252,22612,22613,45328,45329,5.9264444306277634e-8,NE_NCC
11253,22613,22614,45329,45330,5.9276962897714326e-8,NE_NCC
11254,22614,22615,45330,45331,5.9289481489248024e-8,NE_NCC
11255,22615,22616,45331,45332,5.930200008082992e-8,NE_NCC
11256,22616,22617,45332,45333,5.931451867260504e-8,NE_NCC
11257,22617,22618,45333,45334,5.932703726442852e-8,NE_NCC
11258,22618,22619,45334,45335,5.933955585634843e-8,NE_NCC
11259,22619,22620,45335,45336,5.935207444836488e-8,NE_NCC
11260,22620,22621,45336,45337,5.936459304042937e-8,NE_NCC
11261,22621,22622,45337,45338,5.937711163268682e-8,NE_NCC
11262,22622,22623,45338,45339,5.938963022499224e-8,NE_NCC
11263,22623,22624,45339,45340,5.940214881739384e-8,NE_NCC
11264,22624,22625,45340,45341,5.941466740989165e-8,NE_NCC
11265,22625,22626,45341,45342,5.942718600248542e-8,NE_NCC
11266,22626,22627,45342,45343,5.943970459512701e-8,NE_NCC
11267,22627,22628,45343,45344,5.945222318796119e-8,NE_NCC
11268,22628,22629,45344,45345,5.946474178084298e-8,NE_NCC
11269,22629,22630,45345,45346,5.94772603738205e-8,NE_NCC
11270,22630,22631,45346,45347,5.948977896689397e-8,NE_NCC
11271,22631,22632,45347,45348,5.950229756006299e-8,NE_NCC
11272,22632,22633,45348,45349,5.9514816153279434e-8,NE_NCC
11273,22633,22634,45349,45350,5.9527334746688165e-8,NE_NCC
11274,22634,22635,45350,45351,5.9539853340144336e-8,NE_NCC
11275,22635,22636,45351,45352,5.9552371933695454e-8,NE_NCC
11276,22636,22637,45352,45353,5.956489052734222e-8,NE_NCC
11277,22637,22638,45353,45354,5.95774091210847e-8,NE_NCC
11278,22638,22639,45354,45355,5.958992771487358e-8,NE_NCC
11279,22639,22640,45355,45356,5.960244630885483e-8,NE_NCC
11280,22640,22641,45356,45357,5.961496490288268e-8,NE_NCC
11281,22641,22642,45357,45358,5.96274834970056e-8,NE_NCC
11282,22642,22643,45358,45359,5.964000209122392e-8,NE_NCC
11283,22643,22644,45359,45360,5.965252068548839e-8,NE_NCC
11284,22644,22645,45360,45361,5.966503927994514e-8,NE_NCC
11285,22645,22646,45361,45362,5.967755787444782e-8,NE_NCC
11286,22646,22647,45362,45363,5.969007646904563e-8,NE_NCC
11287,22647,22648,45363,45364,5.970259506373849e-8,NE_NCC
11288,22648,22649,45364,45365,5.971511365852525e-8,NE_NCC
11289,22649,22650,45365,45366,5.972763225335872e-8,NE_NCC
11290,22650,22651,45366,45367,5.974015084838396e-8,NE_NCC
11291,22651,22652,45367,45368,5.975266944345467e-8,NE_NCC
11292,22652,22653,45368,45369,5.976518803862037e-8,NE_NCC
11293,22653,22654,45369,45370,5.97777066338801e-8,NE_NCC
11294,22654,22655,45370,45371,5.97902252292342e-8,NE_NCC
11295,22655,22656,45371,45372,5.980274382463417e-8,NE_NCC
11296,22656,22657,45372,45373,5.981526242022557e-8,NE_NCC
11297,22657,22658,45373,45374,5.982778101586236e-8,NE_NCC
11298,22658,22659,45374,45375,5.98402996115935e-8,NE_NCC
11299,22659,22660,45375,45376,5.985281820741844e-8,NE_NCC
11300,22660,22661,45376,45377,5.986533680333754e-8,NE_NCC
11301,22661,22662,45377,45378,5.98778553993018e-8,NE_NCC
11302,22662,22663,45378,45379,5.989037399545736e-8,NE_NCC
11303,22663,22664,45379,45380,5.990289259165811e-8,NE_NCC
11304,22664,22665,45380,45381,5.991541118795251e-8,NE_NCC
11305,22665,22666,45381,45382,5.992792978434065e-8,NE_NCC
11306,22666,22667,45382,45383,5.994044838077362e-8,NE_NCC
11307,22667,22668,45383,45384,5.995296697739782e-8,NE_NCC
11308,22668,22669,45384,45385,5.996548557406666e-8,NE_NCC
11309,22669,22670,45385,45386,5.997800417082903e-8,NE_NCC
11310,22670,22671,45386,45387,5.999052276768475e-8,NE_NCC
11311,22671,22672,45387,45388,6.000304136463378e-8,NE_NCC
11312,22672,22673,45388,45389,6.001555996162747e-8,NE_NCC
11313,22673,22674,45389,45390,6.002807855881195e-8,NE_NCC
11314,22674,22675,45390,45391,6.004059715604052e-8,NE_NCC
11315,22675,22676,45391,45392,6.005311575336268e-8,NE_NCC
11316,22676,22677,45392,45393,6.006563435077749e-8,NE_NCC
11317,22677,22678,45393,45394,6.007815294828558e-8,NE_NCC
11318,22678,22679,45394,45395,6.00906715458373e-8,NE_NCC
11319,22679,22680,45395,45396,6.010319014358042e-8,NE_NCC
11320,22680,22681,45396,45397,6.011570874136673e-8,NE_NCC
11321,22681,22682,45397,45398,6.012822733924608e-8,NE_NCC
11322,22682,22683,45398,45399,6.014074593721824e-8,NE_NCC
11323,22683,22684,45399,45400,6.015326453528294e-8,NE_NCC
11324,22684,22685,45400,45401,6.01657831333913e-8,NE_NCC
11325,22685,22686,45401,45402,6.017830173169013e-8,NE_NCC
11326,22686,22687,45402,45403,6.019082033003241e-8,NE_NCC
11327,22687,22688,45403,45404,6.020333892846715e-8,NE_NCC
11328,22688,22689,45404,45405,6.021585752699449e-8,NE_NCC
11329,22689,22690,45405,45406,6.022837612556463e-8,NE_NCC
11330,22690,22691,45406,45407,6.024089472432544e-8,NE_NCC
11331,22691,22692,45407,45408,6.02534133231292e-8,NE_NCC
11332,22692,22693,45408,45409,6.02659319220254e-8,NE_NCC
11333,22693,22694,45409,45410,6.027845052101323e-8,NE_NCC
11334,22694,22695,45410,45411,6.02909691200933e-8,NE_NCC
11335,22695,22696,45411,45412,6.030348771921632e-8,NE_NCC
11336,22696,22697,45412,45413,6.031600631852909e-8,NE_NCC
11337,22697,22698,45413,45414,6.032852491788525e-8,NE_NCC
11338,22698,22699,45414,45415,6.034104351733254e-8,NE_NCC
11339,22699,22700,45415,45416,6.03535621168719e-8,NE_NCC
11340,22700,22701,45416,45417,6.036608071650296e-8,NE_NCC
11341,22701,22702,45417,45418,6.037859931617615e-8,NE_NCC
11342,22702,22703,45418,45419,6.039111791603963e-8,NE_NCC
11343,22703,22704,45419,45420,6.040363651594532e-8,NE_NCC
11344,22704,22705,45420,45421,6.041615511594238e-8,NE_NCC
11345,22705,22706,45421,45422,6.042867371603078e-8,NE_NCC
11346,22706,22707,45422,45423,6.044119231621063e-8,NE_NCC
11347,22707,22708,45423,45424,6.045371091643249e-8,NE_NCC
11348,22708,22709,45424,45425,6.046622951684398e-8,NE_NCC
11349,22709,22710,45425,45426,6.047874811729747e-8,NE_NCC
11350,22710,22711,45426,45427,6.049126671784202e-8,NE_NCC
11351,22711,22712,45427,45428,6.050378531847764e-8,NE_NCC
11352,22712,22713,45428,45429,6.051630391920427e-8,NE_NCC
11353,22713,22714,45429,45430,6.052882251997252e-8,NE_NCC
11354,22714,22715,45430,45431,6.054134112093021e-8,NE_NCC
11355,22715,22716,45431,45432,6.055385972192948e-8,NE_NCC
11356,22717,22718,45433,45434,1.3258809788997693e-8,NE_NCC
11357,22718,22719,45434,45435,1.3271324034281745e-8,NE_NCC
11358,22719,22720,45435,45436,1.328383828818779e-8,NE_NCC
11359,22720,22721,45436,45437,1.3296352550691501e-8,NE_NCC
11360,22721,22722,45437,45438,1.3308866821768647e-8,NE_NCC
11361,22722,22723,45438,45439,1.3321381101395007e-8,NE_NCC
11362,22723,22724,45439,45440,1.333389538954656e-8,NE_NCC
11363,22724,22725,45440,45441,1.334640968619927e-8,NE_NCC
11364,22725,22726,45441,45442,1.3358923991329372e-8,NE_NCC
11365,22726,22727,45442,45443,1.3371438304912872e-8,NE_NCC
11366,22727,22728,45443,45444,1.338395262692624e-8,NE_NCC
11367,22728,22729,45444,45445,1.339646695734575e-8,NE_NCC
11368,22729,22730,45445,45446,1.3408981296147863e-8,NE_NCC
11369,22730,22731,45446,45447,1.3421495643309192e-8,NE_NCC
11370,22731,22732,45447,45448,1.3434009998806275e-8,NE_NCC
11371,22732,22733,45448,45449,1.3446524362616034e-8,NE_NCC
11372,22733,22734,45449,45450,1.3459038734715093e-8,NE_NCC
11373,22734,22735,45450,45451,1.3471553115080314e-8,NE_NCC
11374,22735,22736,45451,45452,1.3484067503688913e-8,NE_NCC
11375,22736,22737,45452,45453,1.3496581900517717e-8,NE_NCC
11376,22737,22738,45453,45454,1.3509096305544097e-8,NE_NCC
11377,22738,22739,45454,45455,1.3521610718745073e-8,NE_NCC
11378,22739,22740,45455,45456,1.3534125140098213e-8,NE_NCC
11379,22740,22741,45456,45457,1.3546639569580658e-8,NE_NCC
11380,22741,22742,45457,45458,1.3559154007170098e-8,NE_NCC
11381,22742,22743,45458,45459,1.357166845284407e-8,NE_NCC
11382,22743,22744,45459,45460,1.358418290658013e-8,NE_NCC
11383,22744,22745,45460,45461,1.3596697368356127e-8,NE_NCC
11384,22745,22746,45461,45462,1.3609211838149832e-8,NE_NCC
11385,22746,22747,45462,45463,1.3621726315939075e-8,NE_NCC
11386,22747,22748,45463,45464,1.3634240801702113e-8,NE_NCC
11387,22748,22749,45464,45465,1.3646755295416678e-8,NE_NCC
11388,22749,22750,45465,45466,1.3659269797061141e-8,NE_NCC
11389,22750,22751,45466,45467,1.3671784306613555e-8,NE_NCC
11390,22751,22752,45467,45468,1.3684298824052288e-8,NE_NCC
11391,22752,22753,45468,45469,1.3696813349355876e-8,NE_NCC
11392,22753,22754,45469,45470,1.3709327882502582e-8,NE_NCC
11393,22754,22755,45470,45471,1.372184242347099e-8,NE_NCC
11394,22755,22756,45471,45472,1.3734356972239654e-8,NE_NCC
11395,22756,22757,45472,45473,1.374687152878758e-8,NE_NCC
11396,22757,22758,45473,45474,1.3759386093093192e-8,NE_NCC
11397,22758,22759,45474,45475,1.3771900665135483e-8,NE_NCC
11398,22759,22760,45475,45476,1.3784415244893378e-8,NE_NCC
11399,22760,22761,45476,45477,1.379692983234578e-8,NE_NCC
11400,22761,22762,45477,45478,1.3809444427472037e-8,NE_NCC
11401,22762,22763,45478,45479,1.3821959030251039e-8,NE_NCC
11402,22763,22764,45479,45480,1.3834473640662115e-8,NE_NCC
11403,22764,22765,45480,45481,1.384698825868457e-8,NE_NCC
11404,22765,22766,45481,45482,1.3859502884297682e-8,NE_NCC
11405,22766,22767,45482,45483,1.3872017517481204e-8,NE_NCC
11406,22767,22768,45483,45484,1.3884532158214359e-8,NE_NCC
11407,22768,22769,45484,45485,1.3897046806476884e-8,NE_NCC
11408,22769,22770,45485,45486,1.39095614622483e-8,NE_NCC
11409,22770,22771,45486,45487,1.3922076125508728e-8,NE_NCC
11410,22771,22772,45487,45488,1.3934590796237657e-8,NE_NCC
11411,22772,22773,45488,45489,1.394710547441502e-8,NE_NCC
11412,22773,22774,45489,45490,1.3959620160020882e-8,NE_NCC
11413,22774,22775,45490,45491,1.3972134853035283e-8,NE_NCC
11414,22775,22776,45491,45492,1.398464955343822e-8,NE_NCC
11415,22776,22777,45492,45493,1.3997164261209849e-8,NE_NCC
11416,22777,22778,45493,45494,1.4009678976330799e-8,NE_NCC
11417,22778,22779,45494,45495,1.4022193698780986e-8,NE_NCC
11418,22779,22780,45495,45496,1.4034708428540937e-8,NE_NCC
11419,22780,22781,45496,45497,1.404722316559111e-8,NE_NCC
11420,22781,22782,45497,45498,1.4059737909912018e-8,NE_NCC
11421,22782,22783,45498,45499,1.4072252661484272e-8,NE_NCC
11422,22783,22784,45499,45500,1.4084767420288625e-8,NE_NCC
11423,22784,22785,45500,45501,1.4097282186305718e-8,NE_NCC
11424,22785,22786,45501,45502,1.4109796959516145e-8,NE_NCC
11425,22786,22787,45502,45503,1.4122311739901428e-8,NE_NCC
11426,22787,22788,45503,45504,1.4134826527441971e-8,NE_NCC
11427,22788,22789,45504,45505,1.4147341322118825e-8,NE_NCC
11428,22789,22790,45505,45506,1.4159856123913268e-8,NE_NCC
11429,22790,22791,45506,45507,1.4172370932806342e-8,NE_NCC
11430,22791,22792,45507,45508,1.418488574877917e-8,NE_NCC
11431,22792,22793,45508,45509,1.4197400571813096e-8,NE_NCC
11432,22793,22794,45509,45510,1.4209915401889617e-8,NE_NCC
11433,22794,22795,45510,45511,1.4222430238989742e-8,NE_NCC
11434,22795,22796,45511,45512,1.4234945083095569e-8,NE_NCC
11435,22796,22797,45512,45513,1.424745993418815e-8,NE_NCC
11436,22797,22798,45513,45514,1.4259974792249202e-8,NE_NCC
11437,22798,22799,45514,45515,1.4272489657260416e-8,NE_NCC
11438,22799,22800,45515,45516,1.4285004529203486e-8,NE_NCC
11439,22800,22801,45516,45517,1.4297519408060284e-8,NE_NCC
11440,22801,22802,45517,45518,1.4310034293812642e-8,NE_NCC
11441,22802,22803,45518,45519,1.432254918644244e-8,NE_NCC
11442,22803,22804,45519,45520,1.4335064085931547e-8,NE_NCC
11443,22804,22805,45520,45521,1.4347578992262516e-8,NE_NCC
11444,22805,22806,45521,45522,1.436009390541694e-8,NE_NCC
11445,22806,22807,45522,45523,1.4372608825377154e-8,NE_NCC
11446,22807,22808,45523,45524,1.4385123752125409e-8,NE_NCC
11447,22808,22809,45524,45525,1.4397638685644e-8,NE_NCC
11448,22809,22810,45525,45526,1.4410153625915291e-8,NE_NCC
11449,22810,22811,45526,45527,1.4422668572921691e-8,NE_NCC
11450,22811,22812,45527,45528,1.4435183526645711e-8,NE_NCC
11451,22812,22813,45528,45529,1.444769848706985e-8,NE_NCC
11452,22813,22814,45529,45530,1.4460213454176562e-8,NE_NCC
11453,22814,22815,45530,45531,1.4472728427949051e-8,NE_NCC
11454,22815,22816,45531,45532,1.4485243408369511e-8,NE_NCC
11455,22816,22817,45532,45533,1.449775839542088e-8,NE_NCC
11456,22817,22818,45533,45534,1.4510273389086009e-8,NE_NCC
11457,22818,22819,45534,45535,1.4522788389347772e-8,NE_NCC
11458,22819,22820,45535,45536,1.453530339618921e-8,NE_NCC
11459,22820,22821,45536,45537,1.454781840959321e-8,NE_NCC
11460,22821,22822,45537,45538,1.4560333429543008e-8,NE_NCC
11461,22822,22823,45538,45539,1.4572848456021497e-8,NE_NCC
11462,22823,22824,45539,45540,1.458536348901233e-8,NE_NCC
11463,22824,22825,45540,45541,1.459787852849827e-8,NE_NCC
11464,22825,22826,45541,45542,1.4610393574462876e-8,NE_NCC
11465,22826,22827,45542,45543,1.4622908626889455e-8,NE_NCC
11466,22827,22828,45543,45544,1.4635423685761412e-8,NE_NCC
11467,22828,22829,45544,45545,1.4647938751062266e-8,NE_NCC
11468,22829,22830,45545,45546,1.4660453822775466e-8,NE_NCC
11469,22830,22831,45546,45547,1.46729689008848e-8,NE_NCC
11470,22831,22832,45547,45548,1.4685483985373494e-8,NE_NCC
11471,22832,22833,45548,45549,1.469799907622612e-8,NE_NCC
11472,22833,22834,45549,45550,1.4710514173425128e-8,NE_NCC
11473,22834,22835,45550,45551,1.4723029276955837e-8,NE_NCC
11474,22835,22836,45551,45552,1.4735544386800539e-8,NE_NCC
11475,22836,22837,45552,45553,1.4748059502944389e-8,NE_NCC
11476,22837,22838,45553,45554,1.4760574625371349e-8,NE_NCC
11477,22838,22839,45554,45555,1.477308975406418e-8,NE_NCC
11478,22839,22840,45555,45556,1.4785604889008628e-8,NE_NCC
11479,22840,22841,45556,45557,1.4798120030187342e-8,NE_NCC
11480,22841,22842,45557,45558,1.48106351775859e-8,NE_NCC
11481,22842,22843,45558,45559,1.4823150331187166e-8,NE_NCC
11482,22843,22844,45559,45560,1.4835665490976848e-8,NE_NCC
11483,22844,22845,45560,45561,1.484818065693785e-8,NE_NCC
11484,22845,22846,45561,45562,1.4860695829055644e-8,NE_NCC
11485,22846,22847,45562,45563,1.48732110073148e-8,NE_NCC
11486,22847,22848,45563,45564,1.4885726191698601e-8,NE_NCC
11487,22848,22849,45564,45565,1.4898241382193172e-8,NE_NCC
11488,22849,22850,45565,45566,1.491075657878159e-8,NE_NCC
11489,22850,22851,45566,45567,1.4923271781450046e-8,NE_NCC
11490,22851,22852,45567,45568,1.4935786990181734e-8,NE_NCC
11491,22852,22853,45568,45569,1.4948302204962948e-8,NE_NCC
11492,22853,22854,45569,45570,1.4960817425776988e-8,NE_NCC
11493,22854,22855,45570,45571,1.4973332652609853e-8,NE_NCC
11494,22855,22856,45571,45572,1.498584788544651e-8,NE_NCC
11495,22856,22857,45572,45573,1.499836312427071e-8,NE_NCC
11496,22857,22858,45573,45574,1.5010878369069046e-8,NE_NCC
11497,22858,22859,45574,45575,1.5023393619825115e-8,NE_NCC
11498,22859,22860,45575,45576,1.503590887652546e-8,NE_NCC
11499,22860,22861,45576,45577,1.5048424139153782e-8,NE_NCC
11500,22861,22862,45577,45578,1.5060939407696815e-8,NE_NCC
11501,22862,22863,45578,45579,1.507345468213839e-8,NE_NCC
11502,22863,22864,45579,45580,1.508596996246473e-8,NE_NCC
11503,22864,22865,45580,45581,1.5098485248661487e-8,NE_NCC
11504,22865,22866,45581,45582,1.5111000540712808e-8,NE_NCC
11505,22866,22867,45582,45583,1.5123515838605583e-8,NE_NCC
11506,22867,22868,45583,45584,1.5136031142323946e-8,NE_NCC
11507,22868,22869,45584,45585,1.514854645185495e-8,NE_NCC
11508,22869,22870,45585,45586,1.5161061767182644e-8,NE_NCC
11509,22870,22871,45586,45587,1.5173577088294233e-8,NE_NCC
11510,22871,22872,45587,45588,1.5186092415173822e-8,NE_NCC
11511,22872,22873,45588,45589,1.5198607747808434e-8,NE_NCC
11512,22873,22874,45589,45590,1.5211123086183782e-8,NE_NCC
11513,22874,22875,45590,45591,1.5223638430284503e-8,NE_NCC
11514,22875,22876,45591,45592,1.523615378009814e-8,NE_NCC
11515,22876,22877,45592,45593,1.524866913560908e-8,NE_NCC
11516,22877,22878,45593,45594,1.5261184496804745e-8,NE_NCC
11517,22878,22879,45594,45595,1.5273699863669768e-8,NE_NCC
11518,22879,22880,45595,45596,1.5286215236191565e-8,NE_NCC
11519,22880,22881,45596,45597,1.5298730614354836e-8,NE_NCC
11520,22881,22882,45597,45598,1.5311245998146963e-8,NE_NCC
11521,22882,22883,45598,45599,1.5323761387554074e-8,NE_NCC
11522,22883,22884,45599,45600,1.5336276782561194e-8,NE_NCC
11523,22884,22885,45600,45601,1.5348792183156363e-8,NE_NCC
11524,22885,22886,45601,45602,1.5361307589324182e-8,NE_NCC
11525,22886,22887,45602,45603,1.537382300105267e-8,NE_NCC
11526,22887,22888,45603,45604,1.5386338418326777e-8,NE_NCC
11527,22888,22889,45604,45605,1.5398853841134363e-8,NE_NCC
11528,22889,22890,45605,45606,1.541136926946059e-8,NE_NCC
11529,22890,22891,45606,45607,1.542388470329304e-8,NE_NCC
11530,22891,22892,45607,45608,1.543640014261837e-8,NE_NCC
11531,22892,22893,45608,45609,1.54489155874221e-8,NE_NCC
11532,22893,22894,45609,45610,1.546143103769243e-8,NE_NCC
11533,22894,22895,45610,45611,1.5473946493414568e-8,NE_NCC
11534,22895,22896,45611,45612,1.5486461954576838e-8,NE_NCC
11535,22896,22897,45612,45613,1.5498977421164516e-8,NE_NCC
11536,22897,22898,45613,45614,1.5511492893166018e-8,NE_NCC
11537,22898,22899,45614,45615,1.5524008370566697e-8,NE_NCC
11538,22899,22900,45615,45616,1.5536523853354674e-8,NE_NCC
11539,22900,22901,45616,45617,1.5549039341516926e-8,NE_NCC
11540,22901,22902,45617,45618,1.5561554835039365e-8,NE_NCC
11541,22902,22903,45618,45619,1.5574070333910546e-8,NE_NCC
11542,22903,22904,45619,45620,1.5586585838116108e-8,NE_NCC
11543,22904,22905,45620,45621,1.5599101347644724e-8,NE_NCC
11544,22905,22906,45621,45622,1.5611616862482032e-8,NE_NCC
11545,22906,22907,45622,45623,1.5624132382616856e-8,NE_NCC
11546,22907,22908,45623,45624,1.56366479080349e-8,NE_NCC
11547,22908,22909,45624,45625,1.5649163438725055e-8,NE_NCC
11548,22909,22910,45625,45626,1.5661678974673134e-8,NE_NCC
11549,22910,22911,45626,45627,1.567419451586766e-8,NE_NCC
11550,22911,22912,45627,45628,1.5686710062296144e-8,NE_NCC
11551,22912,22913,45628,45629,1.5699225613944882e-8,NE_NCC
11552,22913,22914,45629,45630,1.5711741170802886e-8,NE_NCC
11553,22914,22915,45630,45631,1.5724256732856272e-8,NE_NCC
11554,22915,22916,45631,45632,1.5736772300094142e-8,NE_NCC
11555,22916,22917,45632,45633,1.5749287872502543e-8,NE_NCC
11556,22917,22918,45633,45634,1.5761803450070797e-8,NE_NCC
11557,22918,22919,45634,45635,1.5774319032785018e-8,NE_NCC
11558,22919,22920,45635,45636,1.5786834620634137e-8,NE_NCC
11559,22920,22921,45636,45637,1.5799350213605897e-8,NE_NCC
11560,22921,22922,45637,45638,1.5811865811687152e-8,NE_NCC
11561,22922,22923,45638,45639,1.5824381414867055e-8,NE_NCC
11562,22923,22924,45639,45640,1.5836897023132233e-8,NE_NCC
11563,22924,22925,45640,45641,1.5849412636472052e-8,NE_NCC
11564,22925,22926,45641,45642,1.586192825487291e-8,NE_NCC
11565,22926,22927,45642,45643,1.5874443878324524e-8,NE_NCC
11566,22927,22928,45643,45644,1.588695950681326e-8,NE_NCC
11567,22928,22929,45644,45645,1.5899475140328496e-8,NE_NCC
11568,22929,22930,45645,45646,1.5911990778858363e-8,NE_NCC
11569,22930,22931,45646,45647,1.5924506422389744e-8,NE_NCC
11570,22931,22932,45647,45648,1.5937022070912612e-8,NE_NCC
11571,22932,22933,45648,45649,1.5949537724413518e-8,NE_NCC
11572,22933,22934,45649,45650,1.5962053382882316e-8,NE_NCC
11573,22934,22935,45650,45651,1.5974569046305836e-8,NE_NCC
11574,22935,22936,45651,45652,1.5987084714673987e-8,NE_NCC
11575,22936,22937,45652,45653,1.5999600387973498e-8,NE_NCC
11576,22937,22938,45653,45654,1.601211606619413e-8,NE_NCC
11577,22938,22939,45654,45655,1.6024631749324293e-8,NE_NCC
11578,22939,22940,45655,45656,1.6037147437351285e-8,NE_NCC
11579,22940,22941,45656,45657,1.604966313026527e-8,NE_NCC
11580,22941,22942,45657,45658,1.6062178828053198e-8,NE_NCC
11581,22942,22943,45658,45659,1.6074694530705312e-8,NE_NCC
11582,22943,22944,45659,45660,1.608721023820864e-8,NE_NCC
11583,22944,22945,45660,45661,1.6099725950553483e-8,NE_NCC
11584,22945,22946,45661,45662,1.6112241667726935e-8,NE_NCC
11585,22946,22947,45662,45663,1.6124757389719004e-8,NE_NCC
11586,22947,22948,45663,45664,1.6137273116518e-8,NE_NCC
11587,22948,22949,45664,45665,1.614978884811362e-8,NE_NCC
11588,22949,22950,45665,45666,1.6162304584492306e-8,NE_NCC
11589,22950,22951,45666,45667,1.617482032564527e-8,NE_NCC
11590,22951,22952,45667,45668,1.6187336071560754e-8,NE_NCC
11591,22952,22953,45668,45669,1.6199851822228486e-8,NE_NCC
11592,22953,22954,45669,45670,1.6212367577635056e-8,NE_NCC
11593,22954,22955,45670,45671,1.622488333777187e-8,NE_NCC
11594,22955,22956,45671,45672,1.62373991026272e-8,NE_NCC
11595,22956,22957,45672,45673,1.6249914872190116e-8,NE_NCC
11596,22957,22958,45673,45674,1.6262430646450683e-8,NE_NCC
11597,22958,22959,45674,45675,1.627494642539552e-8,NE_NCC
11598,22959,22960,45675,45676,1.6287462209016243e-8,NE_NCC
11599,22960,22961,45676,45677,1.6299977997301264e-8,NE_NCC
11600,22961,22962,45677,45678,1.6312493790240836e-8,NE_NCC
11601,22962,22963,45678,45679,1.6325009587821647e-8,NE_NCC
11602,22963,22964,45679,45680,1.633752539003545e-8,NE_NCC
11603,22964,22965,45680,45681,1.635004119687088e-8,NE_NCC
11604,22965,22966,45681,45682,1.6362557008317318e-8,NE_NCC
11605,22966,22967,45682,45683,1.6375072824364968e-8,NE_NCC
11606,22967,22968,45683,45684,1.6387588645001003e-8,NE_NCC
11607,22968,22969,45684,45685,1.6400104470216958e-8,NE_NCC
11608,22969,22970,45685,45686,1.6412620300001998e-8,NE_NCC
11609,22970,22971,45686,45687,1.642513613434626e-8,NE_NCC
11610,22971,22972,45687,45688,1.6437651973236978e-8,NE_NCC
11611,22972,22973,45688,45689,1.645016781666601e-8,NE_NCC
11612,22973,22974,45689,45690,1.646268366462253e-8,NE_NCC
11613,22974,22975,45690,45691,1.6475199517095976e-8,NE_NCC
11614,22975,22976,45691,45692,1.648771537407693e-8,NE_NCC
11615,22976,22977,45692,45693,1.6500231235552666e-8,NE_NCC
11616,22977,22978,45693,45694,1.6512747101515472e-8,NE_NCC
11617,22978,22979,45694,45695,1.6525262971954367e-8,NE_NCC
11618,22979,22980,45695,45696,1.6537778846859842e-8,NE_NCC
11619,22980,22981,45696,45697,1.6550294726219497e-8,NE_NCC
11620,22981,22982,45697,45698,1.656281061002556e-8,NE_NCC
11621,22982,22983,45698,45699,1.657532649826721e-8,NE_NCC
11622,22983,22984,45699,45700,1.658784239093437e-8,NE_NCC
11623,22984,22985,45700,45701,1.6600358288017898e-8,NE_NCC
11624,22985,22986,45701,45702,1.6612874189505263e-8,NE_NCC
11625,22986,22987,45702,45703,1.6625390095389062e-8,NE_NCC
11626,22987,22988,45703,45704,1.663790600565853e-8,NE_NCC
11627,22988,22989,45704,45705,1.6650421920304618e-8,NE_NCC
11628,22989,22990,45705,45706,1.6662937839314933e-8,NE_NCC
11629,22990,22991,45706,45707,1.667545376268216e-8,NE_NCC
11630,22991,22992,45707,45708,1.6687969690395674e-8,NE_NCC
11631,22992,22993,45708,45709,1.670048562244574e-8,NE_NCC
11632,22993,22994,45709,45710,1.6713001558823372e-8,NE_NCC
11633,22994,22995,45710,45711,1.6725517499516368e-8,NE_NCC
11634,22995,22996,45711,45712,1.6738033444517598e-8,NE_NCC
11635,22996,22997,45712,45713,1.6750549393816568e-8,NE_NCC
11636,22997,22998,45713,45714,1.676306534740441e-8,NE_NCC
11637,22998,22999,45714,45715,1.6775581305269092e-8,NE_NCC
11638,22999,23000,45715,45716,1.678809726740358e-8,NE_NCC
11639,23000,23001,45716,45717,1.680061323379735e-8,NE_NCC
11640,23001,23002,45717,45718,1.6813129204441104e-8,NE_NCC
11641,23002,23003,45718,45719,1.6825645179326064e-8,NE_NCC
11642,23003,23004,45719,45720,1.6838161158440097e-8,NE_NCC
11643,23004,23005,45720,45721,1.6850677141776705e-8,NE_NCC
11644,23005,23006,45721,45722,1.6863193129325284e-8,NE_NCC
11645,23006,23007,45722,45723,1.6875709121077508e-8,NE_NCC
11646,23007,23008,45723,45724,1.6888225117021385e-8,NE_NCC
11647,23008,23009,45724,45725,1.6900741117150202e-8,NE_NCC
11648,23009,23010,45725,45726,1.691325712145379e-8,NE_NCC
11649,23010,23011,45726,45727,1.6925773129922836e-8,NE_NCC
11650,23011,23012,45727,45728,1.6938289142549112e-8,NE_NCC
11651,23012,23013,45728,45729,1.6950805159320748e-8,NE_NCC
11652,23013,23014,45729,45730,1.6963321180231082e-8,NE_NCC
11653,23014,23015,45730,45731,1.697583720527024e-8,NE_NCC
11654,23015,23016,45731,45732,1.698835323442975e-8,NE_NCC
11655,23016,23017,45732,45733,1.700086926769823e-8,NE_NCC
11656,23017,23018,45733,45734,1.7013385305068956e-8,NE_NCC
11657,23018,23019,45734,45735,1.702590134653201e-8,NE_NCC
11658,23019,23020,45735,45736,1.7038417392078545e-8,NE_NCC
11659,23020,23021,45736,45737,1.7050933441700322e-8,NE_NCC
11660,23021,23022,45737,45738,1.7063449495385783e-8,NE_NCC
11661,23022,23023,45738,45739,1.70759655531286e-8,NE_NCC
11662,23023,23024,45739,45740,1.7088481614919035e-8,NE_NCC
11663,23024,23025,45740,45741,1.7100997680748952e-8,NE_NCC
11664,23025,23026,45741,45742,1.711351375060702e-8,NE_NCC
11665,23026,23027,45742,45743,1.7126029824486912e-8,NE_NCC
11666,23027,23028,45743,45744,1.7138545902379042e-8,NE_NCC
11667,23028,23029,45744,45745,1.715106198427452e-8,NE_NCC
11668,23029,23030,45745,45746,1.7163578070165548e-8,NE_NCC
11669,23030,23031,45746,45747,1.717609416004072e-8,NE_NCC
11670,23031,23032,45747,45748,1.7188610253893974e-8,NE_NCC
11671,23032,23033,45748,45749,1.7201126351715747e-8,NE_NCC
11672,23033,23034,45749,45750,1.7213642453498263e-8,NE_NCC
11673,23034,23035,45750,45751,1.722615855923025e-8,NE_NCC
11674,23035,23036,45751,45752,1.7238674668905755e-8,NE_NCC
11675,23036,23037,45752,45753,1.7251190782515306e-8,NE_NCC
11676,23037,23038,45753,45754,1.726370690005033e-8,NE_NCC
11677,23038,23039,45754,45755,1.727622302150319e-8,NE_NCC
11678,23039,23040,45755,45756,1.728873914686276e-8,NE_NCC
11679,23040,23041,45756,45757,1.730125527612314e-8,NE_NCC
11680,23041,23042,45757,45758,1.731377140927509e-8,NE_NCC
11681,23042,23043,45758,45759,1.732628754631093e-8,NE_NCC
11682,23043,23044,45759,45760,1.7338803687219748e-8,NE_NCC
11683,23044,23045,45760,45761,1.735131983199567e-8,NE_NCC
11684,23045,23046,45761,45762,1.736383598062952e-8,NE_NCC
11685,23046,23047,45762,45763,1.7376352133112994e-8,NE_NCC
11686,23047,23048,45763,45764,1.7388868289438578e-8,NE_NCC
11687,23048,23049,45764,45765,1.7401384449595425e-8,NE_NCC
11688,23049,23050,45765,45766,1.7413900613577823e-8,NE_NCC
11689,23050,23051,45766,45767,1.7426416781376747e-8,NE_NCC
11690,23051,23052,45767,45768,1.7438932952984738e-8,NE_NCC
11691,23052,23053,45768,45769,1.7451449128391192e-8,NE_NCC
11692,23053,23054,45769,45770,1.7463965307590193e-8,NE_NCC
11693,23054,23055,45770,45771,1.747648149057312e-8,NE_NCC
11694,23055,23056,45771,45772,1.7488997677331624e-8,NE_NCC
11695,23056,23057,45772,45773,1.750151386785857e-8,NE_NCC
11696,23057,23058,45773,45774,1.7514030062143112e-8,NE_NCC
11697,23058,23059,45774,45775,1.752654626018002e-8,NE_NCC
11698,23059,23060,45775,45776,1.7539062461960198e-8,NE_NCC
11699,23060,23061,45776,45777,1.755157866747672e-8,NE_NCC
11700,23061,23062,45777,45778,1.7564094876718773e-8,NE_NCC
11701,23062,23063,45778,45779,1.757661108968111e-8,NE_NCC
11702,23063,23064,45779,45780,1.7589127306354986e-8,NE_NCC
11703,23064,23065,45780,45781,1.7601643526732305e-8,NE_NCC
11704,23065,23066,45781,45782,1.761415975080627e-8,NE_NCC
11705,23066,23067,45782,45783,1.7626675978566188e-8,NE_NCC
11706,23067,23068,45783,45784,1.763919221000693e-8,NE_NCC
11707,23068,23069,45784,45785,1.7651708445119765e-8,NE_NCC
11708,23069,23070,45785,45786,1.7664224683897817e-8,NE_NCC
11709,23070,23071,45786,45787,1.7676740926330577e-8,NE_NCC
11710,23071,23072,45787,45788,1.7689257172412957e-8,NE_NCC
11711,23072,23073,45788,45789,1.7701773422136408e-8,NE_NCC
11712,23073,23074,45789,45790,1.771428967549312e-8,NE_NCC
11713,23074,23075,45790,45791,1.7726805932476335e-8,NE_NCC
11714,23075,23076,45791,45792,1.7739322193075662e-8,NE_NCC
11715,23076,23077,45792,45793,1.7751838457286182e-8,NE_NCC
11716,23077,23078,45793,45794,1.776435472509933e-8,NE_NCC
11717,23078,23079,45794,45795,1.7776870996508414e-8,NE_NCC
11718,23079,23080,45795,45796,1.7789387271503146e-8,NE_NCC
11719,23080,23081,45796,45797,1.7801903550078653e-8,NE_NCC
11720,23081,23082,45797,45798,1.7814419832226462e-8,NE_NCC
11721,23082,23083,45798,45799,1.7826936117939095e-8,NE_NCC
11722,23083,23084,45799,45800,1.783945240720998e-8,NE_NCC
11723,23084,23085,45800,45801,1.785196870002879e-8,NE_NCC
11724,23085,23086,45801,45802,1.7864484996390934e-8,NE_NCC
11725,23086,23087,45802,45803,1.787700129628795e-8,NE_NCC
11726,23087,23088,45803,45804,1.788951759971345e-8,NE_NCC
11727,23088,23089,45804,45805,1.7902033906657123e-8,NE_NCC
11728,23089,23090,45805,45806,1.791455021711451e-8,NE_NCC
11729,23090,23091,45806,45807,1.7927066531077207e-8,NE_NCC
11730,23091,23092,45807,45808,1.793958284853802e-8,NE_NCC
11731,23092,23093,45808,45809,1.7952099169490362e-8,NE_NCC
11732,23093,23094,45809,45810,1.7964615493924306e-8,NE_NCC
11733,23094,23095,45810,45811,1.797713182183531e-8,NE_NCC
11734,23095,23096,45811,45812,1.798964815321525e-8,NE_NCC
11735,23096,23097,45812,45813,1.8002164488057758e-8,NE_NCC
11736,23097,23098,45813,45814,1.8014680826352774e-8,NE_NCC
11737,23098,23099,45814,45815,1.8027197168096027e-8,NE_NCC
11738,23099,23100,45815,45816,1.8039713513279267e-8,NE_NCC
11739,23100,23101,45816,45817,1.805222986189643e-8,NE_NCC
11740,23101,23102,45817,45818,1.8064746213937376e-8,NE_NCC
11741,23102,23103,45818,45819,1.8077262569398094e-8,NE_NCC
11742,23103,23104,45819,45820,1.8089778928270164e-8,NE_NCC
11743,23104,23105,45820,45821,1.8102295290546903e-8,NE_NCC
11744,23105,23106,45821,45822,1.8114811656221898e-8,NE_NCC
11745,23106,23107,45822,45823,1.8127328025285455e-8,NE_NCC
11746,23107,23108,45823,45824,1.8139844397733296e-8,NE_NCC
11747,23108,23109,45824,45825,1.8152360773557523e-8,NE_NCC
11748,23109,23110,45825,45826,1.816487715275203e-8,NE_NCC
11749,23110,23111,45826,45827,1.817739353530718e-8,NE_NCC
11750,23111,23112,45827,45828,1.818990992121867e-8,NE_NCC
11751,23112,23113,45828,45829,1.8202426310478765e-8,NE_NCC
11752,23113,23114,45829,45830,1.821494270308056e-8,NE_NCC
11753,23114,23115,45830,45831,1.822745909901805e-8,NE_NCC
11754,23115,23116,45831,45832,1.8239975498281572e-8,NE_NCC
11755,23116,23117,45832,45833,1.8252491900867127e-8,NE_NCC
11756,23117,23118,45833,45834,1.826500830676688e-8,NE_NCC
11757,23118,23119,45834,45835,1.827752471597505e-8,NE_NCC
11758,23119,23120,45835,45836,1.829004112848197e-8,NE_NCC
11759,23120,23121,45836,45837,1.8302557544283714e-8,NE_NCC
11760,23121,23122,45837,45838,1.831507396337257e-8,NE_NCC
11761,23122,23123,45838,45839,1.8327590385741807e-8,NE_NCC
11762,23123,23124,45839,45840,1.8340106811385653e-8,NE_NCC
11763,23124,23125,45840,45841,1.8352623240294603e-8,NE_NCC
11764,23125,23126,45841,45842,1.8365139672464768e-8,NE_NCC
11765,23126,23127,45842,45843,1.8377656107888582e-8,NE_NCC
11766,23127,23128,45843,45844,1.839017254656033e-8,NE_NCC
11767,23128,23129,45844,45845,1.8402688988470538e-8,NE_NCC
11768,23129,23130,45845,45846,1.841520543361538e-8,NE_NCC
11769,23130,23131,45846,45847,1.8427721881987557e-8,NE_NCC
11770,23131,23132,45847,45848,1.8440238333580164e-8,NE_NCC
11771,23132,23133,45848,45849,1.8452754788387805e-8,NE_NCC
11772,23133,23134,45849,45850,1.8465271246401104e-8,NE_NCC
11773,23134,23135,45850,45851,1.847778770761628e-8,NE_NCC
11774,23135,23136,45851,45852,1.849030417202602e-8,NE_NCC
11775,23136,23137,45852,45853,1.8502820639624637e-8,NE_NCC
11776,23137,23138,45853,45854,1.851533711040289e-8,NE_NCC
11777,23138,23139,45854,45855,1.8527853584357212e-8,NE_NCC
11778,23139,23140,45855,45856,1.8540370061480174e-8,NE_NCC
11779,23140,23141,45856,45857,1.8552886541765457e-8,NE_NCC
11780,23141,23142,45857,45858,1.8565403025207443e-8,NE_NCC
11781,23142,23143,45858,45859,1.857791951179701e-8,NE_NCC
11782,23143,23144,45859,45860,1.859043600153073e-8,NE_NCC
11783,23144,23145,45860,45861,1.8602952494401143e-8,NE_NCC
11784,23145,23146,45861,45862,1.8615468990402887e-8,NE_NCC
11785,23146,23147,45862,45863,1.8627985489526977e-8,NE_NCC
11786,23147,23148,45863,45864,1.864050199176978e-8,NE_NCC
11787,23148,23149,45864,45865,1.865301849712424e-8,NE_NCC
11788,23149,23150,45865,45866,1.8665535005583834e-8,NE_NCC
11789,23150,23151,45866,45867,1.86780515171436e-8,NE_NCC
11790,23151,23152,45867,45868,1.869056803179419e-8,NE_NCC
11791,23152,23153,45868,45869,1.870308454953239e-8,NE_NCC
11792,23153,23154,45869,45870,1.8715601070351028e-8,NE_NCC
11793,23154,23155,45870,45871,1.872811759424486e-8,NE_NCC
11794,23155,23156,45871,45872,1.8740634121204874e-8,NE_NCC
11795,23156,23157,45872,45873,1.875315065122779e-8,NE_NCC
11796,23157,23158,45873,45874,1.8765667184306578e-8,NE_NCC
11797,23158,23159,45874,45875,1.8778183720435e-8,NE_NCC
11798,23159,23160,45875,45876,1.8790700259608054e-8,NE_NCC
11799,23160,23161,45876,45877,1.8803216801816706e-8,NE_NCC
11800,23161,23162,45877,45878,1.8815733347057806e-8,NE_NCC
11801,23162,23163,45878,45879,1.8828249895324312e-8,NE_NCC
11802,23163,23164,45879,45880,1.8840766446611215e-8,NE_NCC
11803,23164,23165,45880,45881,1.8853283000909575e-8,NE_NCC
11804,23165,23166,45881,45882,1.8865799558216286e-8,NE_NCC
11805,23166,23167,45882,45883,1.8878316118524404e-8,NE_NCC
11806,23167,23168,45883,45884,1.889083268182797e-8,NE_NCC
11807,23168,23169,45884,45885,1.8903349248121993e-8,NE_NCC
11808,23169,23170,45885,45886,1.891586581739764e-8,NE_NCC
11809,23170,23171,45886,45887,1.8928382389651906e-8,NE_NCC
11810,23171,23172,45887,45888,1.89408989648779e-8,NE_NCC
11811,23172,23173,45888,45889,1.895341554307072e-8,NE_NCC
11812,23173,23174,45889,45890,1.896593212422155e-8,NE_NCC
11813,23174,23175,45890,45891,1.8978448708327504e-8,NE_NCC
11814,23175,23176,45891,45892,1.8990965295382716e-8,NE_NCC
11815,23176,23177,45892,45893,1.900348188537745e-8,NE_NCC
11816,23177,23178,45893,45894,1.90159984783127e-8,NE_NCC
11817,23178,23179,45894,45895,1.9028515074174942e-8,NE_NCC
11818,23179,23180,45895,45896,1.9041031672966146e-8,NE_NCC
11819,23180,23181,45896,45897,1.905354827467466e-8,NE_NCC
11820,23181,23182,45897,45898,1.9066064879294845e-8,NE_NCC
11821,23182,23183,45898,45899,1.90785814868267e-8,NE_NCC
11822,23183,23184,45899,45900,1.9091098097256763e-8,NE_NCC
11823,23184,23185,45900,45901,1.9103614710587185e-8,NE_NCC
11824,23185,23186,45901,45902,1.9116131326806274e-8,NE_NCC
11825,23186,23187,45902,45903,1.912864794590857e-8,NE_NCC
11826,23187,23188,45903,45904,1.914116456789394e-8,NE_NCC
11827,23188,23189,45904,45905,1.9153681192751282e-8,NE_NCC
11828,23189,23190,45905,45906,1.9166197820474674e-8,NE_NCC
11829,23190,23191,45906,45907,1.9178714451064477e-8,NE_NCC
11830,23191,23192,45907,45908,1.9191231084507323e-8,NE_NCC
11831,23192,23193,45908,45909,1.920374772080521e-8,NE_NCC
11832,23193,23194,45909,45910,1.9216264359947067e-8,NE_NCC
11833,23194,23195,45910,45911,1.922878100192698e-8,NE_NCC
11834,23195,23196,45911,45912,1.9241297646745524e-8,NE_NCC
11835,23196,23197,45912,45913,1.925381429438918e-8,NE_NCC
11836,23197,23198,45913,45914,1.9266330944860347e-8,NE_NCC
11837,23198,23199,45914,45915,1.9278847598147706e-8,NE_NCC
11838,23199,23200,45915,45916,1.9291364254245642e-8,NE_NCC
11839,23200,23201,45916,45917,1.9303880913154662e-8,NE_NCC
11840,23201,23202,45917,45918,1.9316397574861396e-8,NE_NCC
11841,23202,23203,45918,45919,1.9328914239368285e-8,NE_NCC
11842,23203,23204,45919,45920,1.934143090666405e-8,NE_NCC
11843,23204,23205,45920,45921,1.9353947576743168e-8,NE_NCC
11844,23205,23206,45921,45922,1.9366464249606245e-8,NE_NCC
11845,23206,23207,45922,45923,1.937898092524197e-8,NE_NCC
11846,23207,23208,45923,45924,1.9391497603644923e-8,NE_NCC
11847,23208,23209,45924,45925,1.9404014284815673e-8,NE_NCC
11848,23209,23210,45925,45926,1.9416530968741014e-8,NE_NCC
11849,23210,23211,45926,45927,1.9429047655423493e-8,NE_NCC
11850,23211,23212,45927,45928,1.9441564344851855e-8,NE_NCC
11851,23212,23213,45928,45929,1.945408103702082e-8,NE_NCC
11852,23213,23214,45929,45930,1.946659773193102e-8,NE_NCC
11853,23214,23215,45930,45931,1.9479114429569247e-8,NE_NCC
11854,23215,23216,45931,45932,1.9491631129938188e-8,NE_NCC
11855,23216,23217,45932,45933,1.9504147833026627e-8,NE_NCC
11856,23217,23218,45933,45934,1.9516664538829336e-8,NE_NCC
11857,23218,23219,45934,45935,1.952918124734701e-8,NE_NCC
11858,23219,23220,45935,45936,1.9541697958566606e-8,NE_NCC
11859,23220,23221,45936,45937,1.9554214672490734e-8,NE_NCC
11860,23221,23222,45937,45938,1.9566731389108364e-8,NE_NCC
11861,23222,23223,45938,45939,1.9579248108414214e-8,NE_NCC
11862,23223,23224,45939,45940,1.959176483040916e-8,NE_NCC
11863,23224,23225,45940,45941,1.960428155508221e-8,NE_NCC
11864,23225,23226,45941,45942,1.961679828242798e-8,NE_NCC
11865,23226,23227,45942,45943,1.962931501244754e-8,NE_NCC
11866,23227,23228,45943,45944,1.9641831745127645e-8,NE_NCC
11867,23228,23229,45944,45945,1.9654348480471323e-8,NE_NCC
11868,23229,23230,45945,45946,1.966686521846747e-8,NE_NCC
11869,23230,23231,45946,45947,1.967938195911094e-8,NE_NCC
11870,23231,23232,45947,45948,1.969189870240284e-8,NE_NCC
11871,23232,23233,45948,45949,1.970441544833007e-8,NE_NCC
11872,23233,23234,45949,45950,1.9716932196895405e-8,NE_NCC
11873,23234,23235,45950,45951,1.9729448948088052e-8,NE_NCC
11874,23235,23236,45951,45952,1.9741965701903028e-8,NE_NCC
11875,23236,23237,45952,45953,1.9754482458341294e-8,NE_NCC
11876,23237,23238,45953,45954,1.9766999217391748e-8,NE_NCC
11877,23238,23239,45954,45955,1.977951597904943e-8,NE_NCC
11878,23239,23240,45955,45956,1.9792032743315745e-8,NE_NCC
11879,23240,23241,45956,45957,1.980454951017737e-8,NE_NCC
11880,23241,23242,45957,45958,1.981706627963748e-8,NE_NCC
11881,23242,23243,45958,45959,1.9829583051685294e-8,NE_NCC
11882,23243,23244,45959,45960,1.984209982631568e-8,NE_NCC
11883,23244,23245,45960,45961,1.985461660353e-8,NE_NCC
11884,23245,23246,45961,45962,1.9867133383315143e-8,NE_NCC
11885,23246,23247,45962,45963,1.9879650165674444e-8,NE_NCC
11886,23247,23248,45963,45964,1.989216695059695e-8,NE_NCC
11887,23248,23249,45964,45965,1.9904683738077763e-8,NE_NCC
11888,23249,23250,45965,45966,1.9917200528118233e-8,NE_NCC
11889,23250,23251,45966,45967,1.9929717320705358e-8,NE_NCC
11890,23251,23252,45967,45968,1.994223411584252e-8,NE_NCC
11891,23252,23253,45968,45969,1.9954750913518726e-8,NE_NCC
11892,23253,23254,45969,45970,1.996726771372931e-8,NE_NCC
11893,23254,23255,45970,45971,1.9979784516475552e-8,NE_NCC
11894,23255,23256,45971,45972,1.9992301321746628e-8,NE_NCC
11895,23256,23257,45972,45973,2.0004818129537732e-8,NE_NCC
11896,23257,23258,45973,45974,2.0017334939850302e-8,NE_NCC
11897,23258,23259,45974,45975,2.002985175267144e-8,NE_NCC
11898,23259,23260,45975,45976,2.0042368568004604e-8,NE_NCC
11899,23260,23261,45976,45977,2.0054885385838952e-8,NE_NCC
11900,23261,23262,45977,45978,2.0067402206169864e-8,NE_NCC
11901,23262,23263,45978,45979,2.0079919028998715e-8,NE_NCC
11902,23263,23264,45979,45980,2.009243585431272e-8,NE_NCC
11903,23264,23265,45980,45981,2.01049526821154e-8,NE_NCC
11904,23265,23266,45981,45982,2.0117469512395963e-8,NE_NCC
11905,23266,23267,45982,45983,2.012998634514985e-8,NE_NCC
11906,23267,23268,45983,45984,2.014250318037845e-8,NE_NCC
11907,23268,23269,45984,45985,2.015502001806913e-8,NE_NCC
11908,23269,23270,45985,45986,2.0167536858225346e-8,NE_NCC
11909,23270,23271,45986,45987,2.0180053700836503e-8,NE_NCC
11910,23271,23272,45987,45988,2.019257054589793e-8,NE_NCC
11911,23272,23273,45988,45989,2.0205087393411294e-8,NE_NCC
11912,23273,23274,45989,45990,2.0217604243365836e-8,NE_NCC
11913,23274,23275,45990,45991,2.023012109575692e-8,NE_NCC
11914,23275,23276,45991,45992,2.024263795058656e-8,NE_NCC
11915,23276,23277,45992,45993,2.025515480784168e-8,NE_NCC
11916,23277,23278,45993,45994,2.026767166752594e-8,NE_NCC
11917,23278,23279,45994,45995,2.028018852962903e-8,NE_NCC
11918,23279,23280,45995,45996,2.0292705394146143e-8,NE_NCC
11919,23280,23281,45996,45997,2.0305222261079192e-8,NE_NCC
11920,23281,23282,45997,45998,2.031773913041546e-8,NE_NCC
11921,23282,23283,45998,45999,2.0330256002158508e-8,NE_NCC
11922,23283,23284,45999,46000,2.0342772876298064e-8,NE_NCC
11923,23284,23285,46000,46001,2.0355289752829485e-8,NE_NCC
11924,23285,23286,46001,46002,2.0367806631754546e-8,NE_NCC
11925,23286,23287,46002,46003,2.038032351306074e-8,NE_NCC
11926,23287,23288,46003,46004,2.039284039675174e-8,NE_NCC
11927,23288,23289,46004,46005,2.0405357282817155e-8,NE_NCC
11928,23289,23290,46005,46006,2.0417874171252394e-8,NE_NCC
11929,23290,23291,46006,46007,2.043039106205954e-8,NE_NCC
11930,23291,23292,46007,46008,2.0442907955227926e-8,NE_NCC
11931,23292,23293,46008,46009,2.0455424850753142e-8,NE_NCC
11932,23293,23294,46009,46010,2.0467941748637222e-8,NE_NCC
11933,23294,23295,46010,46011,2.0480458648867438e-8,NE_NCC
11934,23295,23296,46011,46012,2.0492975551447836e-8,NE_NCC
11935,23296,23297,46012,46013,2.0505492456367887e-8,NE_NCC
11936,23297,23298,46013,46014,2.05180093636233e-8,NE_NCC
11937,23298,23299,46014,46015,2.0530526273216024e-8,NE_NCC
11938,23299,23300,46015,46016,2.054304318513348e-8,NE_NCC
11939,23300,23301,46016,46017,2.0555560099379776e-8,NE_NCC
11940,23301,23302,46017,46018,2.0568077015944364e-8,NE_NCC
11941,23302,23303,46018,46019,2.0580593934823035e-8,NE_NCC
11942,23303,23304,46019,46020,2.059311085601783e-8,NE_NCC
11943,23304,23305,46020,46021,2.060562777951617e-8,NE_NCC
11944,23305,23306,46021,46022,2.0618144705322227e-8,NE_NCC
11945,23306,23307,46022,46023,2.0630661633425517e-8,NE_NCC
11946,23307,23308,46023,46024,2.0643178563821875e-8,NE_NCC
11947,23308,23309,46024,46025,2.0655695496513378e-8,NE_NCC
11948,23309,23310,46025,46026,2.0668212431489663e-8,NE_NCC
11949,23310,23311,46026,46027,2.068072936874644e-8,NE_NCC
11950,23311,23312,46027,46028,2.069324630828597e-8,NE_NCC
11951,23312,23313,46028,46029,2.070576325009572e-8,NE_NCC
11952,23313,23314,46029,46030,2.071828019417985e-8,NE_NCC
11953,23314,23315,46030,46031,2.073079714052817e-8,NE_NCC
11954,23315,23316,46031,46032,2.074331408913633e-8,NE_NCC
11955,23316,23317,46032,46033,2.0755831040006726e-8,NE_NCC
11956,23317,23318,46033,46034,2.076834799312672e-8,NE_NCC
11957,23318,23319,46034,46035,2.0780864948500763e-8,NE_NCC
11958,23319,23320,46035,46036,2.0793381906118497e-8,NE_NCC
11959,23320,23321,46036,46037,2.080589886597571e-8,NE_NCC
11960,23321,23322,46037,46038,2.0818415828074942e-8,NE_NCC
11961,23322,23323,46038,46039,2.0830932792403337e-8,NE_NCC
11962,23323,23324,46039,46040,2.084344975896578e-8,NE_NCC
11963,23324,23325,46040,46041,2.085596672775147e-8,NE_NCC
11964,23325,23326,46041,46042,2.0868483698756852e-8,NE_NCC
11965,23326,23327,46042,46043,2.0881000671983825e-8,NE_NCC
11966,23327,23328,46043,46044,2.0893517647422423e-8,NE_NCC
11967,23328,23329,46044,46045,2.090603462506833e-8,NE_NCC
11968,23329,23330,46045,46046,2.091855160492435e-8,NE_NCC
11969,23330,23331,46046,46047,2.0931068586977662e-8,NE_NCC
11970,23331,23332,46047,46048,2.0943585571233013e-8,NE_NCC
11971,23332,23333,46048,46049,2.0956102557680092e-8,NE_NCC
11972,23333,23334,46049,46050,2.096861954631484e-8,NE_NCC
11973,23334,23335,46050,46051,2.0981136537139754e-8,NE_NCC
11974,23335,23336,46051,46052,2.0993653530142584e-8,NE_NCC
11975,23336,23337,46052,46053,2.100617052532776e-8,NE_NCC
11976,23337,23338,46053,46054,2.1018687522685044e-8,NE_NCC
11977,23338,23339,46054,46055,2.1031204522210652e-8,NE_NCC
11978,23339,23340,46055,46056,2.104372152390688e-8,NE_NCC
11979,23340,23341,46056,46057,2.10562385277616e-8,NE_NCC
11980,23341,23342,46057,46058,2.1068755533779295e-8,NE_NCC
11981,23342,23343,46058,46059,2.1081272541949824e-8,NE_NCC
11982,23343,23344,46059,46060,2.1093789552269306e-8,NE_NCC
11983,23344,23345,46060,46061,2.1106306564740347e-8,NE_NCC
11984,23345,23346,46061,46062,2.11188235793527e-8,NE_NCC
11985,23346,23347,46062,46063,2.1131340596102535e-8,NE_NCC
11986,23347,23348,46063,46064,2.1143857614992528e-8,NE_NCC
11987,23348,23349,46064,46065,2.1156374636010267e-8,NE_NCC
11988,23349,23350,46065,46066,2.1168891659160584e-8,NE_NCC
11989,23350,23351,46066,46067,2.118140868443326e-8,NE_NCC
11990,23351,23352,46067,46068,2.119392571182447e-8,NE_NCC
11991,23352,23353,46068,46069,2.120644274133703e-8,NE_NCC
11992,23353,23354,46069,46070,2.1218959772958486e-8,NE_NCC
11993,23354,23355,46070,46071,2.1231476806693744e-8,NE_NCC
11994,23355,23356,46071,46072,2.1243993842532614e-8,NE_NCC
11995,23356,23357,46072,46073,2.1256510880471382e-8,NE_NCC
11996,23357,23358,46073,46074,2.126902792051277e-8,NE_NCC
11997,23358,23359,46074,46075,2.1281544962644522e-8,NE_NCC
11998,23359,23360,46075,46076,2.1294062006871507e-8,NE_NCC
11999,23360,23361,46076,46077,2.1306579053183586e-8,NE_NCC
12000,23361,23362,46077,46078,2.1319096101577046e-8,NE_NCC
12001,23362,23363,46078,46079,2.1331613152054863e-8,NE_NCC
12002,23363,23364,46079,46080,2.134413020460665e-8,NE_NCC
12003,23364,23365,46080,46081,2.1356647259228905e-8,NE_NCC
12004,23365,23366,46081,46082,2.1369164315924324e-8,NE_NCC
12005,23366,23367,46082,46083,2.1381681374680998e-8,NE_NCC
12006,23367,23368,46083,46084,2.1394198435503604e-8,NE_NCC
12007,23368,23369,46084,46085,2.1406715498381933e-8,NE_NCC
12008,23369,23370,46085,46086,2.1419232563312915e-8,NE_NCC
12009,23370,23371,46086,46087,2.1431749630298748e-8,NE_NCC
12010,23371,23372,46087,46088,2.1444266699327787e-8,NE_NCC
12011,23372,23373,46088,46089,2.1456783770404777e-8,NE_NCC
12012,23373,23374,46089,46090,2.1469300843519618e-8,NE_NCC
12013,23374,23375,46090,46091,2.148181791866905e-8,NE_NCC
12014,23375,23376,46091,46092,2.149433499585572e-8,NE_NCC
12015,23376,23377,46092,46093,2.1506852075067515e-8,NE_NCC
12016,23377,23378,46093,46094,2.151936915630951e-8,NE_NCC
12017,23378,23379,46094,46095,2.1531886239571765e-8,NE_NCC
12018,23379,23380,46095,46096,2.1544403324850688e-8,NE_NCC
12019,23380,23381,46096,46097,2.1556920412149308e-8,NE_NCC
12020,23381,23382,46097,46098,2.1569437501457567e-8,NE_NCC
12021,23382,23383,46098,46099,2.1581954592772003e-8,NE_NCC
12022,23383,23384,46099,46100,2.159447168609561e-8,NE_NCC
12023,23384,23385,46100,46101,2.1606988781416163e-8,NE_NCC
12024,23385,23386,46101,46102,2.1619505878739004e-8,NE_NCC
12025,23386,23387,46102,46103,2.1632022978054087e-8,NE_NCC
12026,23387,23388,46103,46104,2.164454007935786e-8,NE_NCC
12027,23388,23389,46104,46105,2.1657057182653574e-8,NE_NCC
12028,23389,23390,46105,46106,2.1669574287928907e-8,NE_NCC
12029,23390,23391,46106,46107,2.1682091395189278e-8,NE_NCC
12030,23391,23392,46107,46108,2.1694608504424615e-8,NE_NCC
12031,23392,23393,46108,46109,2.1707125615631517e-8,NE_NCC
12032,23393,23394,46109,46110,2.171964272881318e-8,NE_NCC
12033,23394,23395,46110,46111,2.1732159843957384e-8,NE_NCC
12034,23395,23396,46111,46112,2.1744676961069542e-8,NE_NCC
12035,23396,23397,46112,46113,2.175719408013969e-8,NE_NCC
12036,23397,23398,46113,46114,2.176971120116437e-8,NE_NCC
12037,23398,23399,46114,46115,2.178222832414688e-8,NE_NCC
12038,23399,23400,46115,46116,2.179474544907723e-8,NE_NCC
12039,23400,23401,46116,46117,2.1807262575952092e-8,NE_NCC
12040,23401,23402,46117,46118,2.1819779704774646e-8,NE_NCC
12041,23402,23403,46118,46119,2.1832296835532756e-8,NE_NCC
12042,23403,23404,46119,46120,2.1844813968232018e-8,NE_NCC
12043,23404,23405,46120,46121,2.185733110286239e-8,NE_NCC
12044,23405,23406,46121,46122,2.186984823942054e-8,NE_NCC
12045,23406,23407,46122,46123,2.1882365377909785e-8,NE_NCC
12046,23407,23408,46123,46124,2.189488251831801e-8,NE_NCC
12047,23408,23409,46124,46125,2.1907399660650706e-8,NE_NCC
12048,23409,23410,46125,46126,2.191991680489815e-8,NE_NCC
12049,23410,23411,46126,46127,2.1932433951056782e-8,NE_NCC
12050,23411,23412,46127,46128,2.1944951099130155e-8,NE_NCC
12051,23412,23413,46128,46129,2.1957468249106027e-8,NE_NCC
12052,23413,23414,46129,46130,2.1969985400990065e-8,NE_NCC
12053,23414,23415,46130,46131,2.198250255477234e-8,NE_NCC
12054,23415,23416,46131,46132,2.1995019710449704e-8,NE_NCC
12055,23416,23417,46132,46133,2.200753686802543e-8,NE_NCC
12056,23417,23418,46133,46134,2.2020054027489788e-8,NE_NCC
12057,23418,23419,46134,46135,2.2032571188839267e-8,NE_NCC
12058,23419,23420,46135,46136,2.204508835207777e-8,NE_NCC
12059,23420,23421,46136,46137,2.2057605517192638e-8,NE_NCC
12060,23421,23422,46137,46138,2.2070122684190163e-8,NE_NCC
12061,23422,23423,46138,46139,2.2082639853060067e-8,NE_NCC
12062,23423,23424,46139,46140,2.2095157023799205e-8,NE_NCC
12063,23424,23425,46140,46141,2.210767419641126e-8,NE_NCC
12064,23425,23426,46141,46142,2.2120191370883974e-8,NE_NCC
12065,23426,23427,46142,46143,2.2132708547223223e-8,NE_NCC
12066,23427,23428,46143,46144,2.2145225725419096e-8,NE_NCC
12067,23428,23429,46144,46145,2.215774290546838e-8,NE_NCC
12068,23429,23430,46145,46146,2.2170260087374796e-8,NE_NCC
12069,23430,23431,46146,46147,2.218277727112609e-8,NE_NCC
12070,23431,23432,46147,46148,2.21952944567282e-8,NE_NCC
12071,23432,23433,46148,46149,2.220781164417126e-8,NE_NCC
12072,23433,23434,46149,46150,2.222032883345215e-8,NE_NCC
12073,23434,23435,46150,46151,2.2232846024574466e-8,NE_NCC
12074,23435,23436,46151,46152,2.2245363217528396e-8,NE_NCC
12075,23436,23437,46152,46153,2.2257880412310844e-8,NE_NCC
12076,23437,23438,46153,46154,2.227039760892548e-8,NE_NCC
12077,23438,23439,46154,46155,2.228291480736019e-8,NE_NCC
12078,23439,23440,46155,46156,2.2295432007620948e-8,NE_NCC
12079,23440,23441,46156,46157,2.2307949209697932e-8,NE_NCC
12080,23441,23442,46157,46158,2.2320466413587987e-8,NE_NCC
12081,23442,23443,46158,46159,2.233298361929494e-8,NE_NCC
12082,23443,23444,46159,46160,2.234550082680669e-8,NE_NCC
12083,23444,23445,46160,46161,2.2358018036129198e-8,NE_NCC
12084,23445,23446,46161,46162,2.237053524725272e-8,NE_NCC
12085,23446,23447,46162,46163,2.238305246017416e-8,NE_NCC
12086,23447,23448,46163,46164,2.2395569674897256e-8,NE_NCC
12087,23448,23449,46164,46165,2.2408086891410054e-8,NE_NCC
12088,23449,23450,46165,46166,2.242060410971856e-8,NE_NCC
12089,23450,23451,46166,46167,2.2433121329813002e-8,NE_NCC
12090,23451,23452,46167,46168,2.244563855169021e-8,NE_NCC
12091,23452,23453,46168,46169,2.2458155775354334e-8,NE_NCC
12092,23453,23454,46169,46170,2.247067300079524e-8,NE_NCC
12093,23454,23455,46170,46171,2.2483190228010233e-8,NE_NCC
12094,23455,23456,46171,46172,2.249570745700307e-8,NE_NCC
12095,23456,23457,46172,46173,2.250822468776144e-8,NE_NCC
12096,23457,23458,46173,46174,2.252074192029209e-8,NE_NCC
12097,23458,23459,46174,46175,2.2533259154584612e-8,NE_NCC
12098,23459,23460,46175,46176,2.254577639063649e-8,NE_NCC
12099,23460,23461,46176,46177,2.2558293628451384e-8,NE_NCC
12100,23461,23462,46177,46178,2.2570810868017325e-8,NE_NCC
12101,23462,23463,46178,46179,2.2583328109340707e-8,NE_NCC
12102,23463,23464,46179,46180,2.259584535241149e-8,NE_NCC
12103,23464,23465,46180,46181,2.260836259722674e-8,NE_NCC
12104,23465,23466,46181,46182,2.262087984379078e-8,NE_NCC
12105,23466,23467,46182,46183,2.2633397092091234e-8,NE_NCC
12106,23467,23468,46183,46184,2.264591434213448e-8,NE_NCC
12107,23468,23469,46184,46185,2.2658431593910818e-8,NE_NCC
12108,23469,23470,46185,46186,2.267094884741718e-8,NE_NCC
12109,23470,23471,46186,46187,2.268346610265787e-8,NE_NCC
12110,23471,23472,46187,46188,2.2695983359622864e-8,NE_NCC
12111,23472,23473,46188,46189,2.2708500618309515e-8,NE_NCC
12112,23473,23474,46189,46190,2.2721017878721748e-8,NE_NCC
12113,23474,23475,46190,46191,2.2733535140847518e-8,NE_NCC
12114,23475,23476,46191,46192,2.27460524046933e-8,NE_NCC
12115,23476,23477,46192,46193,2.2758569670249234e-8,NE_NCC
12116,23477,23478,46193,46194,2.277108693751256e-8,NE_NCC
12117,23478,23479,46194,46195,2.2783604206487402e-8,NE_NCC
12118,23479,23480,46195,46196,2.2796121477161628e-8,NE_NCC
12119,23480,23481,46196,46197,2.280863874954177e-8,NE_NCC
12120,23481,23482,46197,46198,2.2821156023618028e-8,NE_NCC
12121,23482,23483,46198,46199,2.2833673299387623e-8,NE_NCC
12122,23483,23484,46199,46200,2.2846190576854735e-8,NE_NCC
12123,23484,23485,46200,46201,2.2858707856009613e-8,NE_NCC
12124,23485,23486,46201,46202,2.2871225136849464e-8,NE_NCC
12125,23486,23487,46202,46203,2.2883742419378534e-8,NE_NCC
12126,23487,23488,46203,46204,2.2896259703584723e-8,NE_NCC
12127,23488,23489,46204,46205,2.290877698947459e-8,NE_NCC
12128,23489,23490,46205,46206,2.2921294277038386e-8,NE_NCC
12129,23490,23491,46206,46207,2.293381156627343e-8,NE_NCC
12130,23491,23492,46207,46208,2.29463288571839e-8,NE_NCC
12131,23492,23493,46208,46209,2.2958846149757746e-8,NE_NCC
12132,23493,23494,46209,46210,2.2971363444001606e-8,NE_NCC
12133,23494,23495,46210,46211,2.298388073990575e-8,NE_NCC
12134,23495,23496,46211,46212,2.299639803746741e-8,NE_NCC
12135,23496,23497,46212,46213,2.3008915336691024e-8,NE_NCC
12136,23497,23498,46213,46214,2.3021432637564337e-8,NE_NCC
12137,23498,23499,46214,46215,2.303394994009422e-8,NE_NCC
12138,23499,23500,46215,46216,2.304646724427079e-8,NE_NCC
12139,23500,23501,46216,46217,2.3058984550091412e-8,NE_NCC
12140,23501,23502,46217,46218,2.3071501857560527e-8,NE_NCC
12141,23502,23503,46218,46219,2.3084019166668234e-8,NE_NCC
12142,23503,23504,46219,46220,2.3096536477412097e-8,NE_NCC
12143,23504,23505,46220,46221,2.3109053789796257e-8,NE_NCC
12144,23505,23506,46221,46222,2.3121571103808966e-8,NE_NCC
12145,23506,23507,46222,46223,2.3134088419456706e-8,NE_NCC
12146,23507,23508,46223,46224,2.314660573672983e-8,NE_NCC
12147,23508,23509,46224,46225,2.315912305562571e-8,NE_NCC
12148,23509,23510,46225,46226,2.317164037614888e-8,NE_NCC
12149,23510,23511,46226,46227,2.3184157698287157e-8,NE_NCC
12150,23511,23512,46227,46228,2.3196675022047396e-8,NE_NCC
12151,23512,23513,46228,46229,2.320919234741997e-8,NE_NCC
12152,23513,23514,46229,46230,2.3221709674402204e-8,NE_NCC
12153,23514,23515,46230,46231,2.323422700299847e-8,NE_NCC
12154,23515,23516,46231,46232,2.324674433319692e-8,NE_NCC
12155,23516,23517,46232,46233,2.3259261665004237e-8,NE_NCC
12156,23517,23518,46233,46234,2.327177899841094e-8,NE_NCC
12157,23518,23519,46234,46235,2.3284296333414234e-8,NE_NCC
12158,23519,23520,46235,46236,2.3296813670018788e-8,NE_NCC
12159,23520,23521,46236,46237,2.3309331008214833e-8,NE_NCC
12160,23521,23522,46237,46238,2.3321848347999886e-8,NE_NCC
12161,23522,23523,46238,46239,2.3334365689378417e-8,NE_NCC
12162,23523,23524,46239,46240,2.334688303233844e-8,NE_NCC
12163,23524,23525,46240,46241,2.3359400376886866e-8,NE_NCC
12164,23525,23526,46241,46242,2.337191772301405e-8,NE_NCC
12165,23526,23527,46242,46243,2.338443507071744e-8,NE_NCC
12166,23527,23528,46243,46244,2.339695242000164e-8,NE_NCC
12167,23528,23529,46244,46245,2.3409469770854598e-8,NE_NCC
12168,23529,23530,46245,46246,2.342198712328332e-8,NE_NCC
12169,23530,23531,46246,46247,2.343450447727813e-8,NE_NCC
12170,23531,23532,46247,46248,2.3447021832836548e-8,NE_NCC
12171,23532,23533,46248,46249,2.3459539189963187e-8,NE_NCC
12172,23533,23534,46249,46250,2.3472056548646005e-8,NE_NCC
12173,23534,23535,46250,46251,2.3484573908892092e-8,NE_NCC
12174,23535,23536,46251,46252,2.3497091270691793e-8,NE_NCC
12175,23536,23537,46252,46253,2.350960863404252e-8,NE_NCC
12176,23537,23538,46253,46254,2.3522125998949038e-8,NE_NCC
12177,23538,23539,46254,46255,2.353464336540177e-8,NE_NCC
12178,23539,23540,46255,46256,2.354716073339812e-8,NE_NCC
12179,23540,23541,46256,46257,2.3559678102942925e-8,NE_NCC
12180,23541,23542,46257,46258,2.357219547402393e-8,NE_NCC
12181,23542,23543,46258,46259,2.358471284664865e-8,NE_NCC
12182,23543,23544,46259,46260,2.3597230220807053e-8,NE_NCC
12183,23544,23545,46260,46261,2.3609747596496857e-8,NE_NCC
12184,23545,23546,46261,46262,2.3622264973722834e-8,NE_NCC
12185,23546,23547,46262,46263,2.363478235247291e-8,NE_NCC
12186,23547,23548,46263,46264,2.3647299732754418e-8,NE_NCC
12187,23548,23549,46264,46265,2.3659817114557486e-8,NE_NCC
12188,23549,23550,46265,46266,2.3672334497879768e-8,NE_NCC
12189,23550,23551,46266,46267,2.368485188272624e-8,NE_NCC
12190,23551,23552,46267,46268,2.3697369269084582e-8,NE_NCC
12191,23552,23553,46268,46269,2.3709886656962263e-8,NE_NCC
12192,23553,23554,46269,46270,2.3722404046349595e-8,NE_NCC
12193,23554,23555,46270,46271,2.3734921437244054e-8,NE_NCC
12194,23555,23556,46271,46272,2.37474388296507e-8,NE_NCC
12195,23556,23557,46272,46273,2.3759956223559862e-8,NE_NCC
12196,23557,23558,46273,46274,2.377247361896893e-8,NE_NCC
12197,23558,23559,46274,46275,2.3784991015883083e-8,NE_NCC
12198,23559,23560,46275,46276,2.3797508414290072e-8,NE_NCC
12199,23560,23561,46276,46277,2.3810025814197408e-8,NE_NCC
12200,23561,23562,46277,46278,2.382254321559525e-8,NE_NCC
12201,23562,23563,46278,46279,2.3835060618481426e-8,NE_NCC
12202,23563,23564,46279,46280,2.3847578022860758e-8,NE_NCC
12203,23564,23565,46280,46281,2.3860095428721237e-8,NE_NCC
12204,23565,23566,46281,46282,2.3872612836070237e-8,NE_NCC
12205,23566,23567,46282,46283,2.3885130244898183e-8,NE_NCC
12206,23567,23568,46283,46284,2.3897647655202623e-8,NE_NCC
12207,23568,23569,46284,46285,2.3910165066988643e-8,NE_NCC
12208,23569,23570,46285,46286,2.3922682480244146e-8,NE_NCC
12209,23570,23571,46286,46287,2.393519989497655e-8,NE_NCC
12210,23571,23572,46287,46288,2.3947717311176293e-8,NE_NCC
12211,23572,23573,46288,46289,2.3960234728841003e-8,NE_NCC
12212,23573,23574,46289,46290,2.397275214797573e-8,NE_NCC
12213,23574,23575,46290,46291,2.398526956857086e-8,NE_NCC
12214,23575,23576,46291,46292,2.3997786990624082e-8,NE_NCC
12215,23576,23577,46292,46293,2.4010304414140503e-8,NE_NCC
12216,23577,23578,46293,46294,2.4022821839107996e-8,NE_NCC
12217,23578,23579,46294,46295,2.403533926553407e-8,NE_NCC
12218,23579,23580,46295,46296,2.404785669340918e-8,NE_NCC
12219,23580,23581,46296,46297,2.4060374122730966e-8,NE_NCC
12220,23581,23582,46297,46298,2.4072891553504676e-8,NE_NCC
12221,23582,23583,46298,46299,2.4085408985718037e-8,NE_NCC
12222,23583,23584,46299,46300,2.409792641937876e-8,NE_NCC
12223,23584,23585,46300,46301,2.4110443854477203e-8,NE_NCC
12224,23585,23586,46301,46302,2.4122961291011107e-8,NE_NCC
12225,23586,23587,46302,46303,2.413547872898553e-8,NE_NCC
12226,23587,23588,46303,46304,2.4147996168388566e-8,NE_NCC
12227,23588,23589,46304,46305,2.416051360922772e-8,NE_NCC
12228,23589,23590,46305,46306,2.4173031051493483e-8,NE_NCC
12229,23590,23591,46306,46307,2.4185548495183528e-8,NE_NCC
12230,23591,23592,46307,46308,2.419806594030293e-8,NE_NCC
12231,23592,23593,46308,46309,2.4210583386842455e-8,NE_NCC
12232,23593,23594,46309,46310,2.4223100834799535e-8,NE_NCC
12233,23594,23595,46310,46311,2.4235618284179468e-8,NE_NCC
12234,23595,23596,46311,46312,2.424813573497036e-8,NE_NCC
12235,23596,23597,46312,46313,2.4260653187179577e-8,NE_NCC
12236,23597,23598,46313,46314,2.4273170640797874e-8,NE_NCC
12237,23598,23599,46314,46315,2.428568809582275e-8,NE_NCC
12238,23599,23600,46315,46316,2.4298205552259717e-8,NE_NCC
12239,23600,23601,46316,46317,2.4310723010096503e-8,NE_NCC
12240,23601,23602,46317,46318,2.432324046934095e-8,NE_NCC
12241,23602,23603,46318,46319,2.433575792998342e-8,NE_NCC
12242,23603,23604,46319,46320,2.434827539202167e-8,NE_NCC
12243,23604,23605,46320,46321,2.4360792855461255e-8,NE_NCC
12244,23605,23606,46321,46322,2.4373310320289758e-8,NE_NCC
12245,23606,23607,46322,46323,2.4385827786515224e-8,NE_NCC
12246,23607,23608,46323,46324,2.439834525412789e-8,NE_NCC
12247,23608,23609,46324,46325,2.4410862723125803e-8,NE_NCC
12248,23609,23610,46325,46326,2.4423380193514046e-8,NE_NCC
12249,23610,23611,46326,46327,2.443589766528326e-8,NE_NCC
12250,23611,23612,46327,46328,2.4448415138431092e-8,NE_NCC
12251,23612,23613,46328,46329,2.4460932612963133e-8,NE_NCC
12252,23613,23614,46329,46330,2.4473450088867125e-8,NE_NCC
12253,23614,23615,46330,46331,2.4485967566151e-8,NE_NCC
12254,23615,23616,46331,46332,2.4498485044805142e-8,NE_NCC
12255,23616,23617,46332,46333,2.4511002524827475e-8,NE_NCC
12256,23617,23618,46333,46334,2.4523520006223367e-8,NE_NCC
12257,23618,23619,46334,46335,2.4536037488980736e-8,NE_NCC
12258,23619,23620,46335,46336,2.45485549731075e-8,NE_NCC
12259,23620,23621,46336,46337,2.4561072458594057e-8,NE_NCC
12260,23621,23622,46337,46338,2.4573589945438334e-8,NE_NCC
12261,23622,23623,46338,46339,2.4586107433645737e-8,NE_NCC
12262,23623,23624,46339,46340,2.4598624923204254e-8,NE_NCC
12263,23624,23625,46340,46341,2.4611142414121734e-8,NE_NCC
12264,23625,23626,46341,46342,2.462365990638864e-8,NE_NCC
12265,23626,23627,46342,46343,2.4636177400002938e-8,NE_NCC
12266,23627,23628,46343,46344,2.464869489497004e-8,NE_NCC
12267,23628,23629,46344,46345,2.4661212391280474e-8,NE_NCC
12268,23629,23630,46345,46346,2.4673729888931974e-8,NE_NCC
12269,23630,23631,46346,46347,2.4686247387930303e-8,NE_NCC
12270,23631,23632,46347,46348,2.469876488826313e-8,NE_NCC
12271,23632,23633,46348,46349,2.4711282389938694e-8,NE_NCC
12272,23633,23634,46349,46350,2.4723799892944772e-8,NE_NCC
12273,23634,23635,46350,46351,2.4736317397291803e-8,NE_NCC
12274,23635,23636,46351,46352,2.4748834902960417e-8,NE_NCC
12275,23636,23637,46352,46353,2.4761352409963565e-8,NE_NCC
12276,23637,23638,46353,46354,2.4773869918299165e-8,NE_NCC
12277,23638,23639,46354,46355,2.4786387427950147e-8,NE_NCC
12278,23639,23640,46355,46356,2.4798904938929674e-8,NE_NCC
12279,23640,23641,46356,46357,2.4811422451230553e-8,NE_NCC
12280,23641,23642,46357,46358,2.4823939964856148e-8,NE_NCC
12281,23642,23643,46358,46359,2.4836457479788967e-8,NE_NCC
12282,23643,23644,46359,46360,2.4848974996042373e-8,NE_NCC
12283,23644,23645,46360,46361,2.486149251361419e-8,NE_NCC
12284,23645,23646,46361,46362,2.4874010032487507e-8,NE_NCC
12285,23646,23647,46362,46363,2.488652755267539e-8,NE_NCC
12286,23647,23648,46363,46364,2.48990450741759e-8,NE_NCC
12287,23648,23649,46364,46365,2.4911562596971825e-8,NE_NCC
12288,23649,23650,46365,46366,2.492408012107642e-8,NE_NCC
12289,23650,23651,46366,46367,2.4936597646482734e-8,NE_NCC
12290,23651,23652,46367,46368,2.4949115173193734e-8,NE_NCC
12291,23652,23653,46368,46369,2.4961632701192357e-8,NE_NCC
12292,23653,23654,46369,46370,2.497415023049181e-8,NE_NCC
12293,23654,23655,46370,46371,2.4986667761090136e-8,NE_NCC
12294,23655,23656,46371,46372,2.499918529297034e-8,NE_NCC
12295,23656,23657,46372,46373,2.5011702826145433e-8,NE_NCC
12296,23657,23658,46373,46374,2.502422036061368e-8,NE_NCC
12297,23658,23659,46374,46375,2.5036737896357836e-8,NE_NCC
12298,23659,23660,46375,46376,2.504925543339124e-8,NE_NCC
12299,23660,23661,46376,46377,2.506177297171196e-8,NE_NCC
12300,23661,23662,46377,46378,2.50742905113028e-8,NE_NCC
12301,23662,23663,46378,46379,2.5086808052177137e-8,NE_NCC
12302,23663,23664,46379,46380,2.5099325594327943e-8,NE_NCC
12303,23664,23665,46380,46381,2.5111843137758447e-8,NE_NCC
12304,23665,23666,46381,46382,2.512436068245139e-8,NE_NCC
12305,23666,23667,46382,46383,2.5136878228420208e-8,NE_NCC
12306,23667,23668,46383,46384,2.514939577566305e-8,NE_NCC
12307,23668,23669,46384,46385,2.5161913324162565e-8,NE_NCC
12308,23669,23670,46385,46386,2.5174430873932294e-8,NE_NCC
12309,23670,23671,46386,46387,2.5186948424970428e-8,NE_NCC
12310,23671,23672,46387,46388,2.5199465977259557e-8,NE_NCC
12311,23672,23673,46388,46389,2.5211983530813167e-8,NE_NCC
12312,23673,23674,46389,46390,2.5224501085629706e-8,NE_NCC
12313,23674,23675,46390,46391,2.523701864169147e-8,NE_NCC
12314,23675,23676,46391,46392,2.5249536199012296e-8,NE_NCC
12315,23676,23677,46392,46393,2.5262053757584953e-8,NE_NCC
12316,23677,23678,46393,46394,2.5274571317413016e-8,NE_NCC
12317,23678,23679,46394,46395,2.5287088878478885e-8,NE_NCC
12318,23679,23680,46395,46396,2.529960644079644e-8,NE_NCC
12319,23680,23681,46396,46397,2.531212400436365e-8,NE_NCC
12320,23681,23682,46397,46398,2.532464156916313e-8,NE_NCC
12321,23682,23683,46398,46399,2.5337159135208764e-8,NE_NCC
12322,23683,23684,46399,46400,2.5349676702498502e-8,NE_NCC
12323,23684,23685,46400,46401,2.536219427101513e-8,NE_NCC
12324,23685,23686,46401,46402,2.5374711840772223e-8,NE_NCC
12325,23686,23687,46402,46403,2.538722941176287e-8,NE_NCC
12326,23687,23688,46403,46404,2.5399746983990354e-8,NE_NCC
12327,23688,23689,46404,46405,2.5412264557437436e-8,NE_NCC
12328,23689,23690,46405,46406,2.5424782132117828e-8,NE_NCC
12329,23690,23691,46406,46407,2.5437299708029392e-8,NE_NCC
12330,23691,23692,46407,46408,2.5449817285155274e-8,NE_NCC
12331,23692,23693,46408,46409,2.5462334863508874e-8,NE_NCC
12332,23693,23694,46409,46410,2.54748524430885e-8,NE_NCC
12333,23694,23695,46410,46411,2.5487370023876883e-8,NE_NCC
12334,23695,23696,46411,46412,2.549988760588752e-8,NE_NCC
12335,23696,23697,46412,46413,2.5512405189118863e-8,NE_NCC
12336,23697,23698,46413,46414,2.5524922773553524e-8,NE_NCC
12337,23698,23699,46414,46415,2.5537440359205223e-8,NE_NCC
12338,23699,23700,46415,46416,2.5549957946067053e-8,NE_NCC
12339,23700,23701,46416,46417,2.5562475534142302e-8,NE_NCC
12340,23701,23702,46417,46418,2.5574993123413816e-8,NE_NCC
12341,23702,23703,46418,46419,2.5587510713895157e-8,NE_NCC
12342,23703,23704,46419,46420,2.560002830558487e-8,NE_NCC
12343,23704,23705,46420,46421,2.561254589846528e-8,NE_NCC
12344,23705,23706,46421,46422,2.5625063492550456e-8,NE_NCC
12345,23706,23707,46422,46423,2.5637581087838517e-8,NE_NCC
12346,23707,23708,46423,46424,2.5650098684312134e-8,NE_NCC
12347,23708,23709,46424,46425,2.566261628198519e-8,NE_NCC
12348,23709,23710,46425,46426,2.567513388085593e-8,NE_NCC
12349,23710,23711,46426,46427,2.5687651480906962e-8,NE_NCC
12350,23711,23712,46427,46428,2.5700169082152203e-8,NE_NCC
12351,23712,23713,46428,46429,2.5712686684584696e-8,NE_NCC
12352,23713,23714,46429,46430,2.5725204288207966e-8,NE_NCC
12353,23714,23715,46430,46431,2.573772189300448e-8,NE_NCC
12354,23715,23716,46431,46432,2.575023949898834e-8,NE_NCC
12355,23716,23717,46432,46433,2.576275710615781e-8,NE_NCC
12356,23717,23718,46433,46434,2.5775274714495355e-8,NE_NCC
12357,23718,23719,46434,46435,2.5787792324015145e-8,NE_NCC
12358,23719,23720,46435,46436,2.580030993471529e-8,NE_NCC
12359,23720,23721,46436,46437,2.5812827546578375e-8,NE_NCC
12360,23721,23722,46437,46438,2.5825345159618626e-8,NE_NCC
12361,23722,23723,46438,46439,2.5837862773828855e-8,NE_NCC
12362,23723,23724,46439,46440,2.5850380389212657e-8,NE_NCC
12363,23724,23725,46440,46441,2.586289800575277e-8,NE_NCC
12364,23725,23726,46441,46442,2.587541562346311e-8,NE_NCC
12365,23726,23727,46442,46443,2.5887933242341753e-8,NE_NCC
12366,23727,23728,46443,46444,2.5900450862371796e-8,NE_NCC
12367,23728,23729,46444,46445,2.5912968483566846e-8,NE_NCC
12368,23729,23730,46445,46446,2.5925486105925465e-8,NE_NCC
12369,23730,23731,46446,46447,2.5938003729430107e-8,NE_NCC
12370,23731,23732,46447,46448,2.5950521354094876e-8,NE_NCC
12371,23732,23733,46448,46449,2.5963038979918088e-8,NE_NCC
12372,23733,23734,46449,46450,2.5975556606882488e-8,NE_NCC
12373,23734,23735,46450,46451,2.5988074235001835e-8,NE_NCC
12374,23735,23736,46451,46452,2.6000591864269606e-8,NE_NCC
12375,23736,23737,46452,46453,2.6013109494689143e-8,NE_NCC
12376,23737,23738,46453,46454,2.60256271262431e-8,NE_NCC
12377,23738,23739,46454,46455,2.603814475894539e-8,NE_NCC
12378,23739,23740,46455,46456,2.6050662392794828e-8,NE_NCC
12379,23740,23741,46456,46457,2.606318002777359e-8,NE_NCC
12380,23741,23742,46457,46458,2.6075697663895888e-8,NE_NCC
12381,23742,23743,46458,46459,2.6088215301160193e-8,NE_NCC
12382,23743,23744,46459,46460,2.6100732939549145e-8,NE_NCC
12383,23744,23745,46460,46461,2.6113250579076593e-8,NE_NCC
12384,23745,23746,46461,46462,2.6125768219741252e-8,NE_NCC
12385,23746,23747,46462,46463,2.6138285861525456e-8,NE_NCC
12386,23747,23748,46463,46464,2.6150803504443487e-8,NE_NCC
12387,23748,23749,46464,46465,2.6163321148488456e-8,NE_NCC
12388,23749,23750,46465,46466,2.6175838793664065e-8,NE_NCC
12389,23750,23751,46466,46467,2.6188356439952728e-8,NE_NCC
12390,23751,23752,46467,46468,2.62008740873688e-8,NE_NCC
12391,23752,23753,46468,46469,2.6213391735910675e-8,NE_NCC
12392,23753,23754,46469,46470,2.6225909385560752e-8,NE_NCC
12393,23754,23755,46470,46471,2.623842703633346e-8,NE_NCC
12394,23755,23756,46471,46472,2.625094468822715e-8,NE_NCC
12395,23756,23757,46472,46473,2.6263462341224265e-8,NE_NCC
12396,23757,23758,46473,46474,2.6275979995339208e-8,NE_NCC
12397,23758,23759,46474,46475,2.6288497650570355e-8,NE_NCC
12398,23759,23760,46475,46476,2.6301015306900157e-8,NE_NCC
12399,23760,23761,46476,46477,2.6313532964343053e-8,NE_NCC
12400,23761,23762,46477,46478,2.6326050622892025e-8,NE_NCC
12401,23762,23763,46478,46479,2.633856828255103e-8,NE_NCC
12402,23763,23764,46479,46480,2.635108594330224e-8,NE_NCC
12403,23764,23765,46480,46481,2.6363603605160214e-8,NE_NCC
12404,23765,23766,46481,46482,2.6376121268123508e-8,NE_NCC
12405,23766,23767,46482,46483,2.638863893217425e-8,NE_NCC
12406,23767,23768,46483,46484,2.640115659732719e-8,NE_NCC
12407,23768,23769,46484,46485,2.641367426358061e-8,NE_NCC
12408,23769,23770,46485,46486,2.642619193091684e-8,NE_NCC
12409,23770,23771,46486,46487,2.6438709599350702e-8,NE_NCC
12410,23771,23772,46487,46488,2.6451227268874935e-8,NE_NCC
12411,23772,23773,46488,46489,2.646374493949352e-8,NE_NCC
12412,23773,23774,46489,46490,2.6476262611188676e-8,NE_NCC
12413,23774,23775,46490,46491,2.6488780283975322e-8,NE_NCC
12414,23775,23776,46491,46492,2.6501297957851415e-8,NE_NCC
12415,23776,23777,46492,46493,2.651381563279983e-8,NE_NCC
12416,23777,23778,46493,46494,2.652633330883466e-8,NE_NCC
12417,23778,23779,46494,46495,2.6538850985954773e-8,NE_NCC
12418,23779,23780,46495,46496,2.6551368664142135e-8,NE_NCC
12419,23780,23781,46496,46497,2.6563886343411776e-8,NE_NCC
12420,23781,23782,46497,46498,2.6576404023762016e-8,NE_NCC
12421,23782,23783,46498,46499,2.6588921705174846e-8,NE_NCC
12422,23783,23784,46499,46500,2.660143938766539e-8,NE_NCC
12423,23784,23785,46500,46501,2.6613957071226586e-8,NE_NCC
12424,23785,23786,46501,46502,2.6626474755862227e-8,NE_NCC
12425,23786,23787,46502,46503,2.6638992441554588e-8,NE_NCC
12426,23787,23788,46503,46504,2.665151012831858e-8,NE_NCC
12427,23788,23789,46504,46505,2.666402781615254e-8,NE_NCC
12428,23789,23790,46505,46506,2.6676545505038754e-8,NE_NCC
12429,23790,23791,46506,46507,2.6689063194992022e-8,NE_NCC
12430,23791,23792,46507,46508,2.6701580886010775e-8,NE_NCC
12431,23792,23793,46508,46509,2.6714098578077327e-8,NE_NCC
12432,23793,23794,46509,46510,2.6726616271206412e-8,NE_NCC
12433,23794,23795,46510,46511,2.6739133965396638e-8,NE_NCC
12434,23795,23796,46511,46512,2.6751651660630094e-8,NE_NCC
12435,23796,23797,46512,46513,2.67641693569217e-8,NE_NCC
12436,23797,23798,46513,46514,2.677668705426452e-8,NE_NCC
12437,23798,23799,46514,46515,2.678920475266253e-8,NE_NCC
12438,23799,23800,46515,46516,2.680172245209788e-8,NE_NCC
12439,23800,23801,46516,46517,2.6814240152585493e-8,NE_NCC
12440,23801,23802,46517,46518,2.682675785412392e-8,NE_NCC
12441,23802,23803,46518,46519,2.6839275556695237e-8,NE_NCC
12442,23803,23804,46519,46520,2.685179326031453e-8,NE_NCC
12443,23804,23805,46520,46521,2.6864310964980076e-8,NE_NCC
12444,23805,23806,46521,46522,2.6876828670674396e-8,NE_NCC
12445,23806,23807,46522,46523,2.6889346377412058e-8,NE_NCC
12446,23807,23808,46523,46524,2.69018640851864e-8,NE_NCC
12447,23808,23809,46524,46525,2.6914381794001347e-8,NE_NCC
12448,23809,23810,46525,46526,2.6926899503838905e-8,NE_NCC
12449,23810,23811,46526,46527,2.6939417214714595e-8,NE_NCC
12450,23811,23812,46527,46528,2.695193492662624e-8,NE_NCC
12451,23812,23813,46528,46529,2.6964452639556384e-8,NE_NCC
12452,23813,23814,46529,46530,2.6976970353520018e-8,NE_NCC
12453,23814,23815,46530,46531,2.6989488068515702e-8,NE_NCC
12454,23815,23816,46531,46532,2.7002005784525444e-8,NE_NCC
12455,23816,23817,46532,46533,2.701452350156441e-8,NE_NCC
12456,23817,23818,46533,46534,2.7027041219630985e-8,NE_NCC
12457,23818,23819,46534,46535,2.7039558938707602e-8,NE_NCC
12458,23819,23820,46535,46536,2.7052076658809052e-8,NE_NCC
12459,23820,23821,46536,46537,2.7064594379928506e-8,NE_NCC
12460,23821,23822,46537,46538,2.7077112102069996e-8,NE_NCC
12461,23822,23823,46538,46539,2.708962982521566e-8,NE_NCC
12462,23823,23824,46539,46540,2.7102147549380753e-8,NE_NCC
12463,23824,23825,46540,46541,2.711466527456358e-8,NE_NCC
12464,23825,23826,46541,46542,2.712718300074644e-8,NE_NCC
12465,23826,23827,46542,46543,2.71397007279442e-8,NE_NCC
12466,23827,23828,46543,46544,2.7152218456155843e-8,NE_NCC
12467,23828,23829,46544,46545,2.716473618536331e-8,NE_NCC
12468,23829,23830,46545,46546,2.7177253915581408e-8,NE_NCC
12469,23830,23831,46546,46547,2.7189771646809215e-8,NE_NCC
12470,23831,23832,46547,46548,2.7202289379028643e-8,NE_NCC
12471,23832,23833,46548,46549,2.72148071122546e-8,NE_NCC
12472,23833,23834,46549,46550,2.722732484648063e-8,NE_NCC
12473,23834,23835,46550,46551,2.7239842581710544e-8,NE_NCC
12474,23835,23836,46551,46552,2.7252360317926525e-8,NE_NCC
12475,23836,23837,46552,46553,2.7264878055143718e-8,NE_NCC
12476,23837,23838,46553,46554,2.7277395793360926e-8,NE_NCC
12477,23838,23839,46554,46555,2.7289913532559902e-8,NE_NCC
12478,23839,23840,46555,46556,2.7302431272756097e-8,NE_NCC
12479,23840,23841,46556,46557,2.7314949013948095e-8,NE_NCC
12480,23841,23842,46557,46558,2.7327466756117877e-8,NE_NCC
12481,23842,23843,46558,46559,2.7339984499280742e-8,NE_NCC
12482,23843,23844,46559,46560,2.735250224342978e-8,NE_NCC
12483,23844,23845,46560,46561,2.7365019988569244e-8,NE_NCC
12484,23845,23846,46561,46562,2.737753773468101e-8,NE_NCC
12485,23846,23847,46562,46563,2.73900554817805e-8,NE_NCC
12486,23847,23848,46563,46564,2.7402573229866352e-8,NE_NCC
12487,23848,23849,46564,46565,2.741509097892044e-8,NE_NCC
12488,23849,23850,46565,46566,2.7427608728958285e-8,NE_NCC
12489,23850,23851,46566,46567,2.7440126479978337e-8,NE_NCC
12490,23851,23852,46567,46568,2.7452644231962805e-8,NE_NCC
12491,23852,23853,46568,46569,2.746516198492676e-8,NE_NCC
12492,23853,23854,46569,46570,2.7477679738869295e-8,NE_NCC
12493,23854,23855,46570,46571,2.7490197493771898e-8,NE_NCC
12494,23855,23856,46571,46572,2.750271524965032e-8,NE_NCC
12495,23856,23857,46572,46573,2.7515233006497282e-8,NE_NCC
12496,23857,23858,46573,46574,2.75277507643176e-8,NE_NCC
12497,23858,23859,46574,46575,2.754026852309273e-8,NE_NCC
12498,23859,23860,46575,46576,2.755278628283821e-8,NE_NCC
12499,23860,23861,46576,46577,2.7565304043552747e-8,NE_NCC
12500,23861,23862,46577,46578,2.7577821805218656e-8,NE_NCC
12501,23862,23863,46578,46579,2.7590339567850517e-8,NE_NCC
12502,23863,23864,46579,46580,2.7602857331447933e-8,NE_NCC
12503,23864,23865,46580,46581,2.7615375095992285e-8,NE_NCC
12504,23865,23866,46581,46582,2.7627892861499297e-8,NE_NCC
12505,23866,23867,46582,46583,2.7640410627967403e-8,NE_NCC
12506,23867,23868,46583,46584,2.765292839537882e-8,NE_NCC
12507,23868,23869,46584,46585,2.7665446163748975e-8,NE_NCC
12508,23869,23870,46585,46586,2.7677963933070643e-8,NE_NCC
12509,23870,23871,46586,46587,2.769048170334868e-8,NE_NCC
12510,23871,23872,46587,46588,2.7702999474564608e-8,NE_NCC
12511,23872,23873,46588,46589,2.7715517246733984e-8,NE_NCC
12512,23873,23874,46589,46590,2.772803501985586e-8,NE_NCC
12513,23874,23875,46590,46591,2.774055279391153e-8,NE_NCC
12514,23875,23876,46591,46592,2.7753070568916994e-8,NE_NCC
12515,23876,23877,46592,46593,2.7765588344871036e-8,NE_NCC
12516,23877,23878,46593,46594,2.7778106121755196e-8,NE_NCC
12517,23878,23879,46594,46595,2.7790623899585266e-8,NE_NCC
12518,23879,23880,46595,46596,2.7803141678354303e-8,NE_NCC
12519,23880,23881,46596,46597,2.781565945806678e-8,NE_NCC
12520,23881,23882,46597,46598,2.7828177238704277e-8,NE_NCC
12521,23882,23883,46598,46599,2.78406950202827e-8,NE_NCC
12522,23883,23884,46599,46600,2.7853212802800694e-8,NE_NCC
12523,23884,23885,46600,46601,2.786573058624e-8,NE_NCC
12524,23885,23886,46601,46602,2.7878248370616377e-8,NE_NCC
12525,23886,23887,46602,46603,2.7890766155928597e-8,NE_NCC
12526,23887,23888,46603,46604,2.7903283942158363e-8,NE_NCC
12527,23888,23889,46604,46605,2.7915801729321453e-8,NE_NCC
12528,23889,23890,46605,46606,2.792831951741665e-8,NE_NCC
12529,23890,23891,46606,46607,2.794083730642562e-8,NE_NCC
12530,23891,23892,46607,46608,2.7953355096364175e-8,NE_NCC
12531,23892,23893,46608,46609,2.7965872887225437e-8,NE_NCC
12532,23893,23894,46609,46610,2.797839067901378e-8,NE_NCC
12533,23894,23895,46610,46611,2.799090847171101e-8,NE_NCC
12534,23895,23896,46611,46612,2.80034262653329e-8,NE_NCC
12535,23896,23897,46612,46613,2.8015944059878132e-8,NE_NCC
12536,23897,23898,46613,46614,2.802846185532849e-8,NE_NCC
12537,23898,23899,46614,46615,2.8040979651699972e-8,NE_NCC
12538,23899,23900,46615,46616,2.8053497448991005e-8,NE_NCC
12539,23900,23901,46616,46617,2.80660152471836e-8,NE_NCC
12540,23901,23902,46617,46618,2.807853304629344e-8,NE_NCC
12541,23902,23903,46618,46619,2.8091050846319378e-8,NE_NCC
12542,23903,23904,46619,46620,2.8103568647243093e-8,NE_NCC
12543,23904,23905,46620,46621,2.8116086449080556e-8,NE_NCC
12544,23905,23906,46621,46622,2.8128604251824605e-8,NE_NCC
12545,23906,23907,46622,46623,2.8141122055480118e-8,NE_NCC
12546,23907,23908,46623,46624,2.8153639860028328e-8,NE_NCC
12547,23908,23909,46624,46625,2.8166157665485463e-8,NE_NCC
12548,23909,23910,46625,46626,2.8178675471850165e-8,NE_NCC
12549,23910,23911,46626,46627,2.8191193279104188e-8,NE_NCC
12550,23911,23912,46627,46628,2.8203711087263567e-8,NE_NCC
12551,23912,23913,46628,46629,2.8216228896326916e-8,NE_NCC
12552,23913,23914,46629,46630,2.822874670627578e-8,NE_NCC
12553,23914,23915,46630,46631,2.8241264517126554e-8,NE_NCC
12554,23915,23916,46631,46632,2.8253782328871903e-8,NE_NCC
12555,23916,23917,46632,46633,2.8266300141516692e-8,NE_NCC
12556,23917,23918,46633,46634,2.8278817955042263e-8,NE_NCC
12557,23918,23919,46634,46635,2.8291335769464657e-8,NE_NCC
12558,23919,23920,46635,46636,2.8303853584783023e-8,NE_NCC
12559,23920,23921,46636,46637,2.831637140097856e-8,NE_NCC
12560,23921,23922,46637,46638,2.8328889218067566e-8,NE_NCC
12561,23922,23923,46638,46639,2.834140703604874e-8,NE_NCC
12562,23923,23924,46639,46640,2.8353924854903712e-8,NE_NCC
12563,23924,23925,46640,46641,2.8366442674648606e-8,NE_NCC
12564,23925,23926,46641,46642,2.837896049528215e-8,NE_NCC
12565,23926,23927,46642,46643,2.839147831678599e-8,NE_NCC
12566,23927,23928,46643,46644,2.8403996139176178e-8,NE_NCC
12567,23928,23929,46644,46645,2.841651396244583e-8,NE_NCC
12568,23929,23930,46645,46646,2.8429031786599584e-8,NE_NCC
12569,23930,23931,46646,46647,2.8441549611618853e-8,NE_NCC
12570,23931,23932,46647,46648,2.8454067437519916e-8,NE_NCC
12571,23932,23933,46648,46649,2.846658526430158e-8,NE_NCC
12572,23933,23934,46649,46650,2.847910309194532e-8,NE_NCC
12573,23934,23935,46650,46651,2.8491620920467355e-8,NE_NCC
12574,23935,23936,46651,46652,2.850413874986659e-8,NE_NCC
12575,23936,23937,46652,46653,2.8516656580124414e-8,NE_NCC
12576,23937,23938,46653,46654,2.852917441125709e-8,NE_NCC
12577,23938,23939,46654,46655,2.8541692243263524e-8,NE_NCC
12578,23939,23940,46655,46656,2.8554210076125153e-8,NE_NCC
12579,23940,23941,46656,46657,2.85667279098582e-8,NE_NCC
12580,23941,23942,46657,46658,2.8579245744455758e-8,NE_NCC
12581,23942,23943,46658,46659,2.8591763579922523e-8,NE_NCC
12582,23943,23944,46659,46660,2.8604281416239828e-8,NE_NCC
12583,23944,23945,46660,46661,2.8616799253424234e-8,NE_NCC
12584,23945,23946,46661,46662,2.862931709147422e-8,NE_NCC
12585,23946,23947,46662,46663,2.8641834930371476e-8,NE_NCC
12586,23947,23948,46663,46664,2.865435277013241e-8,NE_NCC
12587,23948,23949,46664,46665,2.866687061075573e-8,NE_NCC
12588,23949,23950,46665,46666,2.867938845222272e-8,NE_NCC
12589,23950,23951,46666,46667,2.8691906294549976e-8,NE_NCC
12590,23951,23952,46667,46668,2.8704424137730594e-8,NE_NCC
12591,23952,23953,46668,46669,2.8716941981769025e-8,NE_NCC
12592,23953,23954,46669,46670,2.872945982664688e-8,NE_NCC
12593,23954,23955,46670,46671,2.8741977672380477e-8,NE_NCC
12594,23955,23956,46671,46672,2.8754495518968712e-8,NE_NCC
12595,23956,23957,46672,46673,2.8767013366392793e-8,NE_NCC
12596,23957,23958,46673,46674,2.8779531214669436e-8,NE_NCC
12597,23958,23959,46674,46675,2.8792049063797506e-8,NE_NCC
12598,23959,23960,46675,46676,2.880456691375794e-8,NE_NCC
12599,23960,23961,46676,46677,2.8817084764567784e-8,NE_NCC
12600,23961,23962,46677,46678,2.8829602616225465e-8,NE_NCC
12601,23962,23963,46678,46679,2.884212046871268e-8,NE_NCC
12602,23963,23964,46679,46680,2.885463832204554e-8,NE_NCC
12603,23964,23965,46680,46681,2.8867156176217422e-8,NE_NCC
12604,23965,23966,46681,46682,2.8879674031233e-8,NE_NCC
12605,23966,23967,46682,46683,2.8892191887073465e-8,NE_NCC
12606,23967,23968,46683,46684,2.8904709743755388e-8,NE_NCC
12607,23968,23969,46684,46685,2.8917227601277762e-8,NE_NCC
12608,23969,23970,46685,46686,2.8929745459621875e-8,NE_NCC
12609,23970,23971,46686,46687,2.8942263318804265e-8,NE_NCC
12610,23971,23972,46687,46688,2.8954781178823746e-8,NE_NCC
12611,23972,23973,46688,46689,2.8967299039661636e-8,NE_NCC
12612,23973,23974,46689,46690,2.897981690133468e-8,NE_NCC
12613,23974,23975,46690,46691,2.8992334763841586e-8,NE_NCC
12614,23975,23976,46691,46692,2.9004852627163744e-8,NE_NCC
12615,23976,23977,46692,46693,2.9017370491317676e-8,NE_NCC
12616,23977,23978,46693,46694,2.902988835629649e-8,NE_NCC
12617,23978,23979,46694,46695,2.9042406222104992e-8,NE_NCC
12618,23979,23980,46695,46696,2.9054924088724405e-8,NE_NCC
12619,23980,23981,46696,46697,2.9067441956171365e-8,NE_NCC
12620,23981,23982,46697,46698,2.9079959824444875e-8,NE_NCC
12621,23982,23983,46698,46699,2.9092477693526036e-8,NE_NCC
12622,23983,23984,46699,46700,2.910499556343167e-8,NE_NCC
12623,23984,23985,46700,46701,2.9117513434160574e-8,NE_NCC
12624,23985,23986,46701,46702,2.9130031305694032e-8,NE_NCC
12625,23986,23987,46702,46703,2.9142549178048764e-8,NE_NCC
12626,23987,23988,46703,46704,2.9155067051217806e-8,NE_NCC
12627,23988,23989,46704,46705,2.9167584925205883e-8,NE_NCC
12628,23989,23990,46705,46706,2.9180102799994286e-8,NE_NCC
12629,23990,23991,46706,46707,2.9192620675599805e-8,NE_NCC
12630,23991,23992,46707,46708,2.9205138552021404e-8,NE_NCC
12631,23992,23993,46708,46709,2.9217656429239935e-8,NE_NCC
12632,23993,23994,46709,46710,2.923017430727277e-8,NE_NCC
12633,23994,23995,46710,46711,2.9242692186118232e-8,NE_NCC
12634,23995,23996,46711,46712,2.925521006575781e-8,NE_NCC
12635,23996,23997,46712,46713,2.926772794620835e-8,NE_NCC
12636,23997,23998,46713,46714,2.928024582746859e-8,NE_NCC
12637,23998,23999,46714,46715,2.929276370951972e-8,NE_NCC
12638,23999,24000,46715,46716,2.930528159237869e-8,NE_NCC
12639,24000,24001,46716,46717,2.931779947603843e-8,NE_NCC
12640,24001,24002,46717,46718,2.933031736050386e-8,NE_NCC
12641,24002,24003,46718,46719,2.9342835245756115e-8,NE_NCC
12642,24003,24004,46719,46720,2.9355353131812055e-8,NE_NCC
12643,24004,24005,46720,46721,2.9367871018670695e-8,NE_NCC
12644,24005,24006,46721,46722,2.9380388906312965e-8,NE_NCC
12645,24006,24007,46722,46723,2.939290679475579e-8,NE_NCC
12646,24007,24008,46723,46724,2.940542468399845e-8,NE_NCC
12647,24008,24009,46724,46725,2.9417942574021775e-8,NE_NCC
12648,24009,24010,46725,46726,2.943046046484245e-8,NE_NCC
12649,24010,24011,46726,46727,2.9442978356459943e-8,NE_NCC
12650,24011,24012,46727,46728,2.9455496248854932e-8,NE_NCC
12651,24012,24013,46728,46729,2.946801414204454e-8,NE_NCC
12652,24013,24014,46729,46730,2.9480532036021744e-8,NE_NCC
12653,24014,24015,46730,46731,2.9493049930791572e-8,NE_NCC
12654,24015,24016,46731,46732,2.950556782633492e-8,NE_NCC
12655,24016,24017,46732,46733,2.951808572266883e-8,NE_NCC
12656,24017,24018,46733,46734,2.9530603619792408e-8,NE_NCC
12657,24018,24019,46734,46735,2.9543121517686514e-8,NE_NCC
12658,24019,24020,46735,46736,2.9555639416368238e-8,NE_NCC
12659,24020,24021,46736,46737,2.956815731583656e-8,NE_NCC
12660,24021,24022,46737,46738,2.958067521607248e-8,NE_NCC
12661,24022,24023,46738,46739,2.959319311709304e-8,NE_NCC
12662,24023,24024,46739,46740,2.960571101889723e-8,NE_NCC
12663,24024,24025,46740,46741,2.961822892146607e-8,NE_NCC
12664,24025,24026,46741,46742,2.9630746824816564e-8,NE_NCC
12665,24026,24027,46742,46743,2.9643264728941732e-8,NE_NCC
12666,24027,24028,46743,46744,2.9655782633846654e-8,NE_NCC
12667,24028,24029,46744,46745,2.966830053951223e-8,NE_NCC
12668,24029,24030,46745,46746,2.9680818445955555e-8,NE_NCC
12669,24030,24031,46746,46747,2.9693336353175712e-8,NE_NCC
12670,24031,24032,46747,46748,2.970585426115355e-8,NE_NCC
12671,24032,24033,46748,46749,2.9718372169906327e-8,NE_NCC
12672,24033,24034,46749,46750,2.97308900794329e-8,NE_NCC
12673,24034,24035,46750,46751,2.9743407989714398e-8,NE_NCC
12674,24035,24036,46751,46752,2.975592590076763e-8,NE_NCC
12675,24036,24037,46752,46753,2.976844381258604e-8,NE_NCC
12676,24037,24038,46753,46754,2.9780961725174315e-8,NE_NCC
12677,24038,24039,46754,46755,2.979347963851366e-8,NE_NCC
12678,24039,24040,46755,46756,2.980599755262096e-8,NE_NCC
12679,24040,24041,46756,46757,2.9818515467495494e-8,NE_NCC
12680,24041,24042,46757,46758,2.9831033383117963e-8,NE_NCC
12681,24042,24043,46758,46759,2.984355129950585e-8,NE_NCC
12682,24043,24044,46759,46760,2.9856069216657924e-8,NE_NCC
12683,24044,24045,46760,46761,2.9868587134555066e-8,NE_NCC
12684,24045,24046,46761,46762,2.988110505321469e-8,NE_NCC
12685,24046,24047,46762,46763,2.9893622972635805e-8,NE_NCC
12686,24047,24048,46763,46764,2.9906140892799085e-8,NE_NCC
12687,24048,24049,46764,46765,2.9918658813722e-8,NE_NCC
12688,24049,24050,46765,46766,2.9931176735397275e-8,NE_NCC
12689,24050,24051,46766,46767,2.9943694657830525e-8,NE_NCC
12690,24051,24052,46767,46768,2.995621258100189e-8,NE_NCC
12691,24052,24053,46768,46769,2.996873050492937e-8,NE_NCC
12692,24053,24054,46769,46770,2.998124842961167e-8,NE_NCC
12693,24054,24055,46770,46771,2.9993766355029375e-8,NE_NCC
12694,24055,24056,46771,46772,3.00062842812002e-8,NE_NCC
12695,24056,24057,46772,46773,3.001880220812317e-8,NE_NCC
12696,24057,24058,46773,46774,3.0031320135778795e-8,NE_NCC
12697,24058,24059,46774,46775,3.004383806418472e-8,NE_NCC
12698,24059,24060,46775,46776,3.005635599333991e-8,NE_NCC
12699,24060,24061,46776,46777,3.0068873923225075e-8,NE_NCC
12700,24061,24062,46777,46778,3.008139185385772e-8,NE_NCC
12701,24062,24063,46778,46779,3.009390978523073e-8,NE_NCC
12702,24063,24064,46779,46780,3.0106427717349303e-8,NE_NCC
12703,24064,24065,46780,46781,3.011894565019418e-8,NE_NCC
12704,24065,24066,46781,46782,3.013146358378278e-8,NE_NCC
12705,24066,24067,46782,46783,3.014398151811424e-8,NE_NCC
12706,24067,24068,46783,46784,3.01564994531692e-8,NE_NCC
12707,24068,24069,46784,46785,3.016901738896516e-8,NE_NCC
12708,24069,24070,46785,46786,3.018153532550122e-8,NE_NCC
12709,24070,24071,46786,46787,3.019405326275804e-8,NE_NCC
12710,24071,24072,46787,46788,3.0206571200753075e-8,NE_NCC
12711,24072,24073,46788,46789,3.02190891394794e-8,NE_NCC
12712,24073,24074,46789,46790,3.02316070789422e-8,NE_NCC
12713,24074,24075,46790,46791,3.0244125019121973e-8,NE_NCC
12714,24075,24076,46791,46792,3.025664296003652e-8,NE_NCC
12715,24076,24077,46792,46793,3.026916090168473e-8,NE_NCC
12716,24077,24078,46793,46794,3.028167884404744e-8,NE_NCC
12717,24078,24079,46794,46795,3.029419678714201e-8,NE_NCC
12718,24079,24080,46795,46796,3.030671473096759e-8,NE_NCC
12719,24080,24081,46796,46797,3.0319232675504934e-8,NE_NCC
12720,24081,24082,46797,46798,3.0331750620771524e-8,NE_NCC
12721,24082,24083,46798,46799,3.034426856676631e-8,NE_NCC
12722,24083,24084,46799,46800,3.035678651347034e-8,NE_NCC
12723,24084,24085,46800,46801,3.0369304460900785e-8,NE_NCC
12724,24085,24086,46801,46802,3.038182240905074e-8,NE_NCC
12725,24086,24087,46802,46803,3.0394340357925667e-8,NE_NCC
12726,24087,24088,46803,46804,3.040685830750573e-8,NE_NCC
12727,24088,24089,46804,46805,3.0419376257809185e-8,NE_NCC
12728,24089,24090,46805,46806,3.0431894208834455e-8,NE_NCC
12729,24090,24091,46806,46807,3.044441216056273e-8,NE_NCC
12730,24091,24092,46807,46808,3.0456930113011225e-8,NE_NCC
12731,24092,24093,46808,46809,3.0469448066179283e-8,NE_NCC
12732,24093,24094,46809,46810,3.048196602004729e-8,NE_NCC
12733,24094,24095,46810,46811,3.0494483974633445e-8,NE_NCC
12734,24095,24096,46811,46812,3.050700192993613e-8,NE_NCC
12735,24096,24097,46812,46813,3.051951988593635e-8,NE_NCC
12736,24097,24098,46813,46814,3.053203784265172e-8,NE_NCC
12737,24098,24099,46814,46815,3.054455580007517e-8,NE_NCC
12738,24099,24100,46815,46816,3.055707375821217e-8,NE_NCC
12739,24100,24101,46816,46817,3.0569591717042944e-8,NE_NCC
12740,24101,24102,46817,46818,3.058210967658552e-8,NE_NCC
12741,24102,24103,46818,46819,3.059462763683873e-8,NE_NCC
12742,24103,24104,46819,46820,3.060714559778343e-8,NE_NCC
12743,24104,24105,46820,46821,3.0619663559437165e-8,NE_NCC
12744,24105,24106,46821,46822,3.063218152179917e-8,NE_NCC
12745,24106,24107,46822,46823,3.0644699484849806e-8,NE_NCC
12746,24107,24108,46823,46824,3.065721744860703e-8,NE_NCC
12747,24108,24109,46824,46825,3.0669735413063724e-8,NE_NCC
12748,24109,24110,46825,46826,3.068225337822521e-8,NE_NCC
12749,24110,24111,46826,46827,3.0694771344071944e-8,NE_NCC
12750,24111,24112,46827,46828,3.070728931062181e-8,NE_NCC
12751,24112,24113,46828,46829,3.071980727787395e-8,NE_NCC
12752,24113,24114,46829,46830,3.073232524580876e-8,NE_NCC
12753,24114,24115,46830,46831,3.0744843214444146e-8,NE_NCC
12754,24115,24116,46831,46832,3.075736118377929e-8,NE_NCC
12755,24116,24117,46832,46833,3.0769879153794556e-8,NE_NCC
12756,24117,24118,46833,46834,3.078239712450785e-8,NE_NCC
12757,24118,24119,46834,46835,3.0794915095918343e-8,NE_NCC
12758,24119,24120,46835,46836,3.080743306800639e-8,NE_NCC
12759,24120,24121,46836,46837,3.0819951040790064e-8,NE_NCC
12760,24121,24122,46837,46838,3.0832469014262025e-8,NE_NCC
12761,24122,24123,46838,46839,3.0844986988427996e-8,NE_NCC
12762,24123,24124,46839,46840,3.085750496326805e-8,NE_NCC
12763,24124,24125,46840,46841,3.087002293880025e-8,NE_NCC
12764,24125,24126,46841,46842,3.0882540915023916e-8,NE_NCC
12765,24126,24127,46842,46843,3.089505889191932e-8,NE_NCC
12766,24127,24128,46843,46844,3.090757686950416e-8,NE_NCC
12767,24128,24129,46844,46845,3.092009484777815e-8,NE_NCC
12768,24129,24130,46845,46846,3.0932612826721215e-8,NE_NCC
12769,24130,24131,46846,46847,3.094513080635141e-8,NE_NCC
12770,24131,24132,46847,46848,3.095764878666831e-8,NE_NCC
12771,24132,24133,46848,46849,3.097016676765145e-8,NE_NCC
12772,24133,24134,46849,46850,3.0982684749319576e-8,NE_NCC
12773,24134,24135,46850,46851,3.099520273166535e-8,NE_NCC
12774,24135,24136,46851,46852,3.10077207146942e-8,NE_NCC
12775,24136,24137,46852,46853,3.102023869838642e-8,NE_NCC
12776,24137,24138,46853,46854,3.1032756682760223e-8,NE_NCC
12777,24138,24139,46854,46855,3.1045274667814506e-8,NE_NCC
12778,24139,24140,46855,46856,3.105779265352989e-8,NE_NCC
12779,24140,24141,46856,46857,3.107031063992416e-8,NE_NCC
12780,24141,24142,46857,46858,3.1082828626996657e-8,NE_NCC
12781,24142,24143,46858,46859,3.1095346614727914e-8,NE_NCC
12782,24143,24144,46859,46860,3.110786460313539e-8,NE_NCC
12783,24144,24145,46860,46861,3.112038259221257e-8,NE_NCC
12784,24145,24146,46861,46862,3.113290058196475e-8,NE_NCC
12785,24146,24147,46862,46863,3.1145418572372045e-8,NE_NCC
12786,24147,24148,46863,46864,3.115793656345289e-8,NE_NCC
12787,24148,24149,46864,46865,3.117045455520619e-8,NE_NCC
12788,24149,24150,46865,46866,3.1182972547612266e-8,NE_NCC
12789,24150,24151,46866,46867,3.1195490540689386e-8,NE_NCC
12790,24151,24152,46867,46868,3.120800853443676e-8,NE_NCC
12791,24152,24153,46868,46869,3.1220526528834426e-8,NE_NCC
12792,24153,24154,46869,46870,3.123304452390076e-8,NE_NCC
12793,24154,24155,46870,46871,3.124556251963491e-8,NE_NCC
12794,24155,24156,46871,46872,3.125808051601696e-8,NE_NCC
12795,24156,24157,46872,46873,3.127059851306529e-8,NE_NCC
12796,24157,24158,46873,46874,3.12831165107727e-8,NE_NCC
12797,24158,24159,46874,46875,3.129563450914477e-8,NE_NCC
12798,24159,24160,46875,46876,3.130815250816162e-8,NE_NCC
12799,24160,24161,46876,46877,3.132067050784156e-8,NE_NCC
12800,24161,24162,46877,46878,3.133318850818376e-8,NE_NCC
12801,24162,24163,46878,46879,3.13457065091684e-8,NE_NCC
12802,24163,24164,46879,46880,3.135822451081374e-8,NE_NCC
12803,24164,24165,46880,46881,3.137074251311911e-8,NE_NCC
12804,24165,24166,46881,46882,3.13832605160644e-8,NE_NCC
12805,24166,24167,46882,46883,3.139577851966819e-8,NE_NCC
12806,24167,24168,46883,46884,3.140829652392957e-8,NE_NCC
12807,24168,24169,46884,46885,3.1420814528828604e-8,NE_NCC
12808,24169,24170,46885,46886,3.1433332534383624e-8,NE_NCC
12809,24170,24171,46886,46887,3.144585054058784e-8,NE_NCC
12810,24171,24172,46887,46888,3.145836854744632e-8,NE_NCC
12811,24172,24173,46888,46889,3.147088655493927e-8,NE_NCC
12812,24173,24174,46889,46890,3.148340456308545e-8,NE_NCC
12813,24174,24175,46890,46891,3.1495922571883686e-8,NE_NCC
12814,24175,24176,46891,46892,3.15084405813143e-8,NE_NCC
12815,24176,24177,46892,46893,3.152095859139553e-8,NE_NCC
12816,24177,24178,46893,46894,3.1533476602126594e-8,NE_NCC
12817,24178,24179,46894,46895,3.15459946134877e-8,NE_NCC
12818,24179,24180,46895,46896,3.15585126254971e-8,NE_NCC
12819,24180,24181,46896,46897,3.157103063814758e-8,NE_NCC
12820,24181,24182,46897,46898,3.158354865144527e-8,NE_NCC
12821,24182,24183,46898,46899,3.159606666536967e-8,NE_NCC
12822,24183,24184,46899,46900,3.160858467993929e-8,NE_NCC
12823,24184,24185,46900,46901,3.1621102695153516e-8,NE_NCC
12824,24185,24186,46901,46902,3.163362071099248e-8,NE_NCC
12825,24186,24187,46902,46903,3.164613872747431e-8,NE_NCC
12826,24187,24188,46903,46904,3.165865674459873e-8,NE_NCC
12827,24188,24189,46904,46905,3.1671174762345245e-8,NE_NCC
12828,24189,24190,46905,46906,3.1683692780732544e-8,NE_NCC
12829,24190,24191,46906,46907,3.1696210799760166e-8,NE_NCC
12830,24191,24192,46907,46908,3.1708728819407446e-8,NE_NCC
12831,24192,24193,46908,46909,3.172124683969355e-8,NE_NCC
12832,24193,24194,46909,46910,3.173376486061099e-8,NE_NCC
12833,24194,24195,46910,46911,3.17462828821656e-8,NE_NCC
12834,24195,24196,46911,46912,3.175880090433706e-8,NE_NCC
12835,24196,24197,46912,46913,3.177131892714427e-8,NE_NCC
12836,24197,24198,46913,46914,3.178383695058629e-8,NE_NCC
12837,24198,24199,46914,46915,3.1796354974643016e-8,NE_NCC
12838,24199,24200,46915,46916,3.1808872999333206e-8,NE_NCC
12839,24200,24201,46916,46917,3.182139102465602e-8,NE_NCC
12840,24201,24202,46917,46918,3.183390905059136e-8,NE_NCC
12841,24202,24203,46918,46919,3.1846427077157866e-8,NE_NCC
12842,24203,24204,46919,46920,3.185894510435484e-8,NE_NCC
12843,24204,24205,46920,46921,3.18714631321621e-8,NE_NCC
12844,24205,24206,46921,46922,3.1883981160598314e-8,NE_NCC
12845,24206,24207,46922,46923,3.189649918965637e-8,NE_NCC
12846,24207,24208,46923,46924,3.1909017219341915e-8,NE_NCC
12847,24208,24209,46924,46925,3.192153524963475e-8,NE_NCC
12848,24209,24210,46925,46926,3.193405328055372e-8,NE_NCC
12849,24210,24211,46926,46927,3.194657131209809e-8,NE_NCC
12850,24211,24212,46927,46928,3.1959089344247425e-8,NE_NCC
12851,24212,24213,46928,46929,3.1971607377020864e-8,NE_NCC
12852,24213,24214,46929,46930,3.1984125410417335e-8,NE_NCC
12853,24214,24215,46930,46931,3.199664344441682e-8,NE_NCC
12854,24215,24216,46931,46932,3.200916147903801e-8,NE_NCC
12855,24216,24217,46932,46933,3.2021679514273745e-8,NE_NCC
12856,24217,24218,46933,46934,3.2034197550129636e-8,NE_NCC
12857,24218,24219,46934,46935,3.2046715586585835e-8,NE_NCC
12858,24219,24220,46935,46936,3.205923362366068e-8,NE_NCC
12859,24220,24221,46936,46937,3.207175166135387e-8,NE_NCC
12860,24221,24222,46937,46938,3.208426969964458e-8,NE_NCC
12861,24222,24223,46938,46939,3.209678773855245e-8,NE_NCC
12862,24223,24224,46939,46940,3.2109305778075976e-8,NE_NCC
12863,24224,24225,46940,46941,3.212182381819555e-8,NE_NCC
12864,24225,24226,46941,46942,3.213434185892947e-8,NE_NCC
12865,24226,24227,46942,46943,3.214685990027725e-8,NE_NCC
12866,24227,24228,46943,46944,3.2159377942218905e-8,NE_NCC
12867,24228,24229,46944,46945,3.217189598477275e-8,NE_NCC
12868,24229,24230,46945,46946,3.218441402793192e-8,NE_NCC
12869,24230,24231,46946,46947,3.2196932071702185e-8,NE_NCC
12870,24231,24232,46947,46948,3.220945011606318e-8,NE_NCC
12871,24232,24233,46948,46949,3.2221968161033714e-8,NE_NCC
12872,24233,24234,46949,46950,3.2234486206613424e-8,NE_NCC
12873,24234,24235,46950,46951,3.2247004252781484e-8,NE_NCC
12874,24235,24236,46951,46952,3.225952229955734e-8,NE_NCC
12875,24236,24237,46952,46953,3.227204034693994e-8,NE_NCC
12876,24237,24238,46953,46954,3.228455839490914e-8,NE_NCC
12877,24238,24239,46954,46955,3.2297076443483766e-8,NE_NCC
12878,24239,24240,46955,46956,3.230959449266306e-8,NE_NCC
12879,24240,24241,46956,46957,3.232211254242689e-8,NE_NCC
12880,24241,24242,46957,46958,3.2334630592794075e-8,NE_NCC
12881,24242,24243,46958,46959,3.2347148643757374e-8,NE_NCC
12882,24243,24244,46959,46960,3.235966669532276e-8,NE_NCC
12883,24244,24245,46960,46961,3.2372184747469696e-8,NE_NCC
12884,24245,24246,46961,46962,3.238470280021729e-8,NE_NCC
12885,24246,24247,46962,46963,3.239722085356484e-8,NE_NCC
12886,24247,24248,46963,46964,3.240973890749191e-8,NE_NCC
12887,24248,24249,46964,46965,3.242225696201758e-8,NE_NCC
12888,24249,24250,46965,46966,3.243477501714117e-8,NE_NCC
12889,24250,24251,46966,46967,3.2447293072842144e-8,NE_NCC
12890,24251,24252,46967,46968,3.245981112913975e-8,NE_NCC
12891,24252,24253,46968,46969,3.2472329186033155e-8,NE_NCC
12892,24253,24254,46969,46970,3.2484847243501985e-8,NE_NCC
12893,24254,24255,46970,46971,3.2497365301565326e-8,NE_NCC
12894,24255,24256,46971,46972,3.250988336021586e-8,NE_NCC
12895,24256,24257,46972,46973,3.252240141945954e-8,NE_NCC
12896,24257,24258,46973,46974,3.2534919479275975e-8,NE_NCC
12897,24258,24259,46974,46975,3.2547437539684115e-8,NE_NCC
12898,24259,24260,46975,46976,3.2559955600683484e-8,NE_NCC
12899,24260,24261,46976,46977,3.257247366225329e-8,NE_NCC
12900,24261,24262,46977,46978,3.2584991724413034e-8,NE_NCC
12901,24262,24263,46978,46979,3.259750978716204e-8,NE_NCC
12902,24263,24264,46979,46980,3.261002785047923e-8,NE_NCC
12903,24264,24265,46980,46981,3.262254591438451e-8,NE_NCC
12904,24265,24266,46981,46982,3.263506397887017e-8,NE_NCC
12905,24266,24267,46982,46983,3.264758204394249e-8,NE_NCC
12906,24267,24268,46983,46984,3.266010010958051e-8,NE_NCC
12907,24268,24269,46984,46985,3.267261817580349e-8,NE_NCC
12908,24269,24270,46985,46986,3.268513624261133e-8,NE_NCC
12909,24270,24271,46986,46987,3.26976543099828e-8,NE_NCC
12910,24271,24272,46987,46988,3.27101723779375e-8,NE_NCC
12911,24272,24273,46988,46989,3.272269044647474e-8,NE_NCC
12912,24273,24274,46989,46990,3.273520851557381e-8,NE_NCC
12913,24274,24275,46990,46991,3.274772658525387e-8,NE_NCC
12914,24275,24276,46991,46992,3.27602446555147e-8,NE_NCC
12915,24276,24277,46992,46993,3.277276272633529e-8,NE_NCC
12916,24277,24278,46993,46994,3.278528079773509e-8,NE_NCC
12917,24278,24279,46994,46995,3.2797798869706784e-8,NE_NCC
12918,24279,24280,46995,46996,3.281031694225662e-8,NE_NCC
12919,24280,24281,46996,46997,3.282283501536327e-8,NE_NCC
12920,24281,24282,46997,46998,3.283535308904687e-8,NE_NCC
12921,24282,24283,46998,46999,3.284787116330632e-8,NE_NCC
12922,24283,24284,46999,47000,3.286038923812099e-8,NE_NCC
12923,24284,24285,47000,47001,3.287290731351031e-8,NE_NCC
12924,24285,24286,47001,47002,3.2885425389473736e-8,NE_NCC
12925,24286,24287,47002,47003,3.289794346599045e-8,NE_NCC
12926,24287,24288,47003,47004,3.291046154307982e-8,NE_NCC
12927,24288,24289,47004,47005,3.2922979620741385e-8,NE_NCC
12928,24289,24290,47005,47006,3.29354976989542e-8,NE_NCC
12929,24290,24291,47006,47007,3.294801577773785e-8,NE_NCC
12930,24291,24292,47007,47008,3.2960533857084985e-8,NE_NCC
12931,24292,24293,47008,47009,3.2973051937001624e-8,NE_NCC
12932,24293,24294,47009,47010,3.298557001746703e-8,NE_NCC
12933,24294,24295,47010,47011,3.299808809850066e-8,NE_NCC
12934,24295,24296,47011,47012,3.301060618010192e-8,NE_NCC
12935,24296,24297,47012,47013,3.302312426225007e-8,NE_NCC
12936,24297,24298,47013,47014,3.303564234496444e-8,NE_NCC
12937,24298,24299,47014,47015,3.304816042824461e-8,NE_NCC
12938,24299,24300,47015,47016,3.306067851206969e-8,NE_NCC
12939,24300,24301,47016,47017,3.307319659645914e-8,NE_NCC
12940,24301,24302,47017,47018,3.30857146814057e-8,NE_NCC
12941,24302,24303,47018,47019,3.3098232766915506e-8,NE_NCC
12942,24303,24304,47019,47020,3.311075085296765e-8,NE_NCC
12943,24304,24305,47020,47021,3.312326893958162e-8,NE_NCC
12944,24305,24306,47021,47022,3.313578702675708e-8,NE_NCC
12945,24306,24307,47022,47023,3.314830511447276e-8,NE_NCC
12946,24307,24308,47023,47024,3.316082320274873e-8,NE_NCC
12947,24308,24309,47024,47025,3.3173341291583986e-8,NE_NCC
12948,24309,24310,47025,47026,3.318585938095776e-8,NE_NCC
12949,24310,24311,47026,47027,3.3198377470889877e-8,NE_NCC
12950,24311,24312,47027,47028,3.3210895561379366e-8,NE_NCC
12951,24312,24313,47028,47029,3.322341365240567e-8,NE_NCC
12952,24313,24314,47029,47030,3.323593174398824e-8,NE_NCC
12953,24314,24315,47030,47031,3.324844983611991e-8,NE_NCC
12954,24315,24316,47031,47032,3.3260967928806324e-8,NE_NCC
12955,24316,24317,47032,47033,3.327348602202721e-8,NE_NCC
12956,24317,24318,47033,47034,3.3286004115801864e-8,NE_NCC
12957,24318,24319,47034,47035,3.3298522210129636e-8,NE_NCC
12958,24319,24320,47035,47036,3.331104030498994e-8,NE_NCC
12959,24320,24321,47036,47037,3.332355840040201e-8,NE_NCC
12960,24321,24322,47037,47038,3.333607649636575e-8,NE_NCC
12961,24322,24323,47038,47039,3.334859459285965e-8,NE_NCC
12962,24323,24324,47039,47040,3.3361112689904053e-8,NE_NCC
12963,24324,24325,47040,47041,3.337363078749776e-8,NE_NCC
12964,24325,24326,47041,47042,3.338614888562018e-8,NE_NCC
12965,24326,24327,47042,47043,3.339866698429093e-8,NE_NCC
12966,24327,24328,47043,47044,3.3411185083502695e-8,NE_NCC
12967,24328,24329,47044,47045,3.342370318326149e-8,NE_NCC
12968,24329,24330,47045,47046,3.3436221283546546e-8,NE_NCC
12969,24330,24331,47046,47047,3.344873938437749e-8,NE_NCC
12970,24331,24332,47047,47048,3.346125748575379e-8,NE_NCC
12971,24332,24333,47048,47049,3.347377558765441e-8,NE_NCC
12972,24333,24334,47049,47050,3.3486293690099094e-8,NE_NCC
12973,24334,24335,47050,47051,3.3498811793087375e-8,NE_NCC
12974,24335,24336,47051,47052,3.351132989659815e-8,NE_NCC
12975,24336,24337,47052,47053,3.352384800065124e-8,NE_NCC
12976,24337,24338,47053,47054,3.353636610523925e-8,NE_NCC
12977,24338,24339,47054,47055,3.3548884210368415e-8,NE_NCC
12978,24339,24340,47055,47056,3.356140231601766e-8,NE_NCC
12979,24340,24341,47056,47057,3.357392042220683e-8,NE_NCC
12980,24341,24342,47057,47058,3.358643852893539e-8,NE_NCC
12981,24342,24343,47058,47059,3.359895663618225e-8,NE_NCC
12982,24343,24344,47059,47060,3.361147474396718e-8,NE_NCC
12983,24344,24345,47060,47061,3.362399285228979e-8,NE_NCC
12984,24345,24346,47061,47062,3.363651096112888e-8,NE_NCC
12985,24346,24347,47062,47063,3.3649029070504255e-8,NE_NCC
12986,24347,24348,47063,47064,3.3661547180415614e-8,NE_NCC
12987,24348,24349,47064,47065,3.367406529084155e-8,NE_NCC
12988,24349,24350,47065,47066,3.368658340180222e-8,NE_NCC
12989,24350,24351,47066,47067,3.369910151329004e-8,NE_NCC
12990,24351,24352,47067,47068,3.371161962531128e-8,NE_NCC
12991,24352,24353,47068,47069,3.372413773784494e-8,NE_NCC
12992,24353,24354,47069,47070,3.373665585091067e-8,NE_NCC
12993,24354,24355,47070,47071,3.374917396450849e-8,NE_NCC
12994,24355,24356,47071,47072,3.376169207861663e-8,NE_NCC
12995,24356,24357,47072,47073,3.377421019325543e-8,NE_NCC
12996,24357,24358,47073,47074,3.378672830842405e-8,NE_NCC
12997,24358,24359,47074,47075,3.379924642410174e-8,NE_NCC
12998,24359,24360,47075,47076,3.38117645403079e-8,NE_NCC
12999,24360,24361,47076,47077,3.382428265704261e-8,NE_NCC
13000,24361,24362,47077,47078,3.38368007742841e-8,NE_NCC
13001,24362,24363,47078,47079,3.384931889205283e-8,NE_NCC
13002,24363,24364,47079,47080,3.3861837010341306e-8,NE_NCC
13003,24364,24365,47080,47081,3.3874355129155604e-8,NE_NCC
13004,24365,24366,47081,47082,3.3886873248474634e-8,NE_NCC
13005,24366,24367,47082,47083,3.389939136831835e-8,NE_NCC
13006,24367,24368,47083,47084,3.391190948868647e-8,NE_NCC
13007,24368,24369,47084,47085,3.3924427609557454e-8,NE_NCC
13008,24369,24370,47085,47086,3.393694573095171e-8,NE_NCC
13009,24370,24371,47086,47087,3.3949463852868224e-8,NE_NCC
13010,24371,24372,47087,47088,3.396198197528613e-8,NE_NCC
13011,24372,24373,47088,47089,3.397450009822547e-8,NE_NCC
13012,24373,24374,47089,47090,3.398701822167864e-8,NE_NCC
13013,24374,24375,47090,47091,3.399953634565205e-8,NE_NCC
13014,24375,24376,47091,47092,3.4012054470124446e-8,NE_NCC
13015,24376,24377,47092,47093,3.402457259511606e-8,NE_NCC
13016,24377,24378,47093,47094,3.403709072062615e-8,NE_NCC
13017,24378,24379,47094,47095,3.4049608846633477e-8,NE_NCC
13018,24379,24380,47095,47096,3.4062126973158275e-8,NE_NCC
13019,24380,24381,47096,47097,3.4074645100199976e-8,NE_NCC
13020,24381,24382,47097,47098,3.408716322773719e-8,NE_NCC
13021,24382,24383,47098,47099,3.409968135579017e-8,NE_NCC
13022,24383,24384,47099,47100,3.411219948435838e-8,NE_NCC
13023,24384,24385,47100,47101,3.412471761342042e-8,NE_NCC
13024,24385,24386,47101,47102,3.413723574299656e-8,NE_NCC
13025,24386,24387,47102,47103,3.4149753873079325e-8,NE_NCC
13026,24387,24388,47103,47104,3.4162272003675024e-8,NE_NCC
13027,24388,24389,47104,47105,3.417479013476236e-8,NE_NCC
13028,24389,24390,47105,47106,3.4187308266361533e-8,NE_NCC
13029,24390,24391,47106,47107,3.419982639847208e-8,NE_NCC
13030,24391,24392,47107,47108,3.421234453107261e-8,NE_NCC
13031,24392,24393,47108,47109,3.422486266418324e-8,NE_NCC
13032,24393,24394,47109,47110,3.4237380797803623e-8,NE_NCC
13033,24394,24395,47110,47111,3.424989893191208e-8,NE_NCC
13034,24395,24396,47111,47112,3.426241706652944e-8,NE_NCC
13035,24396,24397,47112,47113,3.427493520165463e-8,NE_NCC
13036,24397,24398,47113,47114,3.4287453337266315e-8,NE_NCC
13037,24398,24399,47114,47115,3.429997147338522e-8,NE_NCC
13038,24399,24400,47115,47116,3.4312489610003234e-8,NE_NCC
13039,24400,24401,47116,47117,3.432500774712732e-8,NE_NCC
13040,24401,24402,47117,47118,3.433752588473575e-8,NE_NCC
13041,24402,24403,47118,47119,3.4350044022848886e-8,NE_NCC
13042,24403,24404,47119,47120,3.436256216146624e-8,NE_NCC
13043,24404,24405,47120,47121,3.4375080300566347e-8,NE_NCC
13044,24405,24406,47121,47122,3.438759844016974e-8,NE_NCC
13045,24406,24407,47122,47123,3.4400116580275486e-8,NE_NCC
13046,24407,24408,47123,47124,3.441263472086252e-8,NE_NCC
13047,24408,24409,47124,47125,3.442515286195108e-8,NE_NCC
13048,24409,24410,47125,47126,3.4437671003533396e-8,NE_NCC
13049,24410,24411,47126,47127,3.4450189145616456e-8,NE_NCC
13050,24411,24412,47127,47128,3.4462707288178335e-8,NE_NCC
13051,24412,24413,47128,47129,3.447522543123947e-8,NE_NCC
13052,24413,24414,47129,47130,3.4487743574799633e-8,NE_NCC
13053,24414,24415,47130,47131,3.450026171883701e-8,NE_NCC
13054,24415,24416,47131,47132,3.451277986337223e-8,NE_NCC
13055,24416,24417,47132,47133,3.452529800840461e-8,NE_NCC
13056,24417,24418,47133,47134,3.4537816153912725e-8,NE_NCC
13057,24418,24419,47134,47135,3.4550334299917064e-8,NE_NCC
13058,24419,24420,47135,47136,3.456285244641704e-8,NE_NCC
13059,24420,24421,47136,47137,3.45753705933911e-8,NE_NCC
13060,24421,24422,47137,47138,3.4587888740859706e-8,NE_NCC
13061,24422,24423,47138,47139,3.460040688881543e-8,NE_NCC
13062,24423,24424,47139,47140,3.4612925037264705e-8,NE_NCC
13063,24424,24425,47140,47141,3.462544318618589e-8,NE_NCC
13064,24425,24426,47141,47142,3.463796133559962e-8,NE_NCC
13065,24426,24427,47142,47143,3.4650479485505316e-8,NE_NCC
13066,24427,24428,47143,47144,3.466299763588134e-8,NE_NCC
13067,24428,24429,47144,47145,3.467551578674832e-8,NE_NCC
13068,24429,24430,47145,47146,3.46880339381057e-8,NE_NCC
13069,24430,24431,47146,47147,3.4700552089931854e-8,NE_NCC
13070,24431,24432,47147,47148,3.471307024224738e-8,NE_NCC
13071,24432,24433,47148,47149,3.472558839505176e-8,NE_NCC
13072,24433,24434,47149,47150,3.4738106548323335e-8,NE_NCC
13073,24434,24435,47150,47151,3.475062470208266e-8,NE_NCC
13074,24435,24436,47151,47152,3.4763142856322295e-8,NE_NCC
13075,24436,24437,47152,47153,3.4775661011048725e-8,NE_NCC
13076,24437,24438,47153,47154,3.478817916624022e-8,NE_NCC
13077,24438,24439,47154,47155,3.480069732191744e-8,NE_NCC
13078,24439,24440,47155,47156,3.4813215478080034e-8,NE_NCC
13079,24440,24441,47156,47157,3.482573363470584e-8,NE_NCC
13080,24441,24442,47157,47158,3.483825179181623e-8,NE_NCC
13081,24442,24443,47158,47159,3.485076994941022e-8,NE_NCC
13082,24443,24444,47159,47160,3.486328810746601e-8,NE_NCC
13083,24444,24445,47160,47161,3.48758062660046e-8,NE_NCC
13084,24445,24446,47161,47162,3.488832442501818e-8,NE_NCC
13085,24446,24447,47162,47163,3.490084258451363e-8,NE_NCC
13086,24447,24448,47163,47164,3.491336074446885e-8,NE_NCC
13087,24448,24449,47164,47165,3.4925878904904745e-8,NE_NCC
13088,24449,24450,47165,47166,3.493839706582073e-8,NE_NCC
13089,24450,24451,47166,47167,3.495091522719514e-8,NE_NCC
13090,24451,24452,47167,47168,3.496343338904863e-8,NE_NCC
13091,24452,24453,47168,47169,3.497595155138084e-8,NE_NCC
13092,24453,24454,47169,47170,3.498846971416981e-8,NE_NCC
13093,24454,24455,47170,47171,3.50009878774363e-8,NE_NCC
13094,24455,24456,47171,47172,3.501350604118002e-8,NE_NCC
13095,24456,24457,47172,47173,3.502602420537903e-8,NE_NCC
13096,24457,24458,47173,47174,3.503854237005419e-8,NE_NCC
13097,24458,24459,47174,47175,3.5051060535197774e-8,NE_NCC
13098,24459,24460,47175,47176,3.5063578700816525e-8,NE_NCC
13099,24460,24461,47176,47177,3.507609686688851e-8,NE_NCC
13100,24461,24462,47177,47178,3.508861503343463e-8,NE_NCC
13101,24462,24463,47178,47179,3.51011332004544e-8,NE_NCC
13102,24463,24464,47179,47180,3.511365136792579e-8,NE_NCC
13103,24464,24465,47180,47181,3.512616953587005e-8,NE_NCC
13104,24465,24466,47181,47182,3.513868770428626e-8,NE_NCC
13105,24466,24467,47182,47183,3.515120587315275e-8,NE_NCC
13106,24467,24468,47183,47184,3.516372404249042e-8,NE_NCC
13107,24468,24469,47184,47185,3.517624221229873e-8,NE_NCC
13108,24469,24470,47185,47186,3.518876038255575e-8,NE_NCC
13109,24470,24471,47186,47187,3.520127855328249e-8,NE_NCC
13110,24471,24472,47187,47188,3.5213796724471245e-8,NE_NCC
13111,24472,24473,47188,47189,3.5226314896128705e-8,NE_NCC
13112,24473,24474,47189,47190,3.523883306823288e-8,NE_NCC
13113,24474,24475,47190,47191,3.5251351240804795e-8,NE_NCC
13114,24475,24476,47191,47192,3.526386941384396e-8,NE_NCC
13115,24476,24477,47192,47193,3.527638758732837e-8,NE_NCC
13116,24477,24478,47193,47194,3.528890576127896e-8,NE_NCC
13117,24478,24479,47194,47195,3.530142393569543e-8,NE_NCC
13118,24479,24480,47195,47196,3.531394211055559e-8,NE_NCC
13119,24480,24481,47196,47197,3.532646028588062e-8,NE_NCC
13120,24481,24482,47197,47198,3.533897846166272e-8,NE_NCC
13121,24482,24483,47198,47199,3.535149663790871e-8,NE_NCC
13122,24483,24484,47199,47200,3.5364014814596485e-8,NE_NCC
13123,24484,24485,47200,47201,3.5376532991747166e-8,NE_NCC
13124,24485,24486,47201,47202,3.5389051169360194e-8,NE_NCC
13125,24486,24487,47202,47203,3.5401569347413554e-8,NE_NCC
13126,24487,24488,47203,47204,3.5414087525928435e-8,NE_NCC
13127,24488,24489,47204,47205,3.542660570490413e-8,NE_NCC
13128,24489,24490,47205,47206,3.5439123884318755e-8,NE_NCC
13129,24490,24491,47206,47207,3.545164206419341e-8,NE_NCC
13130,24491,24492,47207,47208,3.546416024452755e-8,NE_NCC
13131,24492,24493,47208,47209,3.547667842529922e-8,NE_NCC
13132,24493,24494,47209,47210,3.548919660652931e-8,NE_NCC
13133,24494,24495,47210,47211,3.550171478821021e-8,NE_NCC
13134,24495,24496,47211,47212,3.551423297034906e-8,NE_NCC
13135,24496,24497,47212,47213,3.552675115292313e-8,NE_NCC
13136,24497,24498,47213,47214,3.553926933595392e-8,NE_NCC
13137,24498,24499,47214,47215,3.5551787519441e-8,NE_NCC
13138,24499,24500,47215,47216,3.556430570336199e-8,NE_NCC
13139,24500,24501,47216,47217,3.557682388773843e-8,NE_NCC
13140,24501,24502,47217,47218,3.558934207256943e-8,NE_NCC
13141,24502,24503,47218,47219,3.5601860257833254e-8,NE_NCC
13142,24503,24504,47219,47220,3.561437844355075e-8,NE_NCC
13143,24504,24505,47220,47221,3.562689662972184e-8,NE_NCC
13144,24505,24506,47221,47222,3.5639414816323905e-8,NE_NCC
13145,24506,24507,47222,47223,3.565193300337854e-8,NE_NCC
13146,24507,24508,47223,47224,3.566445119087787e-8,NE_NCC
13147,24508,24509,47224,47225,3.567696937882879e-8,NE_NCC
13148,24509,24510,47225,47226,3.56894875672089e-8,NE_NCC
13149,24510,24511,47226,47227,3.5702005756039635e-8,NE_NCC
13150,24511,24512,47227,47228,3.5714523945320536e-8,NE_NCC
13151,24512,24513,47228,47229,3.572704213502924e-8,NE_NCC
13152,24513,24514,47229,47230,3.5739560325187224e-8,NE_NCC
13153,24514,24515,47230,47231,3.57520785157939e-8,NE_NCC
13154,24515,24516,47231,47232,3.5764596706827064e-8,NE_NCC
13155,24516,24517,47232,47233,3.577711489830802e-8,NE_NCC
13156,24517,24518,47233,47234,3.578963309023637e-8,NE_NCC
13157,24518,24519,47234,47235,3.580215128258976e-8,NE_NCC
13158,24519,24520,47235,47236,3.5814669475389596e-8,NE_NCC
13159,24520,24521,47236,47237,3.582718766862811e-8,NE_NCC
13160,24521,24522,47237,47238,3.5839705862312234e-8,NE_NCC
13161,24522,24523,47238,47239,3.585222405641946e-8,NE_NCC
13162,24523,24524,47239,47240,3.586474225097132e-8,NE_NCC
13163,24524,24525,47240,47241,3.5877260445967434e-8,NE_NCC
13164,24525,24526,47241,47242,3.588977864138528e-8,NE_NCC
13165,24526,24527,47242,47243,3.5902296837246396e-8,NE_NCC
13166,24527,24528,47243,47244,3.5914815033550206e-8,NE_NCC
13167,24528,24529,47244,47245,3.592733323027464e-8,NE_NCC
13168,24529,24530,47245,47246,3.593985142744084e-8,NE_NCC
13169,24530,24531,47246,47247,3.595236962504126e-8,NE_NCC
13170,24531,24532,47247,47248,3.596488782308257e-8,NE_NCC
13171,24532,24533,47248,47249,3.5977406021542505e-8,NE_NCC
13172,24533,24534,47249,47250,3.5989924220442583e-8,NE_NCC
13173,24534,24535,47250,47251,3.600244241978228e-8,NE_NCC
13174,24535,24536,47251,47252,3.60149606195391e-8,NE_NCC
13175,24536,24537,47252,47253,3.602747881973488e-8,NE_NCC
13176,24537,24538,47253,47254,3.6039997020368826e-8,NE_NCC
13177,24538,24539,47254,47255,3.605251522141859e-8,NE_NCC
13178,24539,24540,47255,47256,3.606503342290574e-8,NE_NCC
13179,24540,24541,47256,47257,3.607755162483008e-8,NE_NCC
13180,24541,24542,47257,47258,3.6090069827168794e-8,NE_NCC
13181,24542,24543,47258,47259,3.6102588029943525e-8,NE_NCC
13182,24543,24544,47259,47260,3.6115106233146464e-8,NE_NCC
13183,24544,24545,47260,47261,3.6127624436784884e-8,NE_NCC
13184,24545,24546,47261,47262,3.6140142640835743e-8,NE_NCC
13185,24546,24547,47262,47263,3.615266084532095e-8,NE_NCC
13186,24547,24548,47263,47264,3.6165179050240205e-8,NE_NCC
13187,24548,24549,47264,47265,3.617769725557057e-8,NE_NCC
13188,24549,24550,47265,47266,3.619021546133403e-8,NE_NCC
13189,24550,24551,47266,47267,3.620273366752281e-8,NE_NCC
13190,24551,24552,47267,47268,3.6215251874143455e-8,NE_NCC
13191,24552,24553,47268,47269,3.6227770081181105e-8,NE_NCC
13192,24553,24554,47269,47270,3.624028828862793e-8,NE_NCC
13193,24554,24555,47270,47271,3.625280649652769e-8,NE_NCC
13194,24555,24556,47271,47272,3.626532470483563e-8,NE_NCC
13195,24556,24557,47272,47273,3.627784291355142e-8,NE_NCC
13196,24557,24558,47273,47274,3.629036112271878e-8,NE_NCC
13197,24558,24559,47274,47275,3.630287933229308e-8,NE_NCC
13198,24559,24560,47275,47276,3.6315397542273823e-8,NE_NCC
13199,24560,24561,47276,47277,3.632791575270496e-8,NE_NCC
13200,24561,24562,47277,47278,3.634043396352686e-8,NE_NCC
13201,24562,24563,47278,47279,3.63529521747983e-8,NE_NCC
13202,24563,24564,47279,47280,3.636547038647444e-8,NE_NCC
13203,24564,24565,47280,47281,3.6377988598554806e-8,NE_NCC
13204,24565,24566,47281,47282,3.639050681108352e-8,NE_NCC
13205,24566,24567,47282,47283,3.6403025024015485e-8,NE_NCC
13206,24567,24568,47283,47284,3.6415543237350527e-8,NE_NCC
13207,24568,24569,47284,47285,3.6428061451132484e-8,NE_NCC
13208,24569,24570,47285,47286,3.6440579665316544e-8,NE_NCC
13209,24570,24571,47286,47287,3.6453097879902236e-8,NE_NCC
13210,24571,24572,47287,47288,3.646561609493373e-8,NE_NCC
13211,24572,24573,47288,47289,3.647813431036592e-8,NE_NCC
13212,24573,24574,47289,47290,3.64906525261985e-8,NE_NCC
13213,24574,24575,47290,47291,3.6503170742475485e-8,NE_NCC
13214,24575,24576,47291,47292,3.651568895915198e-8,NE_NCC
13215,24576,24577,47292,47293,3.652820717622769e-8,NE_NCC
13216,24577,24578,47293,47294,3.654072539374643e-8,NE_NCC
13217,24578,24579,47294,47295,3.6553243611663274e-8,NE_NCC
13218,24579,24580,47295,47296,3.656576182997812e-8,NE_NCC
13219,24580,24581,47296,47297,3.657828004873502e-8,NE_NCC
13220,24581,24582,47297,47298,3.6590798267888624e-8,NE_NCC
13221,24582,24583,47298,47299,3.660331648743863e-8,NE_NCC
13222,24583,24584,47299,47300,3.661583470742961e-8,NE_NCC
13223,24584,24585,47300,47301,3.6628352927801114e-8,NE_NCC
13224,24585,24586,47301,47302,3.6640871148612684e-8,NE_NCC
13225,24586,24587,47302,47303,3.6653389369819084e-8,NE_NCC
13226,24587,24588,47303,47304,3.666590759141954e-8,NE_NCC
13227,24588,24589,47304,47305,3.667842581345902e-8,NE_NCC
13228,24589,24590,47305,47306,3.669094403589187e-8,NE_NCC
13229,24590,24591,47306,47307,3.6703462258717634e-8,NE_NCC
13230,24591,24592,47307,47308,3.671598048198121e-8,NE_NCC
13231,24592,24593,47308,47309,3.672849870563676e-8,NE_NCC
13232,24593,24594,47309,47310,3.6741016929684255e-8,NE_NCC
13233,24594,24595,47310,47311,3.67535351541679e-8,NE_NCC
13234,24595,24596,47311,47312,3.6766053379042685e-8,NE_NCC
13235,24596,24597,47312,47313,3.6778571604307795e-8,NE_NCC
13236,24597,24598,47313,47314,3.679108983000809e-8,NE_NCC
13237,24598,24599,47314,47315,3.680360805609809e-8,NE_NCC
13238,24599,24600,47315,47316,3.681612628257748e-8,NE_NCC
13239,24600,24601,47316,47317,3.6828644509490494e-8,NE_NCC
13240,24601,24602,47317,47318,3.6841162736792116e-8,NE_NCC
13241,24602,24603,47318,47319,3.685368096448172e-8,NE_NCC
13242,24603,24604,47319,47320,3.686619919260402e-8,NE_NCC
13243,24604,24605,47320,47321,3.687871742111348e-8,NE_NCC
13244,24605,24606,47321,47322,3.689123565000977e-8,NE_NCC
13245,24606,24607,47322,47323,3.690375387933749e-8,NE_NCC
13246,24607,24608,47323,47324,3.691627210905119e-8,NE_NCC
13247,24608,24609,47324,47325,3.6928790339150436e-8,NE_NCC
13248,24609,24610,47325,47326,3.6941308569679915e-8,NE_NCC
13249,24610,24611,47326,47327,3.6953826800579125e-8,NE_NCC
13250,24611,24612,47327,47328,3.6966345031907767e-8,NE_NCC
13251,24612,24613,47328,47329,3.697886326362034e-8,NE_NCC
13252,24613,24614,47329,47330,3.699138149571639e-8,NE_NCC
13253,24614,24615,47330,47331,3.70038997282408e-8,NE_NCC
13254,24615,24616,47331,47332,3.7016417961147737e-8,NE_NCC
13255,24616,24617,47332,47333,3.7028936194437055e-8,NE_NCC
13256,24617,24618,47333,47334,3.704145442815345e-8,NE_NCC
13257,24618,24619,47334,47335,3.705397266225128e-8,NE_NCC
13258,24619,24620,47335,47336,3.706649089673021e-8,NE_NCC
13259,24620,24621,47336,47337,3.7079009131634906e-8,NE_NCC
13260,24621,24622,47337,47338,3.709152736692013e-8,NE_NCC
13261,24622,24623,47338,47339,3.710404560258498e-8,NE_NCC
13262,24623,24624,47339,47340,3.71165638386745e-8,NE_NCC
13263,24624,24625,47340,47341,3.712908207514326e-8,NE_NCC
13264,24625,24626,47341,47342,3.714160031199058e-8,NE_NCC
13265,24626,24627,47342,47343,3.715411854926149e-8,NE_NCC
13266,24627,24628,47343,47344,3.716663678691002e-8,NE_NCC
13267,24628,24629,47344,47345,3.717915502493619e-8,NE_NCC
13268,24629,24630,47345,47346,3.7191673263384734e-8,NE_NCC
13269,24630,24631,47346,47347,3.720419150220996e-8,NE_NCC
13270,24631,24632,47347,47348,3.72167097414112e-8,NE_NCC
13271,24632,24633,47348,47349,3.7229227981033935e-8,NE_NCC
13272,24633,24634,47349,47350,3.724174622101664e-8,NE_NCC
13273,24634,24635,47350,47351,3.725426446142014e-8,NE_NCC
13274,24635,24636,47351,47352,3.726678270219799e-8,NE_NCC
13275,24636,24637,47352,47353,3.7279300943350436e-8,NE_NCC
13276,24637,24638,47353,47354,3.729181918492182e-8,NE_NCC
13277,24638,24639,47354,47355,3.730433742686683e-8,NE_NCC
13278,24639,24640,47355,47356,3.731685566918492e-8,NE_NCC
13279,24640,24641,47356,47357,3.732937391192112e-8,NE_NCC
13280,24641,24642,47357,47358,3.734189215502948e-8,NE_NCC
13281,24642,24643,47358,47359,3.735441039850989e-8,NE_NCC
13282,24643,24644,47359,47360,3.736692864240725e-8,NE_NCC
13283,24644,24645,47360,47361,3.7379446886675634e-8,NE_NCC
13284,24645,24646,47361,47362,3.739196513131479e-8,NE_NCC
13285,24646,24647,47362,47363,3.74044833763698e-8,NE_NCC
13286,24647,24648,47363,47364,3.741700162179468e-8,NE_NCC
13287,24648,24649,47364,47365,3.7429519867589114e-8,NE_NCC
13288,24649,24650,47365,47366,3.7442038113798285e-8,NE_NCC
13289,24650,24651,47366,47367,3.745455636037623e-8,NE_NCC
13290,24651,24652,47367,47368,3.7467074607322436e-8,NE_NCC
13291,24652,24653,47368,47369,3.747959285468235e-8,NE_NCC
13292,24653,24654,47369,47370,3.74921111024098e-8,NE_NCC
13293,24654,24655,47370,47371,3.75046293505044e-8,NE_NCC
13294,24655,24656,47371,47372,3.751714759901155e-8,NE_NCC
13295,24656,24657,47372,47373,3.752966584786979e-8,NE_NCC
13296,24657,24658,47373,47374,3.754218409713991e-8,NE_NCC
13297,24658,24659,47374,47375,3.7554702346775585e-8,NE_NCC
13298,24659,24660,47375,47376,3.756722059677645e-8,NE_NCC
13299,24660,24661,47376,47377,3.757973884718808e-8,NE_NCC
13300,24661,24662,47377,47378,3.7592257097964134e-8,NE_NCC
13301,24662,24663,47378,47379,3.7604775349104314e-8,NE_NCC
13302,24663,24664,47379,47380,3.761729360065381e-8,NE_NCC
13303,24664,24665,47380,47381,3.762981185256702e-8,NE_NCC
13304,24665,24666,47381,47382,3.7642330104842846e-8,NE_NCC
13305,24666,24667,47382,47383,3.765484835752731e-8,NE_NCC
13306,24667,24668,47383,47384,3.7667366610573847e-8,NE_NCC
13307,24668,24669,47384,47385,3.767988486398208e-8,NE_NCC
13308,24669,24670,47385,47386,3.769240311779793e-8,NE_NCC
13309,24670,24671,47386,47387,3.770492137197462e-8,NE_NCC
13310,24671,24672,47387,47388,3.771743962651205e-8,NE_NCC
13311,24672,24673,47388,47389,3.772995788145547e-8,NE_NCC
13312,24673,24674,47389,47390,3.774247613675913e-8,NE_NCC
13313,24674,24675,47390,47391,3.775499439242239e-8,NE_NCC
13314,24675,24676,47391,47392,3.776751264849023e-8,NE_NCC
13315,24676,24677,47392,47393,3.7780030904917274e-8,NE_NCC
13316,24677,24678,47393,47394,3.779254916170278e-8,NE_NCC
13317,24678,24679,47394,47395,3.780506741889211e-8,NE_NCC
13318,24679,24680,47395,47396,3.781758567643926e-8,NE_NCC
13319,24680,24681,47396,47397,3.78301039343434e-8,NE_NCC
13320,24681,24682,47397,47398,3.784262219265085e-8,NE_NCC
13321,24682,24683,47398,47399,3.785514045129926e-8,NE_NCC
13322,24683,24684,47399,47400,3.786765871034991e-8,NE_NCC
13323,24684,24685,47400,47401,3.7880176969756516e-8,NE_NCC
13324,24685,24686,47401,47402,3.789269522951821e-8,NE_NCC
13325,24686,24687,47402,47403,3.790521348968144e-8,NE_NCC
13326,24687,24688,47403,47404,3.79177317501991e-8,NE_NCC
13327,24688,24689,47404,47405,3.793025001107105e-8,NE_NCC
13328,24689,24690,47405,47406,3.794276827234315e-8,NE_NCC
13329,24690,24691,47406,47407,3.795528653396887e-8,NE_NCC
13330,24691,24692,47407,47408,3.7967804795947586e-8,NE_NCC
13331,24692,24693,47408,47409,3.798032305832554e-8,NE_NCC
13332,24693,24694,47409,47410,3.799284132105584e-8,NE_NCC
13333,24694,24695,47410,47411,3.800535958413814e-8,NE_NCC
13334,24695,24696,47411,47412,3.801787784761854e-8,NE_NCC
13335,24696,24697,47412,47413,3.803039611145023e-8,NE_NCC
13336,24697,24698,47413,47414,3.804291437563283e-8,NE_NCC
13337,24698,24699,47414,47415,3.805543264021246e-8,NE_NCC
13338,24699,24700,47415,47416,3.806795090514224e-8,NE_NCC
13339,24700,24701,47416,47417,3.808046917042189e-8,NE_NCC
13340,24701,24702,47417,47418,3.809298743609748e-8,NE_NCC
13341,24702,24703,47418,47419,3.8105505702122155e-8,NE_NCC
13342,24703,24704,47419,47420,3.811802396849552e-8,NE_NCC
13343,24704,24705,47420,47421,3.813054223526388e-8,NE_NCC
13344,24705,24706,47421,47422,3.8143060502364745e-8,NE_NCC
13345,24706,24707,47422,47423,3.815557876985974e-8,NE_NCC
13346,24707,24708,47423,47424,3.816809703770194e-8,NE_NCC
13347,24708,24709,47424,47425,3.8180615305891214e-8,NE_NCC
13348,24709,24710,47425,47426,3.8193133574473616e-8,NE_NCC
13349,24710,24711,47426,47427,3.820565184340225e-8,NE_NCC
13350,24711,24712,47427,47428,3.821817011267662e-8,NE_NCC
13351,24712,24713,47428,47429,3.8230688382343175e-8,NE_NCC
13352,24713,24714,47429,47430,3.8243206652354845e-8,NE_NCC
13353,24714,24715,47430,47431,3.825572492271122e-8,NE_NCC
13354,24715,24716,47431,47432,3.826824319345882e-8,NE_NCC
13355,24716,24717,47432,47433,3.8280761464550426e-8,NE_NCC
13356,24717,24718,47433,47434,3.82932797359856e-8,NE_NCC
13357,24718,24719,47434,47435,3.830579800781088e-8,NE_NCC
13358,24719,24720,47435,47436,3.831831627997924e-8,NE_NCC
13359,24720,24721,47436,47437,3.8330834552490046e-8,NE_NCC
13360,24721,24722,47437,47438,3.8343352825390065e-8,NE_NCC
13361,24722,24723,47438,47439,3.835587109863188e-8,NE_NCC
13362,24723,24724,47439,47440,3.836838937221544e-8,NE_NCC
13363,24724,24725,47440,47441,3.8380907646186816e-8,NE_NCC
13364,24725,24726,47441,47442,3.839342592049893e-8,NE_NCC
13365,24726,24727,47442,47443,3.840594419515172e-8,NE_NCC
13366,24727,24728,47443,47444,3.8418462470191624e-8,NE_NCC
13367,24728,24729,47444,47445,3.843098074555545e-8,NE_NCC
13368,24729,24730,47445,47446,3.8443499021305684e-8,NE_NCC
13369,24730,24731,47446,47447,3.845601729739496e-8,NE_NCC
13370,24731,24732,47447,47448,3.846853557382312e-8,NE_NCC
13371,24732,24733,47448,47449,3.848105385063649e-8,NE_NCC
13372,24733,24734,47449,47450,3.849357212778784e-8,NE_NCC
13373,24734,24735,47450,47451,3.850609040527689e-8,NE_NCC
13374,24735,24736,47451,47452,3.851860868315034e-8,NE_NCC
13375,24736,24737,47452,47453,3.853112696136072e-8,NE_NCC
13376,24737,24738,47453,47454,3.8543645239907637e-8,NE_NCC
13377,24738,24739,47454,47455,3.855616351883801e-8,NE_NCC
13378,24739,24740,47455,47456,3.856868179810424e-8,NE_NCC
13379,24740,24741,47456,47457,3.858120007770608e-8,NE_NCC
13380,24741,24742,47457,47458,3.859371835769024e-8,NE_NCC
13381,24742,24743,47458,47459,3.860623663800929e-8,NE_NCC
13382,24743,24744,47459,47460,3.8618754918662855e-8,NE_NCC
13383,24744,24745,47460,47461,3.8631273199697806e-8,NE_NCC
13384,24745,24746,47461,47462,3.864379148106658e-8,NE_NCC
13385,24746,24747,47462,47463,3.865630976276887e-8,NE_NCC
13386,24747,24748,47463,47464,3.866882804485146e-8,NE_NCC
13387,24748,24749,47464,47465,3.8681346327266934e-8,NE_NCC
13388,24749,24750,47465,47466,3.8693864610014896e-8,NE_NCC
13389,24750,24751,47466,47467,3.870638289314215e-8,NE_NCC
13390,24751,24752,47467,47468,3.871890117660119e-8,NE_NCC
13391,24752,24753,47468,47469,3.873141946039178e-8,NE_NCC
13392,24753,24754,47469,47470,3.874393774456067e-8,NE_NCC
13393,24754,24755,47470,47471,3.8756456029044495e-8,NE_NCC
13394,24755,24756,47471,47472,3.8768974313906214e-8,NE_NCC
13395,24756,24757,47472,47473,3.8781492599097906e-8,NE_NCC
13396,24757,24758,47473,47474,3.879401088461948e-8,NE_NCC
13397,24758,24759,47474,47475,3.880652917051747e-8,NE_NCC
13398,24759,24760,47475,47476,3.881904745674496e-8,NE_NCC
13399,24760,24761,47476,47477,3.883156574330099e-8,NE_NCC
13400,24761,24762,47477,47478,3.884408403023269e-8,NE_NCC
13401,24762,24763,47478,47479,3.885660231749262e-8,NE_NCC
13402,24763,24764,47479,47480,3.8869120605080203e-8,NE_NCC
13403,24764,24765,47480,47481,3.888163889304247e-8,NE_NCC
13404,24765,24766,47481,47482,3.889415718133198e-8,NE_NCC
13405,24766,24767,47482,47483,3.8906675469948224e-8,NE_NCC
13406,24767,24768,47483,47484,3.89191937589381e-8,NE_NCC
13407,24768,24769,47484,47485,3.893171204825416e-8,NE_NCC
13408,24769,24770,47485,47486,3.894423033789585e-8,NE_NCC
13409,24770,24771,47486,47487,3.895674862791045e-8,NE_NCC
13410,24771,24772,47487,47488,3.896926691825014e-8,NE_NCC
13411,24772,24773,47488,47489,3.898178520891452e-8,NE_NCC
13412,24773,24774,47489,47490,3.8994303499950827e-8,NE_NCC
13413,24774,24775,47490,47491,3.900682179131112e-8,NE_NCC
13414,24775,24776,47491,47492,3.90193400829951e-8,NE_NCC
13415,24776,24777,47492,47493,3.903185837505026e-8,NE_NCC
13416,24777,24778,47493,47494,3.904437666741238e-8,NE_NCC
13417,24778,24779,47494,47495,3.90568949601449e-8,NE_NCC
13418,24779,24780,47495,47496,3.906941325319984e-8,NE_NCC
13419,24780,24781,47496,47497,3.9081931546576755e-8,NE_NCC
13420,24781,24782,47497,47498,3.909444984032319e-8,NE_NCC
13421,24782,24783,47498,47499,3.910696813439095e-8,NE_NCC
13422,24783,24784,47499,47500,3.911948642877976e-8,NE_NCC
13423,24784,24785,47500,47501,3.913200472353705e-8,NE_NCC
13424,24785,24786,47501,47502,3.914452301861477e-8,NE_NCC
13425,24786,24787,47502,47503,3.915704131401252e-8,NE_NCC
13426,24787,24788,47503,47504,3.916955960977784e-8,NE_NCC
13427,24788,24789,47504,47505,3.918207790586258e-8,NE_NCC
13428,24789,24790,47505,47506,3.919459620226638e-8,NE_NCC
13429,24790,24791,47506,47507,3.920711449903682e-8,NE_NCC
13430,24791,24792,47507,47508,3.921963279612574e-8,NE_NCC
13431,24792,24793,47508,47509,3.923215109353263e-8,NE_NCC
13432,24793,24794,47509,47510,3.924466939130529e-8,NE_NCC
13433,24794,24795,47510,47511,3.925718768939549e-8,NE_NCC
13434,24795,24796,47511,47512,3.926970598780274e-8,NE_NCC
13435,24796,24797,47512,47513,3.928222428657469e-8,NE_NCC
13436,24797,24798,47513,47514,3.929474258566326e-8,NE_NCC
13437,24798,24799,47514,47515,3.9307260885067995e-8,NE_NCC
13438,24799,24800,47515,47516,3.9319779184836356e-8,NE_NCC
13439,24800,24801,47516,47517,3.933229748492055e-8,NE_NCC
13440,24801,24802,47517,47518,3.9344815785319804e-8,NE_NCC
13441,24802,24803,47518,47519,3.9357334086081834e-8,NE_NCC
13442,24803,24804,47519,47520,3.936985238714258e-8,NE_NCC
13443,24804,24805,47520,47521,3.938237068856559e-8,NE_NCC
13444,24805,24806,47521,47522,3.939488899030263e-8,NE_NCC
13445,24806,24807,47522,47523,3.940740729235305e-8,NE_NCC
13446,24807,24808,47523,47524,3.941992559476496e-8,NE_NCC
13447,24808,24809,47524,47525,3.943244389749e-8,NE_NCC
13448,24809,24810,47525,47526,3.944496220052742e-8,NE_NCC
13449,24810,24811,47526,47527,3.9457480503925524e-8,NE_NCC
13450,24811,24812,47527,47528,3.946999880763551e-8,NE_NCC
13451,24812,24813,47528,47529,3.948251711165707e-8,NE_NCC
13452,24813,24814,47529,47530,3.949503541603859e-8,NE_NCC
13453,24814,24815,47530,47531,3.950755372073083e-8,NE_NCC
13454,24815,24816,47531,47532,3.952007202573401e-8,NE_NCC
13455,24816,24817,47532,47533,3.953259033109574e-8,NE_NCC
13456,24817,24818,47533,47534,3.9545108636767675e-8,NE_NCC
13457,24818,24819,47534,47535,3.955762694274942e-8,NE_NCC
13458,24819,24820,47535,47536,3.957014524908885e-8,NE_NCC
13459,24820,24821,47536,47537,3.9582663555737496e-8,NE_NCC
13460,24821,24822,47537,47538,3.9595181862694924e-8,NE_NCC
13461,24822,24823,47538,47539,3.960770017000925e-8,NE_NCC
13462,24823,24824,47539,47540,3.962021847763199e-8,NE_NCC
13463,24824,24825,47540,47541,3.963273678556247e-8,NE_NCC
13464,24825,24826,47541,47542,3.964525509384901e-8,NE_NCC
13465,24826,24827,47542,47543,3.965777340242663e-8,NE_NCC
13466,24827,24828,47543,47544,3.967029171135976e-8,NE_NCC
13467,24828,24829,47544,47545,3.96828100205995e-8,NE_NCC
13468,24829,24830,47545,47546,3.969532833014561e-8,NE_NCC
13469,24830,24831,47546,47547,3.970784664004623e-8,NE_NCC
13470,24831,24832,47547,47548,3.97203649502526e-8,NE_NCC
13471,24832,24833,47548,47549,3.973288326076439e-8,NE_NCC
13472,24833,24834,47549,47550,3.974540157162982e-8,NE_NCC
13473,24834,24835,47550,47551,3.975791988280007e-8,NE_NCC
13474,24835,24836,47551,47552,3.9770438194274834e-8,NE_NCC
13475,24836,24837,47552,47553,3.9782956506102264e-8,NE_NCC
13476,24837,24838,47553,47554,3.979547481823373e-8,NE_NCC
13477,24838,24839,47554,47555,3.980799313066865e-8,NE_NCC
13478,24839,24840,47555,47556,3.982051144345553e-8,NE_NCC
13479,24840,24841,47556,47557,3.983302975654543e-8,NE_NCC
13480,24841,24842,47557,47558,3.9845548069937796e-8,NE_NCC
13481,24842,24843,47558,47559,3.9858066383681374e-8,NE_NCC
13482,24843,24844,47559,47560,3.9870584697726866e-8,NE_NCC
13483,24844,24845,47560,47561,3.9883103012074227e-8,NE_NCC
13484,24845,24846,47561,47562,3.9895621326771656e-8,NE_NCC
13485,24846,24847,47562,47563,3.99081396417702e-8,NE_NCC
13486,24847,24848,47563,47564,3.9920657957069605e-8,NE_NCC
13487,24848,24849,47564,47565,3.993317627271834e-8,NE_NCC
13488,24849,24850,47565,47566,3.9945694588651033e-8,NE_NCC
13489,24850,24851,47566,47567,3.9958212904932256e-8,NE_NCC
13490,24851,24852,47567,47568,3.9970731221513315e-8,NE_NCC
13491,24852,24853,47568,47569,3.998324953839371e-8,NE_NCC
13492,24853,24854,47569,47570,3.999576785562176e-8,NE_NCC
13493,24854,24855,47570,47571,4.000828617314861e-8,NE_NCC
13494,24855,24856,47571,47572,4.002080449097395e-8,NE_NCC
13495,24856,24857,47572,47573,4.003332280914634e-8,NE_NCC
13496,24857,24858,47573,47574,4.0045841127616286e-8,NE_NCC
13497,24858,24859,47574,47575,4.0058359446383987e-8,NE_NCC
13498,24859,24860,47575,47576,4.0070877765497714e-8,NE_NCC
13499,24860,24861,47576,47577,4.00833960849083e-8,NE_NCC
13500,24861,24862,47577,47578,4.009591440461572e-8,NE_NCC
13501,24862,24863,47578,47579,4.010843272466824e-8,NE_NCC
13502,24863,24864,47579,47580,4.01209510450168e-8,NE_NCC
13503,24864,24865,47580,47581,4.013346936566124e-8,NE_NCC
13504,24865,24866,47581,47582,4.014598768664995e-8,NE_NCC
13505,24866,24867,47582,47583,4.015850600793391e-8,NE_NCC
13506,24867,24868,47583,47584,4.0171024329512496e-8,NE_NCC
13507,24868,24869,47584,47585,4.0183542651435024e-8,NE_NCC
13508,24869,24870,47585,47586,4.01960609736515e-8,NE_NCC
13509,24870,24871,47586,47587,4.020857929616208e-8,NE_NCC
13510,24871,24872,47587,47588,4.022109761901536e-8,NE_NCC
13511,24872,24873,47588,47589,4.023361594216205e-8,NE_NCC
13512,24873,24874,47589,47590,4.024613426560174e-8,NE_NCC
13513,24874,24875,47590,47591,4.02586525893834e-8,NE_NCC
13514,24875,24876,47591,47592,4.027117091344114e-8,NE_NCC
13515,24876,24877,47592,47593,4.028368923784025e-8,NE_NCC
13516,24877,24878,47593,47594,4.029620756253125e-8,NE_NCC
13517,24878,24879,47594,47595,4.030872588751384e-8,NE_NCC
13518,24879,24880,47595,47596,4.0321244212837005e-8,NE_NCC
13519,24880,24881,47596,47597,4.033376253845113e-8,NE_NCC
13520,24881,24882,47597,47598,4.034628086435602e-8,NE_NCC
13521,24882,24883,47598,47599,4.035879919060065e-8,NE_NCC
13522,24883,24884,47599,47600,4.037131751713537e-8,NE_NCC
13523,24884,24885,47600,47601,4.0383835843959955e-8,NE_NCC
13524,24885,24886,47601,47602,4.0396354171123353e-8,NE_NCC
13525,24886,24887,47602,47603,4.040887249857622e-8,NE_NCC
13526,24887,24888,47603,47604,4.042139082631795e-8,NE_NCC
13527,24888,24889,47604,47605,4.0433909154397726e-8,NE_NCC
13528,24889,24890,47605,47606,4.0446427482765936e-8,NE_NCC
13529,24890,24891,47606,47607,4.0458945811422297e-8,NE_NCC
13530,24891,24892,47607,47608,4.0471464140415776e-8,NE_NCC
13531,24892,24893,47608,47609,4.0483982469696863e-8,NE_NCC
13532,24893,24894,47609,47610,4.049650079926547e-8,NE_NCC
13533,24894,24895,47610,47611,4.0509019129170055e-8,NE_NCC
13534,24895,24896,47611,47612,4.0521537459361556e-8,NE_NCC
13535,24896,24897,47612,47613,4.0534055789839686e-8,NE_NCC
13536,24897,24898,47613,47614,4.0546574120652977e-8,NE_NCC
13537,24898,24899,47614,47615,4.055909245173598e-8,NE_NCC
13538,24899,24900,47615,47616,4.0571610783153735e-8,NE_NCC
13539,24900,24901,47616,47617,4.0584129114856966e-8,NE_NCC
13540,24901,24902,47617,47618,4.0596647446845163e-8,NE_NCC
13541,24902,24903,47618,47619,4.060916577916745e-8,NE_NCC
13542,24903,24904,47619,47620,4.062168411177434e-8,NE_NCC
13543,24904,24905,47620,47621,4.063420244466532e-8,NE_NCC
13544,24905,24906,47621,47622,4.064672077788968e-8,NE_NCC
13545,24906,24907,47622,47623,4.065923911139775e-8,NE_NCC
13546,24907,24908,47623,47624,4.067175744518887e-8,NE_NCC
13547,24908,24909,47624,47625,4.0684275779312836e-8,NE_NCC
13548,24909,24910,47625,47626,4.069679411371948e-8,NE_NCC
13549,24910,24911,47626,47627,4.0709312448408506e-8,NE_NCC
13550,24911,24912,47627,47628,4.07218307834295e-8,NE_NCC
13551,24912,24913,47628,47629,4.073434911873224e-8,NE_NCC
13552,24913,24914,47629,47630,4.0746867454316644e-8,NE_NCC
13553,24914,24915,47630,47631,4.075938579023209e-8,NE_NCC
13554,24915,24916,47631,47632,4.077190412642865e-8,NE_NCC
13555,24916,24917,47632,47633,4.078442246290587e-8,NE_NCC
13556,24917,24918,47633,47634,4.079694079971342e-8,NE_NCC
13557,24918,24919,47634,47635,4.080945913680111e-8,NE_NCC
13558,24919,24920,47635,47636,4.082197747416877e-8,NE_NCC
13559,24920,24921,47636,47637,4.0834495811865895e-8,NE_NCC
13560,24921,24922,47637,47638,4.084701414982577e-8,NE_NCC
13561,24922,24923,47638,47639,4.08595324881146e-8,NE_NCC
13562,24923,24924,47639,47640,4.087205082668226e-8,NE_NCC
13563,24924,24925,47640,47641,4.0884569165528426e-8,NE_NCC
13564,24925,24926,47641,47642,4.089708750470281e-8,NE_NCC
13565,24926,24927,47642,47643,4.0909605844155156e-8,NE_NCC
13566,24927,24928,47643,47644,4.0922124183885176e-8,NE_NCC
13567,24928,24929,47644,47645,4.093464252394266e-8,NE_NCC
13568,24929,24930,47645,47646,4.0947160864277255e-8,NE_NCC
13569,24930,24931,47646,47647,4.0959679204888744e-8,NE_NCC
13570,24931,24932,47647,47648,4.097219754582683e-8,NE_NCC
13571,24932,24933,47648,47649,4.09847158870413e-8,NE_NCC
13572,24933,24934,47649,47650,4.099723422853189e-8,NE_NCC
13573,24934,24935,47650,47651,4.1009752570348095e-8,NE_NCC
13574,24935,24936,47651,47652,4.102227091244005e-8,NE_NCC
13575,24936,24937,47652,47653,4.103478925480711e-8,NE_NCC
13576,24937,24938,47653,47654,4.10473075974993e-8,NE_NCC
13577,24938,24939,47654,47655,4.105982594046624e-8,NE_NCC
13578,24939,24940,47655,47656,4.1072344283707554e-8,NE_NCC
13579,24940,24941,47656,47657,4.108486262727303e-8,NE_NCC
13580,24941,24942,47657,47658,4.109738097111276e-8,NE_NCC
13581,24942,24943,47658,47659,4.110989931522562e-8,NE_NCC
13582,24943,24944,47659,47660,4.11224176596624e-8,NE_NCC
13583,24944,24945,47660,47661,4.1134936004372077e-8,NE_NCC
13584,24945,24946,47661,47662,4.114745434935472e-8,NE_NCC
13585,24946,24947,47662,47663,4.115997269465995e-8,NE_NCC
13586,24947,24948,47663,47664,4.117249104022082e-8,NE_NCC
13587,24948,24949,47664,47665,4.11850093861038e-8,NE_NCC
13588,24949,24950,47665,47666,4.1197527732258654e-8,NE_NCC
13589,24950,24951,47666,47667,4.121004607868499e-8,NE_NCC
13590,24951,24952,47667,47668,4.122256442543274e-8,NE_NCC
13591,24952,24953,47668,47669,4.1235082772451476e-8,NE_NCC
13592,24953,24954,47669,47670,4.124760111974092e-8,NE_NCC
13593,24954,24955,47670,47671,4.1260119467350913e-8,NE_NCC
13594,24955,24956,47671,47672,4.127263781523129e-8,NE_NCC
13595,24956,24957,47672,47673,4.128515616338143e-8,NE_NCC
13596,24957,24958,47673,47674,4.129767451185149e-8,NE_NCC
13597,24958,24959,47674,47675,4.1310192860590946e-8,NE_NCC
13598,24959,24960,47675,47676,4.1322711209599464e-8,NE_NCC
13599,24960,24961,47676,47677,4.1335229558927226e-8,NE_NCC
13600,24961,24962,47677,47678,4.134774790852355e-8,NE_NCC
13601,24962,24963,47678,47679,4.13602662583881e-8,NE_NCC
13602,24963,24964,47679,47680,4.137278460857122e-8,NE_NCC
13603,24964,24965,47680,47681,4.138530295902203e-8,NE_NCC
13604,24965,24966,47681,47682,4.1397821309740325e-8,NE_NCC
13605,24966,24967,47682,47683,4.14103396607764e-8,NE_NCC
13606,24967,24968,47683,47684,4.142285801207943e-8,NE_NCC
13607,24968,24969,47684,47685,4.143537636364914e-8,NE_NCC
13608,24969,24970,47685,47686,4.144789471553586e-8,NE_NCC
13609,24970,24971,47686,47687,4.14604130676719e-8,NE_NCC
13610,24971,24972,47687,47688,4.14729314201245e-8,NE_NCC
13611,24972,24973,47688,47689,4.148544977284266e-8,NE_NCC
13612,24973,24974,47689,47690,4.149796812582625e-8,NE_NCC
13613,24974,24975,47690,47691,4.151048647912565e-8,NE_NCC
13614,24975,24976,47691,47692,4.15230048326899e-8,NE_NCC
13615,24976,24977,47692,47693,4.1535523186518745e-8,NE_NCC
13616,24977,24978,47693,47694,4.154804154066262e-8,NE_NCC
13617,24978,24979,47694,47695,4.15605598950707e-8,NE_NCC
13618,24979,24980,47695,47696,4.1573078249742506e-8,NE_NCC
13619,24980,24981,47696,47697,4.158559660472864e-8,NE_NCC
13620,24981,24982,47697,47698,4.15981149599782e-8,NE_NCC
13621,24982,24983,47698,47699,4.1610633315490563e-8,NE_NCC
13622,24983,24984,47699,47700,4.162315167131664e-8,NE_NCC
13623,24984,24985,47700,47701,4.1635670027405497e-8,NE_NCC
13624,24985,24986,47701,47702,4.1648188383756354e-8,NE_NCC
13625,24986,24987,47702,47703,4.166070674042003e-8,NE_NCC
13626,24987,24988,47703,47704,4.167322509734583e-8,NE_NCC
13627,24988,24989,47704,47705,4.1685743454532644e-8,NE_NCC
13628,24989,24990,47705,47706,4.169826181203208e-8,NE_NCC
13629,24990,24991,47706,47707,4.171078016979208e-8,NE_NCC
13630,24991,24992,47707,47708,4.1723298527813405e-8,NE_NCC
13631,24992,24993,47708,47709,4.1735816886145506e-8,NE_NCC
13632,24993,24994,47709,47710,4.17483352447213e-8,NE_NCC
13633,24994,24995,47710,47711,4.176085360360791e-8,NE_NCC
13634,24995,24996,47711,47712,4.177337196275409e-8,NE_NCC
13635,24996,24997,47712,47713,4.1785890322160054e-8,NE_NCC
13636,24997,24998,47713,47714,4.179840868187601e-8,NE_NCC
13637,24998,24999,47714,47715,4.181092704185111e-8,NE_NCC
13638,24999,25000,47715,47716,4.182344540208479e-8,NE_NCC
13639,25000,25001,47716,47717,4.183596376262793e-8,NE_NCC
13640,25001,25002,47717,47718,4.1848482123429535e-8,NE_NCC
13641,25002,25003,47718,47719,4.186100048448874e-8,NE_NCC
13642,25003,25004,47719,47720,4.187351884585708e-8,NE_NCC
13643,25004,25005,47720,47721,4.1886037207482736e-8,NE_NCC
13644,25005,25006,47721,47722,4.189855556936557e-8,NE_NCC
13645,25006,25007,47722,47723,4.1911073931556596e-8,NE_NCC
13646,25007,25008,47723,47724,4.19235922940042e-8,NE_NCC
13647,25008,25009,47724,47725,4.1936110656708364e-8,NE_NCC
13648,25009,25010,47725,47726,4.194862901971988e-8,NE_NCC
13649,25010,25011,47726,47727,4.1961147382987355e-8,NE_NCC
13650,25011,25012,47727,47728,4.197366574651053e-8,NE_NCC
13651,25012,25013,47728,47729,4.1986184110340397e-8,NE_NCC
13652,25013,25014,47729,47730,4.199870247442548e-8,NE_NCC
13653,25014,25015,47730,47731,4.2011220838765504e-8,NE_NCC
13654,25015,25016,47731,47732,4.202373920341148e-8,NE_NCC
13655,25016,25017,47732,47733,4.203625756831203e-8,NE_NCC
13656,25017,25018,47733,47734,4.204877593346669e-8,NE_NCC
13657,25018,25019,47734,47735,4.206129429892672e-8,NE_NCC
13658,25019,25020,47735,47736,4.207381266462329e-8,NE_NCC
13659,25020,25021,47736,47737,4.20863310306247e-8,NE_NCC
13660,25021,25022,47737,47738,4.2098849396879385e-8,NE_NCC
13661,25022,25023,47738,47739,4.211136776338697e-8,NE_NCC
13662,25023,25024,47739,47740,4.21238861301988e-8,NE_NCC
13663,25024,25025,47740,47741,4.213640449726308e-8,NE_NCC
13664,25025,25026,47741,47742,4.21489228645795e-8,NE_NCC
13665,25026,25027,47742,47743,4.216144123219954e-8,NE_NCC
13666,25027,25028,47743,47744,4.21739596000711e-8,NE_NCC
13667,25028,25029,47744,47745,4.218647796819442e-8,NE_NCC
13668,25029,25030,47745,47746,4.2198996336620527e-8,NE_NCC
13669,25030,25031,47746,47747,4.2211514705297215e-8,NE_NCC
13670,25031,25032,47747,47748,4.222403307422519e-8,NE_NCC
13671,25032,25033,47748,47749,4.2236551443454956e-8,NE_NCC
13672,25033,25034,47749,47750,4.2249069812935195e-8,NE_NCC
13673,25034,25035,47750,47751,4.226158818266523e-8,NE_NCC
13674,25035,25036,47751,47752,4.227410655269703e-8,NE_NCC
13675,25036,25037,47752,47753,4.228662492297816e-8,NE_NCC
13676,25037,25038,47753,47754,4.2299143293508354e-8,NE_NCC
13677,25038,25039,47754,47755,4.231166166433982e-8,NE_NCC
13678,25039,25040,47755,47756,4.2324180035419775e-8,NE_NCC
13679,25040,25041,47756,47757,4.2336698406748107e-8,NE_NCC
13680,25041,25042,47757,47758,4.234921677837699e-8,NE_NCC
13681,25042,25043,47758,47759,4.236173515023656e-8,NE_NCC
13682,25043,25044,47759,47760,4.237425352239559e-8,NE_NCC
13683,25044,25045,47760,47761,4.238677189480241e-8,NE_NCC
13684,25045,25046,47761,47762,4.23992902674565e-8,NE_NCC
13685,25046,25047,47762,47763,4.241180864040963e-8,NE_NCC
13686,25047,25048,47763,47764,4.2424327013609435e-8,NE_NCC
13687,25048,25049,47764,47765,4.243684538705625e-8,NE_NCC
13688,25049,25050,47765,47766,4.244936376080117e-8,NE_NCC
13689,25050,25051,47766,47767,4.2461882134792226e-8,NE_NCC
13690,25051,25052,47767,47768,4.247440050902926e-8,NE_NCC
13691,25052,25053,47768,47769,4.248691888356389e-8,NE_NCC
13692,25053,25054,47769,47770,4.249943725834403e-8,NE_NCC
13693,25054,25055,47770,47771,4.251195563336941e-8,NE_NCC
13694,25055,25056,47771,47772,4.252447400869168e-8,NE_NCC
13695,25056,25057,47772,47773,4.253699238425875e-8,NE_NCC
13696,25057,25058,47773,47774,4.254951076007034e-8,NE_NCC
13697,25058,25059,47774,47775,4.256202913617818e-8,NE_NCC
13698,25059,25060,47775,47776,4.257454751253012e-8,NE_NCC
13699,25060,25061,47776,47777,4.258706588912582e-8,NE_NCC
13700,25061,25062,47777,47778,4.259958426601719e-8,NE_NCC
13701,25062,25063,47778,47779,4.261210264315185e-8,NE_NCC
13702,25063,25064,47779,47780,4.26246210205297e-8,NE_NCC
13703,25064,25065,47780,47781,4.263713939820235e-8,NE_NCC
13704,25065,25066,47781,47782,4.264965777611793e-8,NE_NCC
13705,25066,25067,47782,47783,4.266217615427567e-8,NE_NCC
13706,25067,25068,47783,47784,4.267469453272778e-8,NE_NCC
13707,25068,25069,47784,47785,4.2687212911404346e-8,NE_NCC
13708,25069,25070,47785,47786,4.2699731290374934e-8,NE_NCC
13709,25070,25071,47786,47787,4.2712249669587045e-8,NE_NCC
13710,25071,25072,47787,47788,4.272476804904027e-8,NE_NCC
13711,25072,25073,47788,47789,4.273728642878661e-8,NE_NCC
13712,25073,25074,47789,47790,4.2749804808773924e-8,NE_NCC
13713,25074,25075,47790,47791,4.276232318900179e-8,NE_NCC
13714,25075,25076,47791,47792,4.277484156952205e-8,NE_NCC
13715,25076,25077,47792,47793,4.278735995028261e-8,NE_NCC
13716,25077,25078,47793,47794,4.27998783312829e-8,NE_NCC
13717,25078,25079,47794,47795,4.2812396712574964e-8,NE_NCC
13718,25079,25080,47795,47796,4.2824915094106853e-8,NE_NCC
13719,25080,25081,47796,47797,4.283743347587735e-8,NE_NCC
13720,25081,25082,47797,47798,4.2849951857939334e-8,NE_NCC
13721,25082,25083,47798,47799,4.286247024024027e-8,NE_NCC
13722,25083,25084,47799,47800,4.2874988622779315e-8,NE_NCC
13723,25084,25085,47800,47801,4.288750700560922e-8,NE_NCC
13724,25085,25086,47801,47802,4.290002538867716e-8,NE_NCC
13725,25086,25087,47802,47803,4.291254377198274e-8,NE_NCC
13726,25087,25088,47803,47804,4.292506215557822e-8,NE_NCC
13727,25088,25089,47804,47805,4.293758053941129e-8,NE_NCC
13728,25089,25090,47805,47806,4.295009892348136e-8,NE_NCC
13729,25090,25091,47806,47807,4.2962617307840763e-8,NE_NCC
13730,25091,25092,47807,47808,4.2975135692419225e-8,NE_NCC
13731,25092,25093,47808,47809,4.298765407728683e-8,NE_NCC
13732,25093,25094,47809,47810,4.300017246239045e-8,NE_NCC
13733,25094,25095,47810,47811,4.3012690847730045e-8,NE_NCC
13734,25095,25096,47811,47812,4.3025209233358034e-8,NE_NCC
13735,25096,25097,47812,47813,4.303772761922149e-8,NE_NCC
13736,25097,25098,47813,47814,4.3050246005320125e-8,NE_NCC
13737,25098,25099,47814,47815,4.3062764391706566e-8,NE_NCC
13738,25099,25100,47815,47816,4.307528277832779e-8,NE_NCC
13739,25100,25101,47816,47817,4.308780116518363e-8,NE_NCC
13740,25101,25102,47817,47818,4.3100319552326476e-8,NE_NCC
13741,25102,25103,47818,47819,4.311283793970351e-8,NE_NCC
13742,25103,25104,47819,47820,4.3125356327314506e-8,NE_NCC
13743,25104,25105,47820,47821,4.3137874715211835e-8,NE_NCC
13744,25105,25106,47821,47822,4.315039310334273e-8,NE_NCC
13745,25106,25107,47822,47823,4.316291149170679e-8,NE_NCC
13746,25107,25108,47823,47824,4.3175429880356774e-8,NE_NCC
13747,25108,25109,47824,47825,4.318794826923947e-8,NE_NCC
13748,25109,25110,47825,47826,4.320046665835475e-8,NE_NCC
13749,25110,25111,47826,47827,4.3212985047755264e-8,NE_NCC
13750,25111,25112,47827,47828,4.322550343738787e-8,NE_NCC
13751,25112,25113,47828,47829,4.323802182725256e-8,NE_NCC
13752,25113,25114,47829,47830,4.325054021740153e-8,NE_NCC
13753,25114,25115,47830,47831,4.326305860776438e-8,NE_NCC
13754,25115,25116,47831,47832,4.3275576998411705e-8,NE_NCC
13755,25116,25117,47832,47833,4.3288095389289795e-8,NE_NCC
13756,25117,25118,47833,47834,4.330061378039866e-8,NE_NCC
13757,25118,25119,47834,47835,4.331313217179126e-8,NE_NCC
13758,25119,25120,47835,47836,4.3325650563413846e-8,NE_NCC
13759,25120,25121,47836,47837,4.333816895526728e-8,NE_NCC
13760,25121,25122,47837,47838,4.3350687347402806e-8,NE_NCC
13761,25122,25123,47838,47839,4.336320573976853e-8,NE_NCC
13762,25123,25124,47839,47840,4.337572413236378e-8,NE_NCC
13763,25124,25125,47840,47841,4.338824252524125e-8,NE_NCC
13764,25125,25126,47841,47842,4.3400760918347486e-8,NE_NCC
13765,25126,25127,47842,47843,4.3413279311683004e-8,NE_NCC
13766,25127,25128,47843,47844,4.342579770529988e-8,NE_NCC
13767,25128,25129,47844,47845,4.34383160991455e-8,NE_NCC
13768,25129,25130,47845,47846,4.345083449321901e-8,NE_NCC
13769,25130,25131,47846,47847,4.346335288757374e-8,NE_NCC
13770,25131,25132,47847,47848,4.3475871282156025e-8,NE_NCC
13771,25132,25133,47848,47849,4.3488389676966096e-8,NE_NCC
13772,25133,25134,47849,47850,4.350090807205657e-8,NE_NCC
13773,25134,25135,47850,47851,4.3513426467374024e-8,NE_NCC
13774,25135,25136,47851,47852,4.352594486291853e-8,NE_NCC
13775,25136,25137,47852,47853,4.3538463258742845e-8,NE_NCC
13776,25137,25138,47853,47854,4.355098165479351e-8,NE_NCC
13777,25138,25139,47854,47855,4.356350005107064e-8,NE_NCC
13778,25139,25140,47855,47856,4.357601844762679e-8,NE_NCC
13779,25140,25141,47856,47857,4.35885368443911e-8,NE_NCC
13780,25141,25142,47857,47858,4.360105524143431e-8,NE_NCC
13781,25142,25143,47858,47859,4.36135736387029e-8,NE_NCC
13782,25143,25144,47859,47860,4.3626092036196596e-8,NE_NCC
13783,25144,25145,47860,47861,4.363861043396862e-8,NE_NCC
13784,25145,25146,47861,47862,4.365112883196532e-8,NE_NCC
13785,25146,25147,47862,47863,4.36636472301866e-8,NE_NCC
13786,25147,25148,47863,47864,4.3676165628685505e-8,NE_NCC
13787,25148,25149,47864,47865,4.368868402740853e-8,NE_NCC
13788,25149,25150,47865,47866,4.3701202426355483e-8,NE_NCC
13789,25150,25151,47866,47867,4.371372082557942e-8,NE_NCC
13790,25151,25152,47867,47868,4.3726239225026866e-8,NE_NCC
13791,25152,25153,47868,47869,4.3738757624697635e-8,NE_NCC
13792,25153,25154,47869,47870,4.375127602464476e-8,NE_NCC
13793,25154,25155,47870,47871,4.376379442481477e-8,NE_NCC
13794,25155,25156,47871,47872,4.377631282520731e-8,NE_NCC
13795,25156,25157,47872,47873,4.378883122587601e-8,NE_NCC
13796,25157,25158,47873,47874,4.380134962676654e-8,NE_NCC
13797,25158,25159,47874,47875,4.3813868027879364e-8,NE_NCC
13798,25159,25160,47875,47876,4.382638642926723e-8,NE_NCC
13799,25160,25161,47876,47877,4.383890483087692e-8,NE_NCC
13800,25161,25162,47877,47878,4.385142323270773e-8,NE_NCC
13801,25162,25163,47878,47879,4.386394163481336e-8,NE_NCC
13802,25163,25164,47879,47880,4.3876460037122095e-8,NE_NCC
13803,25164,25165,47880,47881,4.388897843970519e-8,NE_NCC
13804,25165,25166,47881,47882,4.390149684250846e-8,NE_NCC
13805,25166,25167,47882,47883,4.3914015245532504e-8,NE_NCC
13806,25167,25168,47883,47884,4.3926533648830116e-8,NE_NCC
13807,25168,25169,47884,47885,4.3939052052347514e-8,NE_NCC
13808,25169,25170,47885,47886,4.3951570456084815e-8,NE_NCC
13809,25170,25171,47886,47887,4.3964088860095066e-8,NE_NCC
13810,25171,25172,47887,47888,4.397660726432443e-8,NE_NCC
13811,25172,25173,47888,47889,4.3989125668773415e-8,NE_NCC
13812,25173,25174,47889,47890,4.4001644073494566e-8,NE_NCC
13813,25174,25175,47890,47891,4.401416247843448e-8,NE_NCC
13814,25175,25176,47891,47892,4.402668088359262e-8,NE_NCC
13815,25176,25177,47892,47893,4.403919928902301e-8,NE_NCC
13816,25177,25178,47893,47894,4.4051717694671455e-8,NE_NCC
13817,25178,25179,47894,47895,4.406423610053772e-8,NE_NCC
13818,25179,25180,47895,47896,4.407675450667521e-8,NE_NCC
13819,25180,25181,47896,47897,4.4089272913030174e-8,NE_NCC
13820,25181,25182,47897,47898,4.410179131960244e-8,NE_NCC
13821,25182,25183,47898,47899,4.4114309726445555e-8,NE_NCC
13822,25183,25184,47899,47900,4.4126828133505475e-8,NE_NCC
13823,25184,25185,47900,47901,4.413934654078194e-8,NE_NCC
13824,25185,25186,47901,47902,4.415186494832867e-8,NE_NCC
13825,25186,25187,47902,47903,4.416438335607366e-8,NE_NCC
13826,25187,25188,47903,47904,4.417690176408855e-8,NE_NCC
13827,25188,25189,47904,47905,4.41894201723192e-8,NE_NCC
13828,25189,25190,47905,47906,4.420193858076544e-8,NE_NCC
13829,25190,25191,47906,47907,4.421445698948102e-8,NE_NCC
13830,25191,25192,47907,47908,4.422697539841175e-8,NE_NCC
13831,25192,25193,47908,47909,4.4239493807557465e-8,NE_NCC
13832,25193,25194,47909,47910,4.425201221697194e-8,NE_NCC
13833,25194,25195,47910,47911,4.4264530626600976e-8,NE_NCC
13834,25195,25196,47911,47912,4.42770490364444e-8,NE_NCC
13835,25196,25197,47912,47913,4.428956744655599e-8,NE_NCC
13836,25197,25198,47913,47914,4.430208585688154e-8,NE_NCC
13837,25198,25199,47914,47915,4.4314604267420904e-8,NE_NCC
13838,25199,25200,47915,47916,4.432712267822778e-8,NE_NCC
13839,25200,25201,47916,47917,4.4339641089248176e-8,NE_NCC
13840,25201,25202,47917,47918,4.4352159500481626e-8,NE_NCC
13841,25202,25203,47918,47919,4.436467791198223e-8,NE_NCC
13842,25203,25204,47919,47920,4.4377196323695504e-8,NE_NCC
13843,25204,25205,47920,47921,4.4389714735621384e-8,NE_NCC
13844,25205,25206,47921,47922,4.440223314781375e-8,NE_NCC
13845,25206,25207,47922,47923,4.441475156021839e-8,NE_NCC
13846,25207,25208,47923,47924,4.442726997283479e-8,NE_NCC
13847,25208,25209,47924,47925,4.4439788385717196e-8,NE_NCC
13848,25209,25210,47925,47926,4.4452306798811347e-8,NE_NCC
13849,25210,25211,47926,47927,4.446482521211679e-8,NE_NCC
13850,25211,25212,47927,47928,4.447734362568753e-8,NE_NCC
13851,25212,25213,47928,47929,4.4489862039451154e-8,NE_NCC
13852,25213,25214,47929,47930,4.4502380453479946e-8,NE_NCC
13853,25214,25215,47930,47931,4.4514898867719e-8,NE_NCC
13854,25215,25216,47931,47932,4.452741728216904e-8,NE_NCC
13855,25216,25217,47932,47933,4.453993569688288e-8,NE_NCC
13856,25217,25218,47933,47934,4.4552454111807145e-8,NE_NCC
13857,25218,25219,47934,47935,4.4564972526941016e-8,NE_NCC
13858,25219,25220,47935,47936,4.457749094233898e-8,NE_NCC
13859,25220,25221,47936,47937,4.4590009357946115e-8,NE_NCC
13860,25221,25222,47937,47938,4.460252777376248e-8,NE_NCC
13861,25222,25223,47938,47939,4.4615046189842484e-8,NE_NCC
13862,25223,25224,47939,47940,4.462756460613094e-8,NE_NCC
13863,25224,25225,47940,47941,4.464008302262829e-8,NE_NCC
13864,25225,25226,47941,47942,4.465260143938837e-8,NE_NCC
13865,25226,25227,47942,47943,4.4665119856356634e-8,NE_NCC
13866,25227,25228,47943,47944,4.467763827353298e-8,NE_NCC
13867,25228,25229,47944,47945,4.469015669097154e-8,NE_NCC
13868,25229,25230,47945,47946,4.4702675108617846e-8,NE_NCC
13869,25230,25231,47946,47947,4.47151935264715e-8,NE_NCC
13870,25231,25232,47947,47948,4.4727711944587e-8,NE_NCC
13871,25232,25233,47948,47949,4.474023036290947e-8,NE_NCC
13872,25233,25234,47949,47950,4.475274878143881e-8,NE_NCC
13873,25234,25235,47950,47951,4.476526720022944e-8,NE_NCC
13874,25235,25236,47951,47952,4.477778561920823e-8,NE_NCC
13875,25236,25237,47952,47953,4.4790304038448014e-8,NE_NCC
13876,25237,25238,47953,47954,4.480282245789382e-8,NE_NCC
13877,25238,25239,47954,47955,4.481534087754547e-8,NE_NCC
13878,25239,25240,47955,47956,4.482785929745754e-8,NE_NCC
13879,25240,25241,47956,47957,4.484037771757507e-8,NE_NCC
13880,25241,25242,47957,47958,4.485289613789789e-8,NE_NCC
13881,25242,25243,47958,47959,4.4865414558480504e-8,NE_NCC
13882,25243,25244,47959,47960,4.487793297926815e-8,NE_NCC
13883,25244,25245,47960,47961,4.489045140026044e-8,NE_NCC
13884,25245,25246,47961,47962,4.4902969821512045e-8,NE_NCC
13885,25246,25247,47962,47963,4.491548824296792e-8,NE_NCC
13886,25247,25248,47963,47964,4.492800666462804e-8,NE_NCC
13887,25248,25249,47964,47965,4.4940525086546865e-8,NE_NCC
13888,25249,25250,47965,47966,4.4953043508669546e-8,NE_NCC
13889,25250,25251,47966,47967,4.496556193099562e-8,NE_NCC
13890,25251,25252,47967,47968,4.4978080353580086e-8,NE_NCC
13891,25252,25253,47968,47969,4.4990598776367794e-8,NE_NCC
13892,25253,25254,47969,47970,4.5003117199358346e-8,NE_NCC
13893,25254,25255,47970,47971,4.501563562260686e-8,NE_NCC
13894,25255,25256,47971,47972,4.5028154046057914e-8,NE_NCC
13895,25256,25257,47972,47973,4.504067246971082e-8,NE_NCC
13896,25257,25258,47973,47974,4.505319089362183e-8,NE_NCC
13897,25258,25259,47974,47975,4.5065709317716246e-8,NE_NCC
13898,25259,25260,47975,47976,4.507822774206739e-8,NE_NCC
13899,25260,25261,47976,47977,4.509074616662023e-8,NE_NCC
13900,25261,25262,47977,47978,4.510326459137459e-8,NE_NCC
13901,25262,25263,47978,47979,4.51157830163853e-8,NE_NCC
13902,25263,25264,47979,47980,4.512830144159731e-8,NE_NCC
13903,25264,25265,47980,47981,4.5140819867009795e-8,NE_NCC
13904,25265,25266,47981,47982,4.515333829267866e-8,NE_NCC
13905,25266,25267,47982,47983,4.5165856718547515e-8,NE_NCC
13906,25267,25268,47983,47984,4.517837514461727e-8,NE_NCC
13907,25268,25269,47984,47985,4.519089357094199e-8,NE_NCC
13908,25269,25270,47985,47986,4.5203411997466746e-8,NE_NCC
13909,25270,25271,47986,47987,4.521593042419137e-8,NE_NCC
13910,25271,25272,47987,47988,4.5228448851170786e-8,NE_NCC
13911,25272,25273,47988,47989,4.524096727834957e-8,NE_NCC
13912,25273,25274,47989,47990,4.525348570572769e-8,NE_NCC
13913,25274,25275,47990,47991,4.526600413336001e-8,NE_NCC
13914,25275,25276,47991,47992,4.527852256119127e-8,NE_NCC
13915,25276,25277,47992,47993,4.529104098922117e-8,NE_NCC
13916,25277,25278,47993,47994,4.5303559417504824e-8,NE_NCC
13917,25278,25279,47994,47995,4.5316077845986916e-8,NE_NCC
13918,25279,25280,47995,47996,4.532859627466702e-8,NE_NCC
13919,25280,25281,47996,47997,4.534111470360044e-8,NE_NCC
13920,25281,25282,47997,47998,4.535363313273162e-8,NE_NCC
13921,25282,25283,47998,47999,4.536615156206037e-8,NE_NCC
13922,25283,25284,47999,48000,4.537866999164191e-8,NE_NCC
13923,25284,25285,48000,48001,4.539118842140216e-8,NE_NCC
13924,25285,25286,48001,48002,4.5403706851414887e-8,NE_NCC
13925,25286,25287,48002,48003,4.541622528162439e-8,NE_NCC
13926,25287,25288,48003,48004,4.5428743712030557e-8,NE_NCC
13927,25288,25289,48004,48005,4.54412621426888e-8,NE_NCC
13928,25289,25290,48005,48006,4.5453780573543175e-8,NE_NCC
13929,25290,25291,48006,48007,4.546629900459374e-8,NE_NCC
13930,25291,25292,48007,48008,4.547881743589559e-8,NE_NCC
13931,25292,25293,48008,48009,4.5491335867393447e-8,NE_NCC
13932,25293,25294,48009,48010,4.550385429908661e-8,NE_NCC
13933,25294,25295,48010,48011,4.551637273103082e-8,NE_NCC
13934,25295,25296,48011,48012,4.5528891163170374e-8,NE_NCC
13935,25296,25297,48012,48013,4.5541409595504553e-8,NE_NCC
13936,25297,25298,48013,48014,4.555392802808955e-8,NE_NCC
13937,25298,25299,48014,48015,4.556644646086913e-8,NE_NCC
13938,25299,25300,48015,48016,4.5578964893842935e-8,NE_NCC
13939,25300,25301,48016,48017,4.559148332706692e-8,NE_NCC
13940,25301,25302,48017,48018,4.560400176048506e-8,NE_NCC
13941,25302,25303,48018,48019,4.561652019409697e-8,NE_NCC
13942,25303,25304,48019,48020,4.562903862795847e-8,NE_NCC
13943,25304,25305,48020,48021,4.56415570620133e-8,NE_NCC
13944,25305,25306,48021,48022,4.5654075496261814e-8,NE_NCC
13945,25306,25307,48022,48023,4.5666593930758965e-8,NE_NCC
13946,25307,25308,48023,48024,4.567911236543093e-8,NE_NCC
13947,25308,25309,48024,48025,4.569163080035114e-8,NE_NCC
13948,25309,25310,48025,48026,4.570414923546437e-8,NE_NCC
13949,25310,25311,48026,48027,4.571666767076993e-8,NE_NCC
13950,25311,25312,48027,48028,4.5729186106323664e-8,NE_NCC
13951,25312,25313,48028,48029,4.5741704542069506e-8,NE_NCC
13952,25313,25314,48029,48030,4.575422297800736e-8,NE_NCC
13953,25314,25315,48030,48031,4.576674141419274e-8,NE_NCC
13954,25315,25316,48031,48032,4.5779259850569934e-8,NE_NCC
13955,25316,25317,48032,48033,4.579177828713835e-8,NE_NCC
13956,25317,25318,48033,48034,4.580429672395399e-8,NE_NCC
13957,25318,25319,48034,48035,4.5816815160960814e-8,NE_NCC
13958,25319,25320,48035,48036,4.5829333598158425e-8,NE_NCC
13959,25320,25321,48036,48037,4.584185203560269e-8,NE_NCC
13960,25321,25322,48037,48038,4.585437047323757e-8,NE_NCC
13961,25322,25323,48038,48039,4.586688891106283e-8,NE_NCC
13962,25323,25324,48039,48040,4.5879407349134227e-8,NE_NCC
13963,25324,25325,48040,48041,4.589192578739566e-8,NE_NCC
13964,25325,25326,48041,48042,4.5904444225846924e-8,NE_NCC
13965,25326,25327,48042,48043,4.591696266454392e-8,NE_NCC
13966,25327,25328,48043,48044,4.59294811034304e-8,NE_NCC
13967,25328,25329,48044,48045,4.594199954250618e-8,NE_NCC
13968,25329,25330,48045,48046,4.595451798182719e-8,NE_NCC
13969,25330,25331,48046,48047,4.596703642133715e-8,NE_NCC
13970,25331,25332,48047,48048,4.597955486103599e-8,NE_NCC
13971,25332,25333,48048,48049,4.59920733009795e-8,NE_NCC
13972,25333,25334,48049,48050,4.600459174109271e-8,NE_NCC
13973,25334,25335,48050,48051,4.601711018145041e-8,NE_NCC
13974,25335,25336,48051,48052,4.602962862199621e-8,NE_NCC
13975,25336,25337,48052,48053,4.6042147062729844e-8,NE_NCC
13976,25337,25338,48053,48054,4.605466550370752e-8,NE_NCC
13977,25338,25339,48054,48055,4.606718394487282e-8,NE_NCC
13978,25339,25340,48055,48056,4.607970238622531e-8,NE_NCC
13979,25340,25341,48056,48057,4.6092220827821496e-8,NE_NCC
13980,25341,25342,48057,48058,4.610473926960468e-8,NE_NCC
13981,25342,25343,48058,48059,4.611725771157469e-8,NE_NCC
13982,25343,25344,48059,48060,4.612977615378764e-8,NE_NCC
13983,25344,25345,48060,48061,4.614229459618742e-8,NE_NCC
13984,25345,25346,48061,48062,4.615481303877325e-8,NE_NCC
13985,25346,25347,48062,48063,4.6167331481601714e-8,NE_NCC
13986,25347,25348,48063,48064,4.61798499246162e-8,NE_NCC
13987,25348,25349,48064,48065,4.6192368367816605e-8,NE_NCC
13988,25349,25350,48065,48066,4.6204886811259106e-8,NE_NCC
13989,25350,25351,48066,48067,4.6217405254887013e-8,NE_NCC
13990,25351,25352,48067,48068,4.622992369870027e-8,NE_NCC
13991,25352,25353,48068,48069,4.6242442142755254e-8,NE_NCC
13992,25353,25354,48069,48070,4.62549605869949e-8,NE_NCC
13993,25354,25355,48070,48071,4.626747903141971e-8,NE_NCC
13994,25355,25356,48071,48072,4.627999747608557e-8,NE_NCC
13995,25356,25357,48072,48073,4.629251592091683e-8,NE_NCC
13996,25357,25358,48073,48074,4.6305034365989266e-8,NE_NCC
13997,25358,25359,48074,48075,4.6317552811245886e-8,NE_NCC
13998,25359,25360,48075,48076,4.6330071256686107e-8,NE_NCC
13999,25360,25361,48076,48077,4.634258970236689e-8,NE_NCC
14000,25361,25362,48077,48078,4.63551081482313e-8,NE_NCC
14001,25362,25363,48078,48079,4.6367626594279224e-8,NE_NCC
14002,25363,25364,48079,48080,4.6380145040567074e-8,NE_NCC
14003,25364,25365,48080,48081,4.639266348703791e-8,NE_NCC
14004,25365,25366,48081,48082,4.640518193369177e-8,NE_NCC
14005,25366,25367,48082,48083,4.641770038058509e-8,NE_NCC
14006,25367,25368,48083,48084,4.643021882766111e-8,NE_NCC
14007,25368,25369,48084,48085,4.6442737274919406e-8,NE_NCC
14008,25369,25370,48085,48086,4.645525572241682e-8,NE_NCC
14009,25370,25371,48086,48087,4.64677741700963e-8,NE_NCC
14010,25371,25372,48087,48088,4.648029261795774e-8,NE_NCC
14011,25372,25373,48088,48089,4.6492811066057725e-8,NE_NCC
14012,25373,25374,48089,48090,4.650532951433932e-8,NE_NCC
14013,25374,25375,48090,48091,4.6517847962802354e-8,NE_NCC
14014,25375,25376,48091,48092,4.653036641150348e-8,NE_NCC
14015,25376,25377,48092,48093,4.6542884860385685e-8,NE_NCC
14016,25377,25378,48093,48094,4.655540330944887e-8,NE_NCC
14017,25378,25379,48094,48095,4.656792175874963e-8,NE_NCC
14018,25379,25380,48095,48096,4.658044020821211e-8,NE_NCC
14019,25380,25381,48096,48097,4.659295865791187e-8,NE_NCC
14020,25381,25382,48097,48098,4.660547710779196e-8,NE_NCC
14021,25382,25383,48098,48099,4.66179955578522e-8,NE_NCC
14022,25383,25384,48099,48100,4.663051400814928e-8,NE_NCC
14023,25384,25385,48100,48101,4.664303245862606e-8,NE_NCC
14024,25385,25386,48101,48102,4.6655550909282464e-8,NE_NCC
14025,25386,25387,48102,48103,4.666806936017547e-8,NE_NCC
14026,25387,25388,48103,48104,4.668058781124754e-8,NE_NCC
14027,25388,25389,48104,48105,4.669310626249888e-8,NE_NCC
14028,25389,25390,48105,48106,4.67056247139862e-8,NE_NCC
14029,25390,25391,48106,48107,4.671814316565237e-8,NE_NCC
14030,25391,25392,48107,48108,4.673066161749685e-8,NE_NCC
14031,25392,25393,48108,48109,4.6743180069577266e-8,NE_NCC
14032,25393,25394,48109,48110,4.6755698521835686e-8,NE_NCC
14033,25394,25395,48110,48111,4.676821697427248e-8,NE_NCC
14034,25395,25396,48111,48112,4.6780735426944335e-8,NE_NCC
14035,25396,25397,48112,48113,4.6793253879793844e-8,NE_NCC
14036,25397,25398,48113,48114,4.6805772332821045e-8,NE_NCC
14037,25398,25399,48114,48115,4.681829078608295e-8,NE_NCC
14038,25399,25400,48115,48116,4.683080923952217e-8,NE_NCC
14039,25400,25401,48116,48117,4.684332769313868e-8,NE_NCC
14040,25401,25402,48117,48118,4.6855846146989085e-8,NE_NCC
14041,25402,25403,48118,48119,4.6868364601016506e-8,NE_NCC
14042,25403,25404,48119,48120,4.6880883055220705e-8,NE_NCC
14043,25404,25405,48120,48121,4.689340150965853e-8,NE_NCC
14044,25405,25406,48121,48122,4.690591996425367e-8,NE_NCC
14045,25406,25407,48122,48123,4.6918438419082214e-8,NE_NCC
14046,25407,25408,48123,48124,4.693095687408685e-8,NE_NCC
14047,25408,25409,48124,48125,4.694347532926744e-8,NE_NCC
14048,25409,25410,48125,48126,4.695599378468089e-8,NE_NCC
14049,25410,25411,48126,48127,4.696851224026996e-8,NE_NCC
14050,25411,25412,48127,48128,4.6981030696034414e-8,NE_NCC
14051,25412,25413,48128,48129,4.699354915203155e-8,NE_NCC
14052,25413,25414,48129,48130,4.700606760820361e-8,NE_NCC
14053,25414,25415,48130,48131,4.7018586064550647e-8,NE_NCC
14054,25415,25416,48131,48132,4.703110452112984e-8,NE_NCC
14055,25416,25417,48132,48133,4.704362297788362e-8,NE_NCC
14056,25417,25418,48133,48134,4.7056141434811813e-8,NE_NCC
14057,25418,25419,48134,48135,4.7068659891971754e-8,NE_NCC
14058,25419,25420,48135,48136,4.7081178349305787e-8,NE_NCC
14059,25420,25421,48136,48137,4.7093696806813785e-8,NE_NCC
14060,25421,25422,48137,48138,4.710621526455306e-8,NE_NCC
14061,25422,25423,48138,48139,4.711873372246594e-8,NE_NCC
14062,25423,25424,48139,48140,4.713125218055236e-8,NE_NCC
14063,25424,25425,48140,48141,4.71437706388696e-8,NE_NCC
14064,25425,25426,48141,48142,4.715628909735993e-8,NE_NCC
14065,25426,25427,48142,48143,4.7168807556023434e-8,NE_NCC
14066,25427,25428,48143,48144,4.718132601491725e-8,NE_NCC
14067,25428,25429,48144,48145,4.7193844473964514e-8,NE_NCC
14068,25429,25430,48145,48146,4.720636293324206e-8,NE_NCC
14069,25430,25431,48146,48147,4.7218881392691707e-8,NE_NCC
14070,25431,25432,48147,48148,4.7231399852313926e-8,NE_NCC
14071,25432,25433,48148,48149,4.7243918312165565e-8,NE_NCC
14072,25433,25434,48149,48150,4.725643677218923e-8,NE_NCC
14073,25434,25435,48150,48151,4.7268955232384733e-8,NE_NCC
14074,25435,25436,48151,48152,4.728147369280923e-8,NE_NCC
14075,25436,25437,48152,48153,4.729399215340556e-8,NE_NCC
14076,25437,25438,48153,48154,4.73065106141728e-8,NE_NCC
14077,25438,25439,48154,48155,4.7319029075169066e-8,NE_NCC
14078,25439,25440,48155,48156,4.733154753633615e-8,NE_NCC
14079,25440,25441,48156,48157,4.7344065997674535e-8,NE_NCC
14080,25441,25442,48157,48158,4.735658445924063e-8,NE_NCC
14081,25442,25443,48158,48159,4.736910292097778e-8,NE_NCC
14082,25443,25444,48159,48160,4.7381621382884815e-8,NE_NCC
14083,25444,25445,48160,48161,4.739413984502043e-8,NE_NCC
14084,25445,25446,48161,48162,4.7406658307325595e-8,NE_NCC
14085,25446,25447,48162,48163,4.7419176769800734e-8,NE_NCC
14086,25447,25448,48163,48164,4.74316952325036e-8,NE_NCC
14087,25448,25449,48164,48165,4.7444213695375936e-8,NE_NCC
14088,25449,25450,48165,48166,4.745673215841787e-8,NE_NCC
14089,25450,25451,48166,48167,4.7469250621686634e-8,NE_NCC
14090,25451,25452,48167,48168,4.7481769085105414e-8,NE_NCC
14091,25452,25453,48168,48169,4.749428754875111e-8,NE_NCC
14092,25453,25454,48169,48170,4.750680601256557e-8,NE_NCC
14093,25454,25455,48170,48171,4.75193244765485e-8,NE_NCC
14094,25455,25456,48171,48172,4.75318429407582e-8,NE_NCC
14095,25456,25457,48172,48173,4.754436140513603e-8,NE_NCC
14096,25457,25458,48173,48174,4.755687986968212e-8,NE_NCC
14097,25458,25459,48174,48175,4.756939833445425e-8,NE_NCC
14098,25459,25460,48175,48176,4.7581916799394314e-8,NE_NCC
14099,25460,25461,48176,48177,4.759443526450201e-8,NE_NCC
14100,25461,25462,48177,48178,4.7606953729835416e-8,NE_NCC
14101,25462,25463,48178,48179,4.761947219533625e-8,NE_NCC
14102,25463,25464,48179,48180,4.763199066100432e-8,NE_NCC
14103,25464,25465,48180,48181,4.7644509126897625e-8,NE_NCC
14104,25465,25466,48181,48182,4.765702759295794e-8,NE_NCC
14105,25466,25467,48182,48183,4.7669546059185034e-8,NE_NCC
14106,25467,25468,48183,48184,4.7682064525636894e-8,NE_NCC
14107,25468,25469,48184,48185,4.769458299225538e-8,NE_NCC
14108,25469,25470,48185,48186,4.770710145904015e-8,NE_NCC
14109,25470,25471,48186,48187,4.771961992604928e-8,NE_NCC
14110,25471,25472,48187,48188,4.773213839322464e-8,NE_NCC
14111,25472,25473,48188,48189,4.774465686056583e-8,NE_NCC
14112,25473,25474,48189,48190,4.775717532813089e-8,NE_NCC
14113,25474,25475,48190,48191,4.7769693795861703e-8,NE_NCC
14114,25475,25476,48191,48192,4.778221226375801e-8,NE_NCC
14115,25476,25477,48192,48193,4.779473073187779e-8,NE_NCC
14116,25477,25478,48193,48194,4.780724920014326e-8,NE_NCC
14117,25478,25479,48194,48195,4.781976766863217e-8,NE_NCC
14118,25479,25480,48195,48196,4.7832286137285935e-8,NE_NCC
14119,25480,25481,48196,48197,4.7844804606104424e-8,NE_NCC
14120,25481,25482,48197,48198,4.7857323075145795e-8,NE_NCC
14121,25482,25483,48198,48199,4.7869841544351564e-8,NE_NCC
14122,25483,25484,48199,48200,4.788236001372148e-8,NE_NCC
14123,25484,25485,48200,48201,4.789487848331407e-8,NE_NCC
14124,25485,25486,48201,48202,4.790739695307064e-8,NE_NCC
14125,25486,25487,48202,48203,4.791991542299087e-8,NE_NCC
14126,25487,25488,48203,48204,4.793243389313351e-8,NE_NCC
14127,25488,25489,48204,48205,4.7944952363439055e-8,NE_NCC
14128,25489,25490,48205,48206,4.7957470833908835e-8,NE_NCC
14129,25490,25491,48206,48207,4.7969989304599565e-8,NE_NCC
14130,25491,25492,48207,48208,4.798250777545376e-8,NE_NCC
14131,25492,25493,48208,48209,4.799502624647082e-8,NE_NCC
14132,25493,25494,48209,48210,4.800754471770922e-8,NE_NCC
14133,25494,25495,48210,48211,4.8020063189110124e-8,NE_NCC
14134,25495,25496,48211,48212,4.803258166067357e-8,NE_NCC
14135,25496,25497,48212,48213,4.804510013245789e-8,NE_NCC
14136,25497,25498,48213,48214,4.8057618604404704e-8,NE_NCC
14137,25498,25499,48214,48215,4.8070137076513036e-8,NE_NCC
14138,25499,25500,48215,48216,4.808265554884229e-8,NE_NCC
14139,25500,25501,48216,48217,4.809517402131359e-8,NE_NCC
14140,25501,25502,48217,48218,4.8107692494005177e-8,NE_NCC
14141,25502,25503,48218,48219,4.812021096685824e-8,NE_NCC
14142,25503,25504,48219,48220,4.813272943987251e-8,NE_NCC
14143,25504,25505,48220,48221,4.814524791310677e-8,NE_NCC
14144,25505,25506,48221,48222,4.815776638650201e-8,NE_NCC
14145,25506,25507,48222,48223,4.817028486005809e-8,NE_NCC
14146,25507,25508,48223,48224,4.818280333383368e-8,NE_NCC
14147,25508,25509,48224,48225,4.819532180776983e-8,NE_NCC
14148,25509,25510,48225,48226,4.82078402818664e-8,NE_NCC
14149,25510,25511,48226,48227,4.822035875618207e-8,NE_NCC
14150,25511,25512,48227,48228,4.823287723065794e-8,NE_NCC
14151,25512,25513,48228,48229,4.8245395705293647e-8,NE_NCC
14152,25513,25514,48229,48230,4.825791418014814e-8,NE_NCC
14153,25514,25515,48230,48231,4.827043265516239e-8,NE_NCC
14154,25515,25516,48231,48232,4.8282951130336246e-8,NE_NCC
14155,25516,25517,48232,48233,4.8295469605728193e-8,NE_NCC
14156,25517,25518,48233,48234,4.830798808127965e-8,NE_NCC
14157,25518,25519,48234,48235,4.832050655698999e-8,NE_NCC
14158,25519,25520,48235,48236,4.833302503291853e-8,NE_NCC
14159,25520,25521,48236,48237,4.834554350900577e-8,NE_NCC
14160,25521,25522,48237,48238,4.835806198525173e-8,NE_NCC
14161,25522,25523,48238,48239,4.837058046171503e-8,NE_NCC
14162,25523,25524,48239,48240,4.838309893831736e-8,NE_NCC
14163,25524,25525,48240,48241,4.8395617415136855e-8,NE_NCC
14164,25525,25526,48241,48242,4.840813589211457e-8,NE_NCC
14165,25526,25527,48242,48243,4.8420654369250053e-8,NE_NCC
14166,25527,25528,48243,48244,4.8433172846602704e-8,NE_NCC
14167,25528,25529,48244,48245,4.844569132411277e-8,NE_NCC
14168,25529,25530,48245,48246,4.845820980178056e-8,NE_NCC
14169,25530,25531,48246,48247,4.847072827966496e-8,NE_NCC
14170,25531,25532,48247,48248,4.8483246757706206e-8,NE_NCC
14171,25532,25533,48248,48249,4.8495765235905195e-8,NE_NCC
14172,25533,25534,48249,48250,4.850828371431985e-8,NE_NCC
14173,25534,25535,48250,48251,4.85208021928914e-8,NE_NCC
14174,25535,25536,48251,48252,4.853332067161991e-8,NE_NCC
14175,25536,25537,48252,48253,4.8545839150564e-8,NE_NCC
14176,25537,25538,48253,48254,4.855835762966438e-8,NE_NCC
14177,25538,25539,48254,48255,4.857087610892133e-8,NE_NCC
14178,25539,25540,48255,48256,4.858339458839332e-8,NE_NCC
14179,25540,25541,48256,48257,4.85959130680215e-8,NE_NCC
14180,25541,25542,48257,48258,4.8608431547805737e-8,NE_NCC
14181,25542,25543,48258,48259,4.8620950027804584e-8,NE_NCC
14182,25543,25544,48259,48260,4.863346850795925e-8,NE_NCC
14183,25544,25545,48260,48261,4.864598698826923e-8,NE_NCC
14184,25545,25546,48261,48262,4.865850546879388e-8,NE_NCC
14185,25546,25547,48262,48263,4.8671023949473704e-8,NE_NCC
14186,25547,25548,48263,48264,4.8683542430308415e-8,NE_NCC
14187,25548,25549,48264,48265,4.8696060911357556e-8,NE_NCC
14188,25549,25550,48265,48266,4.870857939254154e-8,NE_NCC
14189,25550,25551,48266,48267,4.872109787393955e-8,NE_NCC
14190,25551,25552,48267,48268,4.8733616355492e-8,NE_NCC
14191,25552,25553,48268,48269,4.874613483719874e-8,NE_NCC
14192,25553,25554,48269,48270,4.8758653319119125e-8,NE_NCC
14193,25554,25555,48270,48271,4.8771171801193614e-8,NE_NCC
14194,25555,25556,48271,48272,4.8783690283421846e-8,NE_NCC
14195,25556,25557,48272,48273,4.879620876586346e-8,NE_NCC
14196,25557,25558,48273,48274,4.8808727248458645e-8,NE_NCC
14197,25558,25559,48274,48275,4.882124573120741e-8,NE_NCC
14198,25559,25560,48275,48276,4.883376421416888e-8,NE_NCC
14199,25560,25561,48276,48277,4.8846282697283633e-8,NE_NCC
14200,25561,25562,48277,48278,4.885880118055147e-8,NE_NCC
14201,25562,25563,48278,48279,4.8871319664031876e-8,NE_NCC
14202,25563,25564,48279,48280,4.888383814766511e-8,NE_NCC
14203,25564,25565,48280,48281,4.889635663145073e-8,NE_NCC
14204,25565,25566,48281,48282,4.890887511544869e-8,NE_NCC
14205,25566,25567,48282,48283,4.892139359959903e-8,NE_NCC
14206,25567,25568,48283,48284,4.893391208390176e-8,NE_NCC
14207,25568,25569,48284,48285,4.894643056841601e-8,NE_NCC
14208,25569,25570,48285,48286,4.895894905308223e-8,NE_NCC
14209,25570,25571,48286,48287,4.897146753790062e-8,NE_NCC
14210,25571,25572,48287,48288,4.8983986022929955e-8,NE_NCC
14211,25572,25573,48288,48289,4.8996504508091144e-8,NE_NCC
14212,25573,25574,48289,48290,4.900902299346352e-8,NE_NCC
14213,25574,25575,48290,48291,4.902154147898738e-8,NE_NCC
14214,25575,25576,48291,48292,4.9034059964662064e-8,NE_NCC
14215,25576,25577,48292,48293,4.9046578450547704e-8,NE_NCC
14216,25577,25578,48293,48294,4.905909693658424e-8,NE_NCC
14217,25578,25579,48294,48295,4.907161542277141e-8,NE_NCC
14218,25579,25580,48295,48296,4.908413390916932e-8,NE_NCC
14219,25580,25581,48296,48297,4.909665239571727e-8,NE_NCC
14220,25581,25582,48297,48298,4.9109170882415784e-8,NE_NCC
14221,25582,25583,48298,48299,4.9121689369324356e-8,NE_NCC
14222,25583,25584,48299,48300,4.913420785638313e-8,NE_NCC
14223,25584,25585,48300,48301,4.914672634359152e-8,NE_NCC
14224,25585,25586,48301,48302,4.915924483100993e-8,NE_NCC
14225,25586,25587,48302,48303,4.917176331857801e-8,NE_NCC
14226,25587,25588,48303,48304,4.9184281806295386e-8,NE_NCC
14227,25588,25589,48304,48305,4.919680029422231e-8,NE_NCC
14228,25589,25590,48305,48306,4.920931878229833e-8,NE_NCC
14229,25590,25591,48306,48307,4.9221837270523596e-8,NE_NCC
14230,25591,25592,48307,48308,4.9234355758957846e-8,NE_NCC
14231,25592,25593,48308,48309,4.9246874247541e-8,NE_NCC
14232,25593,25594,48309,48310,4.9259392736272766e-8,NE_NCC
14233,25594,25595,48310,48311,4.92719112252133e-8,NE_NCC
14234,25595,25596,48311,48312,4.928442971430224e-8,NE_NCC
14235,25596,25597,48312,48313,4.929694820353948e-8,NE_NCC
14236,25597,25598,48313,48314,4.9309466692985055e-8,NE_NCC
14237,25598,25599,48314,48315,4.9321985182558584e-8,NE_NCC
14238,25599,25600,48315,48316,4.933450367234025e-8,NE_NCC
14239,25600,25601,48316,48317,4.934702216226966e-8,NE_NCC
14240,25601,25602,48317,48318,4.935954065234677e-8,NE_NCC
14241,25602,25603,48318,48319,4.9372059142631556e-8,NE_NCC
14242,25603,25604,48319,48320,4.93845776330637e-8,NE_NCC
14243,25604,25605,48320,48321,4.939709612364323e-8,NE_NCC
14244,25605,25606,48321,48322,4.940961461442993e-8,NE_NCC
14245,25606,25607,48322,48323,4.9422133105363676e-8,NE_NCC
14246,25607,25608,48323,48324,4.9434651596444434e-8,NE_NCC
14247,25608,25609,48324,48325,4.9447170087732034e-8,NE_NCC
14248,25609,25610,48325,48326,4.9459688579166415e-8,NE_NCC
14249,25610,25611,48326,48327,4.947220707074697e-8,NE_NCC
14250,25611,25612,48327,48328,4.94847255625345e-8,NE_NCC
14251,25612,25613,48328,48329,4.9497244054468204e-8,NE_NCC
14252,25613,25614,48329,48330,4.9509762546547594e-8,NE_NCC
14253,25614,25615,48330,48331,4.952228103883368e-8,NE_NCC
14254,25615,25616,48331,48332,4.953479953126548e-8,NE_NCC
14255,25616,25617,48332,48333,4.954731802384286e-8,NE_NCC
14256,25617,25618,48333,48334,4.9559836516626434e-8,NE_NCC
14257,25618,25619,48334,48335,4.957235500955543e-8,NE_NCC
14258,25619,25620,48335,48336,4.958487350262919e-8,NE_NCC
14259,25620,25621,48336,48337,4.9597391995909185e-8,NE_NCC
14260,25621,25622,48337,48338,4.960991048931376e-8,NE_NCC
14261,25622,25623,48338,48339,4.9622428982923723e-8,NE_NCC
14262,25623,25624,48339,48340,4.963494747667852e-8,NE_NCC
14263,25624,25625,48340,48341,4.964746597057804e-8,NE_NCC
14264,25625,25626,48341,48342,4.9659984464682504e-8,NE_NCC
14265,25626,25627,48342,48343,4.967250295893119e-8,NE_NCC
14266,25627,25628,48343,48344,4.9685021453324385e-8,NE_NCC
14267,25628,25629,48344,48345,4.9697539947922156e-8,NE_NCC
14268,25629,25630,48345,48346,4.9710058442664055e-8,NE_NCC
14269,25630,25631,48346,48347,4.972257693754954e-8,NE_NCC
14270,25631,25632,48347,48348,4.9735095432639636e-8,NE_NCC
14271,25632,25633,48348,48349,4.97476139278732e-8,NE_NCC
14272,25633,25634,48349,48350,4.976013242325027e-8,NE_NCC
14273,25634,25635,48350,48351,4.977265091883155e-8,NE_NCC
14274,25635,25636,48351,48352,4.978516941455572e-8,NE_NCC
14275,25636,25637,48352,48353,4.9797687910423195e-8,NE_NCC
14276,25637,25638,48353,48354,4.98102064064943e-8,NE_NCC
14277,25638,25639,48354,48355,4.982272490270822e-8,NE_NCC
14278,25639,25640,48355,48356,4.9835243399064813e-8,NE_NCC
14279,25640,25641,48356,48357,4.9847761895624836e-8,NE_NCC
14280,25641,25642,48357,48358,4.986028039232726e-8,NE_NCC
14281,25642,25643,48358,48359,4.987279888917197e-8,NE_NCC
14282,25643,25644,48359,48360,4.988531738621976e-8,NE_NCC
14283,25644,25645,48360,48361,4.9897835883389274e-8,NE_NCC
14284,25645,25646,48361,48362,4.9910354380761654e-8,NE_NCC
14285,25646,25647,48362,48363,4.992287287827573e-8,NE_NCC
14286,25647,25648,48363,48364,4.993539137593158e-8,NE_NCC
14287,25648,25649,48364,48365,4.994790987378983e-8,NE_NCC
14288,25649,25650,48365,48366,4.9960428371789564e-8,NE_NCC
14289,25650,25651,48366,48367,4.997294686993059e-8,NE_NCC
14290,25651,25652,48367,48368,4.998546536827368e-8,NE_NCC
14291,25652,25653,48368,48369,4.999798386675792e-8,NE_NCC
14292,25653,25654,48369,48370,5.00105023653829e-8,NE_NCC
14293,25654,25655,48370,48371,5.002302086420994e-8,NE_NCC
14294,25655,25656,48371,48372,5.00355393631775e-8,NE_NCC
14295,25656,25657,48372,48373,5.0048057862285424e-8,NE_NCC
14296,25657,25658,48373,48374,5.0060576361595207e-8,NE_NCC
14297,25658,25659,48374,48375,5.007309486104472e-8,NE_NCC
14298,25659,25660,48375,48376,5.008561336063508e-8,NE_NCC
14299,25660,25661,48376,48377,5.009813186042609e-8,NE_NCC
14300,25661,25662,48377,48378,5.0110650360357044e-8,NE_NCC
14301,25662,25663,48378,48379,5.0123168860428024e-8,NE_NCC
14302,25663,25664,48379,48380,5.013568736069968e-8,NE_NCC
14303,25664,25665,48380,48381,5.014820586111072e-8,NE_NCC
14304,25665,25666,48381,48382,5.016072436166135e-8,NE_NCC
14305,25666,25667,48382,48383,5.01732428624126e-8,NE_NCC
14306,25667,25668,48383,48384,5.018576136330257e-8,NE_NCC
14307,25668,25669,48384,48385,5.0198279864332044e-8,NE_NCC
14308,25669,25670,48385,48386,5.0210798365561434e-8,NE_NCC
14309,25670,25671,48386,48387,5.02233168669092e-8,NE_NCC
14310,25671,25672,48387,48388,5.0235835368456795e-8,NE_NCC
14311,25672,25673,48388,48389,5.02483538701432e-8,NE_NCC
14312,25673,25674,48389,48390,5.0260872371967856e-8,NE_NCC
14313,25674,25675,48390,48391,5.0273390873992135e-8,NE_NCC
14314,25675,25676,48391,48392,5.028590937615464e-8,NE_NCC
14315,25676,25677,48392,48393,5.029842787845501e-8,NE_NCC
14316,25677,25678,48393,48394,5.031094638095498e-8,NE_NCC
14317,25678,25679,48394,48395,5.032346488359241e-8,NE_NCC
14318,25679,25680,48395,48396,5.033598338636771e-8,NE_NCC
14319,25680,25681,48396,48397,5.034850188934191e-8,NE_NCC
14320,25681,25682,48397,48398,5.036102039245357e-8,NE_NCC
14321,25682,25683,48398,48399,5.0373538895702504e-8,NE_NCC
14322,25683,25684,48399,48400,5.0386057399150155e-8,NE_NCC
14323,25684,25685,48400,48401,5.039857590273479e-8,NE_NCC
14324,25685,25686,48401,48402,5.0411094406456354e-8,NE_NCC
14325,25686,25687,48402,48403,5.0423612910376266e-8,NE_NCC
14326,25687,25688,48403,48404,5.0436131414432854e-8,NE_NCC
14327,25688,25689,48404,48405,5.0448649918626006e-8,NE_NCC
14328,25689,25690,48405,48406,5.04611684230172e-8,NE_NCC
14329,25690,25691,48406,48407,5.0473686927544685e-8,NE_NCC
14330,25691,25692,48407,48408,5.0486205432208344e-8,NE_NCC
14331,25692,25693,48408,48409,5.049872393706979e-8,NE_NCC
14332,25693,25694,48409,48410,5.051124244204658e-8,NE_NCC
14333,25694,25695,48410,48411,5.052376094722079e-8,NE_NCC
14334,25695,25696,48411,48412,5.053627945253072e-8,NE_NCC
14335,25696,25697,48412,48413,5.0548797957976485e-8,NE_NCC
14336,25697,25698,48413,48414,5.056131646361904e-8,NE_NCC
14337,25698,25699,48414,48415,5.05738349693973e-8,NE_NCC
14338,25699,25700,48415,48416,5.058635347531037e-8,NE_NCC
14339,25700,25701,48416,48417,5.059887198142077e-8,NE_NCC
14340,25701,25702,48417,48418,5.061139048766573e-8,NE_NCC
14341,25702,25703,48418,48419,5.0623908994045734e-8,NE_NCC
14342,25703,25704,48419,48420,5.063642750062244e-8,NE_NCC
14343,25704,25705,48420,48421,5.064894600733342e-8,NE_NCC
14344,25705,25706,48421,48422,5.066146451417933e-8,NE_NCC
14345,25706,25707,48422,48423,5.0673983021221046e-8,NE_NCC
14346,25707,25708,48423,48424,5.0686501528397164e-8,NE_NCC
14347,25708,25709,48424,48425,5.0699020035707596e-8,NE_NCC
14348,25709,25710,48425,48426,5.071153854321362e-8,NE_NCC
14349,25710,25711,48426,48427,5.07240570508537e-8,NE_NCC
14350,25711,25712,48427,48428,5.073657555862776e-8,NE_NCC
14351,25712,25713,48428,48429,5.07490940665972e-8,NE_NCC
14352,25713,25714,48429,48430,5.076161257470029e-8,NE_NCC
14353,25714,25715,48430,48431,5.077413108293659e-8,NE_NCC
14354,25715,25716,48431,48432,5.078664959136828e-8,NE_NCC
14355,25716,25717,48432,48433,5.079916809991276e-8,NE_NCC
14356,25717,25718,48433,48434,5.08116866086519e-8,NE_NCC
14357,25718,25719,48434,48435,5.082420511752431e-8,NE_NCC
14358,25719,25720,48435,48436,5.0836723626529375e-8,NE_NCC
14359,25720,25721,48436,48437,5.0849242135729306e-8,NE_NCC
14360,25721,25722,48437,48438,5.0861760645061705e-8,NE_NCC
14361,25722,25723,48438,48439,5.08742791545266e-8,NE_NCC
14362,25723,25724,48439,48440,5.088679766418611e-8,NE_NCC
14363,25724,25725,48440,48441,5.089931617397769e-8,NE_NCC
14364,25725,25726,48441,48442,5.09118346839015e-8,NE_NCC
14365,25726,25727,48442,48443,5.0924353194019425e-8,NE_NCC
14366,25727,25728,48443,48444,5.093687170426926e-8,NE_NCC
14367,25728,25729,48444,48445,5.094939021465078e-8,NE_NCC
14368,25729,25730,48445,48446,5.096190872522625e-8,NE_NCC
14369,25730,25731,48446,48447,5.0974427235933197e-8,NE_NCC
14370,25731,25732,48447,48448,5.0986945746771554e-8,NE_NCC
14371,25732,25733,48448,48449,5.099946425780346e-8,NE_NCC
14372,25733,25734,48449,48450,5.101198276896656e-8,NE_NCC
14373,25734,25735,48450,48451,5.1024501280260715e-8,NE_NCC
14374,25735,25736,48451,48452,5.1037019791748065e-8,NE_NCC
14375,25736,25737,48452,48453,5.104953830336636e-8,NE_NCC
14376,25737,25738,48453,48454,5.106205681511525e-8,NE_NCC
14377,25738,25739,48454,48455,5.1074575327057175e-8,NE_NCC
14378,25739,25740,48455,48456,5.1087093839129454e-8,NE_NCC
14379,25740,25741,48456,48457,5.109961235133208e-8,NE_NCC
14380,25741,25742,48457,48458,5.111213086372763e-8,NE_NCC
14381,25742,25743,48458,48459,5.112464937623211e-8,NE_NCC
14382,25743,25744,48459,48460,5.113716788892934e-8,NE_NCC
14383,25744,25745,48460,48461,5.114968640175635e-8,NE_NCC
14384,25745,25746,48461,48462,5.116220491471302e-8,NE_NCC
14385,25746,25747,48462,48463,5.117472342786201e-8,NE_NCC
14386,25747,25748,48463,48464,5.118724194114048e-8,NE_NCC
14387,25748,25749,48464,48465,5.11997604545485e-8,NE_NCC
14388,25749,25750,48465,48466,5.12122789681481e-8,NE_NCC
14389,25750,25751,48466,48467,5.122479748187701e-8,NE_NCC
14390,25751,25752,48467,48468,5.123731599573501e-8,NE_NCC
14391,25752,25753,48468,48469,5.1249834509784734e-8,NE_NCC
14392,25753,25754,48469,48470,5.126235302396319e-8,NE_NCC
14393,25754,25755,48470,48471,5.127487153827007e-8,NE_NCC
14394,25755,25756,48471,48472,5.1287390052768716e-8,NE_NCC
14395,25756,25757,48472,48473,5.129990856739572e-8,NE_NCC
14396,25757,25758,48473,48474,5.1312427082150923e-8,NE_NCC
14397,25758,25759,48474,48475,5.132494559709719e-8,NE_NCC
14398,25759,25760,48475,48476,5.1337464112171376e-8,NE_NCC
14399,25760,25761,48476,48477,5.1349982627374336e-8,NE_NCC
14400,25761,25762,48477,48478,5.136250114276712e-8,NE_NCC
14401,25762,25763,48478,48479,5.137501965828821e-8,NE_NCC
14402,25763,25764,48479,48480,5.138753817393681e-8,NE_NCC
14403,25764,25765,48480,48481,5.140005668977592e-8,NE_NCC
14404,25765,25766,48481,48482,5.141257520572149e-8,NE_NCC
14405,25766,25767,48482,48483,5.142509372185724e-8,NE_NCC
14406,25767,25768,48483,48484,5.1437612238120234e-8,NE_NCC
14407,25768,25769,48484,48485,5.1450130754510396e-8,NE_NCC
14408,25769,25770,48485,48486,5.1462649271090446e-8,NE_NCC
14409,25770,25771,48486,48487,5.147516778779728e-8,NE_NCC
14410,25771,25772,48487,48488,5.148768630463114e-8,NE_NCC
14411,25772,25773,48488,48489,5.150020482165438e-8,NE_NCC
14412,25773,25774,48489,48490,5.151272333880431e-8,NE_NCC
14413,25774,25775,48490,48491,5.1525241856080656e-8,NE_NCC
14414,25775,25776,48491,48492,5.153776037354631e-8,NE_NCC
14415,25776,25777,48492,48493,5.155027889113819e-8,NE_NCC
14416,25777,25778,48493,48494,5.15627974088562e-8,NE_NCC
14417,25778,25779,48494,48495,5.157531592676321e-8,NE_NCC
14418,25779,25780,48495,48496,5.1587834444796104e-8,NE_NCC
14419,25780,25781,48496,48497,5.1600352962954804e-8,NE_NCC
14420,25781,25782,48497,48498,5.16128714813022e-8,NE_NCC
14421,25782,25783,48498,48499,5.162538999977518e-8,NE_NCC
14422,25783,25784,48499,48500,5.1637908518373575e-8,NE_NCC
14423,25784,25785,48500,48501,5.1650427037160424e-8,NE_NCC
14424,25785,25786,48501,48502,5.166294555607259e-8,NE_NCC
14425,25786,25787,48502,48503,5.1675464075109694e-8,NE_NCC
14426,25787,25788,48503,48504,5.168798259433493e-8,NE_NCC
14427,25788,25789,48504,48505,5.1700501113685305e-8,NE_NCC
14428,25789,25790,48505,48506,5.171301963316034e-8,NE_NCC
14429,25790,25791,48506,48507,5.172553815282315e-8,NE_NCC
14430,25791,25792,48507,48508,5.173805667258943e-8,NE_NCC
14431,25792,25793,48508,48509,5.175057519254346e-8,NE_NCC
14432,25793,25794,48509,48510,5.176309371262182e-8,NE_NCC
14433,25794,25795,48510,48511,5.177561223282443e-8,NE_NCC
14434,25795,25796,48511,48512,5.178813075321427e-8,NE_NCC
14435,25796,25797,48512,48513,5.1800649273728066e-8,NE_NCC
14436,25797,25798,48513,48514,5.181316779436625e-8,NE_NCC
14437,25798,25799,48514,48515,5.182568631519113e-8,NE_NCC
14438,25799,25800,48515,48516,5.18382048361395e-8,NE_NCC
14439,25800,25801,48516,48517,5.185072335721189e-8,NE_NCC
14440,25801,25802,48517,48518,5.186324187847095e-8,NE_NCC
14441,25802,25803,48518,48519,5.1875760399853176e-8,NE_NCC
14442,25803,25804,48519,48520,5.188827892135863e-8,NE_NCC
14443,25804,25805,48520,48521,5.19007974430509e-8,NE_NCC
14444,25805,25806,48521,48522,5.191331596486594e-8,NE_NCC
14445,25806,25807,48522,48523,5.192583448680403e-8,NE_NCC
14446,25807,25808,48523,48524,5.193835300892822e-8,NE_NCC
14447,25808,25809,48524,48525,5.195087153117507e-8,NE_NCC
14448,25809,25810,48525,48526,5.196339005354469e-8,NE_NCC
14449,25810,25811,48526,48527,5.197590857610027e-8,NE_NCC
14450,25811,25812,48527,48528,5.198842709877791e-8,NE_NCC
14451,25812,25813,48528,48529,5.2000945621578237e-8,NE_NCC
14452,25813,25814,48529,48530,5.2013464144563927e-8,NE_NCC
14453,25814,25815,48530,48531,5.202598266765054e-8,NE_NCC
14454,25815,25816,48531,48532,5.203850119092268e-8,NE_NCC
14455,25816,25817,48532,48533,5.20510197143167e-8,NE_NCC
14456,25817,25818,48533,48534,5.206353823783228e-8,NE_NCC
14457,25818,25819,48534,48535,5.2076056761533224e-8,NE_NCC
14458,25819,25820,48535,48536,5.208857528535556e-8,NE_NCC
14459,25820,25821,48536,48537,5.2101093809299315e-8,NE_NCC
14460,25821,25822,48537,48538,5.211361233342802e-8,NE_NCC
14461,25822,25823,48538,48539,5.212613085767788e-8,NE_NCC
14462,25823,25824,48539,48540,5.213864938204885e-8,NE_NCC
14463,25824,25825,48540,48541,5.215116790660441e-8,NE_NCC
14464,25825,25826,48541,48542,5.216368643128084e-8,NE_NCC
14465,25826,25827,48542,48543,5.217620495607804e-8,NE_NCC
14466,25827,25828,48543,48544,5.218872348105959e-8,NE_NCC
14467,25828,25829,48544,48545,5.2201242006161724e-8,NE_NCC
14468,25829,25830,48545,48546,5.221376053138415e-8,NE_NCC
14469,25830,25831,48546,48547,5.2226279056790945e-8,NE_NCC
14470,25831,25832,48547,48548,5.223879758231756e-8,NE_NCC
14471,25832,25833,48548,48549,5.225131610796463e-8,NE_NCC
14472,25833,25834,48549,48550,5.2263834633795266e-8,NE_NCC
14473,25834,25835,48550,48551,5.2276353159746074e-8,NE_NCC
14474,25835,25836,48551,48552,5.2288871685816407e-8,NE_NCC
14475,25836,25837,48552,48553,5.230139021207042e-8,NE_NCC
14476,25837,25838,48553,48554,5.231390873842253e-8,NE_NCC
14477,25838,25839,48554,48555,5.2326427264958366e-8,NE_NCC
14478,25839,25840,48555,48556,5.233894579161334e-8,NE_NCC
14479,25840,25841,48556,48557,5.235146431838747e-8,NE_NCC
14480,25841,25842,48557,48558,5.236398284534487e-8,NE_NCC
14481,25842,25843,48558,48559,5.237650137242118e-8,NE_NCC
14482,25843,25844,48559,48560,5.2389019899616583e-8,NE_NCC
14483,25844,25845,48560,48561,5.240153842699461e-8,NE_NCC
14484,25845,25846,48561,48562,5.241405695449153e-8,NE_NCC
14485,25846,25847,48562,48563,5.242657548210702e-8,NE_NCC
14486,25847,25848,48563,48564,5.2439094009905085e-8,NE_NCC
14487,25848,25849,48564,48565,5.245161253782149e-8,NE_NCC
14488,25849,25850,48565,48566,5.2464131065856174e-8,NE_NCC
14489,25850,25851,48566,48567,5.2476649594073325e-8,NE_NCC
14490,25851,25852,48567,48568,5.2489168122408386e-8,NE_NCC
14491,25852,25853,48568,48569,5.2501686650861515e-8,NE_NCC
14492,25853,25854,48569,48570,5.251420517949659e-8,NE_NCC
14493,25854,25855,48570,48571,5.252672370824963e-8,NE_NCC
14494,25855,25856,48571,48572,5.2539242237120073e-8,NE_NCC
14495,25856,25857,48572,48573,5.2551760766172485e-8,NE_NCC
14496,25857,25858,48573,48574,5.2564279295342336e-8,NE_NCC
14497,25858,25859,48574,48575,5.257679782462942e-8,NE_NCC
14498,25859,25860,48575,48576,5.2589316354098044e-8,NE_NCC
14499,25860,25861,48576,48577,5.26018348836839e-8,NE_NCC
14500,25861,25862,48577,48578,5.261435341338678e-8,NE_NCC
14501,25862,25863,48578,48579,5.2626871943270767e-8,NE_NCC
14502,25863,25864,48579,48580,5.2639390473250275e-8,NE_NCC
14503,25864,25865,48580,48581,5.2651909003410765e-8,NE_NCC
14504,25865,25866,48581,48582,5.266442753368792e-8,NE_NCC
14505,25866,25867,48582,48583,5.267694606408161e-8,NE_NCC
14506,25867,25868,48583,48584,5.268946459465605e-8,NE_NCC
14507,25868,25869,48584,48585,5.270198312534684e-8,NE_NCC
14508,25869,25870,48585,48586,5.271450165615379e-8,NE_NCC
14509,25870,25871,48586,48587,5.272702018714139e-8,NE_NCC
14510,25871,25872,48587,48588,5.27395387182448e-8,NE_NCC
14511,25872,25873,48588,48589,5.2752057249464335e-8,NE_NCC
14512,25873,25874,48589,48590,5.276457578086392e-8,NE_NCC
14513,25874,25875,48590,48591,5.277709431237933e-8,NE_NCC
14514,25875,25876,48591,48592,5.278961284401041e-8,NE_NCC
14515,25876,25877,48592,48593,5.2802131375821243e-8,NE_NCC
14516,25877,25878,48593,48594,5.281464990774774e-8,NE_NCC
14517,25878,25879,48594,48595,5.282716843978941e-8,NE_NCC
14518,25879,25880,48595,48596,5.2839686972010615e-8,NE_NCC
14519,25880,25881,48596,48597,5.2852205504347344e-8,NE_NCC
14520,25881,25882,48597,48598,5.2864724036798673e-8,NE_NCC
14521,25882,25883,48598,48599,5.287724256942967e-8,NE_NCC
14522,25883,25884,48599,48600,5.2889761102175234e-8,NE_NCC
14523,25884,25885,48600,48601,5.290227963503572e-8,NE_NCC
14524,25885,25886,48601,48602,5.291479816807535e-8,NE_NCC
14525,25886,25887,48602,48603,5.2927316701207976e-8,NE_NCC
14526,25887,25888,48603,48604,5.2939835234519415e-8,NE_NCC
14527,25888,25889,48604,48605,5.295235376794521e-8,NE_NCC
14528,25889,25890,48605,48606,5.296487230148542e-8,NE_NCC
14529,25890,25891,48606,48607,5.297739083520405e-8,NE_NCC
14530,25891,25892,48607,48608,5.2989909369036884e-8,NE_NCC
14531,25892,25893,48608,48609,5.300242790298349e-8,NE_NCC
14532,25893,25894,48609,48610,5.3014946437108703e-8,NE_NCC
14533,25894,25895,48610,48611,5.302746497134746e-8,NE_NCC
14534,25895,25896,48611,48612,5.303998350569979e-8,NE_NCC
14535,25896,25897,48612,48613,5.3052502040230537e-8,NE_NCC
14536,25897,25898,48613,48614,5.3065020574874365e-8,NE_NCC
14537,25898,25899,48614,48615,5.307753910963186e-8,NE_NCC
14538,25899,25900,48615,48616,5.309005764456704e-8,NE_NCC
14539,25900,25901,48616,48617,5.310257617961547e-8,NE_NCC
14540,25901,25902,48617,48618,5.311509471477667e-8,NE_NCC
14541,25902,25903,48618,48619,5.312761325011574e-8,NE_NCC
14542,25903,25904,48619,48620,5.3140131785567555e-8,NE_NCC
14543,25904,25905,48620,48621,5.3152650321132075e-8,NE_NCC
14544,25905,25906,48621,48622,5.316516885687406e-8,NE_NCC
14545,25906,25907,48622,48623,5.317768739272849e-8,NE_NCC
14546,25907,25908,48623,48624,5.319020592869532e-8,NE_NCC
14547,25908,25909,48624,48625,5.320272446483935e-8,NE_NCC
14548,25909,25910,48625,48626,5.3215243001073884e-8,NE_NCC
14549,25910,25911,48626,48627,5.3227761537485536e-8,NE_NCC
14550,25911,25912,48627,48628,5.324028007400909e-8,NE_NCC
14551,25912,25913,48628,48629,5.325279861064455e-8,NE_NCC
14552,25913,25914,48629,48630,5.326531714745683e-8,NE_NCC
14553,25914,25915,48630,48631,5.3277835684380796e-8,NE_NCC
14554,25915,25916,48631,48632,5.329035422141622e-8,NE_NCC
14555,25916,25917,48632,48633,5.330287275862836e-8,NE_NCC
14556,25917,25918,48633,48634,5.3315391295951816e-8,NE_NCC
14557,25918,25919,48634,48635,5.332790983338652e-8,NE_NCC
14558,25919,25920,48635,48636,5.334042837099762e-8,NE_NCC
14559,25920,25921,48636,48637,5.335294690871972e-8,NE_NCC
14560,25921,25922,48637,48638,5.336546544655274e-8,NE_NCC
14561,25922,25923,48638,48639,5.337798398456192e-8,NE_NCC
14562,25923,25924,48639,48640,5.339050252268192e-8,NE_NCC
14563,25924,25925,48640,48641,5.340302106091244e-8,NE_NCC
14564,25925,25926,48641,48642,5.341553959931881e-8,NE_NCC
14565,25926,25927,48642,48643,5.342805813783601e-8,NE_NCC
14566,25927,25928,48643,48644,5.3440576676463156e-8,NE_NCC
14567,25928,25929,48644,48645,5.3453095215265975e-8,NE_NCC
14568,25929,25930,48645,48646,5.346561375417919e-8,NE_NCC
14569,25930,25931,48646,48647,5.347813229320231e-8,NE_NCC
14570,25931,25932,48647,48648,5.3490650832400824e-8,NE_NCC
14571,25932,25933,48648,48649,5.350316937170923e-8,NE_NCC
14572,25933,25934,48649,48650,5.351568791112717e-8,NE_NCC
14573,25934,25935,48650,48651,5.352820645072059e-8,NE_NCC
14574,25935,25936,48651,48652,5.3540724990401904e-8,NE_NCC
14575,25936,25937,48652,48653,5.355324353025748e-8,NE_NCC
14576,25937,25938,48653,48654,5.356576207022333e-8,NE_NCC
14577,25938,25939,48654,48655,5.35782806102977e-8,NE_NCC
14578,25939,25940,48655,48656,5.359079915054727e-8,NE_NCC
14579,25940,25941,48656,48657,5.3603317690905596e-8,NE_NCC
14580,25941,25942,48657,48658,5.361583623137326e-8,NE_NCC
14581,25942,25943,48658,48659,5.3628354772015067e-8,NE_NCC
14582,25943,25944,48659,48660,5.3640873312766035e-8,NE_NCC
14583,25944,25945,48660,48661,5.365339185362549e-8,NE_NCC
14584,25945,25946,48661,48662,5.3665910394659156e-8,NE_NCC
14585,25946,25947,48662,48663,5.3678428935801295e-8,NE_NCC
14586,25947,25948,48663,48664,5.3690947477052166e-8,NE_NCC
14587,25948,25949,48664,48665,5.3703466018476665e-8,NE_NCC
14588,25949,25950,48665,48666,5.37159845600095e-8,NE_NCC
14589,25950,25951,48666,48667,5.37285031016506e-8,NE_NCC
14590,25951,25952,48667,48668,5.3741021643465236e-8,NE_NCC
14591,25952,25953,48668,48669,5.375354018538797e-8,NE_NCC
14592,25953,25954,48669,48670,5.376605872741858e-8,NE_NCC
14593,25954,25955,48670,48671,5.377857726962249e-8,NE_NCC
14594,25955,25956,48671,48672,5.3791095811934194e-8,NE_NCC
14595,25956,25957,48672,48673,5.380361435435346e-8,NE_NCC
14596,25957,25958,48673,48674,5.381613289694593e-8,NE_NCC
14597,25958,25959,48674,48675,5.382865143962388e-8,NE_NCC
14598,25959,25960,48675,48676,5.384116998247486e-8,NE_NCC
14599,25960,25961,48676,48677,5.385368852543308e-8,NE_NCC
14600,25961,25962,48677,48678,5.386620706849844e-8,NE_NCC
14601,25962,25963,48678,48679,5.387872561173647e-8,NE_NCC
14602,25963,25964,48679,48680,5.389124415508151e-8,NE_NCC
14603,25964,25965,48680,48681,5.390376269853344e-8,NE_NCC
14604,25965,25966,48681,48682,5.391628124215783e-8,NE_NCC
14605,25966,25967,48682,48683,5.392879978588883e-8,NE_NCC
14606,25967,25968,48683,48684,5.394131832972653e-8,NE_NCC
14607,25968,25969,48684,48685,5.395383687373639e-8,NE_NCC
14608,25969,25970,48685,48686,5.396635541785259e-8,NE_NCC
14609,25970,25971,48686,48687,5.397887396207526e-8,NE_NCC
14610,25971,25972,48687,48688,5.39913925064699e-8,NE_NCC
14611,25972,25973,48688,48689,5.4003911050970525e-8,NE_NCC
14612,25973,25974,48689,48690,5.4016429595577155e-8,NE_NCC
14613,25974,25975,48690,48691,5.4028948140355825e-8,NE_NCC
14614,25975,25976,48691,48692,5.4041466685239996e-8,NE_NCC
14615,25976,25977,48692,48693,5.40539852302302e-8,NE_NCC
14616,25977,25978,48693,48694,5.406650377539139e-8,NE_NCC
14617,25978,25979,48694,48695,5.4079022320658706e-8,NE_NCC
14618,25979,25980,48695,48696,5.409154086603146e-8,NE_NCC
14619,25980,25981,48696,48697,5.410405941157512e-8,NE_NCC
14620,25981,25982,48697,48698,5.4116577957202276e-8,NE_NCC
14621,25982,25983,48698,48699,5.41290965030007e-8,NE_NCC
14622,25983,25984,48699,48700,5.4141615048903966e-8,NE_NCC
14623,25984,25985,48700,48701,5.415413359491245e-8,NE_NCC
14624,25985,25986,48701,48702,5.4166652141091694e-8,NE_NCC
14625,25986,25987,48702,48703,5.4179170687375766e-8,NE_NCC
14626,25987,25988,48703,48704,5.419168923376462e-8,NE_NCC
14627,25988,25989,48704,48705,5.420420778032383e-8,NE_NCC
14628,25989,25990,48705,48706,5.4216726326988063e-8,NE_NCC
14629,25990,25991,48706,48707,5.422924487375613e-8,NE_NCC
14630,25991,25992,48707,48708,5.4241763420695355e-8,NE_NCC
14631,25992,25993,48708,48709,5.425428196773834e-8,NE_NCC
14632,25993,25994,48709,48710,5.426680051488542e-8,NE_NCC
14633,25994,25995,48710,48711,5.427931906220303e-8,NE_NCC
14634,25995,25996,48711,48712,5.429183760962442e-8,NE_NCC
14635,25996,25997,48712,48713,5.430435615714965e-8,NE_NCC
14636,25997,25998,48713,48714,5.4316874704844956e-8,NE_NCC
14637,25998,25999,48714,48715,5.4329393252644013e-8,NE_NCC
14638,25999,26000,48715,48716,5.434191180054647e-8,NE_NCC
14639,26000,26001,48716,48717,5.4354430348618826e-8,NE_NCC
14640,26001,26002,48717,48718,5.4366948896794554e-8,NE_NCC
14641,26002,26003,48718,48719,5.4379467445073575e-8,NE_NCC
14642,26003,26004,48719,48720,5.439198599352218e-8,NE_NCC
14643,26004,26005,48720,48721,5.4404504542073866e-8,NE_NCC
14644,26005,26006,48721,48722,5.441702309072864e-8,NE_NCC
14645,26006,26007,48722,48723,5.442954163955268e-8,NE_NCC
14646,26007,26008,48723,48724,5.4442060188457384e-8,NE_NCC
14647,26008,26009,48724,48725,5.445457873753146e-8,NE_NCC
14648,26009,26010,48725,48726,5.446709728670802e-8,NE_NCC
14649,26010,26011,48726,48727,5.447961583598719e-8,NE_NCC
14650,26011,26012,48727,48728,5.44921343854354e-8,NE_NCC
14651,26012,26013,48728,48729,5.450465293498587e-8,NE_NCC
14652,26013,26014,48729,48730,5.4517171484638705e-8,NE_NCC
14653,26014,26015,48730,48731,5.452969003446039e-8,NE_NCC
14654,26015,26016,48731,48732,5.454220858438391e-8,NE_NCC
14655,26016,26017,48732,48733,5.455472713440966e-8,NE_NCC
14656,26017,26018,48733,48734,5.45672456846039e-8,NE_NCC
14657,26018,26019,48734,48735,5.457976423489975e-8,NE_NCC
14658,26019,26020,48735,48736,5.459228278529772e-8,NE_NCC
14659,26020,26021,48736,48737,5.460480133586366e-8,NE_NCC
14660,26021,26022,48737,48738,5.461731988653161e-8,NE_NCC
14661,26022,26023,48738,48739,5.462983843730051e-8,NE_NCC
14662,26023,26024,48739,48740,5.464235698823773e-8,NE_NCC
14663,26024,26025,48740,48741,5.465487553927617e-8,NE_NCC
14664,26025,26026,48741,48742,5.4667394090415734e-8,NE_NCC
14665,26026,26027,48742,48743,5.4679912641723314e-8,NE_NCC
14666,26027,26028,48743,48744,5.469243119313216e-8,NE_NCC
14667,26028,26029,48744,48745,5.470494974464135e-8,NE_NCC
14668,26029,26030,48745,48746,5.4717468296318585e-8,NE_NCC
14669,26030,26031,48746,48747,5.472998684807414e-8,NE_NCC
14670,26031,26032,48747,48748,5.474250539999723e-8,NE_NCC
14671,26032,26033,48748,48749,5.4755023952020895e-8,NE_NCC
14672,26033,26034,48749,48750,5.476754250414507e-8,NE_NCC
14673,26034,26035,48750,48751,5.4780061056436344e-8,NE_NCC
14674,26035,26036,48751,48752,5.479257960882809e-8,NE_NCC
14675,26036,26037,48752,48753,5.480509816131994e-8,NE_NCC
14676,26037,26038,48753,48754,5.4817616713979045e-8,NE_NCC
14677,26038,26039,48754,48755,5.483013526673789e-8,NE_NCC
14678,26039,26040,48755,48756,5.4842653819596904e-8,NE_NCC
14679,26040,26041,48756,48757,5.485517237262257e-8,NE_NCC
14680,26041,26042,48757,48758,5.4867690925748175e-8,NE_NCC
14681,26042,26043,48758,48759,5.488020947897332e-8,NE_NCC
14682,26043,26044,48759,48760,5.489272803236514e-8,NE_NCC
14683,26044,26045,48760,48761,5.4905246585856426e-8,NE_NCC
14684,26045,26046,48761,48762,5.491776513944717e-8,NE_NCC
14685,26046,26047,48762,48763,5.493028369320427e-8,NE_NCC
14686,26047,26048,48763,48764,5.4942802247060605e-8,NE_NCC
14687,26048,26049,48764,48765,5.4955320801016077e-8,NE_NCC
14688,26049,26050,48765,48766,5.496783935513774e-8,NE_NCC
14689,26050,26051,48766,48767,5.498035790935842e-8,NE_NCC
14690,26051,26052,48767,48768,5.49928764636779e-8,NE_NCC
14691,26052,26053,48768,48769,5.5005395018163396e-8,NE_NCC
14692,26053,26054,48769,48770,5.501791357274744e-8,NE_NCC
14693,26054,26055,48770,48771,5.5030432127430365e-8,NE_NCC
14694,26055,26056,48771,48772,5.5042950682278755e-8,NE_NCC
14695,26056,26057,48772,48773,5.5055469237203384e-8,NE_NCC
14696,26057,26058,48773,48774,5.506798779229354e-8,NE_NCC
14697,26058,26059,48774,48775,5.508050634748203e-8,NE_NCC
14698,26059,26060,48775,48776,5.509302490276838e-8,NE_NCC
14699,26060,26061,48776,48777,5.5105543458220625e-8,NE_NCC
14700,26061,26062,48777,48778,5.511806201377033e-8,NE_NCC
14701,26062,26063,48778,48779,5.513058056941852e-8,NE_NCC
14702,26063,26064,48779,48780,5.514309912523123e-8,NE_NCC
14703,26064,26065,48780,48781,5.5155617681142347e-8,NE_NCC
14704,26065,26066,48781,48782,5.516813623715062e-8,NE_NCC
14705,26066,26067,48782,48783,5.518065479332409e-8,NE_NCC
14706,26067,26068,48783,48784,5.519317334959515e-8,NE_NCC
14707,26068,26069,48784,48785,5.520569190596326e-8,NE_NCC
14708,26069,26070,48785,48786,5.521821046249627e-8,NE_NCC
14709,26070,26071,48786,48787,5.5230729019126483e-8,NE_NCC
14710,26071,26072,48787,48788,5.5243247575853877e-8,NE_NCC
14711,26072,26073,48788,48789,5.525576613274586e-8,NE_NCC
14712,26073,26074,48789,48790,5.526828468973466e-8,NE_NCC
14713,26074,26075,48790,48791,5.5280803246820475e-8,NE_NCC
14714,26075,26076,48791,48792,5.5293321804070256e-8,NE_NCC
14715,26076,26077,48792,48793,5.5305840361417214e-8,NE_NCC
14716,26077,26078,48793,48794,5.531835891886047e-8,NE_NCC
14717,26078,26079,48794,48795,5.533087747646821e-8,NE_NCC
14718,26079,26080,48795,48796,5.53433960341492e-8,NE_NCC
14719,26080,26081,48796,48797,5.535591459199482e-8,NE_NCC
14720,26081,26082,48797,48798,5.536843314993639e-8,NE_NCC
14721,26082,26083,48798,48799,5.538095170797409e-8,NE_NCC
14722,26083,26084,48799,48800,5.5393470266175666e-8,NE_NCC
14723,26084,26085,48800,48801,5.540598882447329e-8,NE_NCC
14724,26085,26086,48801,48802,5.541850738286672e-8,NE_NCC
14725,26086,26087,48802,48803,5.5431025941423804e-8,NE_NCC
14726,26087,26088,48803,48804,5.5443544500076635e-8,NE_NCC
14727,26088,26089,48804,48805,5.5456063058825016e-8,NE_NCC
14728,26089,26090,48805,48806,5.5468581617736874e-8,NE_NCC
14729,26090,26091,48806,48807,5.548110017674416e-8,NE_NCC
14730,26091,26092,48807,48808,5.5493618735846874e-8,NE_NCC
14731,26092,26093,48808,48809,5.550613729511272e-8,NE_NCC
14732,26093,26094,48809,48810,5.551865585447379e-8,NE_NCC
14733,26094,26095,48810,48811,5.5531174413930045e-8,NE_NCC
14734,26095,26096,48811,48812,5.554369297354921e-8,NE_NCC
14735,26096,26097,48812,48813,5.555621153326339e-8,NE_NCC
14736,26097,26098,48813,48814,5.556873009307248e-8,NE_NCC
14737,26098,26099,48814,48815,5.558124865304417e-8,NE_NCC
14738,26099,26100,48815,48816,5.559376721311073e-8,NE_NCC
14739,26100,26101,48816,48817,5.560628577327199e-8,NE_NCC
14740,26101,26102,48817,48818,5.5618804333595456e-8,NE_NCC
14741,26102,26103,48818,48819,5.563132289399117e-8,NE_NCC
14742,26103,26104,48819,48820,5.564384145454889e-8,NE_NCC
14743,26104,26105,48820,48821,5.565636001520107e-8,NE_NCC
14744,26105,26106,48821,48822,5.5668878575947737e-8,NE_NCC
14745,26106,26107,48822,48823,5.568139713685615e-8,NE_NCC
14746,26107,26108,48823,48824,5.569391569785862e-8,NE_NCC
14747,26108,26109,48824,48825,5.570643425895551e-8,NE_NCC
14748,26109,26110,48825,48826,5.571895282021397e-8,NE_NCC
14749,26110,26111,48826,48827,5.573147138156639e-8,NE_NCC
14750,26111,26112,48827,48828,5.574398994301248e-8,NE_NCC
14751,26112,26113,48828,48829,5.5756508504620464e-8,NE_NCC
14752,26113,26114,48829,48830,5.576902706632178e-8,NE_NCC
14753,26114,26115,48830,48831,5.578154562811677e-8,NE_NCC
14754,26115,26116,48831,48832,5.579406419007321e-8,NE_NCC
14755,26116,26117,48832,48833,5.580658275212301e-8,NE_NCC
14756,26117,26118,48833,48834,5.581910131426582e-8,NE_NCC
14757,26118,26119,48834,48835,5.583161987657038e-8,NE_NCC
14758,26119,26120,48835,48836,5.584413843896772e-8,NE_NCC
14759,26120,26121,48836,48837,5.585665700145822e-8,NE_NCC
14760,26121,26122,48837,48838,5.586917556410959e-8,NE_NCC
14761,26122,26123,48838,48839,5.5881694126853956e-8,NE_NCC
14762,26123,26124,48839,48840,5.589421268969127e-8,NE_NCC
14763,26124,26125,48840,48841,5.590673125268906e-8,NE_NCC
14764,26125,26126,48841,48842,5.591924981577957e-8,NE_NCC
14765,26126,26127,48842,48843,5.593176837896283e-8,NE_NCC
14766,26127,26128,48843,48844,5.594428694230641e-8,NE_NCC
14767,26128,26129,48844,48845,5.595680550571989e-8,NE_NCC
14768,26129,26130,48845,48846,5.596932406929383e-8,NE_NCC
14769,26130,26131,48846,48847,5.5981842632959856e-8,NE_NCC
14770,26131,26132,48847,48848,5.599436119671806e-8,NE_NCC
14771,26132,26133,48848,48849,5.6006879760636564e-8,NE_NCC
14772,26133,26134,48849,48850,5.601939832464709e-8,NE_NCC
14773,26134,26135,48850,48851,5.6031916888749374e-8,NE_NCC
14774,26135,26136,48851,48852,5.604443545301189e-8,NE_NCC
14775,26136,26137,48852,48853,5.605695401736603e-8,NE_NCC
14776,26137,26138,48853,48854,5.606947258181178e-8,NE_NCC
14777,26138,26139,48854,48855,5.6081991146417526e-8,NE_NCC
14778,26139,26140,48855,48856,5.609450971111469e-8,NE_NCC
14779,26140,26141,48856,48857,5.610702827590317e-8,NE_NCC
14780,26141,26142,48857,48858,5.611954684085149e-8,NE_NCC
14781,26142,26143,48858,48859,5.61320654058909e-8,NE_NCC
14782,26143,26144,48859,48860,5.614458397102151e-8,NE_NCC
14783,26144,26145,48860,48861,5.615710253631165e-8,NE_NCC
14784,26145,26146,48861,48862,5.616962110169276e-8,NE_NCC
14785,26146,26147,48862,48863,5.618213966716476e-8,NE_NCC
14786,26147,26148,48863,48864,5.619465823279597e-8,NE_NCC
14787,26148,26149,48864,48865,5.620717679851811e-8,NE_NCC
14788,26149,26150,48865,48866,5.62196953643308e-8,NE_NCC
14789,26150,26151,48866,48867,5.6232213930302495e-8,NE_NCC
14790,26151,26152,48867,48868,5.624473249634196e-8,NE_NCC
14791,26152,26153,48868,48869,5.625725106254031e-8,NE_NCC
14792,26153,26154,48869,48870,5.6269769628829315e-8,NE_NCC
14793,26154,26155,48870,48871,5.6282288195208186e-8,NE_NCC
14794,26155,26156,48871,48872,5.629480676174589e-8,NE_NCC
14795,26156,26157,48872,48873,5.630732532837375e-8,NE_NCC
14796,26157,26158,48873,48874,5.6319843895091714e-8,NE_NCC
14797,26158,26159,48874,48875,5.633236246196821e-8,NE_NCC
14798,26159,26160,48875,48876,5.63448810289344e-8,NE_NCC
14799,26160,26161,48876,48877,5.6357399595990465e-8,NE_NCC
14800,26161,26162,48877,48878,5.6369918163205165e-8,NE_NCC
14801,26162,26163,48878,48879,5.638243673050913e-8,NE_NCC
14802,26163,26164,48879,48880,5.6394955297902816e-8,NE_NCC
14803,26164,26165,48880,48881,5.640747386545451e-8,NE_NCC
14804,26165,26166,48881,48882,5.6419992433095744e-8,NE_NCC
14805,26166,26167,48882,48883,5.643251100082619e-8,NE_NCC
14806,26167,26168,48883,48884,5.6445029568714557e-8,NE_NCC
14807,26168,26169,48884,48885,5.6457548136692274e-8,NE_NCC
14808,26169,26170,48885,48886,5.647006670475893e-8,NE_NCC
14809,26170,26171,48886,48887,5.6482585272983506e-8,NE_NCC
14810,26171,26172,48887,48888,5.6495103841296715e-8,NE_NCC
14811,26172,26173,48888,48889,5.650762240969873e-8,NE_NCC
14812,26173,26174,48889,48890,5.6520140978258796e-8,NE_NCC
14813,26174,26175,48890,48891,5.653265954688412e-8,NE_NCC
14814,26175,26176,48891,48892,5.654517811566707e-8,NE_NCC
14815,26176,26177,48892,48893,5.65576966845386e-8,NE_NCC
14816,26177,26178,48893,48894,5.6570215253498395e-8,NE_NCC
14817,26178,26179,48894,48895,5.6582733822615564e-8,NE_NCC
14818,26179,26180,48895,48896,5.659525239182103e-8,NE_NCC
14819,26180,26181,48896,48897,5.660777096111457e-8,NE_NCC
14820,26181,26182,48897,48898,5.662028953056533e-8,NE_NCC
14821,26182,26183,48898,48899,5.663280810010407e-8,NE_NCC
14822,26183,26184,48899,48900,5.6645326669730674e-8,NE_NCC
14823,26184,26185,48900,48901,5.665784523951431e-8,NE_NCC
14824,26185,26186,48901,48902,5.667036380938571e-8,NE_NCC
14825,26186,26187,48902,48903,5.6682882379344666e-8,NE_NCC
14826,26187,26188,48903,48904,5.6695400949460586e-8,NE_NCC
14827,26188,26189,48904,48905,5.670791951966397e-8,NE_NCC
14828,26189,26190,48905,48906,5.672043808995474e-8,NE_NCC
14829,26190,26191,48906,48907,5.673295666040203e-8,NE_NCC
14830,26191,26192,48907,48908,5.674547523093684e-8,NE_NCC
14831,26192,26193,48908,48909,5.6757993801558705e-8,NE_NCC
14832,26193,26194,48909,48910,5.677051237233689e-8,NE_NCC
14833,26194,26195,48910,48911,5.678303094320244e-8,NE_NCC
14834,26195,26196,48911,48912,5.679554951415467e-8,NE_NCC
14835,26196,26197,48912,48913,5.6808068085263154e-8,NE_NCC
14836,26197,26198,48913,48914,5.682058665645844e-8,NE_NCC
14837,26198,26199,48914,48915,5.683310522774083e-8,NE_NCC
14838,26199,26200,48915,48916,5.6845623799178644e-8,NE_NCC
14839,26200,26201,48916,48917,5.685814237068033e-8,NE_NCC
14840,26201,26202,48917,48918,5.687066094233802e-8,NE_NCC
14841,26202,26203,48918,48919,5.688317951408176e-8,NE_NCC
14842,26203,26204,48919,48920,5.689569808591211e-8,NE_NCC
14843,26204,26205,48920,48921,5.690821665789799e-8,NE_NCC
14844,26205,26206,48921,48922,5.6920735229970354e-8,NE_NCC
14845,26206,26207,48922,48923,5.6933253802128616e-8,NE_NCC
14846,26207,26208,48923,48924,5.6945772374442415e-8,NE_NCC
14847,26208,26209,48924,48925,5.6958290946842194e-8,NE_NCC
14848,26209,26210,48925,48926,5.697080951932796e-8,NE_NCC
14849,26210,26211,48926,48927,5.6983328091969024e-8,NE_NCC
14850,26211,26212,48927,48928,5.699584666469595e-8,NE_NCC
14851,26212,26213,48928,48929,5.7008365237508175e-8,NE_NCC
14852,26213,26214,48929,48930,5.702088381047581e-8,NE_NCC
14853,26214,26215,48930,48931,5.703340238352915e-8,NE_NCC
14854,26215,26216,48931,48932,5.704592095666761e-8,NE_NCC
14855,26216,26217,48932,48933,5.7058439529961124e-8,NE_NCC
14856,26217,26218,48933,48934,5.70709581033399e-8,NE_NCC
14857,26218,26219,48934,48935,5.7083476676803963e-8,NE_NCC
14858,26219,26220,48935,48936,5.709599525042265e-8,NE_NCC
14859,26220,26221,48936,48937,5.7108513824126714e-8,NE_NCC
14860,26221,26222,48937,48938,5.712103239791536e-8,NE_NCC
14861,26222,26223,48938,48939,5.713355097185896e-8,NE_NCC
14862,26223,26224,48939,48940,5.714606954586384e-8,NE_NCC
14863,26224,26225,48940,48941,5.7158588120023394e-8,NE_NCC
14864,26225,26226,48941,48942,5.717110669426755e-8,NE_NCC
14865,26226,26227,48942,48943,5.7183625268596305e-8,NE_NCC
14866,26227,26228,48943,48944,5.719614384307939e-8,NE_NCC
14867,26228,26229,48944,48945,5.7208662417646904e-8,NE_NCC
14868,26229,26230,48945,48946,5.722118099229875e-8,NE_NCC
14869,26230,26231,48946,48947,5.7233699567104766e-8,NE_NCC
14870,26231,26232,48947,48948,5.7246218141995e-8,NE_NCC
14871,26232,26233,48948,48949,5.725873671696929e-8,NE_NCC
14872,26233,26234,48949,48950,5.7271255292097613e-8,NE_NCC
14873,26234,26235,48950,48951,5.7283773867309807e-8,NE_NCC
14874,26235,26236,48951,48952,5.729629244260607e-8,NE_NCC
14875,26236,26237,48952,48953,5.7308811018056105e-8,NE_NCC
14876,26237,26238,48953,48954,5.7321329593589635e-8,NE_NCC
14877,26238,26239,48954,48955,5.733384816920723e-8,NE_NCC
14878,26239,26240,48955,48956,5.734636674497803e-8,NE_NCC
14879,26240,26241,48956,48957,5.7358885320832645e-8,NE_NCC
14880,26241,26242,48957,48958,5.737140389677074e-8,NE_NCC
14881,26242,26243,48958,48959,5.738392247286195e-8,NE_NCC
14882,26243,26244,48959,48960,5.739644104903671e-8,NE_NCC
14883,26244,26245,48960,48961,5.7408959625294536e-8,NE_NCC
14884,26245,26246,48961,48962,5.742147820170573e-8,NE_NCC
14885,26246,26247,48962,48963,5.7433996778176754e-8,NE_NCC
14886,26247,26248,48963,48964,5.74465153548006e-8,NE_NCC
14887,26248,26249,48964,48965,5.745903393150739e-8,NE_NCC
14888,26249,26250,48965,48966,5.747155250829719e-8,NE_NCC
14889,26250,26251,48966,48967,5.7484071085240036e-8,NE_NCC
14890,26251,26252,48967,48968,5.749658966226545e-8,NE_NCC
14891,26252,26253,48968,48969,5.750910823937351e-8,NE_NCC
14892,26253,26254,48969,48970,5.752162681663437e-8,NE_NCC
14893,26254,26255,48970,48971,5.753414539397741e-8,NE_NCC
14894,26255,26256,48971,48972,5.7546663971403444e-8,NE_NCC
14895,26256,26257,48972,48973,5.755918254898154e-8,NE_NCC
14896,26257,26258,48973,48974,5.7571701126642114e-8,NE_NCC
14897,26258,26259,48974,48975,5.758421970438494e-8,NE_NCC
14898,26259,26260,48975,48976,5.7596738282279936e-8,NE_NCC
14899,26260,26261,48976,48977,5.760925686025734e-8,NE_NCC
14900,26261,26262,48977,48978,5.7621775438316365e-8,NE_NCC
14901,26262,26263,48978,48979,5.763429401652791e-8,NE_NCC
14902,26263,26264,48979,48980,5.7646812594820926e-8,NE_NCC
14903,26264,26265,48980,48981,5.765933117319598e-8,NE_NCC
14904,26265,26266,48981,48982,5.7671849751722964e-8,NE_NCC
14905,26266,26267,48982,48983,5.768436833033156e-8,NE_NCC
14906,26267,26268,48983,48984,5.769688690902173e-8,NE_NCC
14907,26268,26269,48984,48985,5.7709405487863784e-8,NE_NCC
14908,26269,26270,48985,48986,5.7721924066787146e-8,NE_NCC
14909,26270,26271,48986,48987,5.773444264579184e-8,NE_NCC
14910,26271,26272,48987,48988,5.774696122494827e-8,NE_NCC
14911,26272,26273,48988,48989,5.775947980416233e-8,NE_NCC
14912,26273,26274,48989,48990,5.777199838352799e-8,NE_NCC
14913,26274,26275,48990,48991,5.778451696297469e-8,NE_NCC
14914,26275,26276,48991,48992,5.779703554250226e-8,NE_NCC
14915,26276,26277,48992,48993,5.7809554122181376e-8,NE_NCC
14916,26277,26278,48993,48994,5.782207270194118e-8,NE_NCC
14917,26278,26279,48994,48995,5.783459128178164e-8,NE_NCC
14918,26279,26280,48995,48996,5.784710986177358e-8,NE_NCC
14919,26280,26281,48996,48997,5.7859628441845873e-8,NE_NCC
14920,26281,26282,48997,48998,5.78721470219987e-8,NE_NCC
14921,26282,26283,48998,48999,5.7884665602302697e-8,NE_NCC
14922,26283,26284,48999,49000,5.7897184182687045e-8,NE_NCC
14923,26284,26285,49000,49001,5.79097027631516e-8,NE_NCC
14924,26285,26286,49001,49002,5.7922221343767145e-8,NE_NCC
14925,26286,26287,49002,49003,5.793473992446279e-8,NE_NCC
14926,26287,26288,49003,49004,5.794725850523855e-8,NE_NCC
14927,26288,26289,49004,49005,5.795977708616456e-8,NE_NCC
14928,26289,26290,49005,49006,5.797229566717151e-8,NE_NCC
14929,26290,26291,49006,49007,5.7984814248257336e-8,NE_NCC
14930,26291,26292,49007,49008,5.799733282949407e-8,NE_NCC
14931,26292,26293,49008,49009,5.8009851410810864e-8,NE_NCC
14932,26293,26294,49009,49010,5.8022369992206715e-8,NE_NCC
14933,26294,26295,49010,49011,5.803488857375346e-8,NE_NCC
14934,26295,26296,49011,49012,5.8047407155355654e-8,NE_NCC
14935,26296,26297,49012,49013,5.805992573710835e-8,NE_NCC
14936,26297,26298,49013,49014,5.8072444318940305e-8,NE_NCC
14937,26298,26299,49014,49015,5.8084962900851596e-8,NE_NCC
14938,26299,26300,49015,49016,5.809748148291302e-8,NE_NCC
14939,26300,26301,49016,49017,5.8110000065053555e-8,NE_NCC
14940,26301,26302,49017,49018,5.8122518647273146e-8,NE_NCC
14941,26302,26303,49018,49019,5.813503722964252e-8,NE_NCC
14942,26303,26304,49019,49020,5.8147555812091355e-8,NE_NCC
14943,26304,26305,49020,49021,5.816007439461841e-8,NE_NCC
14944,26305,26306,49021,49022,5.81725929772954e-8,NE_NCC
14945,26306,26307,49022,49023,5.818511156005124e-8,NE_NCC
14946,26307,26308,49023,49024,5.8197630142885575e-8,NE_NCC
14947,26308,26309,49024,49025,5.8210148725869725e-8,NE_NCC
14948,26309,26310,49025,49026,5.822266730893212e-8,NE_NCC
14949,26310,26311,49026,49027,5.8235185892073085e-8,NE_NCC
14950,26311,26312,49027,49028,5.824770447536341e-8,NE_NCC
14951,26312,26313,49028,49029,5.8260223058732055e-8,NE_NCC
14952,26313,26314,49029,49030,5.827274164217891e-8,NE_NCC
14953,26314,26315,49030,49031,5.8285260225775016e-8,NE_NCC
14954,26315,26316,49031,49032,5.829777880944924e-8,NE_NCC
14955,26316,26317,49032,49033,5.831029739320139e-8,NE_NCC
14956,26317,26318,49033,49034,5.832281597710269e-8,NE_NCC
14957,26318,26319,49034,49035,5.833533456108183e-8,NE_NCC
14958,26319,26320,49035,49036,5.834785314513874e-8,NE_NCC
14959,26320,26321,49036,49037,5.836037172934455e-8,NE_NCC
14960,26321,26322,49037,49038,5.837289031360438e-8,NE_NCC
14961,26322,26323,49038,49039,5.83854088980129e-8,NE_NCC
14962,26323,26324,49039,49040,5.83979274824991e-8,NE_NCC
14963,26324,26325,49040,49041,5.841044606706254e-8,NE_NCC
14964,26325,26326,49041,49042,5.842296465177479e-8,NE_NCC
14965,26326,26327,49042,49043,5.843548323656415e-8,NE_NCC
14966,26327,26328,49043,49044,5.844800182143089e-8,NE_NCC
14967,26328,26329,49044,49045,5.846052040644611e-8,NE_NCC
14968,26329,26330,49045,49046,5.847303899153849e-8,NE_NCC
14969,26330,26331,49046,49047,5.848555757670772e-8,NE_NCC
14970,26331,26332,49047,49048,5.849807616202541e-8,NE_NCC
14971,26332,26333,49048,49049,5.8510594747419705e-8,NE_NCC
14972,26333,26334,49049,49050,5.852311333289128e-8,NE_NCC
14973,26334,26335,49050,49051,5.8535631918510584e-8,NE_NCC
14974,26335,26336,49051,49052,5.8548150504206795e-8,NE_NCC
14975,26336,26337,49052,49053,5.8560669089979543e-8,NE_NCC
14976,26337,26338,49053,49054,5.857318767590027e-8,NE_NCC
14977,26338,26339,49054,49055,5.858570626189751e-8,NE_NCC
14978,26339,26340,49055,49056,5.8598224847971035e-8,NE_NCC
14979,26340,26341,49056,49057,5.861074343419262e-8,NE_NCC
14980,26341,26342,49057,49058,5.8623262020490255e-8,NE_NCC
14981,26342,26343,49058,49059,5.863578060686399e-8,NE_NCC
14982,26343,26344,49059,49060,5.86482991933857e-8,NE_NCC
14983,26344,26345,49060,49061,5.8660817779959376e-8,NE_NCC
14984,26345,26346,49061,49062,5.867333636668063e-8,NE_NCC
14985,26346,26347,49062,49063,5.8685854953477884e-8,NE_NCC
14986,26347,26348,49063,49064,5.8698373540351107e-8,NE_NCC
14987,26348,26349,49064,49065,5.871089212737129e-8,NE_NCC
14988,26349,26350,49065,49066,5.87234107144677e-8,NE_NCC
14989,26350,26351,49066,49067,5.873592930163926e-8,NE_NCC
14990,26351,26352,49067,49068,5.8748447888958396e-8,NE_NCC
14991,26352,26353,49068,49069,5.876096647635284e-8,NE_NCC
14992,26353,26354,49069,49070,5.877348506382293e-8,NE_NCC
14993,26354,26355,49070,49071,5.878600365143997e-8,NE_NCC
14994,26355,26356,49071,49072,5.879852223913231e-8,NE_NCC
14995,26356,26357,49072,49073,5.881104082689982e-8,NE_NCC
14996,26357,26358,49073,49074,5.882355941481426e-8,NE_NCC
14997,26358,26359,49074,49075,5.8836078002803854e-8,NE_NCC
14998,26359,26360,49075,49076,5.884859659086847e-8,NE_NCC
14999,26360,26361,49076,49077,5.886111517907979e-8,NE_NCC
15000,26361,26362,49077,49078,5.8873633767366045e-8,NE_NCC
15001,26362,26363,49078,49079,5.8886152355727074e-8,NE_NCC
15002,26363,26364,49079,49080,5.889867094423471e-8,NE_NCC
15003,26364,26365,49080,49081,5.891118953281707e-8,NE_NCC
15004,26365,26366,49081,49082,5.892370812147397e-8,NE_NCC
15005,26366,26367,49082,49083,5.8936226710277425e-8,NE_NCC
15006,26367,26368,49083,49084,5.89487452991312e-8,NE_NCC
15007,26368,26369,49084,49085,5.89612638881315e-8,NE_NCC
15008,26369,26370,49085,49086,5.897378247720597e-8,NE_NCC
15009,26370,26371,49086,49087,5.898630106635486e-8,NE_NCC
15010,26371,26372,49087,49088,5.8998819655649965e-8,NE_NCC
15011,26372,26373,49088,49089,5.901133824501904e-8,NE_NCC
15012,26373,26374,49089,49090,5.902385683446224e-8,NE_NCC
15013,26374,26375,49090,49091,5.9036375424051524e-8,NE_NCC
15014,26375,26376,49091,49092,5.9048894013714814e-8,NE_NCC
15015,26376,26377,49092,49093,5.906141260345158e-8,NE_NCC
15016,26377,26378,49093,49094,5.9073931193334606e-8,NE_NCC
15017,26378,26379,49094,49095,5.9086449783291466e-8,NE_NCC
15018,26379,26380,49095,49096,5.9098968373321614e-8,NE_NCC
15019,26380,26381,49096,49097,5.911148696349763e-8,NE_NCC
15020,26381,26382,49097,49098,5.9124005553747226e-8,NE_NCC
15021,26382,26383,49098,49099,5.913652414407013e-8,NE_NCC
15022,26383,26384,49099,49100,5.914904273451487e-8,NE_NCC
15023,26384,26385,49100,49101,5.9161561325080584e-8,NE_NCC
15024,26385,26386,49101,49102,5.917407991572001e-8,NE_NCC
15025,26386,26387,49102,49103,5.91865985064565e-8,NE_NCC
15026,26387,26388,49103,49104,5.919911709729019e-8,NE_NCC
15027,26388,26389,49104,49105,5.921163568822093e-8,NE_NCC
15028,26389,26390,49105,49106,5.922415427920085e-8,NE_NCC
15029,26390,26391,49106,49107,5.923667287037383e-8,NE_NCC
15030,26391,26392,49107,49108,5.9249191461595907e-8,NE_NCC
15031,26392,26393,49108,49109,5.926171005291466e-8,NE_NCC
15032,26393,26394,49109,49110,5.9274228644330146e-8,NE_NCC
15033,26394,26395,49110,49111,5.928674723584259e-8,NE_NCC
15034,26395,26396,49111,49112,5.929926582740363e-8,NE_NCC
15035,26396,26397,49112,49113,5.931178441915741e-8,NE_NCC
15036,26397,26398,49113,49114,5.932430301095996e-8,NE_NCC
15037,26398,26399,49114,49115,5.9336821602858756e-8,NE_NCC
15038,26399,26400,49115,49116,5.93493401948541e-8,NE_NCC
15039,26400,26401,49116,49117,5.93618587869459e-8,NE_NCC
15040,26401,26402,49117,49118,5.9374377379085735e-8,NE_NCC
15041,26402,26403,49118,49119,5.9386895971418303e-8,NE_NCC
15042,26403,26404,49119,49120,5.939941456379905e-8,NE_NCC
15043,26404,26405,49120,49121,5.941193315627576e-8,NE_NCC
15044,26405,26406,49121,49122,5.942445174884862e-8,NE_NCC
15045,26406,26407,49122,49123,5.943697034146918e-8,NE_NCC
15046,26407,26408,49123,49124,5.9449488934282445e-8,NE_NCC
15047,26408,26409,49124,49125,5.9462007527143264e-8,NE_NCC
15048,26409,26410,49125,49126,5.947452612009994e-8,NE_NCC
15049,26410,26411,49126,49127,5.9487044713152405e-8,NE_NCC
15050,26411,26412,49127,49128,5.9499563306300587e-8,NE_NCC
15051,26412,26413,49128,49129,5.9512081899496044e-8,NE_NCC
15052,26413,26414,49129,49130,5.9524600492883976e-8,NE_NCC
15053,26414,26415,49130,49131,5.9537119086319044e-8,NE_NCC
15054,26415,26416,49131,49132,5.9549637679849615e-8,NE_NCC
15055,26416,26417,49132,49133,5.956215627347554e-8,NE_NCC
15056,26417,26418,49133,49134,5.957467486719702e-8,NE_NCC
15057,26418,26419,49134,49135,5.9587193460965165e-8,NE_NCC
15058,26419,26420,49135,49136,5.959971205492553e-8,NE_NCC
15059,26420,26421,49136,49137,5.961223064893287e-8,NE_NCC
15060,26421,26422,49137,49138,5.9624749243035e-8,NE_NCC
15061,26422,26423,49138,49139,5.963726783723216e-8,NE_NCC
15062,26423,26424,49139,49140,5.964978643152481e-8,NE_NCC
15063,26424,26425,49140,49141,5.966230502586349e-8,NE_NCC
15064,26425,26426,49141,49142,5.96748236203943e-8,NE_NCC
15065,26426,26427,49142,49143,5.968734221497122e-8,NE_NCC
15066,26427,26428,49143,49144,5.969986080964311e-8,NE_NCC
15067,26428,26429,49144,49145,5.971237940440963e-8,NE_NCC
15068,26429,26430,49145,49146,5.972489799922232e-8,NE_NCC
15069,26430,26431,49146,49147,5.973741659422682e-8,NE_NCC
15070,26431,26432,49147,49148,5.974993518927694e-8,NE_NCC
15071,26432,26433,49148,49149,5.976245378442181e-8,NE_NCC
15072,26433,26434,49149,49150,5.977497237966118e-8,NE_NCC
15073,26434,26435,49150,49151,5.978749097499474e-8,NE_NCC
15074,26435,26436,49151,49152,5.980000957037385e-8,NE_NCC
15075,26436,26437,49152,49153,5.981252816594486e-8,NE_NCC
15076,26437,26438,49153,49154,5.982504676156109e-8,NE_NCC
15077,26438,26439,49154,49155,5.98375653572715e-8,NE_NCC
15078,26439,26440,49155,49156,5.98500839530762e-8,NE_NCC
15079,26440,26441,49156,49157,5.986260254897453e-8,NE_NCC
15080,26441,26442,49157,49158,5.987512114491835e-8,NE_NCC
15081,26442,26443,49158,49159,5.988763974105342e-8,NE_NCC
15082,26443,26444,49159,49160,5.990015833723373e-8,NE_NCC
15083,26444,26445,49160,49161,5.991267693350766e-8,NE_NCC
15084,26445,26446,49161,49162,5.992519552987525e-8,NE_NCC
15085,26446,26447,49162,49163,5.993771412633659e-8,NE_NCC
15086,26447,26448,49163,49164,5.995023272284272e-8,NE_NCC
15087,26448,26449,49164,49165,5.996275131953999e-8,NE_NCC
15088,26449,26450,49165,49166,5.997526991628196e-8,NE_NCC
15089,26450,26451,49166,49167,5.998778851311729e-8,NE_NCC
15090,26451,26452,49167,49168,6.000030711004603e-8,NE_NCC
15091,26452,26453,49168,49169,6.001282570701918e-8,NE_NCC
15092,26453,26454,49169,49170,6.00253443041833e-8,NE_NCC
15093,26454,26455,49170,49171,6.003786290139175e-8,NE_NCC
15094,26455,26456,49171,49172,6.005038149869334e-8,NE_NCC
15095,26456,26457,49172,49173,6.006290009608789e-8,NE_NCC
15096,26457,26458,49173,49174,6.007541869357563e-8,NE_NCC
15097,26458,26459,49174,49175,6.008793729110728e-8,NE_NCC
15098,26459,26460,49175,49176,6.010045588882977e-8,NE_NCC
15099,26460,26461,49176,49177,6.011297448659597e-8,NE_NCC
15100,26461,26462,49177,49178,6.012549308445528e-8,NE_NCC
15101,26462,26463,49178,49179,6.013801168240695e-8,NE_NCC
15102,26463,26464,49179,49180,6.015053028045148e-8,NE_NCC
15103,26464,26465,49180,49181,6.016304887853962e-8,NE_NCC
15104,26465,26466,49181,49182,6.017556747681815e-8,NE_NCC
15105,26466,26467,49182,49183,6.018808607514042e-8,NE_NCC
15106,26467,26468,49183,49184,6.020060467355511e-8,NE_NCC
15107,26468,26469,49184,49185,6.021312327206176e-8,NE_NCC
15108,26469,26470,49185,49186,6.022564187066118e-8,NE_NCC
15109,26470,26471,49186,49187,6.023816046930351e-8,NE_NCC
15110,26471,26472,49187,49188,6.025067906813642e-8,NE_NCC
15111,26472,26473,49188,49189,6.02631976670122e-8,NE_NCC
15112,26473,26474,49189,49190,6.027571626598012e-8,NE_NCC
15113,26474,26475,49190,49191,6.028823486504024e-8,NE_NCC
15114,26475,26476,49191,49192,6.0300753464143e-8,NE_NCC
15115,26476,26477,49192,49193,6.031327206343594e-8,NE_NCC
15116,26477,26478,49193,49194,6.032579066277162e-8,NE_NCC
15117,26478,26479,49194,49195,6.03383092621994e-8,NE_NCC
15118,26479,26480,49195,49196,6.035082786171854e-8,NE_NCC
15119,26480,26481,49196,49197,6.036334646132949e-8,NE_NCC
15120,26481,26482,49197,49198,6.037586506098276e-8,NE_NCC
15121,26482,26483,49198,49199,6.03883836608259e-8,NE_NCC
15122,26483,26484,49199,49200,6.040090226071206e-8,NE_NCC
15123,26484,26485,49200,49201,6.041342086068895e-8,NE_NCC
15124,26485,26486,49201,49202,6.042593946075731e-8,NE_NCC
15125,26486,26487,49202,49203,6.043845806091728e-8,NE_NCC
15126,26487,26488,49203,49204,6.045097666111914e-8,NE_NCC
15127,26488,26489,49204,49205,6.046349526151091e-8,NE_NCC
15128,26489,26490,49205,49206,6.047601386194437e-8,NE_NCC
15129,26490,26491,49206,49207,6.048853246246913e-8,NE_NCC
15130,26491,26492,49207,49208,6.05010510630848e-8,NE_NCC
15131,26492,26493,49208,49209,6.051356966379154e-8,NE_NCC
15132,26493,26494,49209,49210,6.052608826453993e-8,NE_NCC
15133,26494,26495,49210,49211,6.05386068654778e-8,NE_NCC
15134,26495,26496,49211,49212,6.055112546645721e-8,NE_NCC
15135,26496,26497,49212,49213,6.05636440675274e-8,NE_NCC
15136,26497,26498,49213,49214,6.057616266868833e-8,NE_NCC
15137,26498,26499,49214,49215,6.05886812699399e-8,NE_NCC
15138,26499,26500,49215,49216,6.060119987123275e-8,NE_NCC
15139,26500,26501,49216,49217,6.061371847271479e-8,NE_NCC
15140,26501,26502,49217,49218,6.062623707423811e-8,NE_NCC
