elem_id,n1,n2,n3,n4
1,1,3787,3788,2
2,2,3788,3789,3
3,3,3789,3790,4
4,4,3790,3791,5
5,5,3791,3792,6
6,6,3792,3793,7
7,7,3793,3794,8
8,8,3794,3795,9
9,9,3795,3796,10
10,10,3796,3797,11
11,11,3797,3798,12
12,12,3798,3799,13
13,13,3799,3800,14
14,14,3800,3801,15
15,15,3801,3802,16
16,16,3802,3803,17
17,17,3803,3804,18
18,18,3804,3805,19
19,19,3805,3806,20
20,20,3806,3807,21
21,21,3807,3808,22
22,22,3808,3809,23
23,23,3809,3810,24
24,24,3810,3811,25
25,25,3811,3812,26
26,26,3812,3813,27
27,27,3813,3814,28
28,28,3814,3815,29
29,29,3815,3816,30
30,30,3816,3817,31
31,31,3817,3818,32
32,32,3818,3819,33
33,33,3819,3820,34
34,34,3820,3821,35
35,35,3821,3822,36
36,36,3822,3823,37
37,37,3823,3824,38
38,38,3824,3825,39
39,39,3825,3826,40
40,40,3826,3827,41
41,41,3827,3828,42
42,42,3828,3829,43
43,43,3829,3830,44
44,44,3830,3831,45
45,45,3831,3832,46
46,46,3832,3833,47
47,47,3833,3834,48
48,48,3834,3835,49
49,49,3835,3836,50
50,50,3836,3837,51
51,51,3837,3838,52
52,52,3838,3839,53
53,53,3839,3840,54
54,54,3840,3841,55
55,55,3841,3842,56
56,56,3842,3843,57
57,57,3843,3844,58
58,58,3844,3845,59
59,59,3845,3846,60
60,60,3846,3847,61
61,61,3847,3848,62
62,62,3848,3849,63
63,63,3849,3850,64
64,64,3850,3851,65
65,65,3851,3852,66
66,66,3852,3853,67
67,67,3853,3854,68
68,68,3854,3855,69
69,69,3855,3856,70
70,70,3856,3857,71
71,71,3857,3858,72
72,72,3858,3859,73
73,73,3859,3860,74
74,74,3860,3861,75
75,75,3861,3862,76
76,76,3862,3863,77
77,77,3863,3864,78
78,78,3864,3865,79
79,79,3865,3866,80
80,80,3866,3867,81
81,81,3867,3868,82
82,82,3868,3869,83
83,83,3869,3870,84
84,84,3870,3871,85
85,85,3871,3872,86
86,86,3872,3873,87
87,87,3873,3874,88
88,88,3874,3875,89
89,89,3875,3876,90
90,90,3876,3877,91
91,91,3877,3878,92
92,92,3878,3879,93
93,93,3879,3880,94
94,94,3880,3881,95
95,95,3881,3882,96
96,96,3882,3883,97
97,97,3883,3884,98
98,98,3884,3885,99
99,99,3885,3886,100
100,100,3886,3887,101
101,101,3887,3888,102
102,102,3888,3889,103
103,103,3889,3890,104
104,104,3890,3891,105
105,105,3891,3892,106
106,106,3892,3893,107
107,107,3893,3894,108
108,108,3894,3895,109
109,109,3895,3896,110
110,110,3896,3897,111
111,111,3897,3898,112
112,112,3898,3899,113
113,113,3899,3900,114
114,114,3900,3901,115
115,115,3901,3902,116
116,116,3902,3903,117
117,117,3903,3904,118
118,118,3904,3905,119
119,119,3905,3906,120
120,120,3906,3907,121
121,121,3907,3908,122
122,122,3908,3909,123
123,123,3909,3910,124
124,124,3910,3911,125
125,125,3911,3912,126
126,126,3912,3913,127
127,127,3913,3914,128
128,128,3914,3915,129
129,129,3915,3916,130
130,130,3916,3917,131
131,131,3917,3918,132
132,132,3918,3919,133
133,133,3919,3920,134
134,134,3920,3921,135
135,135,3921,3922,136
136,136,3922,3923,137
137,137,3923,3924,138
138,138,3924,3925,139
139,139,3925,3926,140
140,140,3926,3927,141
141,141,3927,3928,142
142,142,3928,3929,143
143,143,3929,3930,144
144,144,3930,3931,145
145,145,3931,3932,146
146,146,3932,3933,147
147,147,3933,3934,148
148,148,3934,3935,149
149,149,3935,3936,150
150,150,3936,3937,151
151,151,3937,3938,152
152,152,3938,3939,153
153,153,3939,3940,154
154,154,3940,3941,155
155,155,3941,3942,156
156,156,3942,3943,157
157,157,3943,3944,158
158,158,3944,3945,159
159,159,3945,3946,160
160,160,3946,3947,161
161,161,3947,3948,162
162,162,3948,3949,163
163,163,3949,3950,164
164,164,3950,3951,165
165,165,3951,3952,166
166,166,3952,3953,167
167,167,3953,3954,168
168,168,3954,3955,169
169,169,3955,3956,170
170,170,3956,3957,171
171,171,3957,3958,172
172,172,3958,3959,173
173,173,3959,3960,174
174,174,3960,3961,175
175,175,3961,3962,176
176,176,3962,3963,177
177,177,3963,3964,178
178,178,3964,3965,179
179,179,3965,3966,180
180,180,3966,3967,181
181,181,3967,3968,182
182,182,3968,3969,183
183,183,3969,3970,184
184,184,3970,3971,185
185,185,3971,3972,186
186,186,3972,3973,187
187,187,3973,3974,188
188,188,3974,3975,189
189,189,3975,3976,190
190,190,3976,3977,191
191,191,3977,3978,192
192,192,3978,3979,193
193,193,3979,3980,194
194,194,3980,3981,195
195,195,3981,3982,196
196,196,3982,3983,197
197,197,3983,3984,198
198,198,3984,3985,199
199,199,3985,3986,200
200,200,3986,3987,201
201,201,3987,3988,202
202,202,3988,3989,203
203,203,3989,3990,204
204,204,3990,3991,205
205,205,3991,3992,206
206,206,3992,3993,207
207,207,3993,3994,208
208,208,3994,3995,209
209,209,3995,3996,210
210,210,3996,3997,211
211,211,3997,3998,212
212,212,3998,3999,213
213,213,3999,4000,214
214,214,4000,4001,215
215,215,4001,4002,216
216,216,4002,4003,217
217,217,4003,4004,218
218,218,4004,4005,219
219,219,4005,4006,220
220,220,4006,4007,221
221,221,4007,4008,222
222,222,4008,4009,223
223,223,4009,4010,224
224,224,4010,4011,225
225,225,4011,4012,226
226,226,4012,4013,227
227,227,4013,4014,228
228,228,4014,4015,229
229,229,4015,4016,230
230,230,4016,4017,231
231,231,4017,4018,232
232,232,4018,4019,233
233,233,4019,4020,234
234,234,4020,4021,235
235,235,4021,4022,236
236,236,4022,4023,237
237,237,4023,4024,238
238,238,4024,4025,239
239,239,4025,4026,240
240,240,4026,4027,241
241,241,4027,4028,242
242,242,4028,4029,243
243,243,4029,4030,244
244,244,4030,4031,245
245,245,4031,4032,246
246,246,4032,4033,247
247,247,4033,4034,248
248,248,4034,4035,249
249,249,4035,4036,250
250,250,4036,4037,251
251,251,4037,4038,252
252,252,4038,4039,253
253,253,4039,4040,254
254,254,4040,4041,255
255,255,4041,4042,256
256,256,4042,4043,257
257,257,4043,4044,258
258,258,4044,4045,259
259,259,4045,4046,260
260,260,4046,4047,261
261,261,4047,4048,262
262,262,4048,4049,263
263,263,4049,4050,264
264,264,4050,4051,265
265,265,4051,4052,266
266,266,4052,4053,267
267,267,4053,4054,268
268,268,4054,4055,269
269,269,4055,4056,270
270,270,4056,4057,271
271,271,4057,4058,272
272,272,4058,4059,273
273,273,4059,4060,274
274,274,4060,4061,275
275,275,4061,4062,276
276,276,4062,4063,277
277,277,4063,4064,278
278,278,4064,4065,279
279,279,4065,4066,280
280,280,4066,4067,281
281,281,4067,4068,282
282,282,4068,4069,283
283,283,4069,4070,284
284,284,4070,4071,285
285,285,4071,4072,286
286,286,4072,4073,287
287,287,4073,4074,288
288,288,4074,4075,289
289,289,4075,4076,290
290,290,4076,4077,291
291,291,4077,4078,292
292,292,4078,4079,293
293,293,4079,4080,294
294,294,4080,4081,295
295,295,4081,4082,296
296,296,4082,4083,297
297,297,4083,4084,298
298,298,4084,4085,299
299,299,4085,4086,300
300,300,4086,4087,301
301,301,4087,4088,302
302,302,4088,4089,303
303,303,4089,4090,304
304,304,4090,4091,305
305,305,4091,4092,306
306,306,4092,4093,307
307,307,4093,4094,308
308,308,4094,4095,309
309,309,4095,4096,310
310,310,4096,4097,311
311,311,4097,4098,312
312,312,4098,4099,313
313,313,4099,4100,314
314,314,4100,4101,315
315,315,4101,4102,316
316,316,4102,4103,317
317,317,4103,4104,318
318,318,4104,4105,319
319,319,4105,4106,320
320,320,4106,4107,321
321,321,4107,4108,322
322,322,4108,4109,323
323,323,4109,4110,324
324,324,4110,4111,325
325,325,4111,4112,326
326,326,4112,4113,327
327,327,4113,4114,328
328,328,4114,4115,329
329,329,4115,4116,330
330,330,4116,4117,331
331,331,4117,4118,332
332,332,4118,4119,333
333,333,4119,4120,334
334,334,4120,4121,335
335,335,4121,4122,336
336,336,4122,4123,337
337,337,4123,4124,338
338,338,4124,4125,339
339,339,4125,4126,340
340,340,4126,4127,341
341,341,4127,4128,342
342,342,4128,4129,343
343,343,4129,4130,344
344,344,4130,4131,345
345,345,4131,4132,346
346,346,4132,4133,347
347,347,4133,4134,348
348,348,4134,4135,349
349,349,4135,4136,350
350,350,4136,4137,351
351,351,4137,4138,352
352,352,4138,4139,353
353,353,4139,4140,354
354,354,4140,4141,355
355,355,4141,4142,356
356,356,4142,4143,357
357,357,4143,4144,358
358,358,4144,4145,359
359,359,4145,4146,360
360,360,4146,4147,361
361,361,4147,4148,362
362,362,4148,4149,363
363,363,4149,4150,364
364,364,4150,4151,365
365,365,4151,4152,366
366,366,4152,4153,367
367,367,4153,4154,368
368,368,4154,4155,369
369,369,4155,4156,370
370,370,4156,4157,371
371,371,4157,4158,372
372,372,4158,4159,373
373,373,4159,4160,374
374,374,4160,4161,375
375,375,4161,4162,376
376,376,4162,4163,377
377,377,4163,4164,378
378,378,4164,4165,379
379,379,4165,4166,380
380,380,4166,4167,381
381,381,4167,4168,382
382,382,4168,4169,383
383,383,4169,4170,384
384,384,4170,4171,385
385,385,4171,4172,386
386,386,4172,4173,387
387,387,4173,4174,388
388,388,4174,4175,389
389,389,4175,4176,390
390,390,4176,4177,391
391,391,4177,4178,392
392,392,4178,4179,393
393,393,4179,4180,394
394,394,4180,4181,395
395,395,4181,4182,396
396,396,4182,4183,397
397,397,4183,4184,398
398,398,4184,4185,399
399,399,4185,4186,400
400,400,4186,4187,401
401,401,4187,4188,402
402,402,4188,4189,403
403,403,4189,4190,404
404,404,4190,4191,405
405,405,4191,4192,406
406,406,4192,4193,407
407,407,4193,4194,408
408,408,4194,4195,409
409,409,4195,4196,410
410,410,4196,4197,411
411,411,4197,4198,412
412,412,4198,4199,413
413,413,4199,4200,414
414,414,4200,4201,415
415,415,4201,4202,416
416,416,4202,4203,417
417,417,4203,4204,418
418,418,4204,4205,419
419,419,4205,4206,420
420,420,4206,4207,421
421,421,4207,4208,422
422,422,4208,4209,423
423,423,4209,4210,424
424,424,4210,4211,425
425,425,4211,4212,426
426,426,4212,4213,427
427,427,4213,4214,428
428,428,4214,4215,429
429,429,4215,4216,430
430,430,4216,4217,431
431,431,4217,4218,432
432,432,4218,4219,433
433,433,4219,4220,434
434,434,4220,4221,435
435,435,4221,4222,436
436,436,4222,4223,437
437,437,4223,4224,438
438,438,4224,4225,439
439,439,4225,4226,440
440,440,4226,4227,441
441,441,4227,4228,442
442,442,4228,4229,443
443,443,4229,4230,444
444,444,4230,4231,445
445,445,4231,4232,446
446,446,4232,4233,447
447,447,4233,4234,448
448,448,4234,4235,449
449,449,4235,4236,450
450,450,4236,4237,451
451,451,4237,4238,452
452,452,4238,4239,453
453,453,4239,4240,454
454,454,4240,4241,455
455,455,4241,4242,456
456,456,4242,4243,457
457,457,4243,4244,458
458,458,4244,4245,459
459,459,4245,4246,460
460,460,4246,4247,461
461,461,4247,4248,462
462,462,4248,4249,463
463,463,4249,4250,464
464,464,4250,4251,465
465,465,4251,4252,466
466,466,4252,4253,467
467,467,4253,4254,468
468,468,4254,4255,469
469,469,4255,4256,470
470,470,4256,4257,471
471,471,4257,4258,472
472,472,4258,4259,473
473,473,4259,4260,474
474,474,4260,4261,475
475,475,4261,4262,476
476,476,4262,4263,477
477,477,4263,4264,478
478,478,4264,4265,479
479,479,4265,4266,480
480,480,4266,4267,481
481,481,4267,4268,482
482,482,4268,4269,483
483,483,4269,4270,484
484,484,4270,4271,485
485,485,4271,4272,486
486,486,4272,4273,487
487,487,4273,4274,488
488,488,4274,4275,489
489,489,4275,4276,490
490,490,4276,4277,491
491,491,4277,4278,492
492,492,4278,4279,493
493,493,4279,4280,494
494,494,4280,4281,495
495,495,4281,4282,496
496,496,4282,4283,497
497,497,4283,4284,498
498,498,4284,4285,499
499,499,4285,4286,500
500,500,4286,4287,501
501,501,4287,4288,502
502,502,4288,4289,503
503,503,4289,4290,504
504,504,4290,4291,505
505,505,4291,4292,506
506,506,4292,4293,507
507,507,4293,4294,508
508,508,4294,4295,509
509,509,4295,4296,510
510,510,4296,4297,511
511,511,4297,4298,512
512,512,4298,4299,513
513,513,4299,4300,514
514,514,4300,4301,515
515,515,4301,4302,516
516,516,4302,4303,517
517,517,4303,4304,518
518,518,4304,4305,519
519,519,4305,4306,520
520,520,4306,4307,521
521,521,4307,4308,522
522,522,4308,4309,523
523,523,4309,4310,524
524,524,4310,4311,525
525,525,4311,4312,526
526,526,4312,4313,527
527,527,4313,4314,528
528,528,4314,4315,529
529,529,4315,4316,530
530,530,4316,4317,531
531,531,4317,4318,532
532,532,4318,4319,533
533,533,4319,4320,534
534,534,4320,4321,535
535,535,4321,4322,536
536,536,4322,4323,537
537,537,4323,4324,538
538,538,4324,4325,539
539,539,4325,4326,540
540,540,4326,4327,541
541,541,4327,4328,542
542,542,4328,4329,543
543,543,4329,4330,544
544,544,4330,4331,545
545,545,4331,4332,546
546,546,4332,4333,547
547,547,4333,4334,548
548,548,4334,4335,549
549,549,4335,4336,550
550,550,4336,4337,551
551,551,4337,4338,552
552,552,4338,4339,553
553,553,4339,4340,554
554,554,4340,4341,555
555,555,4341,4342,556
556,556,4342,4343,557
557,557,4343,4344,558
558,558,4344,4345,559
559,559,4345,4346,560
560,560,4346,4347,561
561,561,4347,4348,562
562,562,4348,4349,563
563,563,4349,4350,564
564,564,4350,4351,565
565,565,4351,4352,566
566,566,4352,4353,567
567,567,4353,4354,568
568,568,4354,4355,569
569,569,4355,4356,570
570,570,4356,4357,571
571,571,4357,4358,572
572,572,4358,4359,573
573,573,4359,4360,574
574,574,4360,4361,575
575,575,4361,4362,576
576,576,4362,4363,577
577,577,4363,4364,578
578,578,4364,4365,579
579,579,4365,4366,580
580,580,4366,4367,581
581,581,4367,4368,582
582,582,4368,4369,583
583,583,4369,4370,584
584,584,4370,4371,585
585,585,4371,4372,586
586,586,4372,4373,587
587,587,4373,4374,588
588,588,4374,4375,589
589,589,4375,4376,590
590,590,4376,4377,591
591,591,4377,4378,592
592,592,4378,4379,593
593,593,4379,4380,594
594,594,4380,4381,595
595,595,4381,4382,596
596,596,4382,4383,597
597,597,4383,4384,598
598,598,4384,4385,599
599,599,4385,4386,600
600,600,4386,4387,601
601,601,4387,4388,602
602,602,4388,4389,603
603,603,4389,4390,604
604,604,4390,4391,605
605,605,4391,4392,606
606,606,4392,4393,607
607,607,4393,4394,608
608,608,4394,4395,609
609,609,4395,4396,610
610,610,4396,4397,611
611,611,4397,4398,612
612,612,4398,4399,613
613,613,4399,4400,614
614,614,4400,4401,615
615,615,4401,4402,616
616,616,4402,4403,617
617,617,4403,4404,618
618,618,4404,4405,619
619,619,4405,4406,620
620,620,4406,4407,621
621,621,4407,4408,622
622,622,4408,4409,623
623,623,4409,4410,624
624,624,4410,4411,625
625,625,4411,4412,626
626,626,4412,4413,627
627,627,4413,4414,628
628,628,4414,4415,629
629,629,4415,4416,630
630,630,4416,4417,631
631,631,4417,4418,632
632,632,4418,4419,633
633,633,4419,4420,634
634,634,4420,4421,635
635,635,4421,4422,636
636,636,4422,4423,637
637,637,4423,4424,638
638,638,4424,4425,639
639,639,4425,4426,640
640,640,4426,4427,641
641,641,4427,4428,642
642,642,4428,4429,643
643,643,4429,4430,644
644,644,4430,4431,645
645,645,4431,4432,646
646,646,4432,4433,647
647,647,4433,4434,648
648,648,4434,4435,649
649,649,4435,4436,650
650,650,4436,4437,651
651,651,4437,4438,652
652,652,4438,4439,653
653,653,4439,4440,654
654,654,4440,4441,655
655,655,4441,4442,656
656,656,4442,4443,657
657,657,4443,4444,658
658,658,4444,4445,659
659,659,4445,4446,660
660,660,4446,4447,661
661,661,4447,4448,662
662,662,4448,4449,663
663,663,4449,4450,664
664,664,4450,4451,665
665,665,4451,4452,666
666,666,4452,4453,667
667,667,4453,4454,668
668,668,4454,4455,669
669,669,4455,4456,670
670,670,4456,4457,671
671,671,4457,4458,672
672,672,4458,4459,673
673,673,4459,4460,674
674,674,4460,4461,675
675,675,4461,4462,676
676,676,4462,4463,677
677,677,4463,4464,678
678,678,4464,4465,679
679,679,4465,4466,680
680,680,4466,4467,681
681,681,4467,4468,682
682,682,4468,4469,683
683,683,4469,4470,684
684,684,4470,4471,685
685,685,4471,4472,686
686,686,4472,4473,687
687,687,4473,4474,688
688,688,4474,4475,689
689,689,4475,4476,690
690,690,4476,4477,691
691,691,4477,4478,692
692,692,4478,4479,693
693,693,4479,4480,694
694,694,4480,4481,695
695,695,4481,4482,696
696,696,4482,4483,697
697,697,4483,4484,698
698,698,4484,4485,699
699,699,4485,4486,700
700,700,4486,4487,701
701,701,4487,4488,702
702,702,4488,4489,703
703,703,4489,4490,704
704,704,4490,4491,705
705,705,4491,4492,706
706,706,4492,4493,707
707,707,4493,4494,708
708,708,4494,4495,709
709,709,4495,4496,710
710,710,4496,4497,711
711,711,4497,4498,712
712,712,4498,4499,713
713,713,4499,4500,714
714,714,4500,4501,715
715,715,4501,4502,716
716,716,4502,4503,717
717,717,4503,4504,718
718,718,4504,4505,719
719,719,4505,4506,720
720,720,4506,4507,721
721,721,4507,4508,722
722,722,4508,4509,723
723,723,4509,4510,724
724,724,4510,4511,725
725,725,4511,4512,726
726,726,4512,4513,727
727,727,4513,4514,728
728,728,4514,4515,729
729,729,4515,4516,730
730,730,4516,4517,731
731,731,4517,4518,732
732,732,4518,4519,733
733,733,4519,4520,734
734,734,4520,4521,735
735,735,4521,4522,736
736,736,4522,4523,737
737,737,4523,4524,738
738,738,4524,4525,739
739,739,4525,4526,740
740,740,4526,4527,741
741,741,4527,4528,742
742,742,4528,4529,743
743,743,4529,4530,744
744,744,4530,4531,745
745,745,4531,4532,746
746,746,4532,4533,747
747,747,4533,4534,748
748,748,4534,4535,749
749,749,4535,4536,750
750,750,4536,4537,751
751,751,4537,4538,752
752,752,4538,4539,753
753,753,4539,4540,754
754,754,4540,4541,755
755,755,4541,4542,756
756,756,4542,4543,757
757,757,4543,4544,758
758,758,4544,4545,759
759,759,4545,4546,760
760,760,4546,4547,761
761,761,4547,4548,762
762,762,4548,4549,763
763,763,4549,4550,764
764,764,4550,4551,765
765,765,4551,4552,766
766,766,4552,4553,767
767,767,4553,4554,768
768,768,4554,4555,769
769,769,4555,4556,770
770,770,4556,4557,771
771,771,4557,4558,772
772,772,4558,4559,773
773,773,4559,4560,774
774,774,4560,4561,775
775,775,4561,4562,776
776,776,4562,4563,777
777,777,4563,4564,778
778,778,4564,4565,779
779,779,4565,4566,780
780,780,4566,4567,781
781,781,4567,4568,782
782,782,4568,4569,783
783,783,4569,4570,784
784,784,4570,4571,785
785,785,4571,4572,786
786,786,4572,4573,787
787,787,4573,4574,788
788,788,4574,4575,789
789,789,4575,4576,790
790,790,4576,4577,791
791,791,4577,4578,792
792,792,4578,4579,793
793,793,4579,4580,794
794,794,4580,4581,795
795,795,4581,4582,796
796,796,4582,4583,797
797,797,4583,4584,798
798,798,4584,4585,799
799,799,4585,4586,800
800,800,4586,4587,801
801,801,4587,4588,802
802,802,4588,4589,803
803,803,4589,4590,804
804,804,4590,4591,805
805,805,4591,4592,806
806,806,4592,4593,807
807,807,4593,4594,808
808,808,4594,4595,809
809,809,4595,4596,810
810,810,4596,4597,811
811,811,4597,4598,812
812,812,4598,4599,813
813,813,4599,4600,814
814,814,4600,4601,815
815,815,4601,4602,816
816,816,4602,4603,817
817,817,4603,4604,818
818,818,4604,4605,819
819,819,4605,4606,820
820,820,4606,4607,821
821,821,4607,4608,822
822,822,4608,4609,823
823,823,4609,4610,824
824,824,4610,4611,825
825,825,4611,4612,826
826,826,4612,4613,827
827,827,4613,4614,828
828,828,4614,4615,829
829,829,4615,4616,830
830,830,4616,4617,831
831,831,4617,4618,832
832,832,4618,4619,833
833,833,4619,4620,834
834,834,4620,4621,835
835,835,4621,4622,836
836,836,4622,4623,837
837,837,4623,4624,838
838,838,4624,4625,839
839,839,4625,4626,840
840,840,4626,4627,841
841,841,4627,4628,842
842,842,4628,4629,843
843,843,4629,4630,844
844,844,4630,4631,845
845,845,4631,4632,846
846,846,4632,4633,847
847,847,4633,4634,848
848,848,4634,4635,849
849,849,4635,4636,850
850,850,4636,4637,851
851,851,4637,4638,852
852,852,4638,4639,853
853,853,4639,4640,854
854,854,4640,4641,855
855,855,4641,4642,856
856,856,4642,4643,857
857,857,4643,4644,858
858,858,4644,4645,859
859,859,4645,4646,860
860,860,4646,4647,861
861,861,4647,4648,862
862,862,4648,4649,863
863,863,4649,4650,864
864,864,4650,4651,865
865,865,4651,4652,866
866,866,4652,4653,867
867,867,4653,4654,868
868,868,4654,4655,869
869,869,4655,4656,870
870,870,4656,4657,871
871,871,4657,4658,872
872,872,4658,4659,873
873,873,4659,4660,874
874,874,4660,4661,875
875,875,4661,4662,876
876,876,4662,4663,877
877,877,4663,4664,878
878,878,4664,4665,879
879,879,4665,4666,880
880,880,4666,4667,881
881,881,4667,4668,882
882,882,4668,4669,883
883,883,4669,4670,884
884,884,4670,4671,885
885,885,4671,4672,886
886,886,4672,4673,887
887,887,4673,4674,888
888,888,4674,4675,889
889,889,4675,4676,890
890,890,4676,4677,891
891,891,4677,4678,892
892,892,4678,4679,893
893,893,4679,4680,894
894,894,4680,4681,895
895,895,4681,4682,896
896,896,4682,4683,897
897,897,4683,4684,898
898,898,4684,4685,899
899,899,4685,4686,900
900,900,4686,4687,901
901,901,4687,4688,902
902,902,4688,4689,903
903,903,4689,4690,904
904,904,4690,4691,905
905,905,4691,4692,906
906,906,4692,4693,907
907,907,4693,4694,908
908,908,4694,4695,909
909,909,4695,4696,910
910,910,4696,4697,911
911,911,4697,4698,912
912,912,4698,4699,913
913,913,4699,4700,914
914,914,4700,4701,915
915,915,4701,4702,916
916,916,4702,4703,917
917,917,4703,4704,918
918,918,4704,4705,919
919,919,4705,4706,920
920,920,4706,4707,921
921,921,4707,4708,922
922,922,4708,4709,923
923,923,4709,4710,924
924,924,4710,4711,925
925,925,4711,4712,926
926,926,4712,4713,927
927,927,4713,4714,928
928,928,4714,4715,929
929,929,4715,4716,930
930,930,4716,4717,931
931,931,4717,4718,932
932,932,4718,4719,933
933,933,4719,4720,934
934,934,4720,4721,935
935,935,4721,4722,936
936,936,4722,4723,937
937,937,4723,4724,938
938,938,4724,4725,939
939,939,4725,4726,940
940,940,4726,4727,941
941,941,4727,4728,942
942,942,4728,4729,943
943,943,4729,4730,944
944,944,4730,4731,945
945,945,4731,4732,946
946,946,4732,4733,947
947,947,4733,4734,948
948,948,4734,4735,949
949,949,4735,4736,950
950,950,4736,4737,951
951,951,4737,4738,952
952,952,4738,4739,953
953,953,4739,4740,954
954,954,4740,4741,955
955,955,4741,4742,956
956,956,4742,4743,957
957,957,4743,4744,958
958,958,4744,4745,959
959,959,4745,4746,960
960,960,4746,4747,961
961,961,4747,4748,962
962,962,4748,4749,963
963,963,4749,4750,964
964,964,4750,4751,965
965,965,4751,4752,966
966,966,4752,4753,967
967,967,4753,4754,968
968,968,4754,4755,969
969,969,4755,4756,970
970,970,4756,4757,971
971,971,4757,4758,972
972,972,4758,4759,973
973,973,4759,4760,974
974,974,4760,4761,975
975,975,4761,4762,976
976,976,4762,4763,977
977,977,4763,4764,978
978,978,4764,4765,979
979,979,4765,4766,980
980,980,4766,4767,981
981,981,4767,4768,982
982,982,4768,4769,983
983,983,4769,4770,984
984,984,4770,4771,985
985,985,4771,4772,986
986,986,4772,4773,987
987,987,4773,4774,988
988,988,4774,4775,989
989,989,4775,4776,990
990,990,4776,4777,991
991,991,4777,4778,992
992,992,4778,4779,993
993,993,4779,4780,994
994,994,4780,4781,995
995,995,4781,4782,996
996,996,4782,4783,997
997,997,4783,4784,998
998,998,4784,4785,999
999,999,4785,4786,1000
1000,1000,4786,4787,1001
1001,1001,4787,4788,1002
1002,1002,4788,4789,1003
1003,1003,4789,4790,1004
1004,1004,4790,4791,1005
1005,1005,4791,4792,1006
1006,1006,4792,4793,1007
1007,1007,4793,4794,1008
1008,1008,4794,4795,1009
1009,1009,4795,4796,1010
1010,1010,4796,4797,1011
1011,1011,4797,4798,1012
1012,1012,4798,4799,1013
1013,1013,4799,4800,1014
1014,1014,4800,4801,1015
1015,1015,4801,4802,1016
1016,1016,4802,4803,1017
1017,1017,4803,4804,1018
1018,1018,4804,4805,1019
1019,1019,4805,4806,1020
1020,1020,4806,4807,1021
1021,1021,4807,4808,1022
1022,1022,4808,4809,1023
1023,1023,4809,4810,1024
1024,1024,4810,4811,1025
1025,1025,4811,4812,1026
1026,1026,4812,4813,1027
1027,1027,4813,4814,1028
1028,1028,4814,4815,1029
1029,1029,4815,4816,1030
1030,1030,4816,4817,1031
1031,1031,4817,4818,1032
1032,1032,4818,4819,1033
1033,1033,4819,4820,1034
1034,1034,4820,4821,1035
1035,1035,4821,4822,1036
1036,1036,4822,4823,1037
1037,1037,4823,4824,1038
1038,1038,4824,4825,1039
1039,1039,4825,4826,1040
1040,1040,4826,4827,1041
1041,1041,4827,4828,1042
1042,1042,4828,4829,1043
1043,1043,4829,4830,1044
1044,1044,4830,4831,1045
1045,1045,4831,4832,1046
1046,1046,4832,4833,1047
1047,1047,4833,4834,1048
1048,1048,4834,4835,1049
1049,1049,4835,4836,1050
1050,1050,4836,4837,1051
1051,1051,4837,4838,1052
1052,1052,4838,4839,1053
1053,1053,4839,4840,1054
1054,1054,4840,4841,1055
1055,1055,4841,4842,1056
1056,1056,4842,4843,1057
1057,1057,4843,4844,1058
1058,1058,4844,4845,1059
1059,1059,4845,4846,1060
1060,1060,4846,4847,1061
1061,1061,4847,4848,1062
1062,1062,4848,4849,1063
1063,1063,4849,4850,1064
1064,1064,4850,4851,1065
1065,1065,4851,4852,1066
1066,1066,4852,4853,1067
1067,1067,4853,4854,1068
1068,1068,4854,4855,1069
1069,1069,4855,4856,1070
1070,1070,4856,4857,1071
1071,1071,4857,4858,1072
1072,1072,4858,4859,1073
1073,1073,4859,4860,1074
1074,1074,4860,4861,1075
1075,1075,4861,4862,1076
1076,1076,4862,4863,1077
1077,1077,4863,4864,1078
1078,1078,4864,4865,1079
1079,1079,4865,4866,1080
1080,1080,4866,4867,1081
1081,1081,4867,4868,1082
1082,1082,4868,4869,1083
1083,1083,4869,4870,1084
1084,1084,4870,4871,1085
1085,1085,4871,4872,1086
1086,1086,4872,4873,1087
1087,1087,4873,4874,1088
1088,1088,4874,4875,1089
1089,1089,4875,4876,1090
1090,1090,4876,4877,1091
1091,1091,4877,4878,1092
1092,1092,4878,4879,1093
1093,1093,4879,4880,1094
1094,1094,4880,4881,1095
1095,1095,4881,4882,1096
1096,1096,4882,4883,1097
1097,1097,4883,4884,1098
1098,1098,4884,4885,1099
1099,1099,4885,4886,1100
1100,1100,4886,4887,1101
1101,1101,4887,4888,1102
1102,1102,4888,4889,1103
1103,1103,4889,4890,1104
1104,1104,4890,4891,1105
1105,1105,4891,4892,1106
1106,1106,4892,4893,1107
1107,1107,4893,4894,1108
1108,1108,4894,4895,1109
1109,1109,4895,4896,1110
1110,1110,4896,4897,1111
1111,1111,4897,4898,1112
1112,1112,4898,4899,1113
1113,1113,4899,4900,1114
1114,1114,4900,4901,1115
1115,1115,4901,4902,1116
1116,1116,4902,4903,1117
1117,1117,4903,4904,1118
1118,1118,4904,4905,1119
1119,1119,4905,4906,1120
1120,1120,4906,4907,1121
1121,1121,4907,4908,1122
1122,1122,4908,4909,1123
1123,1123,4909,4910,1124
1124,1124,4910,4911,1125
1125,1125,4911,4912,1126
1126,1126,4912,4913,1127
1127,1127,4913,4914,1128
1128,1128,4914,4915,1129
1129,1129,4915,4916,1130
1130,1130,4916,4917,1131
1131,1131,4917,4918,1132
1132,1132,4918,4919,1133
1133,1133,4919,4920,1134
1134,1134,4920,4921,1135
1135,1135,4921,4922,1136
1136,1136,4922,4923,1137
1137,1137,4923,4924,1138
1138,1138,4924,4925,1139
1139,1139,4925,4926,1140
1140,1140,4926,4927,1141
1141,1141,4927,4928,1142
1142,1142,4928,4929,1143
1143,1143,4929,4930,1144
1144,1144,4930,4931,1145
1145,1145,4931,4932,1146
1146,1146,4932,4933,1147
1147,1147,4933,4934,1148
1148,1148,4934,4935,1149
1149,1149,4935,4936,1150
1150,1150,4936,4937,1151
1151,1151,4937,4938,1152
1152,1152,4938,4939,1153
1153,1153,4939,4940,1154
1154,1154,4940,4941,1155
1155,1155,4941,4942,1156
1156,1156,4942,4943,1157
1157,1157,4943,4944,1158
1158,1158,4944,4945,1159
1159,1159,4945,4946,1160
1160,1160,4946,4947,1161
1161,1161,4947,4948,1162
1162,1162,4948,4949,1163
1163,1163,4949,4950,1164
1164,1164,4950,4951,1165
1165,1165,4951,4952,1166
1166,1166,4952,4953,1167
1167,1167,4953,4954,1168
1168,1168,4954,4955,1169
1169,1169,4955,4956,1170
1170,1170,4956,4957,1171
1171,1171,4957,4958,1172
1172,1172,4958,4959,1173
1173,1173,4959,4960,1174
1174,1174,4960,4961,1175
1175,1175,4961,4962,1176
1176,1176,4962,4963,1177
1177,1177,4963,4964,1178
1178,1178,4964,4965,1179
1179,1179,4965,4966,1180
1180,1180,4966,4967,1181
1181,1181,4967,4968,1182
1182,1182,4968,4969,1183
1183,1183,4969,4970,1184
1184,1184,4970,4971,1185
1185,1185,4971,4972,1186
1186,1186,4972,4973,1187
1187,1187,4973,4974,1188
1188,1188,4974,4975,1189
1189,1189,4975,4976,1190
1190,1190,4976,4977,1191
1191,1191,4977,4978,1192
1192,1192,4978,4979,1193
1193,1193,4979,4980,1194
1194,1194,4980,4981,1195
1195,1195,4981,4982,1196
1196,1196,4982,4983,1197
1197,1197,4983,4984,1198
1198,1198,4984,4985,1199
1199,1199,4985,4986,1200
1200,1200,4986,4987,1201
1201,1201,4987,4988,1202
1202,1202,4988,4989,1203
1203,1203,4989,4990,1204
1204,1204,4990,4991,1205
1205,1205,4991,4992,1206
1206,1206,4992,4993,1207
1207,1207,4993,4994,1208
1208,1208,4994,4995,1209
1209,1209,4995,4996,1210
1210,1210,4996,4997,1211
1211,1211,4997,4998,1212
1212,1212,4998,4999,1213
1213,1213,4999,5000,1214
1214,1214,5000,5001,1215
1215,1215,5001,5002,1216
1216,1216,5002,5003,1217
1217,1217,5003,5004,1218
1218,1218,5004,5005,1219
1219,1219,5005,5006,1220
1220,1220,5006,5007,1221
1221,1221,5007,5008,1222
1222,1222,5008,5009,1223
1223,1223,5009,5010,1224
1224,1224,5010,5011,1225
1225,1225,5011,5012,1226
1226,1226,5012,5013,1227
1227,1227,5013,5014,1228
1228,1228,5014,5015,1229
1229,1229,5015,5016,1230
1230,1230,5016,5017,1231
1231,1231,5017,5018,1232
1232,1232,5018,5019,1233
1233,1233,5019,5020,1234
1234,1234,5020,5021,1235
1235,1235,5021,5022,1236
1236,1236,5022,5023,1237
1237,1237,5023,5024,1238
1238,1238,5024,5025,1239
1239,1239,5025,5026,1240
1240,1240,5026,5027,1241
1241,1241,5027,5028,1242
1242,1242,5028,5029,1243
1243,1243,5029,5030,1244
1244,1244,5030,5031,1245
1245,1245,5031,5032,1246
1246,1246,5032,5033,1247
1247,1247,5033,5034,1248
1248,1248,5034,5035,1249
1249,1249,5035,5036,1250
1250,1250,5036,5037,1251
1251,1251,5037,5038,1252
1252,1252,5038,5039,1253
1253,1253,5039,5040,1254
1254,1254,5040,5041,1255
1255,1255,5041,5042,1256
1256,1256,5042,5043,1257
1257,1257,5043,5044,1258
1258,1258,5044,5045,1259
1259,1259,5045,5046,1260
1260,1260,5046,5047,1261
1261,1261,5047,5048,1262
1262,1262,5048,5049,1263
1263,1263,5049,5050,1264
1264,1264,5050,5051,1265
1265,1265,5051,5052,1266
1266,1266,5052,5053,1267
1267,1267,5053,5054,1268
1268,1268,5054,5055,1269
1269,1269,5055,5056,1270
1270,1270,5056,5057,1271
1271,1271,5057,5058,1272
1272,1272,5058,5059,1273
1273,1273,5059,5060,1274
1274,1274,5060,5061,1275
1275,1275,5061,5062,1276
1276,1276,5062,5063,1277
1277,1277,5063,5064,1278
1278,1278,5064,5065,1279
1279,1279,5065,5066,1280
1280,1280,5066,5067,1281
1281,1281,5067,5068,1282
1282,1282,5068,5069,1283
1283,1283,5069,5070,1284
1284,1284,5070,5071,1285
1285,1285,5071,5072,1286
1286,1286,5072,5073,1287
1287,1287,5073,5074,1288
1288,1288,5074,5075,1289
1289,1289,5075,5076,1290
1290,1290,5076,5077,1291
1291,1291,5077,5078,1292
1292,1292,5078,5079,1293
1293,1293,5079,5080,1294
1294,1294,5080,5081,1295
1295,1295,5081,5082,1296
1296,1296,5082,5083,1297
1297,1297,5083,5084,1298
1298,1298,5084,5085,1299
1299,1299,5085,5086,1300
1300,1300,5086,5087,1301
1301,1301,5087,5088,1302
1302,1302,5088,5089,1303
1303,1303,5089,5090,1304
1304,1304,5090,5091,1305
1305,1305,5091,5092,1306
1306,1306,5092,5093,1307
1307,1307,5093,5094,1308
1308,1308,5094,5095,1309
1309,1309,5095,5096,1310
1310,1310,5096,5097,1311
1311,1311,5097,5098,1312
1312,1312,5098,5099,1313
1313,1313,5099,5100,1314
1314,1314,5100,5101,1315
1315,1315,5101,5102,1316
1316,1316,5102,5103,1317
1317,1317,5103,5104,1318
1318,1318,5104,5105,1319
1319,1319,5105,5106,1320
1320,1320,5106,5107,1321
1321,1321,5107,5108,1322
1322,1322,5108,5109,1323
1323,1323,5109,5110,1324
1324,1324,5110,5111,1325
1325,1325,5111,5112,1326
1326,1326,5112,5113,1327
1327,1327,5113,5114,1328
1328,1328,5114,5115,1329
1329,1329,5115,5116,1330
1330,1330,5116,5117,1331
1331,1331,5117,5118,1332
1332,1332,5118,5119,1333
1333,1333,5119,5120,1334
1334,1334,5120,5121,1335
1335,1335,5121,5122,1336
1336,1336,5122,5123,1337
1337,1337,5123,5124,1338
1338,1338,5124,5125,1339
1339,1339,5125,5126,1340
1340,1340,5126,5127,1341
1341,1341,5127,5128,1342
1342,1342,5128,5129,1343
1343,1343,5129,5130,1344
1344,1344,5130,5131,1345
1345,1345,5131,5132,1346
1346,1346,5132,5133,1347
1347,1347,5133,5134,1348
1348,1348,5134,5135,1349
1349,1349,5135,5136,1350
1350,1350,5136,5137,1351
1351,1351,5137,5138,1352
1352,1352,5138,5139,1353
1353,1353,5139,5140,1354
1354,1354,5140,5141,1355
1355,1355,5141,5142,1356
1356,1356,5142,5143,1357
1357,1357,5143,5144,1358
1358,1358,5144,5145,1359
1359,1359,5145,5146,1360
1360,1360,5146,5147,1361
1361,1361,5147,5148,1362
1362,1362,5148,5149,1363
1363,1363,5149,5150,1364
1364,1364,5150,5151,1365
1365,1365,5151,5152,1366
1366,1366,5152,5153,1367
1367,1367,5153,5154,1368
1368,1368,5154,5155,1369
1369,1369,5155,5156,1370
1370,1370,5156,5157,1371
1371,1371,5157,5158,1372
1372,1372,5158,5159,1373
1373,1373,5159,5160,1374
1374,1374,5160,5161,1375
1375,1375,5161,5162,1376
1376,1376,5162,5163,1377
1377,1377,5163,5164,1378
1378,1378,5164,5165,1379
1379,1379,5165,5166,1380
1380,1380,5166,5167,1381
1381,1381,5167,5168,1382
1382,1382,5168,5169,1383
1383,1383,5169,5170,1384
1384,1384,5170,5171,1385
1385,1385,5171,5172,1386
1386,1386,5172,5173,1387
1387,1387,5173,5174,1388
1388,1388,5174,5175,1389
1389,1389,5175,5176,1390
1390,1390,5176,5177,1391
1391,1391,5177,5178,1392
1392,1392,5178,5179,1393
1393,1393,5179,5180,1394
1394,1394,5180,5181,1395
1395,1395,5181,5182,1396
1396,1396,5182,5183,1397
1397,1397,5183,5184,1398
1398,1398,5184,5185,1399
1399,1399,5185,5186,1400
1400,1400,5186,5187,1401
1401,1401,5187,5188,1402
1402,1402,5188,5189,1403
1403,1403,5189,5190,1404
1404,1404,5190,5191,1405
1405,1405,5191,5192,1406
1406,1406,5192,5193,1407
1407,1407,5193,5194,1408
1408,1408,5194,5195,1409
1409,1409,5195,5196,1410
1410,1410,5196,5197,1411
1411,1411,5197,5198,1412
1412,1412,5198,5199,1413
1413,1413,5199,5200,1414
1414,1414,5200,5201,1415
1415,1415,5201,5202,1416
1416,1416,5202,5203,1417
1417,1417,5203,5204,1418
1418,1418,5204,5205,1419
1419,1419,5205,5206,1420
1420,1420,5206,5207,1421
1421,1421,5207,5208,1422
1422,1422,5208,5209,1423
1423,1423,5209,5210,1424
1424,1424,5210,5211,1425
1425,1425,5211,5212,1426
1426,1426,5212,5213,1427
1427,1427,5213,5214,1428
1428,1428,5214,5215,1429
1429,1429,5215,5216,1430
1430,1430,5216,5217,1431
1431,1431,5217,5218,1432
1432,1432,5218,5219,1433
1433,1433,5219,5220,1434
1434,1434,5220,5221,1435
1435,1435,5221,5222,1436
1436,1436,5222,5223,1437
1437,1437,5223,5224,1438
1438,1438,5224,5225,1439
1439,1439,5225,5226,1440
1440,1440,5226,5227,1441
1441,1441,5227,5228,1442
1442,1442,5228,5229,1443
1443,1443,5229,5230,1444
1444,1444,5230,5231,1445
1445,1445,5231,5232,1446
1446,1446,5232,5233,1447
1447,1447,5233,5234,1448
1448,1448,5234,5235,1449
1449,1449,5235,5236,1450
1450,1450,5236,5237,1451
1451,1451,5237,5238,1452
1452,1452,5238,5239,1453
1453,1453,5239,5240,1454
1454,1454,5240,5241,1455
1455,1455,5241,5242,1456
1456,1456,5242,5243,1457
1457,1457,5243,5244,1458
1458,1458,5244,5245,1459
1459,1459,5245,5246,1460
1460,1460,5246,5247,1461
1461,1461,5247,5248,1462
1462,1462,5248,5249,1463
1463,1463,5249,5250,1464
1464,1464,5250,5251,1465
1465,1465,5251,5252,1466
1466,1466,5252,5253,1467
1467,1467,5253,5254,1468
1468,1468,5254,5255,1469
1469,1469,5255,5256,1470
1470,1470,5256,5257,1471
1471,1471,5257,5258,1472
1472,1472,5258,5259,1473
1473,1473,5259,5260,1474
1474,1474,5260,5261,1475
1475,1475,5261,5262,1476
1476,1476,5262,5263,1477
1477,1477,5263,5264,1478
1478,1478,5264,5265,1479
1479,1479,5265,5266,1480
1480,1480,5266,5267,1481
1481,1481,5267,5268,1482
1482,1482,5268,5269,1483
1483,1483,5269,5270,1484
1484,1484,5270,5271,1485
1485,1485,5271,5272,1486
1486,1486,5272,5273,1487
1487,1487,5273,5274,1488
1488,1488,5274,5275,1489
1489,1489,5275,5276,1490
1490,1490,5276,5277,1491
1491,1491,5277,5278,1492
1492,1492,5278,5279,1493
1493,1493,5279,5280,1494
1494,1494,5280,5281,1495
1495,1495,5281,5282,1496
1496,1496,5282,5283,1497
1497,1497,5283,5284,1498
1498,1498,5284,5285,1499
1499,1499,5285,5286,1500
1500,1500,5286,5287,1501
1501,1501,5287,5288,1502
1502,1502,5288,5289,1503
1503,1503,5289,5290,1504
1504,1504,5290,5291,1505
1505,1505,5291,5292,1506
1506,1506,5292,5293,1507
1507,1507,5293,5294,1508
1508,1508,5294,5295,1509
1509,1509,5295,5296,1510
1510,1510,5296,5297,1511
1511,1511,5297,5298,1512
1512,1512,5298,5299,1513
1513,1513,5299,5300,1514
1514,1514,5300,5301,1515
1515,1515,5301,5302,1516
1516,1516,5302,5303,1517
1517,1517,5303,5304,1518
1518,1518,5304,5305,1519
1519,1519,5305,5306,1520
1520,1520,5306,5307,1521
1521,1521,5307,5308,1522
1522,1522,5308,5309,1523
1523,1523,5309,5310,1524
1524,1524,5310,5311,1525
1525,1525,5311,5312,1526
1526,1526,5312,5313,1527
1527,1527,5313,5314,1528
1528,1528,5314,5315,1529
1529,1529,5315,5316,1530
1530,1530,5316,5317,1531
1531,1531,5317,5318,1532
1532,1532,5318,5319,1533
1533,1533,5319,5320,1534
1534,1534,5320,5321,1535
1535,1535,5321,5322,1536
1536,1536,5322,5323,1537
1537,1537,5323,5324,1538
1538,1538,5324,5325,1539
1539,1539,5325,5326,1540
1540,1540,5326,5327,1541
1541,1541,5327,5328,1542
1542,1542,5328,5329,1543
1543,1543,5329,5330,1544
1544,1544,5330,5331,1545
1545,1545,5331,5332,1546
1546,1546,5332,5333,1547
1547,1547,5333,5334,1548
1548,1548,5334,5335,1549
1549,1549,5335,5336,1550
1550,1550,5336,5337,1551
1551,1551,5337,5338,1552
1552,1552,5338,5339,1553
1553,1553,5339,5340,1554
1554,1554,5340,5341,1555
1555,1555,5341,5342,1556
1556,1556,5342,5343,1557
1557,1557,5343,5344,1558
1558,1558,5344,5345,1559
1559,1559,5345,5346,1560
1560,1560,5346,5347,1561
1561,1561,5347,5348,1562
1562,1562,5348,5349,1563
1563,1563,5349,5350,1564
1564,1564,5350,5351,1565
1565,1565,5351,5352,1566
1566,1566,5352,5353,1567
1567,1567,5353,5354,1568
1568,1568,5354,5355,1569
1569,1569,5355,5356,1570
1570,1570,5356,5357,1571
1571,1571,5357,5358,1572
1572,1572,5358,5359,1573
1573,1573,5359,5360,1574
1574,1574,5360,5361,1575
1575,1575,5361,5362,1576
1576,1576,5362,5363,1577
1577,1577,5363,5364,1578
1578,1578,5364,5365,1579
1579,1579,5365,5366,1580
1580,1580,5366,5367,1581
1581,1581,5367,5368,1582
1582,1582,5368,5369,1583
1583,1583,5369,5370,1584
1584,1584,5370,5371,1585
1585,1585,5371,5372,1586
1586,1586,5372,5373,1587
1587,1587,5373,5374,1588
1588,1588,5374,5375,1589
1589,1589,5375,5376,1590
1590,1590,5376,5377,1591
1591,1591,5377,5378,1592
1592,1592,5378,5379,1593
1593,1593,5379,5380,1594
1594,1594,5380,5381,1595
1595,1595,5381,5382,1596
1596,1596,5382,5383,1597
1597,1597,5383,5384,1598
1598,1598,5384,5385,1599
1599,1599,5385,5386,1600
1600,1600,5386,5387,1601
1601,1601,5387,5388,1602
1602,1602,5388,5389,1603
1603,1603,5389,5390,1604
1604,1604,5390,5391,1605
1605,1605,5391,5392,1606
1606,1606,5392,5393,1607
1607,1607,5393,5394,1608
1608,1608,5394,5395,1609
1609,1609,5395,5396,1610
1610,1610,5396,5397,1611
1611,1611,5397,5398,1612
1612,1612,5398,5399,1613
1613,1613,5399,5400,1614
1614,1614,5400,5401,1615
1615,1615,5401,5402,1616
1616,1616,5402,5403,1617
1617,1617,5403,5404,1618
1618,1618,5404,5405,1619
1619,1619,5405,5406,1620
1620,1620,5406,5407,1621
1621,1621,5407,5408,1622
1622,1622,5408,5409,1623
1623,1623,5409,5410,1624
1624,1624,5410,5411,1625
1625,1625,5411,5412,1626
1626,1626,5412,5413,1627
1627,1627,5413,5414,1628
1628,1628,5414,5415,1629
1629,1629,5415,5416,1630
1630,1630,5416,5417,1631
1631,1631,5417,5418,1632
1632,1632,5418,5419,1633
1633,1633,5419,5420,1634
1634,1634,5420,5421,1635
1635,1635,5421,5422,1636
1636,1636,5422,5423,1637
1637,1637,5423,5424,1638
1638,1638,5424,5425,1639
1639,1639,5425,5426,1640
1640,1640,5426,5427,1641
1641,1641,5427,5428,1642
1642,1642,5428,5429,1643
1643,1643,5429,5430,1644
1644,1644,5430,5431,1645
1645,1645,5431,5432,1646
1646,1646,5432,5433,1647
1647,1647,5433,5434,1648
1648,1648,5434,5435,1649
1649,1649,5435,5436,1650
1650,1650,5436,5437,1651
1651,1651,5437,5438,1652
1652,1652,5438,5439,1653
1653,1653,5439,5440,1654
1654,1654,5440,5441,1655
1655,1655,5441,5442,1656
1656,1656,5442,5443,1657
1657,1657,5443,5444,1658
1658,1658,5444,5445,1659
1659,1659,5445,5446,1660
1660,1660,5446,5447,1661
1661,1661,5447,5448,1662
1662,1662,5448,5449,1663
1663,1663,5449,5450,1664
1664,1664,5450,5451,1665
1665,1665,5451,5452,1666
1666,1666,5452,5453,1667
1667,1667,5453,5454,1668
1668,1668,5454,5455,1669
1669,1669,5455,5456,1670
1670,1670,5456,5457,1671
1671,1671,5457,5458,1672
1672,1672,5458,5459,1673
1673,1673,5459,5460,1674
1674,1674,5460,5461,1675
1675,1675,5461,5462,1676
1676,1676,5462,5463,1677
1677,1677,5463,5464,1678
1678,1678,5464,5465,1679
1679,1679,5465,5466,1680
1680,1680,5466,5467,1681
1681,1681,5467,5468,1682
1682,1682,5468,5469,1683
1683,1683,5469,5470,1684
1684,1684,5470,5471,1685
1685,1685,5471,5472,1686
1686,1686,5472,5473,1687
1687,1687,5473,5474,1688
1688,1688,5474,5475,1689
1689,1689,5475,5476,1690
1690,1690,5476,5477,1691
1691,1691,5477,5478,1692
1692,1692,5478,5479,1693
1693,1693,5479,5480,1694
1694,1694,5480,5481,1695
1695,1695,5481,5482,1696
1696,1696,5482,5483,1697
1697,1697,5483,5484,1698
1698,1698,5484,5485,1699
1699,1699,5485,5486,1700
1700,1700,5486,5487,1701
1701,1701,5487,5488,1702
1702,1702,5488,5489,1703
1703,1703,5489,5490,1704
1704,1704,5490,5491,1705
1705,1705,5491,5492,1706
1706,1706,5492,5493,1707
1707,1707,5493,5494,1708
1708,1708,5494,5495,1709
1709,1709,5495,5496,1710
1710,1710,5496,5497,1711
1711,1711,5497,5498,1712
1712,1712,5498,5499,1713
1713,1713,5499,5500,1714
1714,1714,5500,5501,1715
1715,1715,5501,5502,1716
1716,1716,5502,5503,1717
1717,1717,5503,5504,1718
1718,1718,5504,5505,1719
1719,1719,5505,5506,1720
1720,1720,5506,5507,1721
1721,1721,5507,5508,1722
1722,1722,5508,5509,1723
1723,1723,5509,5510,1724
1724,1724,5510,5511,1725
1725,1725,5511,5512,1726
1726,1726,5512,5513,1727
1727,1727,5513,5514,1728
1728,1728,5514,5515,1729
1729,1729,5515,5516,1730
1730,1730,5516,5517,1731
1731,1731,5517,5518,1732
1732,1732,5518,5519,1733
1733,1733,5519,5520,1734
1734,1734,5520,5521,1735
1735,1735,5521,5522,1736
1736,1736,5522,5523,1737
1737,1737,5523,5524,1738
1738,1738,5524,5525,1739
1739,1739,5525,5526,1740
1740,1740,5526,5527,1741
1741,1741,5527,5528,1742
1742,1742,5528,5529,1743
1743,1743,5529,5530,1744
1744,1744,5530,5531,1745
1745,1745,5531,5532,1746
1746,1746,5532,5533,1747
1747,1747,5533,5534,1748
1748,1748,5534,5535,1749
1749,1749,5535,5536,1750
1750,1750,5536,5537,1751
1751,1751,5537,5538,1752
1752,1752,5538,5539,1753
1753,1753,5539,5540,1754
1754,1754,5540,5541,1755
1755,1755,5541,5542,1756
1756,1756,5542,5543,1757
1757,1757,5543,5544,1758
1758,1758,5544,5545,1759
1759,1759,5545,5546,1760
1760,1760,5546,5547,1761
1761,1761,5547,5548,1762
1762,1762,5548,5549,1763
1763,1763,5549,5550,1764
1764,1764,5550,5551,1765
1765,1765,5551,5552,1766
1766,1766,5552,5553,1767
1767,1767,5553,5554,1768
1768,1768,5554,5555,1769
1769,1769,5555,5556,1770
1770,1770,5556,5557,1771
1771,1771,5557,5558,1772
1772,1772,5558,5559,1773
1773,1773,5559,5560,1774
1774,1774,5560,5561,1775
1775,1775,5561,5562,1776
1776,1776,5562,5563,1777
1777,1777,5563,5564,1778
1778,1778,5564,5565,1779
1779,1779,5565,5566,1780
1780,1780,5566,5567,1781
1781,1781,5567,5568,1782
1782,1782,5568,5569,1783
1783,1783,5569,5570,1784
1784,1784,5570,5571,1785
1785,1785,5571,5572,1786
1786,1786,5572,5573,1787
1787,1787,5573,5574,1788
1788,1788,5574,5575,1789
1789,1789,5575,5576,1790
1790,1790,5576,5577,1791
1791,1791,5577,5578,1792
1792,1792,5578,5579,1793
1793,1793,5579,5580,1794
1794,1794,5580,5581,1795
1795,1795,5581,5582,1796
1796,1796,5582,5583,1797
1797,1797,5583,5584,1798
1798,1798,5584,5585,1799
1799,1799,5585,5586,1800
1800,1800,5586,5587,1801
1801,1801,5587,5588,1802
1802,1802,5588,5589,1803
1803,1803,5589,5590,1804
1804,1804,5590,5591,1805
1805,1805,5591,5592,1806
1806,1806,5592,5593,1807
1807,1807,5593,5594,1808
1808,1808,5594,5595,1809
1809,1809,5595,5596,1810
1810,1810,5596,5597,1811
1811,1811,5597,5598,1812
1812,1812,5598,5599,1813
1813,1813,5599,5600,1814
1814,1814,5600,5601,1815
1815,1815,5601,5602,1816
1816,1816,5602,5603,1817
1817,1817,5603,5604,1818
1818,1818,5604,5605,1819
1819,1819,5605,5606,1820
1820,1820,5606,5607,1821
1821,1821,5607,5608,1822
1822,1822,5608,5609,1823
1823,1823,5609,5610,1824
1824,1824,5610,5611,1825
1825,1825,5611,5612,1826
1826,1826,5612,5613,1827
1827,1827,5613,5614,1828
1828,1828,5614,5615,1829
1829,1829,5615,5616,1830
1830,1830,5616,5617,1831
1831,1831,5617,5618,1832
1832,1832,5618,5619,1833
1833,1833,5619,5620,1834
1834,1834,5620,5621,1835
1835,1835,5621,5622,1836
1836,1836,5622,5623,1837
1837,1837,5623,5624,1838
1838,1838,5624,5625,1839
1839,1839,5625,5626,1840
1840,1840,5626,5627,1841
1841,1841,5627,5628,1842
1842,1842,5628,5629,1843
1843,1843,5629,5630,1844
1844,1844,5630,5631,1845
1845,1845,5631,5632,1846
1846,1846,5632,5633,1847
1847,1847,5633,5634,1848
1848,1848,5634,5635,1849
1849,1849,5635,5636,1850
1850,1850,5636,5637,1851
1851,1851,5637,5638,1852
1852,1852,5638,5639,1853
1853,1853,5639,5640,1854
1854,1854,5640,5641,1855
1855,1855,5641,5642,1856
1856,1856,5642,5643,1857
1857,1857,5643,5644,1858
1858,1858,5644,5645,1859
1859,1859,5645,5646,1860
1860,1860,5646,5647,1861
1861,1861,5647,5648,1862
1862,1862,5648,5649,1863
1863,1863,5649,5650,1864
1864,1864,5650,5651,1865
1865,1865,5651,5652,1866
1866,1866,5652,5653,1867
1867,1867,5653,5654,1868
1868,1868,5654,5655,1869
1869,1869,5655,5656,1870
1870,1870,5656,5657,1871
1871,1871,5657,5658,1872
1872,1872,5658,5659,1873
1873,1873,5659,5660,1874
1874,1874,5660,5661,1875
1875,1875,5661,5662,1876
1876,1876,5662,5663,1877
1877,1877,5663,5664,1878
1878,1878,5664,5665,1879
1879,1879,5665,5666,1880
1880,1880,5666,5667,1881
1881,1881,5667,5668,1882
1882,1882,5668,5669,1883
1883,1883,5669,5670,1884
1884,1884,5670,5671,1885
1885,1885,5671,5672,1886
1886,1886,5672,5673,1887
1887,1887,5673,5674,1888
1888,1888,5674,5675,1889
1889,1889,5675,5676,1890
1890,1890,5676,5677,1891
1891,1891,5677,5678,1892
1892,1892,5678,5679,1893
1893,1893,5679,5680,1894
1894,1894,5680,5681,1895
1895,1895,5681,5682,1896
1896,1896,5682,5683,1897
1897,1897,5683,5684,1898
1898,1898,5684,5685,1899
1899,1899,5685,5686,1900
1900,1900,5686,5687,1901
1901,1901,5687,5688,1902
1902,1902,5688,5689,1903
1903,1903,5689,5690,1904
1904,1904,5690,5691,1905
1905,1905,5691,5692,1906
1906,1906,5692,5693,1907
1907,1907,5693,5694,1908
1908,1908,5694,5695,1909
1909,1909,5695,5696,1910
1910,1910,5696,5697,1911
1911,1911,5697,5698,1912
1912,1912,5698,5699,1913
1913,1913,5699,5700,1914
1914,1914,5700,5701,1915
1915,1915,5701,5702,1916
1916,1916,5702,5703,1917
1917,1917,5703,5704,1918
1918,1918,5704,5705,1919
1919,1919,5705,5706,1920
1920,1920,5706,5707,1921
1921,1921,5707,5708,1922
1922,1922,5708,5709,1923
1923,1923,5709,5710,1924
1924,1924,5710,5711,1925
1925,1925,5711,5712,1926
1926,1926,5712,5713,1927
1927,1927,5713,5714,1928
1928,1928,5714,5715,1929
1929,1929,5715,5716,1930
1930,1930,5716,5717,1931
1931,1931,5717,5718,1932
1932,1932,5718,5719,1933
1933,1933,5719,5720,1934
1934,1934,5720,5721,1935
1935,1935,5721,5722,1936
1936,1936,5722,5723,1937
1937,1937,5723,5724,1938
1938,1938,5724,5725,1939
1939,1939,5725,5726,1940
1940,1940,5726,5727,1941
1941,1941,5727,5728,1942
1942,1942,5728,5729,1943
1943,1943,5729,5730,1944
1944,1944,5730,5731,1945
1945,1945,5731,5732,1946
1946,1946,5732,5733,1947
1947,1947,5733,5734,1948
1948,1948,5734,5735,1949
1949,1949,5735,5736,1950
1950,1950,5736,5737,1951
1951,1951,5737,5738,1952
1952,1952,5738,5739,1953
1953,1953,5739,5740,1954
1954,1954,5740,5741,1955
1955,1955,5741,5742,1956
1956,1956,5742,5743,1957
1957,1957,5743,5744,1958
1958,1958,5744,5745,1959
1959,1959,5745,5746,1960
1960,1960,5746,5747,1961
1961,1961,5747,5748,1962
1962,1962,5748,5749,1963
1963,1963,5749,5750,1964
1964,1964,5750,5751,1965
1965,1965,5751,5752,1966
1966,1966,5752,5753,1967
1967,1967,5753,5754,1968
1968,1968,5754,5755,1969
1969,1969,5755,5756,1970
1970,1970,5756,5757,1971
1971,1971,5757,5758,1972
1972,1972,5758,5759,1973
1973,1973,5759,5760,1974
1974,1974,5760,5761,1975
1975,1975,5761,5762,1976
1976,1976,5762,5763,1977
1977,1977,5763,5764,1978
1978,1978,5764,5765,1979
1979,1979,5765,5766,1980
1980,1980,5766,5767,1981
1981,1981,5767,5768,1982
1982,1982,5768,5769,1983
1983,1983,5769,5770,1984
1984,1984,5770,5771,1985
1985,1985,5771,5772,1986
1986,1986,5772,5773,1987
1987,1987,5773,5774,1988
1988,1988,5774,5775,1989
1989,1989,5775,5776,1990
1990,1990,5776,5777,1991
1991,1991,5777,5778,1992
1992,1992,5778,5779,1993
1993,1993,5779,5780,1994
1994,1994,5780,5781,1995
1995,1995,5781,5782,1996
1996,1996,5782,5783,1997
1997,1997,5783,5784,1998
1998,1998,5784,5785,1999
1999,1999,5785,5786,2000
2000,2000,5786,5787,2001
2001,2001,5787,5788,2002
2002,2002,5788,5789,2003
2003,2003,5789,5790,2004
2004,2004,5790,5791,2005
2005,2005,5791,5792,2006
2006,2006,5792,5793,2007
2007,2007,5793,5794,2008
2008,2008,5794,5795,2009
2009,2009,5795,5796,2010
2010,2010,5796,5797,2011
2011,2011,5797,5798,2012
2012,2012,5798,5799,2013
2013,2013,5799,5800,2014
2014,2014,5800,5801,2015
2015,2015,5801,5802,2016
2016,2016,5802,5803,2017
2017,2017,5803,5804,2018
2018,2018,5804,5805,2019
2019,2019,5805,5806,2020
2020,2020,5806,5807,2021
2021,2021,5807,5808,2022
2022,2022,5808,5809,2023
2023,2023,5809,5810,2024
2024,2024,5810,5811,2025
2025,2025,5811,5812,2026
2026,2026,5812,5813,2027
2027,2027,5813,5814,2028
2028,2028,5814,5815,2029
2029,2029,5815,5816,2030
2030,2030,5816,5817,2031
2031,2031,5817,5818,2032
2032,2032,5818,5819,2033
2033,2033,5819,5820,2034
2034,2034,5820,5821,2035
2035,2035,5821,5822,2036
2036,2036,5822,5823,2037
2037,2037,5823,5824,2038
2038,2038,5824,5825,2039
2039,2039,5825,5826,2040
2040,2040,5826,5827,2041
2041,2041,5827,5828,2042
2042,2042,5828,5829,2043
2043,2043,5829,5830,2044
2044,2044,5830,5831,2045
2045,2045,5831,5832,2046
2046,2046,5832,5833,2047
2047,2047,5833,5834,2048
2048,2048,5834,5835,2049
2049,2049,5835,5836,2050
2050,2050,5836,5837,2051
2051,2051,5837,5838,2052
2052,2052,5838,5839,2053
2053,2053,5839,5840,2054
2054,2054,5840,5841,2055
2055,2055,5841,5842,2056
2056,2056,5842,5843,2057
2057,2057,5843,5844,2058
2058,2058,5844,5845,2059
2059,2059,5845,5846,2060
2060,2060,5846,5847,2061
2061,2061,5847,5848,2062
2062,2062,5848,5849,2063
2063,2063,5849,5850,2064
2064,2064,5850,5851,2065
2065,2065,5851,5852,2066
2066,2066,5852,5853,2067
2067,2067,5853,5854,2068
2068,2068,5854,5855,2069
2069,2069,5855,5856,2070
2070,2070,5856,5857,2071
2071,2071,5857,5858,2072
2072,2072,5858,5859,2073
2073,2073,5859,5860,2074
2074,2074,5860,5861,2075
2075,2075,5861,5862,2076
2076,2076,5862,5863,2077
2077,2077,5863,5864,2078
2078,2078,5864,5865,2079
2079,2079,5865,5866,2080
2080,2080,5866,5867,2081
2081,2081,5867,5868,2082
2082,2082,5868,5869,2083
2083,2083,5869,5870,2084
2084,2084,5870,5871,2085
2085,2085,5871,5872,2086
2086,2086,5872,5873,2087
2087,2087,5873,5874,2088
2088,2088,5874,5875,2089
2089,2089,5875,5876,2090
2090,2090,5876,5877,2091
2091,2091,5877,5878,2092
2092,2092,5878,5879,2093
2093,2093,5879,5880,2094
2094,2094,5880,5881,2095
2095,2095,5881,5882,2096
2096,2096,5882,5883,2097
2097,2097,5883,5884,2098
2098,2098,5884,5885,2099
2099,2099,5885,5886,2100
2100,2100,5886,5887,2101
2101,2101,5887,5888,2102
2102,2102,5888,5889,2103
2103,2103,5889,5890,2104
2104,2104,5890,5891,2105
2105,2105,5891,5892,2106
2106,2106,5892,5893,2107
2107,2107,5893,5894,2108
2108,2108,5894,5895,2109
2109,2109,5895,5896,2110
2110,2110,5896,5897,2111
2111,2111,5897,5898,2112
2112,2112,5898,5899,2113
2113,2113,5899,5900,2114
2114,2114,5900,5901,2115
2115,2115,5901,5902,2116
2116,2116,5902,5903,2117
2117,2117,5903,5904,2118
2118,2118,5904,5905,2119
2119,2119,5905,5906,2120
2120,2120,5906,5907,2121
2121,2121,5907,5908,2122
2122,2122,5908,5909,2123
2123,2123,5909,5910,2124
2124,2124,5910,5911,2125
2125,2125,5911,5912,2126
2126,2126,5912,5913,2127
2127,2127,5913,5914,2128
2128,2128,5914,5915,2129
2129,2129,5915,5916,2130
2130,2130,5916,5917,2131
2131,2131,5917,5918,2132
2132,2132,5918,5919,2133
2133,2133,5919,5920,2134
2134,2134,5920,5921,2135
2135,2135,5921,5922,2136
2136,2136,5922,5923,2137
2137,2137,5923,5924,2138
2138,2138,5924,5925,2139
2139,2139,5925,5926,2140
2140,2140,5926,5927,2141
2141,2141,5927,5928,2142
2142,2142,5928,5929,2143
2143,2143,5929,5930,2144
2144,2144,5930,5931,2145
2145,2145,5931,5932,2146
2146,2146,5932,5933,2147
2147,2147,5933,5934,2148
2148,2148,5934,5935,2149
2149,2149,5935,5936,2150
2150,2150,5936,5937,2151
2151,2151,5937,5938,2152
2152,2152,5938,5939,2153
2153,2153,5939,5940,2154
2154,2154,5940,5941,2155
2155,2155,5941,5942,2156
2156,2156,5942,5943,2157
2157,2157,5943,5944,2158
2158,2158,5944,5945,2159
2159,2159,5945,5946,2160
2160,2160,5946,5947,2161
2161,2161,5947,5948,2162
2162,2162,5948,5949,2163
2163,2163,5949,5950,2164
2164,2164,5950,5951,2165
2165,2165,5951,5952,2166
2166,2166,5952,5953,2167
2167,2167,5953,5954,2168
2168,2168,5954,5955,2169
2169,2169,5955,5956,2170
2170,2170,5956,5957,2171
2171,2171,5957,5958,2172
2172,2172,5958,5959,2173
2173,2173,5959,5960,2174
2174,2174,5960,5961,2175
2175,2175,5961,5962,2176
2176,2176,5962,5963,2177
2177,2177,5963,5964,2178
2178,2178,5964,5965,2179
2179,2179,5965,5966,2180
2180,2180,5966,5967,2181
2181,2181,5967,5968,2182
2182,2182,5968,5969,2183
2183,2183,5969,5970,2184
2184,2184,5970,5971,2185
2185,2185,5971,5972,2186
2186,2186,5972,5973,2187
2187,2187,5973,5974,2188
2188,2188,5974,5975,2189
2189,2189,5975,5976,2190
2190,2190,5976,5977,2191
2191,2191,5977,5978,2192
2192,2192,5978,5979,2193
2193,2193,5979,5980,2194
2194,2194,5980,5981,2195
2195,2195,5981,5982,2196
2196,2196,5982,5983,2197
2197,2197,5983,5984,2198
2198,2198,5984,5985,2199
2199,2199,5985,5986,2200
2200,2200,5986,5987,2201
2201,2201,5987,5988,2202
2202,2202,5988,5989,2203
2203,2203,5989,5990,2204
2204,2204,5990,5991,2205
2205,2205,5991,5992,2206
2206,2206,5992,5993,2207
2207,2207,5993,5994,2208
2208,2208,5994,5995,2209
2209,2209,5995,5996,2210
2210,2210,5996,5997,2211
2211,2211,5997,5998,2212
2212,2212,5998,5999,2213
2213,2213,5999,6000,2214
2214,2214,6000,6001,2215
2215,2215,6001,6002,2216
2216,2216,6002,6003,2217
2217,2217,6003,6004,2218
2218,2218,6004,6005,2219
2219,2219,6005,6006,2220
2220,2220,6006,6007,2221
2221,2221,6007,6008,2222
2222,2222,6008,6009,2223
2223,2223,6009,6010,2224
2224,2224,6010,6011,2225
2225,2225,6011,6012,2226
2226,2226,6012,6013,2227
2227,2227,6013,6014,2228
2228,2228,6014,6015,2229
2229,2229,6015,6016,2230
2230,2230,6016,6017,2231
2231,2231,6017,6018,2232
2232,2232,6018,6019,2233
2233,2233,6019,6020,2234
2234,2234,6020,6021,2235
2235,2235,6021,6022,2236
2236,2236,6022,6023,2237
2237,2237,6023,6024,2238
2238,2238,6024,6025,2239
2239,2239,6025,6026,2240
2240,2240,6026,6027,2241
2241,2241,6027,6028,2242
2242,2242,6028,6029,2243
2243,2243,6029,6030,2244
2244,2244,6030,6031,2245
2245,2245,6031,6032,2246
2246,2246,6032,6033,2247
2247,2247,6033,6034,2248
2248,2248,6034,6035,2249
2249,2249,6035,6036,2250
2250,2250,6036,6037,2251
2251,2251,6037,6038,2252
2252,2252,6038,6039,2253
2253,2253,6039,6040,2254
2254,2254,6040,6041,2255
2255,2255,6041,6042,2256
2256,2256,6042,6043,2257
2257,2257,6043,6044,2258
2258,2258,6044,6045,2259
2259,2259,6045,6046,2260
2260,2260,6046,6047,2261
2261,2261,6047,6048,2262
2262,2262,6048,6049,2263
2263,2263,6049,6050,2264
2264,2264,6050,6051,2265
2265,2265,6051,6052,2266
2266,2266,6052,6053,2267
2267,2267,6053,6054,2268
2268,2268,6054,6055,2269
2269,2269,6055,6056,2270
2270,2270,6056,6057,2271
2271,2271,6057,6058,2272
2272,2272,6058,6059,2273
2273,2273,6059,6060,2274
2274,2274,6060,6061,2275
2275,2275,6061,6062,2276
2276,2276,6062,6063,2277
2277,2277,6063,6064,2278
2278,2278,6064,6065,2279
2279,2279,6065,6066,2280
2280,2280,6066,6067,2281
2281,2281,6067,6068,2282
2282,2282,6068,6069,2283
2283,2283,6069,6070,2284
2284,2284,6070,6071,2285
2285,2285,6071,6072,2286
2286,2286,6072,6073,2287
2287,2287,6073,6074,2288
2288,2288,6074,6075,2289
2289,2289,6075,6076,2290
2290,2290,6076,6077,2291
2291,2291,6077,6078,2292
2292,2292,6078,6079,2293
2293,2293,6079,6080,2294
2294,2294,6080,6081,2295
2295,2295,6081,6082,2296
2296,2296,6082,6083,2297
2297,2297,6083,6084,2298
2298,2298,6084,6085,2299
2299,2299,6085,6086,2300
2300,2300,6086,6087,2301
2301,2301,6087,6088,2302
2302,2302,6088,6089,2303
2303,2303,6089,6090,2304
2304,2304,6090,6091,2305
2305,2305,6091,6092,2306
2306,2306,6092,6093,2307
2307,2307,6093,6094,2308
2308,2308,6094,6095,2309
2309,2309,6095,6096,2310
2310,2310,6096,6097,2311
2311,2311,6097,6098,2312
2312,2312,6098,6099,2313
2313,2313,6099,6100,2314
2314,2314,6100,6101,2315
2315,2315,6101,6102,2316
2316,2316,6102,6103,2317
2317,2317,6103,6104,2318
2318,2318,6104,6105,2319
2319,2319,6105,6106,2320
2320,2320,6106,6107,2321
2321,2321,6107,6108,2322
2322,2322,6108,6109,2323
2323,2323,6109,6110,2324
2324,2324,6110,6111,2325
2325,2325,6111,6112,2326
2326,2326,6112,6113,2327
2327,2327,6113,6114,2328
2328,2328,6114,6115,2329
2329,2329,6115,6116,2330
2330,2330,6116,6117,2331
2331,2331,6117,6118,2332
2332,2332,6118,6119,2333
2333,2333,6119,6120,2334
2334,2334,6120,6121,2335
2335,2335,6121,6122,2336
2336,2336,6122,6123,2337
2337,2337,6123,6124,2338
2338,2338,6124,6125,2339
2339,2339,6125,6126,2340
2340,2340,6126,6127,2341
2341,2341,6127,6128,2342
2342,2342,6128,6129,2343
2343,2343,6129,6130,2344
2344,2344,6130,6131,2345
2345,2345,6131,6132,2346
2346,2346,6132,6133,2347
2347,2347,6133,6134,2348
2348,2348,6134,6135,2349
2349,2349,6135,6136,2350
2350,2350,6136,6137,2351
2351,2351,6137,6138,2352
2352,2352,6138,6139,2353
2353,2353,6139,6140,2354
2354,2354,6140,6141,2355
2355,2355,6141,6142,2356
2356,2356,6142,6143,2357
2357,2357,6143,6144,2358
2358,2358,6144,6145,2359
2359,2359,6145,6146,2360
2360,2360,6146,6147,2361
2361,2361,6147,6148,2362
2362,2362,6148,6149,2363
2363,2363,6149,6150,2364
2364,2364,6150,6151,2365
2365,2365,6151,6152,2366
2366,2366,6152,6153,2367
2367,2367,6153,6154,2368
2368,2368,6154,6155,2369
2369,2369,6155,6156,2370
2370,2370,6156,6157,2371
2371,2371,6157,6158,2372
2372,2372,6158,6159,2373
2373,2373,6159,6160,2374
2374,2374,6160,6161,2375
2375,2375,6161,6162,2376
2376,2376,6162,6163,2377
2377,2377,6163,6164,2378
2378,2378,6164,6165,2379
2379,2379,6165,6166,2380
2380,2380,6166,6167,2381
2381,2381,6167,6168,2382
2382,2382,6168,6169,2383
2383,2383,6169,6170,2384
2384,2384,6170,6171,2385
2385,2385,6171,6172,2386
2386,2386,6172,6173,2387
2387,2387,6173,6174,2388
2388,2388,6174,6175,2389
2389,2389,6175,6176,2390
2390,2390,6176,6177,2391
2391,2391,6177,6178,2392
2392,2392,6178,6179,2393
2393,2393,6179,6180,2394
2394,2394,6180,6181,2395
2395,2395,6181,6182,2396
2396,2396,6182,6183,2397
2397,2397,6183,6184,2398
2398,2398,6184,6185,2399
2399,2399,6185,6186,2400
2400,2400,6186,6187,2401
2401,2401,6187,6188,2402
2402,2402,6188,6189,2403
2403,2403,6189,6190,2404
2404,2404,6190,6191,2405
2405,2405,6191,6192,2406
2406,2406,6192,6193,2407
2407,2407,6193,6194,2408
2408,2408,6194,6195,2409
2409,2409,6195,6196,2410
2410,2410,6196,6197,2411
2411,2411,6197,6198,2412
2412,2412,6198,6199,2413
2413,2413,6199,6200,2414
2414,2414,6200,6201,2415
2415,2415,6201,6202,2416
2416,2416,6202,6203,2417
2417,2417,6203,6204,2418
2418,2418,6204,6205,2419
2419,2419,6205,6206,2420
2420,2420,6206,6207,2421
2421,2421,6207,6208,2422
2422,2422,6208,6209,2423
2423,2423,6209,6210,2424
2424,2424,6210,6211,2425
2425,2425,6211,6212,2426
2426,2426,6212,6213,2427
2427,2427,6213,6214,2428
2428,2428,6214,6215,2429
2429,2429,6215,6216,2430
2430,2430,6216,6217,2431
2431,2431,6217,6218,2432
2432,2432,6218,6219,2433
2433,2433,6219,6220,2434
2434,2434,6220,6221,2435
2435,2435,6221,6222,2436
2436,2436,6222,6223,2437
2437,2437,6223,6224,2438
2438,2438,6224,6225,2439
2439,2439,6225,6226,2440
2440,2440,6226,6227,2441
2441,2441,6227,6228,2442
2442,2442,6228,6229,2443
2443,2443,6229,6230,2444
2444,2444,6230,6231,2445
2445,2445,6231,6232,2446
2446,2446,6232,6233,2447
2447,2447,6233,6234,2448
2448,2448,6234,6235,2449
2449,2449,6235,6236,2450
2450,2450,6236,6237,2451
2451,2451,6237,6238,2452
2452,2452,6238,6239,2453
2453,2453,6239,6240,2454
2454,2454,6240,6241,2455
2455,2455,6241,6242,2456
2456,2456,6242,6243,2457
2457,2457,6243,6244,2458
2458,2458,6244,6245,2459
2459,2459,6245,6246,2460
2460,2460,6246,6247,2461
2461,2461,6247,6248,2462
2462,2462,6248,6249,2463
2463,2463,6249,6250,2464
2464,2464,6250,6251,2465
2465,2465,6251,6252,2466
2466,2466,6252,6253,2467
2467,2467,6253,6254,2468
2468,2468,6254,6255,2469
2469,2469,6255,6256,2470
2470,2470,6256,6257,2471
2471,2471,6257,6258,2472
2472,2472,6258,6259,2473
2473,2473,6259,6260,2474
2474,2474,6260,6261,2475
2475,2475,6261,6262,2476
2476,2476,6262,6263,2477
2477,2477,6263,6264,2478
2478,2478,6264,6265,2479
2479,2479,6265,6266,2480
2480,2480,6266,6267,2481
2481,2481,6267,6268,2482
2482,2482,6268,6269,2483
2483,2483,6269,6270,2484
2484,2484,6270,6271,2485
2485,2485,6271,6272,2486
2486,2486,6272,6273,2487
2487,2487,6273,6274,2488
2488,2488,6274,6275,2489
2489,2489,6275,6276,2490
2490,2490,6276,6277,2491
2491,2491,6277,6278,2492
2492,2492,6278,6279,2493
2493,2493,6279,6280,2494
2494,2494,6280,6281,2495
2495,2495,6281,6282,2496
2496,2496,6282,6283,2497
2497,2497,6283,6284,2498
2498,2498,6284,6285,2499
2499,2499,6285,6286,2500
2500,2500,6286,6287,2501
2501,2501,6287,6288,2502
2502,2502,6288,6289,2503
2503,2503,6289,6290,2504
2504,2504,6290,6291,2505
2505,2505,6291,6292,2506
2506,2506,6292,6293,2507
2507,2507,6293,6294,2508
2508,2508,6294,6295,2509
2509,2509,6295,6296,2510
2510,2510,6296,6297,2511
2511,2511,6297,6298,2512
2512,2512,6298,6299,2513
2513,2513,6299,6300,2514
2514,2514,6300,6301,2515
2515,2515,6301,6302,2516
2516,2516,6302,6303,2517
2517,2517,6303,6304,2518
2518,2518,6304,6305,2519
2519,2519,6305,6306,2520
2520,2520,6306,6307,2521
2521,2521,6307,6308,2522
2522,2522,6308,6309,2523
2523,2523,6309,6310,2524
2524,2524,6310,6311,2525
2525,2525,6311,6312,2526
2526,2526,6312,6313,2527
2527,2527,6313,6314,2528
2528,2528,6314,6315,2529
2529,2529,6315,6316,2530
2530,2530,6316,6317,2531
2531,2531,6317,6318,2532
2532,2532,6318,6319,2533
2533,2533,6319,6320,2534
2534,2534,6320,6321,2535
2535,2535,6321,6322,2536
2536,2536,6322,6323,2537
2537,2537,6323,6324,2538
2538,2538,6324,6325,2539
2539,2539,6325,6326,2540
2540,2540,6326,6327,2541
2541,2541,6327,6328,2542
2542,2542,6328,6329,2543
2543,2543,6329,6330,2544
2544,2544,6330,6331,2545
2545,2545,6331,6332,2546
2546,2546,6332,6333,2547
2547,2547,6333,6334,2548
2548,2548,6334,6335,2549
2549,2549,6335,6336,2550
2550,2550,6336,6337,2551
2551,2551,6337,6338,2552
2552,2552,6338,6339,2553
2553,2553,6339,6340,2554
2554,2554,6340,6341,2555
2555,2555,6341,6342,2556
2556,2556,6342,6343,2557
2557,2557,6343,6344,2558
2558,2558,6344,6345,2559
2559,2559,6345,6346,2560
2560,2560,6346,6347,2561
2561,2561,6347,6348,2562
2562,2562,6348,6349,2563
2563,2563,6349,6350,2564
2564,2564,6350,6351,2565
2565,2565,6351,6352,2566
2566,2566,6352,6353,2567
2567,2567,6353,6354,2568
2568,2568,6354,6355,2569
2569,2569,6355,6356,2570
2570,2570,6356,6357,2571
2571,2571,6357,6358,2572
2572,2572,6358,6359,2573
2573,2573,6359,6360,2574
2574,2574,6360,6361,2575
2575,2575,6361,6362,2576
2576,2576,6362,6363,2577
2577,2577,6363,6364,2578
2578,2578,6364,6365,2579
2579,2579,6365,6366,2580
2580,2580,6366,6367,2581
2581,2581,6367,6368,2582
2582,2582,6368,6369,2583
2583,2583,6369,6370,2584
2584,2584,6370,6371,2585
2585,2585,6371,6372,2586
2586,2586,6372,6373,2587
2587,2587,6373,6374,2588
2588,2588,6374,6375,2589
2589,2589,6375,6376,2590
2590,2590,6376,6377,2591
2591,2591,6377,6378,2592
2592,2592,6378,6379,2593
2593,2593,6379,6380,2594
2594,2594,6380,6381,2595
2595,2595,6381,6382,2596
2596,2596,6382,6383,2597
2597,2597,6383,6384,2598
2598,2598,6384,6385,2599
2599,2599,6385,6386,2600
2600,2600,6386,6387,2601
2601,2601,6387,6388,2602
2602,2602,6388,6389,2603
2603,2603,6389,6390,2604
2604,2604,6390,6391,2605
2605,2605,6391,6392,2606
2606,2606,6392,6393,2607
2607,2607,6393,6394,2608
2608,2608,6394,6395,2609
2609,2609,6395,6396,2610
2610,2610,6396,6397,2611
2611,2611,6397,6398,2612
2612,2612,6398,6399,2613
2613,2613,6399,6400,2614
2614,2614,6400,6401,2615
2615,2615,6401,6402,2616
2616,2616,6402,6403,2617
2617,2617,6403,6404,2618
2618,2618,6404,6405,2619
2619,2619,6405,6406,2620
2620,2620,6406,6407,2621
2621,2621,6407,6408,2622
2622,2622,6408,6409,2623
2623,2623,6409,6410,2624
2624,2624,6410,6411,2625
2625,2625,6411,6412,2626
2626,2626,6412,6413,2627
2627,2627,6413,6414,2628
2628,2628,6414,6415,2629
2629,2629,6415,6416,2630
2630,2630,6416,6417,2631
2631,2631,6417,6418,2632
2632,2632,6418,6419,2633
2633,2633,6419,6420,2634
2634,2634,6420,6421,2635
2635,2635,6421,6422,2636
2636,2636,6422,6423,2637
2637,2637,6423,6424,2638
2638,2638,6424,6425,2639
2639,2639,6425,6426,2640
2640,2640,6426,6427,2641
2641,2641,6427,6428,2642
2642,2642,6428,6429,2643
2643,2643,6429,6430,2644
2644,2644,6430,6431,2645
2645,2645,6431,6432,2646
2646,2646,6432,6433,2647
2647,2647,6433,6434,2648
2648,2648,6434,6435,2649
2649,2649,6435,6436,2650
2650,2650,6436,6437,2651
2651,2651,6437,6438,2652
2652,2652,6438,6439,2653
2653,2653,6439,6440,2654
2654,2654,6440,6441,2655
2655,2655,6441,6442,2656
2656,2656,6442,6443,2657
2657,2657,6443,6444,2658
2658,2658,6444,6445,2659
2659,2659,6445,6446,2660
2660,2660,6446,6447,2661
2661,2661,6447,6448,2662
2662,2662,6448,6449,2663
2663,2663,6449,6450,2664
2664,2664,6450,6451,2665
2665,2665,6451,6452,2666
2666,2666,6452,6453,2667
2667,2667,6453,6454,2668
2668,2668,6454,6455,2669
2669,2669,6455,6456,2670
2670,2670,6456,6457,2671
2671,2671,6457,6458,2672
2672,2672,6458,6459,2673
2673,2673,6459,6460,2674
2674,2674,6460,6461,2675
2675,2675,6461,6462,2676
2676,2676,6462,6463,2677
2677,2677,6463,6464,2678
2678,2678,6464,6465,2679
2679,2679,6465,6466,2680
2680,2680,6466,6467,2681
2681,2681,6467,6468,2682
2682,2682,6468,6469,2683
2683,2683,6469,6470,2684
2684,2684,6470,6471,2685
2685,2685,6471,6472,2686
2686,2686,6472,6473,2687
2687,2687,6473,6474,2688
2688,2688,6474,6475,2689
2689,2689,6475,6476,2690
2690,2690,6476,6477,2691
2691,2691,6477,6478,2692
2692,2692,6478,6479,2693
2693,2693,6479,6480,2694
2694,2694,6480,6481,2695
2695,2695,6481,6482,2696
2696,2696,6482,6483,2697
2697,2697,6483,6484,2698
2698,2698,6484,6485,2699
2699,2699,6485,6486,2700
2700,2700,6486,6487,2701
2701,2701,6487,6488,2702
2702,2702,6488,6489,2703
2703,2703,6489,6490,2704
2704,2704,6490,6491,2705
2705,2705,6491,6492,2706
2706,2706,6492,6493,2707
2707,2707,6493,6494,2708
2708,2708,6494,6495,2709
2709,2709,6495,6496,2710
2710,2710,6496,6497,2711
2711,2711,6497,6498,2712
2712,2712,6498,6499,2713
2713,2713,6499,6500,2714
2714,2714,6500,6501,2715
2715,2715,6501,6502,2716
2716,2716,6502,6503,2717
2717,2717,6503,6504,2718
2718,2718,6504,6505,2719
2719,2719,6505,6506,2720
2720,2720,6506,6507,2721
2721,2721,6507,6508,2722
2722,2722,6508,6509,2723
2723,2723,6509,6510,2724
2724,2724,6510,6511,2725
2725,2725,6511,6512,2726
2726,2726,6512,6513,2727
2727,2727,6513,6514,2728
2728,2728,6514,6515,2729
2729,2729,6515,6516,2730
2730,2730,6516,6517,2731
2731,2731,6517,6518,2732
2732,2732,6518,6519,2733
2733,2733,6519,6520,2734
2734,2734,6520,6521,2735
2735,2735,6521,6522,2736
2736,2736,6522,6523,2737
2737,2737,6523,6524,2738
2738,2738,6524,6525,2739
2739,2739,6525,6526,2740
2740,2740,6526,6527,2741
2741,2741,6527,6528,2742
2742,2742,6528,6529,2743
2743,2743,6529,6530,2744
2744,2744,6530,6531,2745
2745,2745,6531,6532,2746
2746,2746,6532,6533,2747
2747,2747,6533,6534,2748
2748,2748,6534,6535,2749
2749,2749,6535,6536,2750
2750,2750,6536,6537,2751
2751,2751,6537,6538,2752
2752,2752,6538,6539,2753
2753,2753,6539,6540,2754
2754,2754,6540,6541,2755
2755,2755,6541,6542,2756
2756,2756,6542,6543,2757
2757,2757,6543,6544,2758
2758,2758,6544,6545,2759
2759,2759,6545,6546,2760
2760,2760,6546,6547,2761
2761,2761,6547,6548,2762
2762,2762,6548,6549,2763
2763,2763,6549,6550,2764
2764,2764,6550,6551,2765
2765,2765,6551,6552,2766
2766,2766,6552,6553,2767
2767,2767,6553,6554,2768
2768,2768,6554,6555,2769
2769,2769,6555,6556,2770
2770,2770,6556,6557,2771
2771,2771,6557,6558,2772
2772,2772,6558,6559,2773
2773,2773,6559,6560,2774
2774,2774,6560,6561,2775
2775,2775,6561,6562,2776
2776,2776,6562,6563,2777
2777,2777,6563,6564,2778
2778,2778,6564,6565,2779
2779,2779,6565,6566,2780
2780,2780,6566,6567,2781
2781,2781,6567,6568,2782
2782,2782,6568,6569,2783
2783,2783,6569,6570,2784
2784,2784,6570,6571,2785
2785,2785,6571,6572,2786
2786,2786,6572,6573,2787
2787,2787,6573,6574,2788
2788,2788,6574,6575,2789
2789,2789,6575,6576,2790
2790,2790,6576,6577,2791
2791,2791,6577,6578,2792
2792,2792,6578,6579,2793
2793,2793,6579,6580,2794
2794,2794,6580,6581,2795
2795,2795,6581,6582,2796
2796,2796,6582,6583,2797
2797,2797,6583,6584,2798
2798,2798,6584,6585,2799
2799,2799,6585,6586,2800
2800,2800,6586,6587,2801
2801,2801,6587,6588,2802
2802,2802,6588,6589,2803
2803,2803,6589,6590,2804
2804,2804,6590,6591,2805
2805,2805,6591,6592,2806
2806,2806,6592,6593,2807
2807,2807,6593,6594,2808
2808,2808,6594,6595,2809
2809,2809,6595,6596,2810
2810,2810,6596,6597,2811
2811,2811,6597,6598,2812
2812,2812,6598,6599,2813
2813,2813,6599,6600,2814
2814,2814,6600,6601,2815
2815,2815,6601,6602,2816
2816,2816,6602,6603,2817
2817,2817,6603,6604,2818
2818,2818,6604,6605,2819
2819,2819,6605,6606,2820
2820,2820,6606,6607,2821
2821,2821,6607,6608,2822
2822,2822,6608,6609,2823
2823,2823,6609,6610,2824
2824,2824,6610,6611,2825
2825,2825,6611,6612,2826
2826,2826,6612,6613,2827
2827,2827,6613,6614,2828
2828,2828,6614,6615,2829
2829,2829,6615,6616,2830
2830,2830,6616,6617,2831
2831,2831,6617,6618,2832
2832,2832,6618,6619,2833
2833,2833,6619,6620,2834
2834,2834,6620,6621,2835
2835,2835,6621,6622,2836
2836,2836,6622,6623,2837
2837,2837,6623,6624,2838
2838,2838,6624,6625,2839
2839,2839,6625,6626,2840
2840,2840,6626,6627,2841
2841,2841,6627,6628,2842
2842,2842,6628,6629,2843
2843,2843,6629,6630,2844
2844,2844,6630,6631,2845
2845,2845,6631,6632,2846
2846,2846,6632,6633,2847
2847,2847,6633,6634,2848
2848,2848,6634,6635,2849
2849,2849,6635,6636,2850
2850,2850,6636,6637,2851
2851,2851,6637,6638,2852
2852,2852,6638,6639,2853
2853,2853,6639,6640,2854
2854,2854,6640,6641,2855
2855,2855,6641,6642,2856
2856,2856,6642,6643,2857
2857,2857,6643,6644,2858
2858,2858,6644,6645,2859
2859,2859,6645,6646,2860
2860,2860,6646,6647,2861
2861,2861,6647,6648,2862
2862,2862,6648,6649,2863
2863,2863,6649,6650,2864
2864,2864,6650,6651,2865
2865,2865,6651,6652,2866
2866,2866,6652,6653,2867
2867,2867,6653,6654,2868
2868,2868,6654,6655,2869
2869,2869,6655,6656,2870
2870,2870,6656,6657,2871
2871,2871,6657,6658,2872
2872,2872,6658,6659,2873
2873,2873,6659,6660,2874
2874,2874,6660,6661,2875
2875,2875,6661,6662,2876
2876,2876,6662,6663,2877
2877,2877,6663,6664,2878
2878,2878,6664,6665,2879
2879,2879,6665,6666,2880
2880,2880,6666,6667,2881
2881,2881,6667,6668,2882
2882,2882,6668,6669,2883
2883,2883,6669,6670,2884
2884,2884,6670,6671,2885
2885,2885,6671,6672,2886
2886,2886,6672,6673,2887
2887,2887,6673,6674,2888
2888,2888,6674,6675,2889
2889,2889,6675,6676,2890
2890,2890,6676,6677,2891
2891,2891,6677,6678,2892
2892,2892,6678,6679,2893
2893,2893,6679,6680,2894
2894,2894,6680,6681,2895
2895,2895,6681,6682,2896
2896,2896,6682,6683,2897
2897,2897,6683,6684,2898
2898,2898,6684,6685,2899
2899,2899,6685,6686,2900
2900,2900,6686,6687,2901
2901,2901,6687,6688,2902
2902,2902,6688,6689,2903
2903,2903,6689,6690,2904
2904,2904,6690,6691,2905
2905,2905,6691,6692,2906
2906,2906,6692,6693,2907
2907,2907,6693,6694,2908
2908,2908,6694,6695,2909
2909,2909,6695,6696,2910
2910,2910,6696,6697,2911
2911,2911,6697,6698,2912
2912,2912,6698,6699,2913
2913,2913,6699,6700,2914
2914,2914,6700,6701,2915
2915,2915,6701,6702,2916
2916,2916,6702,6703,2917
2917,2917,6703,6704,2918
2918,2918,6704,6705,2919
2919,2919,6705,6706,2920
2920,2920,6706,6707,2921
2921,2921,6707,6708,2922
2922,2922,6708,6709,2923
2923,2923,6709,6710,2924
2924,2924,6710,6711,2925
2925,2925,6711,6712,2926
2926,2926,6712,6713,2927
2927,2927,6713,6714,2928
2928,2928,6714,6715,2929
2929,2929,6715,6716,2930
2930,2930,6716,6717,2931
2931,2931,6717,6718,2932
2932,2932,6718,6719,2933
2933,2933,6719,6720,2934
2934,2934,6720,6721,2935
2935,2935,6721,6722,2936
2936,2936,6722,6723,2937
2937,2937,6723,6724,2938
2938,2938,6724,6725,2939
2939,2939,6725,6726,2940
2940,2940,6726,6727,2941
2941,2941,6727,6728,2942
2942,2942,6728,6729,2943
2943,2943,6729,6730,2944
2944,2944,6730,6731,2945
2945,2945,6731,6732,2946
2946,2946,6732,6733,2947
2947,2947,6733,6734,2948
2948,2948,6734,6735,2949
2949,2949,6735,6736,2950
2950,2950,6736,6737,2951
2951,2951,6737,6738,2952
2952,2952,6738,6739,2953
2953,2953,6739,6740,2954
2954,2954,6740,6741,2955
2955,2955,6741,6742,2956
2956,2956,6742,6743,2957
2957,2957,6743,6744,2958
2958,2958,6744,6745,2959
2959,2959,6745,6746,2960
2960,2960,6746,6747,2961
2961,2961,6747,6748,2962
2962,2962,6748,6749,2963
2963,2963,6749,6750,2964
2964,2964,6750,6751,2965
2965,2965,6751,6752,2966
2966,2966,6752,6753,2967
2967,2967,6753,6754,2968
2968,2968,6754,6755,2969
2969,2969,6755,6756,2970
2970,2970,6756,6757,2971
2971,2971,6757,6758,2972
2972,2972,6758,6759,2973
2973,2973,6759,6760,2974
2974,2974,6760,6761,2975
2975,2975,6761,6762,2976
2976,2976,6762,6763,2977
2977,2977,6763,6764,2978
2978,2978,6764,6765,2979
2979,2979,6765,6766,2980
2980,2980,6766,6767,2981
2981,2981,6767,6768,2982
2982,2982,6768,6769,2983
2983,2983,6769,6770,2984
2984,2984,6770,6771,2985
2985,2985,6771,6772,2986
2986,2986,6772,6773,2987
2987,2987,6773,6774,2988
2988,2988,6774,6775,2989
2989,2989,6775,6776,2990
2990,2990,6776,6777,2991
2991,2991,6777,6778,2992
2992,2992,6778,6779,2993
2993,2993,6779,6780,2994
2994,2994,6780,6781,2995
2995,2995,6781,6782,2996
2996,2996,6782,6783,2997
2997,2997,6783,6784,2998
2998,2998,6784,6785,2999
2999,2999,6785,6786,3000
3000,3000,6786,6787,3001
3001,3001,6787,6788,3002
3002,3002,6788,6789,3003
3003,3003,6789,6790,3004
3004,3004,6790,6791,3005
3005,3005,6791,6792,3006
3006,3006,6792,6793,3007
3007,3007,6793,6794,3008
3008,3008,6794,6795,3009
3009,3009,6795,6796,3010
3010,3010,6796,6797,3011
3011,3011,6797,6798,3012
3012,3012,6798,6799,3013
3013,3013,6799,6800,3014
3014,3014,6800,6801,3015
3015,3015,6801,6802,3016
3016,3016,6802,6803,3017
3017,3017,6803,6804,3018
3018,3018,6804,6805,3019
3019,3019,6805,6806,3020
3020,3020,6806,6807,3021
3021,3021,6807,6808,3022
3022,3022,6808,6809,3023
3023,3023,6809,6810,3024
3024,3024,6810,6811,3025
3025,3025,6811,6812,3026
3026,3026,6812,6813,3027
3027,3027,6813,6814,3028
3028,3028,6814,6815,3029
3029,3029,6815,6816,3030
3030,3030,6816,6817,3031
3031,3031,6817,6818,3032
3032,3032,6818,6819,3033
3033,3033,6819,6820,3034
3034,3034,6820,6821,3035
3035,3035,6821,6822,3036
3036,3036,6822,6823,3037
3037,3037,6823,6824,3038
3038,3038,6824,6825,3039
3039,3039,6825,6826,3040
3040,3040,6826,6827,3041
3041,3041,6827,6828,3042
3042,3042,6828,6829,3043
3043,3043,6829,6830,3044
3044,3044,6830,6831,3045
3045,3045,6831,6832,3046
3046,3046,6832,6833,3047
3047,3047,6833,6834,3048
3048,3048,6834,6835,3049
3049,3049,6835,6836,3050
3050,3050,6836,6837,3051
3051,3051,6837,6838,3052
3052,3052,6838,6839,3053
3053,3053,6839,6840,3054
3054,3054,6840,6841,3055
3055,3055,6841,6842,3056
3056,3056,6842,6843,3057
3057,3057,6843,6844,3058
3058,3058,6844,6845,3059
3059,3059,6845,6846,3060
3060,3060,6846,6847,3061
3061,3061,6847,6848,3062
3062,3062,6848,6849,3063
3063,3063,6849,6850,3064
3064,3064,6850,6851,3065
3065,3065,6851,6852,3066
3066,3066,6852,6853,3067
3067,3067,6853,6854,3068
3068,3068,6854,6855,3069
3069,3069,6855,6856,3070
3070,3070,6856,6857,3071
3071,3071,6857,6858,3072
3072,3072,6858,6859,3073
3073,3073,6859,6860,3074
3074,3074,6860,6861,3075
3075,3075,6861,6862,3076
3076,3076,6862,6863,3077
3077,3077,6863,6864,3078
3078,3078,6864,6865,3079
3079,3079,6865,6866,3080
3080,3080,6866,6867,3081
3081,3081,6867,6868,3082
3082,3082,6868,6869,3083
3083,3083,6869,6870,3084
3084,3084,6870,6871,3085
3085,3085,6871,6872,3086
3086,3086,6872,6873,3087
3087,3087,6873,6874,3088
3088,3088,6874,6875,3089
3089,3089,6875,6876,3090
3090,3090,6876,6877,3091
3091,3091,6877,6878,3092
3092,3092,6878,6879,3093
3093,3093,6879,6880,3094
3094,3094,6880,6881,3095
3095,3095,6881,6882,3096
3096,3096,6882,6883,3097
3097,3097,6883,6884,3098
3098,3098,6884,6885,3099
3099,3099,6885,6886,3100
3100,3100,6886,6887,3101
3101,3101,6887,6888,3102
3102,3102,6888,6889,3103
3103,3103,6889,6890,3104
3104,3104,6890,6891,3105
3105,3105,6891,6892,3106
3106,3106,6892,6893,3107
3107,3107,6893,6894,3108
3108,3108,6894,6895,3109
3109,3109,6895,6896,3110
3110,3110,6896,6897,3111
3111,3111,6897,6898,3112
3112,3112,6898,6899,3113
3113,3113,6899,6900,3114
3114,3114,6900,6901,3115
3115,3115,6901,6902,3116
3116,3116,6902,6903,3117
3117,3117,6903,6904,3118
3118,3118,6904,6905,3119
3119,3119,6905,6906,3120
3120,3120,6906,6907,3121
3121,3121,6907,6908,3122
3122,3122,6908,6909,3123
3123,3123,6909,6910,3124
3124,3124,6910,6911,3125
3125,3125,6911,6912,3126
3126,3126,6912,6913,3127
3127,3127,6913,6914,3128
3128,3128,6914,6915,3129
3129,3129,6915,6916,3130
3130,3130,6916,6917,3131
3131,3131,6917,6918,3132
3132,3132,6918,6919,3133
3133,3133,6919,6920,3134
3134,3134,6920,6921,3135
3135,3135,6921,6922,3136
3136,3136,6922,6923,3137
3137,3137,6923,6924,3138
3138,3138,6924,6925,3139
3139,3139,6925,6926,3140
3140,3140,6926,6927,3141
3141,3141,6927,6928,3142
3142,3142,6928,6929,3143
3143,3143,6929,6930,3144
3144,3144,6930,6931,3145
3145,3145,6931,6932,3146
3146,3146,6932,6933,3147
3147,3147,6933,6934,3148
3148,3148,6934,6935,3149
3149,3149,6935,6936,3150
3150,3150,6936,6937,3151
3151,3151,6937,6938,3152
3152,3152,6938,6939,3153
3153,3153,6939,6940,3154
3154,3154,6940,6941,3155
3155,3155,6941,6942,3156
3156,3156,6942,6943,3157
3157,3157,6943,6944,3158
3158,3158,6944,6945,3159
3159,3159,6945,6946,3160
3160,3160,6946,6947,3161
3161,3161,6947,6948,3162
3162,3162,6948,6949,3163
3163,3163,6949,6950,3164
3164,3164,6950,6951,3165
3165,3165,6951,6952,3166
3166,3166,6952,6953,3167
3167,3167,6953,6954,3168
3168,3168,6954,6955,3169
3169,3169,6955,6956,3170
3170,3170,6956,6957,3171
3171,3171,6957,6958,3172
3172,3172,6958,6959,3173
3173,3173,6959,6960,3174
3174,3174,6960,6961,3175
3175,3175,6961,6962,3176
3176,3176,6962,6963,3177
3177,3177,6963,6964,3178
3178,3178,6964,6965,3179
3179,3179,6965,6966,3180
3180,3180,6966,6967,3181
3181,3181,6967,6968,3182
3182,3182,6968,6969,3183
3183,3183,6969,6970,3184
3184,3184,6970,6971,3185
3185,3185,6971,6972,3186
3186,3186,6972,6973,3187
3187,3187,6973,6974,3188
3188,3188,6974,6975,3189
3189,3189,6975,6976,3190
3190,3190,6976,6977,3191
3191,3191,6977,6978,3192
3192,3192,6978,6979,3193
3193,3193,6979,6980,3194
3194,3194,6980,6981,3195
3195,3195,6981,6982,3196
3196,3196,6982,6983,3197
3197,3197,6983,6984,3198
3198,3198,6984,6985,3199
3199,3199,6985,6986,3200
3200,3200,6986,6987,3201
3201,3201,6987,6988,3202
3202,3202,6988,6989,3203
3203,3203,6989,6990,3204
3204,3204,6990,6991,3205
3205,3205,6991,6992,3206
3206,3206,6992,6993,3207
3207,3207,6993,6994,3208
3208,3208,6994,6995,3209
3209,3209,6995,6996,3210
3210,3210,6996,6997,3211
3211,3211,6997,6998,3212
3212,3212,6998,6999,3213
3213,3213,6999,7000,3214
3214,3214,7000,7001,3215
3215,3215,7001,7002,3216
3216,3216,7002,7003,3217
3217,3217,7003,7004,3218
3218,3218,7004,7005,3219
3219,3219,7005,7006,3220
3220,3220,7006,7007,3221
3221,3221,7007,7008,3222
3222,3222,7008,7009,3223
3223,3223,7009,7010,3224
3224,3224,7010,7011,3225
3225,3225,7011,7012,3226
3226,3226,7012,7013,3227
3227,3227,7013,7014,3228
3228,3228,7014,7015,3229
3229,3229,7015,7016,3230
3230,3230,7016,7017,3231
3231,3231,7017,7018,3232
3232,3232,7018,7019,3233
3233,3233,7019,7020,3234
3234,3234,7020,7021,3235
3235,3235,7021,7022,3236
3236,3236,7022,7023,3237
3237,3237,7023,7024,3238
3238,3238,7024,7025,3239
3239,3239,7025,7026,3240
3240,3240,7026,7027,3241
3241,3241,7027,7028,3242
3242,3242,7028,7029,3243
3243,3243,7029,7030,3244
3244,3244,7030,7031,3245
3245,3245,7031,7032,3246
3246,3246,7032,7033,3247
3247,3247,7033,7034,3248
3248,3248,7034,7035,3249
3249,3249,7035,7036,3250
3250,3250,7036,7037,3251
3251,3251,7037,7038,3252
3252,3252,7038,7039,3253
3253,3253,7039,7040,3254
3254,3254,7040,7041,3255
3255,3255,7041,7042,3256
3256,3256,7042,7043,3257
3257,3257,7043,7044,3258
3258,3258,7044,7045,3259
3259,3259,7045,7046,3260
3260,3260,7046,7047,3261
3261,3261,7047,7048,3262
3262,3262,7048,7049,3263
3263,3263,7049,7050,3264
3264,3264,7050,7051,3265
3265,3265,7051,7052,3266
3266,3266,7052,7053,3267
3267,3267,7053,7054,3268
3268,3268,7054,7055,3269
3269,3269,7055,7056,3270
3270,3270,7056,7057,3271
3271,3271,7057,7058,3272
3272,3272,7058,7059,3273
3273,3273,7059,7060,3274
3274,3274,7060,7061,3275
3275,3275,7061,7062,3276
3276,3276,7062,7063,3277
3277,3277,7063,7064,3278
3278,3278,7064,7065,3279
3279,3279,7065,7066,3280
3280,3280,7066,7067,3281
3281,3281,7067,7068,3282
3282,3282,7068,7069,3283
3283,3283,7069,7070,3284
3284,3284,7070,7071,3285
3285,3285,7071,7072,3286
3286,3286,7072,7073,3287
3287,3287,7073,7074,3288
3288,3288,7074,7075,3289
3289,3289,7075,7076,3290
3290,3290,7076,7077,3291
3291,3291,7077,7078,3292
3292,3292,7078,7079,3293
3293,3293,7079,7080,3294
3294,3294,7080,7081,3295
3295,3295,7081,7082,3296
3296,3296,7082,7083,3297
3297,3297,7083,7084,3298
3298,3298,7084,7085,3299
3299,3299,7085,7086,3300
3300,3300,7086,7087,3301
3301,3301,7087,7088,3302
3302,3302,7088,7089,3303
3303,3303,7089,7090,3304
3304,3304,7090,7091,3305
3305,3305,7091,7092,3306
3306,3306,7092,7093,3307
3307,3307,7093,7094,3308
3308,3308,7094,7095,3309
3309,3309,7095,7096,3310
3310,3310,7096,7097,3311
3311,3311,7097,7098,3312
3312,3312,7098,7099,3313
3313,3313,7099,7100,3314
3314,3314,7100,7101,3315
3315,3315,7101,7102,3316
3316,3316,7102,7103,3317
3317,3317,7103,7104,3318
3318,3318,7104,7105,3319
3319,3319,7105,7106,3320
3320,3320,7106,7107,3321
3321,3321,7107,7108,3322
3322,3322,7108,7109,3323
3323,3323,7109,7110,3324
3324,3324,7110,7111,3325
3325,3325,7111,7112,3326
3326,3326,7112,7113,3327
3327,3327,7113,7114,3328
3328,3328,7114,7115,3329
3329,3329,7115,7116,3330
3330,3330,7116,7117,3331
3331,3331,7117,7118,3332
3332,3332,7118,7119,3333
3333,3333,7119,7120,3334
3334,3334,7120,7121,3335
3335,3335,7121,7122,3336
3336,3336,7122,7123,3337
3337,3337,7123,7124,3338
3338,3338,7124,7125,3339
3339,3339,7125,7126,3340
3340,3340,7126,7127,3341
3341,3341,7127,7128,3342
3342,3342,7128,7129,3343
3343,3343,7129,7130,3344
3344,3344,7130,7131,3345
3345,3345,7131,7132,3346
3346,3346,7132,7133,3347
3347,3347,7133,7134,3348
3348,3348,7134,7135,3349
3349,3349,7135,7136,3350
3350,3350,7136,7137,3351
3351,3351,7137,7138,3352
3352,3352,7138,7139,3353
3353,3353,7139,7140,3354
3354,3354,7140,7141,3355
3355,3355,7141,7142,3356
3356,3356,7142,7143,3357
3357,3357,7143,7144,3358
3358,3358,7144,7145,3359
3359,3359,7145,7146,3360
3360,3360,7146,7147,3361
3361,3361,7147,7148,3362
3362,3362,7148,7149,3363
3363,3363,7149,7150,3364
3364,3364,7150,7151,3365
3365,3365,7151,7152,3366
3366,3366,7152,7153,3367
3367,3367,7153,7154,3368
3368,3368,7154,7155,3369
3369,3369,7155,7156,3370
3370,3370,7156,7157,3371
3371,3371,7157,7158,3372
3372,3372,7158,7159,3373
3373,3373,7159,7160,3374
3374,3374,7160,7161,3375
3375,3375,7161,7162,3376
3376,3376,7162,7163,3377
3377,3377,7163,7164,3378
3378,3378,7164,7165,3379
3379,3379,7165,7166,3380
3380,3380,7166,7167,3381
3381,3381,7167,7168,3382
3382,3382,7168,7169,3383
3383,3383,7169,7170,3384
3384,3384,7170,7171,3385
3385,3385,7171,7172,3386
3386,3386,7172,7173,3387
3387,3387,7173,7174,3388
3388,3388,7174,7175,3389
3389,3389,7175,7176,3390
3390,3390,7176,7177,3391
3391,3391,7177,7178,3392
3392,3392,7178,7179,3393
3393,3393,7179,7180,3394
3394,3394,7180,7181,3395
3395,3395,7181,7182,3396
3396,3396,7182,7183,3397
3397,3397,7183,7184,3398
3398,3398,7184,7185,3399
3399,3399,7185,7186,3400
3400,3400,7186,7187,3401
3401,3401,7187,7188,3402
3402,3402,7188,7189,3403
3403,3403,7189,7190,3404
3404,3404,7190,7191,3405
3405,3405,7191,7192,3406
3406,3406,7192,7193,3407
3407,3407,7193,7194,3408
3408,3408,7194,7195,3409
3409,3409,7195,7196,3410
3410,3410,7196,7197,3411
3411,3411,7197,7198,3412
3412,3412,7198,7199,3413
3413,3413,7199,7200,3414
3414,3414,7200,7201,3415
3415,3415,7201,7202,3416
3416,3416,7202,7203,3417
3417,3417,7203,7204,3418
3418,3418,7204,7205,3419
3419,3419,7205,7206,3420
3420,3420,7206,7207,3421
3421,3421,7207,7208,3422
3422,3422,7208,7209,3423
3423,3423,7209,7210,3424
3424,3424,7210,7211,3425
3425,3425,7211,7212,3426
3426,3426,7212,7213,3427
3427,3427,7213,7214,3428
3428,3428,7214,7215,3429
3429,3429,7215,7216,3430
3430,3430,7216,7217,3431
3431,3431,7217,7218,3432
3432,3432,7218,7219,3433
3433,3433,7219,7220,3434
3434,3434,7220,7221,3435
3435,3435,7221,7222,3436
3436,3436,7222,7223,3437
3437,3437,7223,7224,3438
3438,3438,7224,7225,3439
3439,3439,7225,7226,3440
3440,3440,7226,7227,3441
3441,3441,7227,7228,3442
3442,3442,7228,7229,3443
3443,3443,7229,7230,3444
3444,3444,7230,7231,3445
3445,3445,7231,7232,3446
3446,3446,7232,7233,3447
3447,3447,7233,7234,3448
3448,3448,7234,7235,3449
3449,3449,7235,7236,3450
3450,3450,7236,7237,3451
3451,3451,7237,7238,3452
3452,3452,7238,7239,3453
3453,3453,7239,7240,3454
3454,3454,7240,7241,3455
3455,3455,7241,7242,3456
3456,3456,7242,7243,3457
3457,3457,7243,7244,3458
3458,3458,7244,7245,3459
3459,3459,7245,7246,3460
3460,3460,7246,7247,3461
3461,3461,7247,7248,3462
3462,3462,7248,7249,3463
3463,3463,7249,7250,3464
3464,3464,7250,7251,3465
3465,3465,7251,7252,3466
3466,3466,7252,7253,3467
3467,3467,7253,7254,3468
3468,3468,7254,7255,3469
3469,3469,7255,7256,3470
3470,3470,7256,7257,3471
3471,3471,7257,7258,3472
3472,3472,7258,7259,3473
3473,3473,7259,7260,3474
3474,3474,7260,7261,3475
3475,3475,7261,7262,3476
3476,3476,7262,7263,3477
3477,3477,7263,7264,3478
3478,3478,7264,7265,3479
3479,3479,7265,7266,3480
3480,3480,7266,7267,3481
3481,3481,7267,7268,3482
3482,3482,7268,7269,3483
3483,3483,7269,7270,3484
3484,3484,7270,7271,3485
3485,3485,7271,7272,3486
3486,3486,7272,7273,3487
3487,3487,7273,7274,3488
3488,3488,7274,7275,3489
3489,3489,7275,7276,3490
3490,3490,7276,7277,3491
3491,3491,7277,7278,3492
3492,3492,7278,7279,3493
3493,3493,7279,7280,3494
3494,3494,7280,7281,3495
3495,3495,7281,7282,3496
3496,3496,7282,7283,3497
3497,3497,7283,7284,3498
3498,3498,7284,7285,3499
3499,3499,7285,7286,3500
3500,3500,7286,7287,3501
3501,3501,7287,7288,3502
3502,3502,7288,7289,3503
3503,3503,7289,7290,3504
3504,3504,7290,7291,3505
3505,3505,7291,7292,3506
3506,3506,7292,7293,3507
3507,3507,7293,7294,3508
3508,3508,7294,7295,3509
3509,3509,7295,7296,3510
3510,3510,7296,7297,3511
3511,3511,7297,7298,3512
3512,3512,7298,7299,3513
3513,3513,7299,7300,3514
3514,3514,7300,7301,3515
3515,3515,7301,7302,3516
3516,3516,7302,7303,3517
3517,3517,7303,7304,3518
3518,3518,7304,7305,3519
3519,3519,7305,7306,3520
3520,3520,7306,7307,3521
3521,3521,7307,7308,3522
3522,3522,7308,7309,3523
3523,3523,7309,7310,3524
3524,3524,7310,7311,3525
3525,3525,7311,7312,3526
3526,3526,7312,7313,3527
3527,3527,7313,7314,3528
3528,3528,7314,7315,3529
3529,3529,7315,7316,3530
3530,3530,7316,7317,3531
3531,3531,7317,7318,3532
3532,3532,7318,7319,3533
3533,3533,7319,7320,3534
3534,3534,7320,7321,3535
3535,3535,7321,7322,3536
3536,3536,7322,7323,3537
3537,3537,7323,7324,3538
3538,3538,7324,7325,3539
3539,3539,7325,7326,3540
3540,3540,7326,7327,3541
3541,3541,7327,7328,3542
3542,3542,7328,7329,3543
3543,3543,7329,7330,3544
3544,3544,7330,7331,3545
3545,3545,7331,7332,3546
3546,3546,7332,7333,3547
3547,3547,7333,7334,3548
3548,3548,7334,7335,3549
3549,3549,7335,7336,3550
3550,3550,7336,7337,3551
3551,3551,7337,7338,3552
3552,3552,7338,7339,3553
3553,3553,7339,7340,3554
3554,3554,7340,7341,3555
3555,3555,7341,7342,3556
3556,3556,7342,7343,3557
3557,3557,7343,7344,3558
3558,3558,7344,7345,3559
3559,3559,7345,7346,3560
3560,3560,7346,7347,3561
3561,3561,7347,7348,3562
3562,3562,7348,7349,3563
3563,3563,7349,7350,3564
3564,3564,7350,7351,3565
3565,3565,7351,7352,3566
3566,3566,7352,7353,3567
3567,3567,7353,7354,3568
3568,3568,7354,7355,3569
3569,3569,7355,7356,3570
3570,3570,7356,7357,3571
3571,3571,7357,7358,3572
3572,3572,7358,7359,3573
3573,3573,7359,7360,3574
3574,3574,7360,7361,3575
3575,3575,7361,7362,3576
3576,3576,7362,7363,3577
3577,3577,7363,7364,3578
3578,3578,7364,7365,3579
3579,3579,7365,7366,3580
3580,3580,7366,7367,3581
3581,3581,7367,7368,3582
3582,3582,7368,7369,3583
3583,3583,7369,7370,3584
3584,3584,7370,7371,3585
3585,3585,7371,7372,3586
3586,3586,7372,7373,3587
3587,3587,7373,7374,3588
3588,3588,7374,7375,3589
3589,3589,7375,7376,3590
3590,3590,7376,7377,3591
3591,3591,7377,7378,3592
3592,3592,7378,7379,3593
3593,3593,7379,7380,3594
3594,3594,7380,7381,3595
3595,3595,7381,7382,3596
3596,3596,7382,7383,3597
3597,3597,7383,7384,3598
3598,3598,7384,7385,3599
3599,3599,7385,7386,3600
3600,3600,7386,7387,3601
3601,3601,7387,7388,3602
3602,3602,7388,7389,3603
3603,3603,7389,7390,3604
3604,3604,7390,7391,3605
3605,3605,7391,7392,3606
3606,3606,7392,7393,3607
3607,3607,7393,7394,3608
3608,3608,7394,7395,3609
3609,3609,7395,7396,3610
3610,3610,7396,7397,3611
3611,3611,7397,7398,3612
3612,3612,7398,7399,3613
3613,3613,7399,7400,3614
3614,3614,7400,7401,3615
3615,3615,7401,7402,3616
3616,3616,7402,7403,3617
3617,3617,7403,7404,3618
3618,3618,7404,7405,3619
3619,3619,7405,7406,3620
3620,3620,7406,7407,3621
3621,3621,7407,7408,3622
3622,3622,7408,7409,3623
3623,3623,7409,7410,3624
3624,3624,7410,7411,3625
3625,3625,7411,7412,3626
3626,3626,7412,7413,3627
3627,3627,7413,7414,3628
3628,3628,7414,7415,3629
3629,3629,7415,7416,3630
3630,3630,7416,7417,3631
3631,3631,7417,7418,3632
3632,3632,7418,7419,3633
3633,3633,7419,7420,3634
3634,3634,7420,7421,3635
3635,3635,7421,7422,3636
3636,3636,7422,7423,3637
3637,3637,7423,7424,3638
3638,3638,7424,7425,3639
3639,3639,7425,7426,3640
3640,3640,7426,7427,3641
3641,3641,7427,7428,3642
3642,3642,7428,7429,3643
3643,3643,7429,7430,3644
3644,3644,7430,7431,3645
3645,3645,7431,7432,3646
3646,3646,7432,7433,3647
3647,3647,7433,7434,3648
3648,3648,7434,7435,3649
3649,3649,7435,7436,3650
3650,3650,7436,7437,3651
3651,3651,7437,7438,3652
3652,3652,7438,7439,3653
3653,3653,7439,7440,3654
3654,3654,7440,7441,3655
3655,3655,7441,7442,3656
3656,3656,7442,7443,3657
3657,3657,7443,7444,3658
3658,3658,7444,7445,3659
3659,3659,7445,7446,3660
3660,3660,7446,7447,3661
3661,3661,7447,7448,3662
3662,3662,7448,7449,3663
3663,3663,7449,7450,3664
3664,3664,7450,7451,3665
3665,3665,7451,7452,3666
3666,3666,7452,7453,3667
3667,3667,7453,7454,3668
3668,3668,7454,7455,3669
3669,3669,7455,7456,3670
3670,3670,7456,7457,3671
3671,3671,7457,7458,3672
3672,3672,7458,7459,3673
3673,3673,7459,7460,3674
3674,3674,7460,7461,3675
3675,3675,7461,7462,3676
3676,3676,7462,7463,3677
3677,3677,7463,7464,3678
3678,3678,7464,7465,3679
3679,3679,7465,7466,3680
3680,3680,7466,7467,3681
3681,3681,7467,7468,3682
3682,3682,7468,7469,3683
3683,3683,7469,7470,3684
3684,3684,7470,7471,3685
3685,3685,7471,7472,3686
3686,3686,7472,7473,3687
3687,3687,7473,7474,3688
3688,3688,7474,7475,3689
3689,3689,7475,7476,3690
3690,3690,7476,7477,3691
3691,3691,7477,7478,3692
3692,3692,7478,7479,3693
3693,3693,7479,7480,3694
3694,3694,7480,7481,3695
3695,3695,7481,7482,3696
3696,3696,7482,7483,3697
3697,3697,7483,7484,3698
3698,3698,7484,7485,3699
3699,3699,7485,7486,3700
3700,3700,7486,7487,3701
3701,3701,7487,7488,3702
3702,3702,7488,7489,3703
3703,3703,7489,7490,3704
3704,3704,7490,7491,3705
3705,3705,7491,7492,3706
3706,3706,7492,7493,3707
3707,3707,7493,7494,3708
3708,3708,7494,7495,3709
3709,3709,7495,7496,3710
3710,3710,7496,7497,3711
3711,3711,7497,7498,3712
3712,3712,7498,7499,3713
3713,3713,7499,7500,3714
3714,3714,7500,7501,3715
3715,3715,7501,7502,3716
3716,3716,7502,7503,3717
3717,3717,7503,7504,3718
3718,3718,7504,7505,3719
3719,3719,7505,7506,3720
3720,3720,7506,7507,3721
3721,3721,7507,7508,3722
3722,3722,7508,7509,3723
3723,3723,7509,7510,3724
3724,3724,7510,7511,3725
3725,3725,7511,7512,3726
3726,3726,7512,7513,3727
3727,3727,7513,7514,3728
3728,3728,7514,7515,3729
3729,3729,7515,7516,3730
3730,3730,7516,7517,3731
3731,3731,7517,7518,3732
3732,3732,7518,7519,3733
3733,3733,7519,7520,3734
3734,3734,7520,7521,3735
3735,3735,7521,7522,3736
3736,3736,7522,7523,3737
3737,3737,7523,7524,3738
3738,3738,7524,7525,3739
3739,3739,7525,7526,3740
3740,3740,7526,7527,3741
3741,3741,7527,7528,3742
3742,3742,7528,7529,3743
3743,3743,7529,7530,3744
3744,3744,7530,7531,3745
3745,3745,7531,7532,3746
3746,3746,7532,7533,3747
3747,3747,7533,7534,3748
3748,3748,7534,7535,3749
3749,3749,7535,7536,3750
3750,3750,7536,7537,3751
3751,3751,7537,7538,3752
3752,3752,7538,7539,3753
3753,3753,7539,7540,3754
3754,3754,7540,7541,3755
3755,3755,7541,7542,3756
3756,3756,7542,7543,3757
3757,3757,7543,7544,3758
3758,3758,7544,7545,3759
3759,3759,7545,7546,3760
3760,3760,7546,7547,3761
3761,3761,7547,7548,3762
3762,3762,7548,7549,3763
3763,3763,7549,7550,3764
3764,3764,7550,7551,3765
3765,3765,7551,7552,3766
3766,3766,7552,7553,3767
3767,3767,7553,7554,3768
3768,3768,7554,7555,3769
3769,3769,7555,7556,3770
3770,3770,7556,7557,3771
3771,3771,7557,7558,3772
3772,3772,7558,7559,3773
3773,3773,7559,7560,3774
3774,3774,7560,7561,3775
3775,3775,7561,7562,3776
3776,3776,7562,7563,3777
3777,3777,7563,7564,3778
3778,3778,7564,7565,3779
3779,3779,7565,7566,3780
3780,3780,7566,7567,3781
3781,3781,7567,7568,3782
3782,3782,7568,7569,3783
3783,3783,7569,7570,3784
3784,3784,7570,7571,3785
3785,3785,7571,7572,3786
3786,34075,7573,7574,34076
3787,34076,7574,7575,34077
3788,34077,7575,7576,34078
3789,34078,7576,7577,34079
3790,34079,7577,7578,34080
3791,34080,7578,7579,34081
3792,34081,7579,7580,34082
3793,34082,7580,7581,34083
3794,34083,7581,7582,34084
3795,34084,7582,7583,34085
3796,34085,7583,7584,34086
3797,34086,7584,7585,34087
3798,34087,7585,7586,34088
3799,34088,7586,7587,34089
3800,34089,7587,7588,34090
3801,34090,7588,7589,34091
3802,34091,7589,7590,34092
3803,34092,7590,7591,34093
3804,34093,7591,7592,34094
3805,34094,7592,7593,34095
3806,34095,7593,7594,34096
3807,34096,7594,7595,34097
3808,34097,7595,7596,34098
3809,34098,7596,7597,34099
3810,34099,7597,7598,34100
3811,34100,7598,7599,34101
3812,34101,7599,7600,34102
3813,34102,7600,7601,34103
3814,34103,7601,7602,34104
3815,34104,7602,7603,34105
3816,34105,7603,7604,34106
3817,34106,7604,7605,34107
3818,34107,7605,7606,34108
3819,34108,7606,7607,34109
3820,34109,7607,7608,34110
3821,34110,7608,7609,34111
3822,34111,7609,7610,34112
3823,34112,7610,7611,34113
3824,34113,7611,7612,34114
3825,34114,7612,7613,34115
3826,34115,7613,7614,34116
3827,34116,7614,7615,34117
3828,34117,7615,7616,34118
3829,34118,7616,7617,34119
3830,34119,7617,7618,34120
3831,34120,7618,7619,34121
3832,34121,7619,7620,34122
3833,34122,7620,7621,34123
3834,34123,7621,7622,34124
3835,34124,7622,7623,34125
3836,34125,7623,7624,34126
3837,34126,7624,7625,34127
3838,34127,7625,7626,34128
3839,34128,7626,7627,34129
3840,34129,7627,7628,34130
3841,34130,7628,7629,34131
3842,34131,7629,7630,34132
3843,34132,7630,7631,34133
3844,34133,7631,7632,34134
3845,34134,7632,7633,34135
3846,34135,7633,7634,34136
3847,34136,7634,7635,34137
3848,34137,7635,7636,34138
3849,34138,7636,7637,34139
3850,34139,7637,7638,34140
3851,34140,7638,7639,34141
3852,34141,7639,7640,34142
3853,34142,7640,7641,34143
3854,34143,7641,7642,34144
3855,34144,7642,7643,34145
3856,34145,7643,7644,34146
3857,34146,7644,7645,34147
3858,34147,7645,7646,34148
3859,34148,7646,7647,34149
3860,34149,7647,7648,34150
3861,34150,7648,7649,34151
3862,34151,7649,7650,34152
3863,34152,7650,7651,34153
3864,34153,7651,7652,34154
3865,34154,7652,7653,34155
3866,34155,7653,7654,34156
3867,34156,7654,7655,34157
3868,34157,7655,7656,34158
3869,34158,7656,7657,34159
3870,34159,7657,7658,34160
3871,34160,7658,7659,34161
3872,34161,7659,7660,34162
3873,34162,7660,7661,34163
3874,34163,7661,7662,34164
3875,34164,7662,7663,34165
3876,34165,7663,7664,34166
3877,34166,7664,7665,34167
3878,34167,7665,7666,34168
3879,34168,7666,7667,34169
3880,34169,7667,7668,34170
3881,34170,7668,7669,34171
3882,34171,7669,7670,34172
3883,34172,7670,7671,34173
3884,34173,7671,7672,34174
3885,34174,7672,7673,34175
3886,34175,7673,7674,34176
3887,34176,7674,7675,34177
3888,34177,7675,7676,34178
3889,34178,7676,7677,34179
3890,34179,7677,7678,34180
3891,34180,7678,7679,34181
3892,34181,7679,7680,34182
3893,34182,7680,7681,34183
3894,34183,7681,7682,34184
3895,34184,7682,7683,34185
3896,34185,7683,7684,34186
3897,34186,7684,7685,34187
3898,34187,7685,7686,34188
3899,34188,7686,7687,34189
3900,34189,7687,7688,34190
3901,34190,7688,7689,34191
3902,34191,7689,7690,34192
3903,34192,7690,7691,34193
3904,34193,7691,7692,34194
3905,34194,7692,7693,34195
3906,34195,7693,7694,34196
3907,34196,7694,7695,34197
3908,34197,7695,7696,34198
3909,34198,7696,7697,34199
3910,34199,7697,7698,34200
3911,34200,7698,7699,34201
3912,34201,7699,7700,34202
3913,34202,7700,7701,34203
3914,34203,7701,7702,34204
3915,34204,7702,7703,34205
3916,34205,7703,7704,34206
3917,34206,7704,7705,34207
3918,34207,7705,7706,34208
3919,34208,7706,7707,34209
3920,34209,7707,7708,34210
3921,34210,7708,7709,34211
3922,34211,7709,7710,34212
3923,34212,7710,7711,34213
3924,34213,7711,7712,34214
3925,34214,7712,7713,34215
3926,34215,7713,7714,34216
3927,34216,7714,7715,34217
3928,34217,7715,7716,34218
3929,34218,7716,7717,34219
3930,34219,7717,7718,34220
3931,34220,7718,7719,34221
3932,34221,7719,7720,34222
3933,34222,7720,7721,34223
3934,34223,7721,7722,34224
3935,34224,7722,7723,34225
3936,34225,7723,7724,34226
3937,34226,7724,7725,34227
3938,34227,7725,7726,34228
3939,34228,7726,7727,34229
3940,34229,7727,7728,34230
3941,34230,7728,7729,34231
3942,34231,7729,7730,34232
3943,34232,7730,7731,34233
3944,34233,7731,7732,34234
3945,34234,7732,7733,34235
3946,34235,7733,7734,34236
3947,34236,7734,7735,34237
3948,34237,7735,7736,34238
3949,34238,7736,7737,34239
3950,34239,7737,7738,34240
3951,34240,7738,7739,34241
3952,34241,7739,7740,34242
3953,34242,7740,7741,34243
3954,34243,7741,7742,34244
3955,34244,7742,7743,34245
3956,34245,7743,7744,34246
3957,34246,7744,7745,34247
3958,34247,7745,7746,34248
3959,34248,7746,7747,34249
3960,34249,7747,7748,34250
3961,34250,7748,7749,34251
3962,34251,7749,7750,34252
3963,34252,7750,7751,34253
3964,34253,7751,7752,34254
3965,34254,7752,7753,34255
3966,34255,7753,7754,34256
3967,34256,7754,7755,34257
3968,34257,7755,7756,34258
3969,34258,7756,7757,34259
3970,34259,7757,7758,34260
3971,34260,7758,7759,34261
3972,34261,7759,7760,34262
3973,34262,7760,7761,34263
3974,34263,7761,7762,34264
3975,34264,7762,7763,34265
3976,34265,7763,7764,34266
3977,34266,7764,7765,34267
3978,34267,7765,7766,34268
3979,34268,7766,7767,34269
3980,34269,7767,7768,34270
3981,34270,7768,7769,34271
3982,34271,7769,7770,34272
3983,34272,7770,7771,34273
3984,34273,7771,7772,34274
3985,34274,7772,7773,34275
3986,34275,7773,7774,34276
3987,34276,7774,7775,34277
3988,34277,7775,7776,34278
3989,34278,7776,7777,34279
3990,34279,7777,7778,34280
3991,34280,7778,7779,34281
3992,34281,7779,7780,34282
3993,34282,7780,7781,34283
3994,34283,7781,7782,34284
3995,34284,7782,7783,34285
3996,34285,7783,7784,34286
3997,34286,7784,7785,34287
3998,34287,7785,7786,34288
3999,34288,7786,7787,34289
4000,34289,7787,7788,34290
4001,34290,7788,7789,34291
4002,34291,7789,7790,34292
4003,34292,7790,7791,34293
4004,34293,7791,7792,34294
4005,34294,7792,7793,34295
4006,34295,7793,7794,34296
4007,34296,7794,7795,34297
4008,34297,7795,7796,34298
4009,34298,7796,7797,34299
4010,34299,7797,7798,34300
4011,34300,7798,7799,34301
4012,34301,7799,7800,34302
4013,34302,7800,7801,34303
4014,34303,7801,7802,34304
4015,34304,7802,7803,34305
4016,34305,7803,7804,34306
4017,34306,7804,7805,34307
4018,34307,7805,7806,34308
4019,34308,7806,7807,34309
4020,34309,7807,7808,34310
4021,34310,7808,7809,34311
4022,34311,7809,7810,34312
4023,34312,7810,7811,34313
4024,34313,7811,7812,34314
4025,34314,7812,7813,34315
4026,34315,7813,7814,34316
4027,34316,7814,7815,34317
4028,34317,7815,7816,34318
4029,34318,7816,7817,34319
4030,34319,7817,7818,34320
4031,34320,7818,7819,34321
4032,34321,7819,7820,34322
4033,34322,7820,7821,34323
4034,34323,7821,7822,34324
4035,34324,7822,7823,34325
4036,34325,7823,7824,34326
4037,34326,7824,7825,34327
4038,34327,7825,7826,34328
4039,34328,7826,7827,34329
4040,34329,7827,7828,34330
4041,34330,7828,7829,34331
4042,34331,7829,7830,34332
4043,34332,7830,7831,34333
4044,34333,7831,7832,34334
4045,34334,7832,7833,34335
4046,34335,7833,7834,34336
4047,34336,7834,7835,34337
4048,34337,7835,7836,34338
4049,34338,7836,7837,34339
4050,34339,7837,7838,34340
4051,34340,7838,7839,34341
4052,34341,7839,7840,34342
4053,34342,7840,7841,34343
4054,34343,7841,7842,34344
4055,34344,7842,7843,34345
4056,34345,7843,7844,34346
4057,34346,7844,7845,34347
4058,34347,7845,7846,34348
4059,34348,7846,7847,34349
4060,34349,7847,7848,34350
4061,34350,7848,7849,34351
4062,34351,7849,7850,34352
4063,34352,7850,7851,34353
4064,34353,7851,7852,34354
4065,34354,7852,7853,34355
4066,34355,7853,7854,34356
4067,34356,7854,7855,34357
4068,34357,7855,7856,34358
4069,34358,7856,7857,34359
4070,34359,7857,7858,34360
4071,34360,7858,7859,34361
4072,34361,7859,7860,34362
4073,34362,7860,7861,34363
4074,34363,7861,7862,34364
4075,34364,7862,7863,34365
4076,34365,7863,7864,34366
4077,34366,7864,7865,34367
4078,34367,7865,7866,34368
4079,34368,7866,7867,34369
4080,34369,7867,7868,34370
4081,34370,7868,7869,34371
4082,34371,7869,7870,34372
4083,34372,7870,7871,34373
4084,34373,7871,7872,34374
4085,34374,7872,7873,34375
4086,34375,7873,7874,34376
4087,34376,7874,7875,34377
4088,34377,7875,7876,34378
4089,34378,7876,7877,34379
4090,34379,7877,7878,34380
4091,34380,7878,7879,34381
4092,34381,7879,7880,34382
4093,34382,7880,7881,34383
4094,34383,7881,7882,34384
4095,34384,7882,7883,34385
4096,34385,7883,7884,34386
4097,34386,7884,7885,34387
4098,34387,7885,7886,34388
4099,34388,7886,7887,34389
4100,34389,7887,7888,34390
4101,34390,7888,7889,34391
4102,34391,7889,7890,34392
4103,34392,7890,7891,34393
4104,34393,7891,7892,34394
4105,34394,7892,7893,34395
4106,34395,7893,7894,34396
4107,34396,7894,7895,34397
4108,34397,7895,7896,34398
4109,34398,7896,7897,34399
4110,34399,7897,7898,34400
4111,34400,7898,7899,34401
4112,34401,7899,7900,34402
4113,34402,7900,7901,34403
4114,34403,7901,7902,34404
4115,34404,7902,7903,34405
4116,34405,7903,7904,34406
4117,34406,7904,7905,34407
4118,34407,7905,7906,34408
4119,34408,7906,7907,34409
4120,34409,7907,7908,34410
4121,34410,7908,7909,34411
4122,34411,7909,7910,34412
4123,34412,7910,7911,34413
4124,34413,7911,7912,34414
4125,34414,7912,7913,34415
4126,34415,7913,7914,34416
4127,34416,7914,7915,34417
4128,34417,7915,7916,34418
4129,34418,7916,7917,34419
4130,34419,7917,7918,34420
4131,34420,7918,7919,34421
4132,34421,7919,7920,34422
4133,34422,7920,7921,34423
4134,34423,7921,7922,34424
4135,34424,7922,7923,34425
4136,34425,7923,7924,34426
4137,34426,7924,7925,34427
4138,34427,7925,7926,34428
4139,34428,7926,7927,34429
4140,34429,7927,7928,34430
4141,34430,7928,7929,34431
4142,34431,7929,7930,34432
4143,34432,7930,7931,34433
4144,34433,7931,7932,34434
4145,34434,7932,7933,34435
4146,34435,7933,7934,34436
4147,34436,7934,7935,34437
4148,34437,7935,7936,34438
4149,34438,7936,7937,34439
4150,34439,7937,7938,34440
4151,34440,7938,7939,34441
4152,34441,7939,7940,34442
4153,34442,7940,7941,34443
4154,34443,7941,7942,34444
4155,34444,7942,7943,34445
4156,34445,7943,7944,34446
4157,34446,7944,7945,34447
4158,34447,7945,7946,34448
4159,34448,7946,7947,34449
4160,34449,7947,7948,34450
4161,34450,7948,7949,34451
4162,34451,7949,7950,34452
4163,34452,7950,7951,34453
4164,34453,7951,7952,34454
4165,34454,7952,7953,34455
4166,34455,7953,7954,34456
4167,34456,7954,7955,34457
4168,34457,7955,7956,34458
4169,34458,7956,7957,34459
4170,34459,7957,7958,34460
4171,34460,7958,7959,34461
4172,34461,7959,7960,34462
4173,34462,7960,7961,34463
4174,34463,7961,7962,34464
4175,34464,7962,7963,34465
4176,34465,7963,7964,34466
4177,34466,7964,7965,34467
4178,34467,7965,7966,34468
4179,34468,7966,7967,34469
4180,34469,7967,7968,34470
4181,34470,7968,7969,34471
4182,34471,7969,7970,34472
4183,34472,7970,7971,34473
4184,34473,7971,7972,34474
4185,34474,7972,7973,34475
4186,34475,7973,7974,34476
4187,34476,7974,7975,34477
4188,34477,7975,7976,34478
4189,34478,7976,7977,34479
4190,34479,7977,7978,34480
4191,34480,7978,7979,34481
4192,34481,7979,7980,34482
4193,34482,7980,7981,34483
4194,34483,7981,7982,34484
4195,34484,7982,7983,34485
4196,34485,7983,7984,34486
4197,34486,7984,7985,34487
4198,34487,7985,7986,34488
4199,34488,7986,7987,34489
4200,34489,7987,7988,34490
4201,34490,7988,7989,34491
4202,34491,7989,7990,34492
4203,34492,7990,7991,34493
4204,34493,7991,7992,34494
4205,34494,7992,7993,34495
4206,34495,7993,7994,34496
4207,34496,7994,7995,34497
4208,34497,7995,7996,34498
4209,34498,7996,7997,34499
4210,34499,7997,7998,34500
4211,34500,7998,7999,34501
4212,34501,7999,8000,34502
4213,34502,8000,8001,34503
4214,34503,8001,8002,34504
4215,34504,8002,8003,34505
4216,34505,8003,8004,34506
4217,34506,8004,8005,34507
4218,34507,8005,8006,34508
4219,34508,8006,8007,34509
4220,34509,8007,8008,34510
4221,34510,8008,8009,34511
4222,34511,8009,8010,34512
4223,34512,8010,8011,34513
4224,34513,8011,8012,34514
4225,34514,8012,8013,34515
4226,34515,8013,8014,34516
4227,34516,8014,8015,34517
4228,34517,8015,8016,34518
4229,34518,8016,8017,34519
4230,34519,8017,8018,34520
4231,34520,8018,8019,34521
4232,34521,8019,8020,34522
4233,34522,8020,8021,34523
4234,34523,8021,8022,34524
4235,34524,8022,8023,34525
4236,34525,8023,8024,34526
4237,34526,8024,8025,34527
4238,34527,8025,8026,34528
4239,34528,8026,8027,34529
4240,34529,8027,8028,34530
4241,34530,8028,8029,34531
4242,34531,8029,8030,34532
4243,34532,8030,8031,34533
4244,34533,8031,8032,34534
4245,34534,8032,8033,34535
4246,34535,8033,8034,34536
4247,34536,8034,8035,34537
4248,34537,8035,8036,34538
4249,34538,8036,8037,34539
4250,34539,8037,8038,34540
4251,34540,8038,8039,34541
4252,34541,8039,8040,34542
4253,34542,8040,8041,34543
4254,34543,8041,8042,34544
4255,34544,8042,8043,34545
4256,34545,8043,8044,34546
4257,34546,8044,8045,34547
4258,34547,8045,8046,34548
4259,34548,8046,8047,34549
4260,34549,8047,8048,34550
4261,34550,8048,8049,34551
4262,34551,8049,8050,34552
4263,34552,8050,8051,34553
4264,34553,8051,8052,34554
4265,34554,8052,8053,34555
4266,34555,8053,8054,34556
4267,34556,8054,8055,34557
4268,34557,8055,8056,34558
4269,34558,8056,8057,34559
4270,34559,8057,8058,34560
4271,34560,8058,8059,34561
4272,34561,8059,8060,34562
4273,34562,8060,8061,34563
4274,34563,8061,8062,34564
4275,34564,8062,8063,34565
4276,34565,8063,8064,34566
4277,34566,8064,8065,34567
4278,34567,8065,8066,34568
4279,34568,8066,8067,34569
4280,34569,8067,8068,34570
4281,34570,8068,8069,34571
4282,34571,8069,8070,34572
4283,34572,8070,8071,34573
4284,34573,8071,8072,34574
4285,34574,8072,8073,34575
4286,34575,8073,8074,34576
4287,34576,8074,8075,34577
4288,34577,8075,8076,34578
4289,34578,8076,8077,34579
4290,34579,8077,8078,34580
4291,34580,8078,8079,34581
4292,34581,8079,8080,34582
4293,34582,8080,8081,34583
4294,34583,8081,8082,34584
4295,34584,8082,8083,34585
4296,34585,8083,8084,34586
4297,34586,8084,8085,34587
4298,34587,8085,8086,34588
4299,34588,8086,8087,34589
4300,34589,8087,8088,34590
4301,34590,8088,8089,34591
4302,34591,8089,8090,34592
4303,34592,8090,8091,34593
4304,34593,8091,8092,34594
4305,34594,8092,8093,34595
4306,34595,8093,8094,34596
4307,34596,8094,8095,34597
4308,34597,8095,8096,34598
4309,34598,8096,8097,34599
4310,34599,8097,8098,34600
4311,34600,8098,8099,34601
4312,34601,8099,8100,34602
4313,34602,8100,8101,34603
4314,34603,8101,8102,34604
4315,34604,8102,8103,34605
4316,34605,8103,8104,34606
4317,34606,8104,8105,34607
4318,34607,8105,8106,34608
4319,34608,8106,8107,34609
4320,34609,8107,8108,34610
4321,34610,8108,8109,34611
4322,34611,8109,8110,34612
4323,34612,8110,8111,34613
4324,34613,8111,8112,34614
4325,34614,8112,8113,34615
4326,34615,8113,8114,34616
4327,34616,8114,8115,34617
4328,34617,8115,8116,34618
4329,34618,8116,8117,34619
4330,34619,8117,8118,34620
4331,34620,8118,8119,34621
4332,34621,8119,8120,34622
4333,34622,8120,8121,34623
4334,34623,8121,8122,34624
4335,34624,8122,8123,34625
4336,34625,8123,8124,34626
4337,34626,8124,8125,34627
4338,34627,8125,8126,34628
4339,34628,8126,8127,34629
4340,34629,8127,8128,34630
4341,34630,8128,8129,34631
4342,34631,8129,8130,34632
4343,34632,8130,8131,34633
4344,34633,8131,8132,34634
4345,34634,8132,8133,34635
4346,34635,8133,8134,34636
4347,34636,8134,8135,34637
4348,34637,8135,8136,34638
4349,34638,8136,8137,34639
4350,34639,8137,8138,34640
4351,34640,8138,8139,34641
4352,34641,8139,8140,34642
4353,34642,8140,8141,34643
4354,34643,8141,8142,34644
4355,34644,8142,8143,34645
4356,34645,8143,8144,34646
4357,34646,8144,8145,34647
4358,34647,8145,8146,34648
4359,34648,8146,8147,34649
4360,34649,8147,8148,34650
4361,34650,8148,8149,34651
4362,34651,8149,8150,34652
4363,34652,8150,8151,34653
4364,34653,8151,8152,34654
4365,34654,8152,8153,34655
4366,34655,8153,8154,34656
4367,34656,8154,8155,34657
4368,34657,8155,8156,34658
4369,34658,8156,8157,34659
4370,34659,8157,8158,34660
4371,34660,8158,8159,34661
4372,34661,8159,8160,34662
4373,34662,8160,8161,34663
4374,34663,8161,8162,34664
4375,34664,8162,8163,34665
4376,34665,8163,8164,34666
4377,34666,8164,8165,34667
4378,34667,8165,8166,34668
4379,34668,8166,8167,34669
4380,34669,8167,8168,34670
4381,34670,8168,8169,34671
4382,34671,8169,8170,34672
4383,34672,8170,8171,34673
4384,34673,8171,8172,34674
4385,34674,8172,8173,34675
4386,34675,8173,8174,34676
4387,34676,8174,8175,34677
4388,34677,8175,8176,34678
4389,34678,8176,8177,34679
4390,34679,8177,8178,34680
4391,34680,8178,8179,34681
4392,34681,8179,8180,34682
4393,34682,8180,8181,34683
4394,34683,8181,8182,34684
4395,34684,8182,8183,34685
4396,34685,8183,8184,34686
4397,34686,8184,8185,34687
4398,34687,8185,8186,34688
4399,34688,8186,8187,34689
4400,34689,8187,8188,34690
4401,34690,8188,8189,34691
4402,34691,8189,8190,34692
4403,34692,8190,8191,34693
4404,34693,8191,8192,34694
4405,34694,8192,8193,34695
4406,34695,8193,8194,34696
4407,34696,8194,8195,34697
4408,34697,8195,8196,34698
4409,34698,8196,8197,34699
4410,34699,8197,8198,34700
4411,34700,8198,8199,34701
4412,34701,8199,8200,34702
4413,34702,8200,8201,34703
4414,34703,8201,8202,34704
4415,34704,8202,8203,34705
4416,34705,8203,8204,34706
4417,34706,8204,8205,34707
4418,34707,8205,8206,34708
4419,34708,8206,8207,34709
4420,34709,8207,8208,34710
4421,34710,8208,8209,34711
4422,34711,8209,8210,34712
4423,34712,8210,8211,34713
4424,34713,8211,8212,34714
4425,34714,8212,8213,34715
4426,34715,8213,8214,34716
4427,34716,8214,8215,34717
4428,34717,8215,8216,34718
4429,34718,8216,8217,34719
4430,34719,8217,8218,34720
4431,34720,8218,8219,34721
4432,34721,8219,8220,34722
4433,34722,8220,8221,34723
4434,34723,8221,8222,34724
4435,34724,8222,8223,34725
4436,34725,8223,8224,34726
4437,34726,8224,8225,34727
4438,34727,8225,8226,34728
4439,34728,8226,8227,34729
4440,34729,8227,8228,34730
4441,34730,8228,8229,34731
4442,34731,8229,8230,34732
4443,34732,8230,8231,34733
4444,34733,8231,8232,34734
4445,34734,8232,8233,34735
4446,34735,8233,8234,34736
4447,34736,8234,8235,34737
4448,34737,8235,8236,34738
4449,34738,8236,8237,34739
4450,34739,8237,8238,34740
4451,34740,8238,8239,34741
4452,34741,8239,8240,34742
4453,34742,8240,8241,34743
4454,34743,8241,8242,34744
4455,34744,8242,8243,34745
4456,34745,8243,8244,34746
4457,34746,8244,8245,34747
4458,34747,8245,8246,34748
4459,34748,8246,8247,34749
4460,34749,8247,8248,34750
4461,34750,8248,8249,34751
4462,34751,8249,8250,34752
4463,34752,8250,8251,34753
4464,34753,8251,8252,34754
4465,34754,8252,8253,34755
4466,34755,8253,8254,34756
4467,34756,8254,8255,34757
4468,34757,8255,8256,34758
4469,34758,8256,8257,34759
4470,34759,8257,8258,34760
4471,34760,8258,8259,34761
4472,34761,8259,8260,34762
4473,34762,8260,8261,34763
4474,34763,8261,8262,34764
4475,34764,8262,8263,34765
4476,34765,8263,8264,34766
4477,34766,8264,8265,34767
4478,34767,8265,8266,34768
4479,34768,8266,8267,34769
4480,34769,8267,8268,34770
4481,34770,8268,8269,34771
4482,34771,8269,8270,34772
4483,34772,8270,8271,34773
4484,34773,8271,8272,34774
4485,34774,8272,8273,34775
4486,34775,8273,8274,34776
4487,34776,8274,8275,34777
4488,34777,8275,8276,34778
4489,34778,8276,8277,34779
4490,34779,8277,8278,34780
4491,34780,8278,8279,34781
4492,34781,8279,8280,34782
4493,34782,8280,8281,34783
4494,34783,8281,8282,34784
4495,34784,8282,8283,34785
4496,34785,8283,8284,34786
4497,34786,8284,8285,34787
4498,34787,8285,8286,34788
4499,34788,8286,8287,34789
4500,34789,8287,8288,34790
4501,34790,8288,8289,34791
4502,34791,8289,8290,34792
4503,34792,8290,8291,34793
4504,34793,8291,8292,34794
4505,34794,8292,8293,34795
4506,34795,8293,8294,34796
4507,34796,8294,8295,34797
4508,34797,8295,8296,34798
4509,34798,8296,8297,34799
4510,34799,8297,8298,34800
4511,34800,8298,8299,34801
4512,34801,8299,8300,34802
4513,34802,8300,8301,34803
4514,34803,8301,8302,34804
4515,34804,8302,8303,34805
4516,34805,8303,8304,34806
4517,34806,8304,8305,34807
4518,34807,8305,8306,34808
4519,34808,8306,8307,34809
4520,34809,8307,8308,34810
4521,34810,8308,8309,34811
4522,34811,8309,8310,34812
4523,34812,8310,8311,34813
4524,34813,8311,8312,34814
4525,34814,8312,8313,34815
4526,34815,8313,8314,34816
4527,34816,8314,8315,34817
4528,34817,8315,8316,34818
4529,34818,8316,8317,34819
4530,34819,8317,8318,34820
4531,34820,8318,8319,34821
4532,34821,8319,8320,34822
4533,34822,8320,8321,34823
4534,34823,8321,8322,34824
4535,34824,8322,8323,34825
4536,34825,8323,8324,34826
4537,34826,8324,8325,34827
4538,34827,8325,8326,34828
4539,34828,8326,8327,34829
4540,34829,8327,8328,34830
4541,34830,8328,8329,34831
4542,34831,8329,8330,34832
4543,34832,8330,8331,34833
4544,34833,8331,8332,34834
4545,34834,8332,8333,34835
4546,34835,8333,8334,34836
4547,34836,8334,8335,34837
4548,34837,8335,8336,34838
4549,34838,8336,8337,34839
4550,34839,8337,8338,34840
4551,34840,8338,8339,34841
4552,34841,8339,8340,34842
4553,34842,8340,8341,34843
4554,34843,8341,8342,34844
4555,34844,8342,8343,34845
4556,34845,8343,8344,34846
4557,34846,8344,8345,34847
4558,34847,8345,8346,34848
4559,34848,8346,8347,34849
4560,34849,8347,8348,34850
4561,34850,8348,8349,34851
4562,34851,8349,8350,34852
4563,34852,8350,8351,34853
4564,34853,8351,8352,34854
4565,34854,8352,8353,34855
4566,34855,8353,8354,34856
4567,34856,8354,8355,34857
4568,34857,8355,8356,34858
4569,34858,8356,8357,34859
4570,34859,8357,8358,34860
4571,34860,8358,8359,34861
4572,34861,8359,8360,34862
4573,34862,8360,8361,34863
4574,34863,8361,8362,34864
4575,34864,8362,8363,34865
4576,34865,8363,8364,34866
4577,34866,8364,8365,34867
4578,34867,8365,8366,34868
4579,34868,8366,8367,34869
4580,34869,8367,8368,34870
4581,34870,8368,8369,34871
4582,34871,8369,8370,34872
4583,34872,8370,8371,34873
4584,34873,8371,8372,34874
4585,34874,8372,8373,34875
4586,34875,8373,8374,34876
4587,34876,8374,8375,34877
4588,34877,8375,8376,34878
4589,34878,8376,8377,34879
4590,34879,8377,8378,34880
4591,34880,8378,8379,34881
4592,34881,8379,8380,34882
4593,34882,8380,8381,34883
4594,34883,8381,8382,34884
4595,34884,8382,8383,34885
4596,34885,8383,8384,34886
4597,34886,8384,8385,34887
4598,34887,8385,8386,34888
4599,34888,8386,8387,34889
4600,34889,8387,8388,34890
4601,34890,8388,8389,34891
4602,34891,8389,8390,34892
4603,34892,8390,8391,34893
4604,34893,8391,8392,34894
4605,34894,8392,8393,34895
4606,34895,8393,8394,34896
4607,34896,8394,8395,34897
4608,34897,8395,8396,34898
4609,34898,8396,8397,34899
4610,34899,8397,8398,34900
4611,34900,8398,8399,34901
4612,34901,8399,8400,34902
4613,34902,8400,8401,34903
4614,34903,8401,8402,34904
4615,34904,8402,8403,34905
4616,34905,8403,8404,34906
4617,34906,8404,8405,34907
4618,34907,8405,8406,34908
4619,34908,8406,8407,34909
4620,34909,8407,8408,34910
4621,34910,8408,8409,34911
4622,34911,8409,8410,34912
4623,34912,8410,8411,34913
4624,34913,8411,8412,34914
4625,34914,8412,8413,34915
4626,34915,8413,8414,34916
4627,34916,8414,8415,34917
4628,34917,8415,8416,34918
4629,34918,8416,8417,34919
4630,34919,8417,8418,34920
4631,34920,8418,8419,34921
4632,34921,8419,8420,34922
4633,34922,8420,8421,34923
4634,34923,8421,8422,34924
4635,34924,8422,8423,34925
4636,34925,8423,8424,34926
4637,34926,8424,8425,34927
4638,34927,8425,8426,34928
4639,34928,8426,8427,34929
4640,34929,8427,8428,34930
4641,34930,8428,8429,34931
4642,34931,8429,8430,34932
4643,34932,8430,8431,34933
4644,34933,8431,8432,34934
4645,34934,8432,8433,34935
4646,34935,8433,8434,34936
4647,34936,8434,8435,34937
4648,34937,8435,8436,34938
4649,34938,8436,8437,34939
4650,34939,8437,8438,34940
4651,34940,8438,8439,34941
4652,34941,8439,8440,34942
4653,34942,8440,8441,34943
4654,34943,8441,8442,34944
4655,34944,8442,8443,34945
4656,34945,8443,8444,34946
4657,34946,8444,8445,34947
4658,34947,8445,8446,34948
4659,34948,8446,8447,34949
4660,34949,8447,8448,34950
4661,34950,8448,8449,34951
4662,34951,8449,8450,34952
4663,34952,8450,8451,34953
4664,34953,8451,8452,34954
4665,34954,8452,8453,34955
4666,34955,8453,8454,34956
4667,34956,8454,8455,34957
4668,34957,8455,8456,34958
4669,34958,8456,8457,34959
4670,34959,8457,8458,34960
4671,34960,8458,8459,34961
4672,34961,8459,8460,34962
4673,34962,8460,8461,34963
4674,34963,8461,8462,34964
4675,34964,8462,8463,34965
4676,34965,8463,8464,34966
4677,34966,8464,8465,34967
4678,34967,8465,8466,34968
4679,34968,8466,8467,34969
4680,34969,8467,8468,34970
4681,34970,8468,8469,34971
4682,34971,8469,8470,34972
4683,34972,8470,8471,34973
4684,34973,8471,8472,34974
4685,34974,8472,8473,34975
4686,34975,8473,8474,34976
4687,34976,8474,8475,34977
4688,34977,8475,8476,34978
4689,34978,8476,8477,34979
4690,34979,8477,8478,34980
4691,34980,8478,8479,34981
4692,34981,8479,8480,34982
4693,34982,8480,8481,34983
4694,34983,8481,8482,34984
4695,34984,8482,8483,34985
4696,34985,8483,8484,34986
4697,34986,8484,8485,34987
4698,34987,8485,8486,34988
4699,34988,8486,8487,34989
4700,34989,8487,8488,34990
4701,34990,8488,8489,34991
4702,34991,8489,8490,34992
4703,34992,8490,8491,34993
4704,34993,8491,8492,34994
4705,34994,8492,8493,34995
4706,34995,8493,8494,34996
4707,34996,8494,8495,34997
4708,34997,8495,8496,34998
4709,34998,8496,8497,34999
4710,34999,8497,8498,35000
4711,35000,8498,8499,35001
4712,35001,8499,8500,35002
4713,35002,8500,8501,35003
4714,35003,8501,8502,35004
4715,35004,8502,8503,35005
4716,35005,8503,8504,35006
4717,35006,8504,8505,35007
4718,35007,8505,8506,35008
4719,35008,8506,8507,35009
4720,35009,8507,8508,35010
4721,35010,8508,8509,35011
4722,35011,8509,8510,35012
4723,35012,8510,8511,35013
4724,35013,8511,8512,35014
4725,35014,8512,8513,35015
4726,35015,8513,8514,35016
4727,35016,8514,8515,35017
4728,35017,8515,8516,35018
4729,35018,8516,8517,35019
4730,35019,8517,8518,35020
4731,35020,8518,8519,35021
4732,35021,8519,8520,35022
4733,35022,8520,8521,35023
4734,35023,8521,8522,35024
4735,35024,8522,8523,35025
4736,35025,8523,8524,35026
4737,35026,8524,8525,35027
4738,35027,8525,8526,35028
4739,35028,8526,8527,35029
4740,35029,8527,8528,35030
4741,35030,8528,8529,35031
4742,35031,8529,8530,35032
4743,35032,8530,8531,35033
4744,35033,8531,8532,35034
4745,35034,8532,8533,35035
4746,35035,8533,8534,35036
4747,35036,8534,8535,35037
4748,35037,8535,8536,35038
4749,35038,8536,8537,35039
4750,35039,8537,8538,35040
4751,35040,8538,8539,35041
4752,35041,8539,8540,35042
4753,35042,8540,8541,35043
4754,35043,8541,8542,35044
4755,35044,8542,8543,35045
4756,35045,8543,8544,35046
4757,35046,8544,8545,35047
4758,35047,8545,8546,35048
4759,35048,8546,8547,35049
4760,35049,8547,8548,35050
4761,35050,8548,8549,35051
4762,35051,8549,8550,35052
4763,35052,8550,8551,35053
4764,35053,8551,8552,35054
4765,35054,8552,8553,35055
4766,35055,8553,8554,35056
4767,35056,8554,8555,35057
4768,35057,8555,8556,35058
4769,35058,8556,8557,35059
4770,35059,8557,8558,35060
4771,35060,8558,8559,35061
4772,35061,8559,8560,35062
4773,35062,8560,8561,35063
4774,35063,8561,8562,35064
4775,35064,8562,8563,35065
4776,35065,8563,8564,35066
4777,35066,8564,8565,35067
4778,35067,8565,8566,35068
4779,35068,8566,8567,35069
4780,35069,8567,8568,35070
4781,35070,8568,8569,35071
4782,35071,8569,8570,35072
4783,35072,8570,8571,35073
4784,35073,8571,8572,35074
4785,35074,8572,8573,35075
4786,35075,8573,8574,35076
4787,35076,8574,8575,35077
4788,35077,8575,8576,35078
4789,35078,8576,8577,35079
4790,35079,8577,8578,35080
4791,35080,8578,8579,35081
4792,35081,8579,8580,35082
4793,35082,8580,8581,35083
4794,35083,8581,8582,35084
4795,35084,8582,8583,35085
4796,35085,8583,8584,35086
4797,35086,8584,8585,35087
4798,35087,8585,8586,35088
4799,35088,8586,8587,35089
4800,35089,8587,8588,35090
4801,35090,8588,8589,35091
4802,35091,8589,8590,35092
4803,35092,8590,8591,35093
4804,35093,8591,8592,35094
4805,35094,8592,8593,35095
4806,35095,8593,8594,35096
4807,35096,8594,8595,35097
4808,35097,8595,8596,35098
4809,35098,8596,8597,35099
4810,35099,8597,8598,35100
4811,35100,8598,8599,35101
4812,35101,8599,8600,35102
4813,35102,8600,8601,35103
4814,35103,8601,8602,35104
4815,35104,8602,8603,35105
4816,35105,8603,8604,35106
4817,35106,8604,8605,35107
4818,35107,8605,8606,35108
4819,35108,8606,8607,35109
4820,35109,8607,8608,35110
4821,35110,8608,8609,35111
4822,35111,8609,8610,35112
4823,35112,8610,8611,35113
4824,35113,8611,8612,35114
4825,35114,8612,8613,35115
4826,35115,8613,8614,35116
4827,35116,8614,8615,35117
4828,35117,8615,8616,35118
4829,35118,8616,8617,35119
4830,35119,8617,8618,35120
4831,35120,8618,8619,35121
4832,35121,8619,8620,35122
4833,35122,8620,8621,35123
4834,35123,8621,8622,35124
4835,35124,8622,8623,35125
4836,35125,8623,8624,35126
4837,35126,8624,8625,35127
4838,35127,8625,8626,35128
4839,35128,8626,8627,35129
4840,35129,8627,8628,35130
4841,35130,8628,8629,35131
4842,35131,8629,8630,35132
4843,35132,8630,8631,35133
4844,35133,8631,8632,35134
4845,35134,8632,8633,35135
4846,35135,8633,8634,35136
4847,35136,8634,8635,35137
4848,35137,8635,8636,35138
4849,35138,8636,8637,35139
4850,35139,8637,8638,35140
4851,35140,8638,8639,35141
4852,35141,8639,8640,35142
4853,35142,8640,8641,35143
4854,35143,8641,8642,35144
4855,35144,8642,8643,35145
4856,35145,8643,8644,35146
4857,35146,8644,8645,35147
4858,35147,8645,8646,35148
4859,35148,8646,8647,35149
4860,35149,8647,8648,35150
4861,35150,8648,8649,35151
4862,35151,8649,8650,35152
4863,35152,8650,8651,35153
4864,35153,8651,8652,35154
4865,35154,8652,8653,35155
4866,35155,8653,8654,35156
4867,35156,8654,8655,35157
4868,35157,8655,8656,35158
4869,35158,8656,8657,35159
4870,35159,8657,8658,35160
4871,35160,8658,8659,35161
4872,35161,8659,8660,35162
4873,35162,8660,8661,35163
4874,35163,8661,8662,35164
4875,35164,8662,8663,35165
4876,35165,8663,8664,35166
4877,35166,8664,8665,35167
4878,35167,8665,8666,35168
4879,35168,8666,8667,35169
4880,35169,8667,8668,35170
4881,35170,8668,8669,35171
4882,35171,8669,8670,35172
4883,35172,8670,8671,35173
4884,35173,8671,8672,35174
4885,35174,8672,8673,35175
4886,35175,8673,8674,35176
4887,35176,8674,8675,35177
4888,35177,8675,8676,35178
4889,35178,8676,8677,35179
4890,35179,8677,8678,35180
4891,35180,8678,8679,35181
4892,35181,8679,8680,35182
4893,35182,8680,8681,35183
4894,35183,8681,8682,35184
4895,35184,8682,8683,35185
4896,35185,8683,8684,35186
4897,35186,8684,8685,35187
4898,35187,8685,8686,35188
4899,35188,8686,8687,35189
4900,35189,8687,8688,35190
4901,35190,8688,8689,35191
4902,35191,8689,8690,35192
4903,35192,8690,8691,35193
4904,35193,8691,8692,35194
4905,35194,8692,8693,35195
4906,35195,8693,8694,35196
4907,35196,8694,8695,35197
4908,35197,8695,8696,35198
4909,35198,8696,8697,35199
4910,35199,8697,8698,35200
4911,35200,8698,8699,35201
4912,35201,8699,8700,35202
4913,35202,8700,8701,35203
4914,35203,8701,8702,35204
4915,35204,8702,8703,35205
4916,35205,8703,8704,35206
4917,35206,8704,8705,35207
4918,35207,8705,8706,35208
4919,35208,8706,8707,35209
4920,35209,8707,8708,35210
4921,35210,8708,8709,35211
4922,35211,8709,8710,35212
4923,35212,8710,8711,35213
4924,35213,8711,8712,35214
4925,35214,8712,8713,35215
4926,35215,8713,8714,35216
4927,35216,8714,8715,35217
4928,35217,8715,8716,35218
4929,35218,8716,8717,35219
4930,35219,8717,8718,35220
4931,35220,8718,8719,35221
4932,35221,8719,8720,35222
4933,35222,8720,8721,35223
4934,35223,8721,8722,35224
4935,35224,8722,8723,35225
4936,35225,8723,8724,35226
4937,35226,8724,8725,35227
4938,35227,8725,8726,35228
4939,35228,8726,8727,35229
4940,35229,8727,8728,35230
4941,35230,8728,8729,35231
4942,35231,8729,8730,35232
4943,35232,8730,8731,35233
4944,35233,8731,8732,35234
4945,35234,8732,8733,35235
4946,35235,8733,8734,35236
4947,35236,8734,8735,35237
4948,35237,8735,8736,35238
4949,35238,8736,8737,35239
4950,35239,8737,8738,35240
4951,35240,8738,8739,35241
4952,35241,8739,8740,35242
4953,35242,8740,8741,35243
4954,35243,8741,8742,35244
4955,35244,8742,8743,35245
4956,35245,8743,8744,35246
4957,35246,8744,8745,35247
4958,35247,8745,8746,35248
4959,35248,8746,8747,35249
4960,35249,8747,8748,35250
4961,35250,8748,8749,35251
4962,35251,8749,8750,35252
4963,35252,8750,8751,35253
4964,35253,8751,8752,35254
4965,35254,8752,8753,35255
4966,35255,8753,8754,35256
4967,35256,8754,8755,35257
4968,35257,8755,8756,35258
4969,35258,8756,8757,35259
4970,35259,8757,8758,35260
4971,35260,8758,8759,35261
4972,35261,8759,8760,35262
4973,35262,8760,8761,35263
4974,35263,8761,8762,35264
4975,35264,8762,8763,35265
4976,35265,8763,8764,35266
4977,35266,8764,8765,35267
4978,35267,8765,8766,35268
4979,35268,8766,8767,35269
4980,35269,8767,8768,35270
4981,35270,8768,8769,35271
4982,35271,8769,8770,35272
4983,35272,8770,8771,35273
4984,35273,8771,8772,35274
4985,35274,8772,8773,35275
4986,35275,8773,8774,35276
4987,35276,8774,8775,35277
4988,35277,8775,8776,35278
4989,35278,8776,8777,35279
4990,35279,8777,8778,35280
4991,35280,8778,8779,35281
4992,35281,8779,8780,35282
4993,35282,8780,8781,35283
4994,35283,8781,8782,35284
4995,35284,8782,8783,35285
4996,35285,8783,8784,35286
4997,35286,8784,8785,35287
4998,35287,8785,8786,35288
4999,35288,8786,8787,35289
5000,35289,8787,8788,35290
5001,35290,8788,8789,35291
5002,35291,8789,8790,35292
5003,35292,8790,8791,35293
5004,35293,8791,8792,35294
5005,35294,8792,8793,35295
5006,35295,8793,8794,35296
5007,35296,8794,8795,35297
5008,35297,8795,8796,35298
5009,35298,8796,8797,35299
5010,35299,8797,8798,35300
5011,35300,8798,8799,35301
5012,35301,8799,8800,35302
5013,35302,8800,8801,35303
5014,35303,8801,8802,35304
5015,35304,8802,8803,35305
5016,35305,8803,8804,35306
5017,35306,8804,8805,35307
5018,35307,8805,8806,35308
5019,35308,8806,8807,35309
5020,35309,8807,8808,35310
5021,35310,8808,8809,35311
5022,35311,8809,8810,35312
5023,35312,8810,8811,35313
5024,35313,8811,8812,35314
5025,35314,8812,8813,35315
5026,35315,8813,8814,35316
5027,35316,8814,8815,35317
5028,35317,8815,8816,35318
5029,35318,8816,8817,35319
5030,35319,8817,8818,35320
5031,35320,8818,8819,35321
5032,35321,8819,8820,35322
5033,35322,8820,8821,35323
5034,35323,8821,8822,35324
5035,35324,8822,8823,35325
5036,35325,8823,8824,35326
5037,35326,8824,8825,35327
5038,35327,8825,8826,35328
5039,35328,8826,8827,35329
5040,35329,8827,8828,35330
5041,35330,8828,8829,35331
5042,35331,8829,8830,35332
5043,35332,8830,8831,35333
5044,35333,8831,8832,35334
5045,35334,8832,8833,35335
5046,35335,8833,8834,35336
5047,35336,8834,8835,35337
5048,35337,8835,8836,35338
5049,35338,8836,8837,35339
5050,35339,8837,8838,35340
5051,35340,8838,8839,35341
5052,35341,8839,8840,35342
5053,35342,8840,8841,35343
5054,35343,8841,8842,35344
5055,35344,8842,8843,35345
5056,35345,8843,8844,35346
5057,35346,8844,8845,35347
5058,35347,8845,8846,35348
5059,35348,8846,8847,35349
5060,35349,8847,8848,35350
5061,35350,8848,8849,35351
5062,35351,8849,8850,35352
5063,35352,8850,8851,35353
5064,35353,8851,8852,35354
5065,35354,8852,8853,35355
5066,35355,8853,8854,35356
5067,35356,8854,8855,35357
5068,35357,8855,8856,35358
5069,35358,8856,8857,35359
5070,35359,8857,8858,35360
5071,35360,8858,8859,35361
5072,35361,8859,8860,35362
5073,35362,8860,8861,35363
5074,35363,8861,8862,35364
5075,35364,8862,8863,35365
5076,35365,8863,8864,35366
5077,35366,8864,8865,35367
5078,35367,8865,8866,35368
5079,35368,8866,8867,35369
5080,35369,8867,8868,35370
5081,35370,8868,8869,35371
5082,35371,8869,8870,35372
5083,35372,8870,8871,35373
5084,35373,8871,8872,35374
5085,35374,8872,8873,35375
5086,35375,8873,8874,35376
5087,35376,8874,8875,35377
5088,35377,8875,8876,35378
5089,35378,8876,8877,35379
5090,35379,8877,8878,35380
5091,35380,8878,8879,35381
5092,35381,8879,8880,35382
5093,35382,8880,8881,35383
5094,35383,8881,8882,35384
5095,35384,8882,8883,35385
5096,35385,8883,8884,35386
5097,35386,8884,8885,35387
5098,35387,8885,8886,35388
5099,35388,8886,8887,35389
5100,35389,8887,8888,35390
5101,35390,8888,8889,35391
5102,35391,8889,8890,35392
5103,35392,8890,8891,35393
5104,35393,8891,8892,35394
5105,35394,8892,8893,35395
5106,35395,8893,8894,35396
5107,35396,8894,8895,35397
5108,35397,8895,8896,35398
5109,35398,8896,8897,35399
5110,35399,8897,8898,35400
5111,35400,8898,8899,35401
5112,35401,8899,8900,35402
5113,35402,8900,8901,35403
5114,35403,8901,8902,35404
5115,35404,8902,8903,35405
5116,35405,8903,8904,35406
5117,35406,8904,8905,35407
5118,35407,8905,8906,35408
5119,35408,8906,8907,35409
5120,35409,8907,8908,35410
5121,35410,8908,8909,35411
5122,35411,8909,8910,35412
5123,35412,8910,8911,35413
5124,35413,8911,8912,35414
5125,35414,8912,8913,35415
5126,35415,8913,8914,35416
5127,35416,8914,8915,35417
5128,35417,8915,8916,35418
5129,35418,8916,8917,35419
5130,35419,8917,8918,35420
5131,35420,8918,8919,35421
5132,35421,8919,8920,35422
5133,35422,8920,8921,35423
5134,35423,8921,8922,35424
5135,35424,8922,8923,35425
5136,35425,8923,8924,35426
5137,35426,8924,8925,35427
5138,35427,8925,8926,35428
5139,35428,8926,8927,35429
5140,35429,8927,8928,35430
5141,35430,8928,8929,35431
5142,35431,8929,8930,35432
5143,35432,8930,8931,35433
5144,35433,8931,8932,35434
5145,35434,8932,8933,35435
5146,35435,8933,8934,35436
5147,35436,8934,8935,35437
5148,35437,8935,8936,35438
5149,35438,8936,8937,35439
5150,35439,8937,8938,35440
5151,35440,8938,8939,35441
5152,35441,8939,8940,35442
5153,35442,8940,8941,35443
5154,35443,8941,8942,35444
5155,35444,8942,8943,35445
5156,35445,8943,8944,35446
5157,35446,8944,8945,35447
5158,35447,8945,8946,35448
5159,35448,8946,8947,35449
5160,35449,8947,8948,35450
5161,35450,8948,8949,35451
5162,35451,8949,8950,35452
5163,35452,8950,8951,35453
5164,35453,8951,8952,35454
5165,35454,8952,8953,35455
5166,35455,8953,8954,35456
5167,35456,8954,8955,35457
5168,35457,8955,8956,35458
5169,35458,8956,8957,35459
5170,35459,8957,8958,35460
5171,35460,8958,8959,35461
5172,35461,8959,8960,35462
5173,35462,8960,8961,35463
5174,35463,8961,8962,35464
5175,35464,8962,8963,35465
5176,35465,8963,8964,35466
5177,35466,8964,8965,35467
5178,35467,8965,8966,35468
5179,35468,8966,8967,35469
5180,35469,8967,8968,35470
5181,35470,8968,8969,35471
5182,35471,8969,8970,35472
5183,35472,8970,8971,35473
5184,35473,8971,8972,35474
5185,35474,8972,8973,35475
5186,35475,8973,8974,35476
5187,35476,8974,8975,35477
5188,35477,8975,8976,35478
5189,35478,8976,8977,35479
5190,35479,8977,8978,35480
5191,35480,8978,8979,35481
5192,35481,8979,8980,35482
5193,35482,8980,8981,35483
5194,35483,8981,8982,35484
5195,35484,8982,8983,35485
5196,35485,8983,8984,35486
5197,35486,8984,8985,35487
5198,35487,8985,8986,35488
5199,35488,8986,8987,35489
5200,35489,8987,8988,35490
5201,35490,8988,8989,35491
5202,35491,8989,8990,35492
5203,35492,8990,8991,35493
5204,35493,8991,8992,35494
5205,35494,8992,8993,35495
5206,35495,8993,8994,35496
5207,35496,8994,8995,35497
5208,35497,8995,8996,35498
5209,35498,8996,8997,35499
5210,35499,8997,8998,35500
5211,35500,8998,8999,35501
5212,35501,8999,9000,35502
5213,35502,9000,9001,35503
5214,35503,9001,9002,35504
5215,35504,9002,9003,35505
5216,35505,9003,9004,35506
5217,35506,9004,9005,35507
5218,35507,9005,9006,35508
5219,35508,9006,9007,35509
5220,35509,9007,9008,35510
5221,35510,9008,9009,35511
5222,35511,9009,9010,35512
5223,35512,9010,9011,35513
5224,35513,9011,9012,35514
5225,35514,9012,9013,35515
5226,35515,9013,9014,35516
5227,35516,9014,9015,35517
5228,35517,9015,9016,35518
5229,35518,9016,9017,35519
5230,35519,9017,9018,35520
5231,35520,9018,9019,35521
5232,35521,9019,9020,35522
5233,35522,9020,9021,35523
5234,35523,9021,9022,35524
5235,35524,9022,9023,35525
5236,35525,9023,9024,35526
5237,35526,9024,9025,35527
5238,35527,9025,9026,35528
5239,35528,9026,9027,35529
5240,35529,9027,9028,35530
5241,35530,9028,9029,35531
5242,35531,9029,9030,35532
5243,35532,9030,9031,35533
5244,35533,9031,9032,35534
5245,35534,9032,9033,35535
5246,35535,9033,9034,35536
5247,35536,9034,9035,35537
5248,35537,9035,9036,35538
5249,35538,9036,9037,35539
5250,35539,9037,9038,35540
5251,35540,9038,9039,35541
5252,35541,9039,9040,35542
5253,35542,9040,9041,35543
5254,35543,9041,9042,35544
5255,35544,9042,9043,35545
5256,35545,9043,9044,35546
5257,35546,9044,9045,35547
5258,35547,9045,9046,35548
5259,35548,9046,9047,35549
5260,35549,9047,9048,35550
5261,35550,9048,9049,35551
5262,35551,9049,9050,35552
5263,35552,9050,9051,35553
5264,35553,9051,9052,35554
5265,35554,9052,9053,35555
5266,35555,9053,9054,35556
5267,35556,9054,9055,35557
5268,35557,9055,9056,35558
5269,35558,9056,9057,35559
5270,35559,9057,9058,35560
5271,35560,9058,9059,35561
5272,35561,9059,9060,35562
5273,35562,9060,9061,35563
5274,35563,9061,9062,35564
5275,35564,9062,9063,35565
5276,35565,9063,9064,35566
5277,35566,9064,9065,35567
5278,35567,9065,9066,35568
5279,35568,9066,9067,35569
5280,35569,9067,9068,35570
5281,35570,9068,9069,35571
5282,35571,9069,9070,35572
5283,35572,9070,9071,35573
5284,35573,9071,9072,35574
5285,35574,9072,9073,35575
5286,35575,9073,9074,35576
5287,35576,9074,9075,35577
5288,35577,9075,9076,35578
5289,35578,9076,9077,35579
5290,35579,9077,9078,35580
5291,35580,9078,9079,35581
5292,35581,9079,9080,35582
5293,35582,9080,9081,35583
5294,35583,9081,9082,35584
5295,35584,9082,9083,35585
5296,35585,9083,9084,35586
5297,35586,9084,9085,35587
5298,35587,9085,9086,35588
5299,35588,9086,9087,35589
5300,35589,9087,9088,35590
5301,35590,9088,9089,35591
5302,35591,9089,9090,35592
5303,35592,9090,9091,35593
5304,35593,9091,9092,35594
5305,35594,9092,9093,35595
5306,35595,9093,9094,35596
5307,35596,9094,9095,35597
5308,35597,9095,9096,35598
5309,35598,9096,9097,35599
5310,35599,9097,9098,35600
5311,35600,9098,9099,35601
5312,35601,9099,9100,35602
5313,35602,9100,9101,35603
5314,35603,9101,9102,35604
5315,35604,9102,9103,35605
5316,35605,9103,9104,35606
5317,35606,9104,9105,35607
5318,35607,9105,9106,35608
5319,35608,9106,9107,35609
5320,35609,9107,9108,35610
5321,35610,9108,9109,35611
5322,35611,9109,9110,35612
5323,35612,9110,9111,35613
5324,35613,9111,9112,35614
5325,35614,9112,9113,35615
5326,35615,9113,9114,35616
5327,35616,9114,9115,35617
5328,35617,9115,9116,35618
5329,35618,9116,9117,35619
5330,35619,9117,9118,35620
5331,35620,9118,9119,35621
5332,35621,9119,9120,35622
5333,35622,9120,9121,35623
5334,35623,9121,9122,35624
5335,35624,9122,9123,35625
5336,35625,9123,9124,35626
5337,35626,9124,9125,35627
5338,35627,9125,9126,35628
5339,35628,9126,9127,35629
5340,35629,9127,9128,35630
5341,35630,9128,9129,35631
5342,35631,9129,9130,35632
5343,35632,9130,9131,35633
5344,35633,9131,9132,35634
5345,35634,9132,9133,35635
5346,35635,9133,9134,35636
5347,35636,9134,9135,35637
5348,35637,9135,9136,35638
5349,35638,9136,9137,35639
5350,35639,9137,9138,35640
5351,35640,9138,9139,35641
5352,35641,9139,9140,35642
5353,35642,9140,9141,35643
5354,35643,9141,9142,35644
5355,35644,9142,9143,35645
5356,35645,9143,9144,35646
5357,35646,9144,9145,35647
5358,35647,9145,9146,35648
5359,35648,9146,9147,35649
5360,35649,9147,9148,35650
5361,35650,9148,9149,35651
5362,35651,9149,9150,35652
5363,35652,9150,9151,35653
5364,35653,9151,9152,35654
5365,35654,9152,9153,35655
5366,35655,9153,9154,35656
5367,35656,9154,9155,35657
5368,35657,9155,9156,35658
5369,35658,9156,9157,35659
5370,35659,9157,9158,35660
5371,35660,9158,9159,35661
5372,35661,9159,9160,35662
5373,35662,9160,9161,35663
5374,35663,9161,9162,35664
5375,35664,9162,9163,35665
5376,35665,9163,9164,35666
5377,35666,9164,9165,35667
5378,35667,9165,9166,35668
5379,35668,9166,9167,35669
5380,35669,9167,9168,35670
5381,35670,9168,9169,35671
5382,35671,9169,9170,35672
5383,35672,9170,9171,35673
5384,35673,9171,9172,35674
5385,35674,9172,9173,35675
5386,35675,9173,9174,35676
5387,35676,9174,9175,35677
5388,35677,9175,9176,35678
5389,35678,9176,9177,35679
5390,35679,9177,9178,35680
5391,35680,9178,9179,35681
5392,35681,9179,9180,35682
5393,35682,9180,9181,35683
5394,35683,9181,9182,35684
5395,35684,9182,9183,35685
5396,35685,9183,9184,35686
5397,35686,9184,9185,35687
5398,35687,9185,9186,35688
5399,35688,9186,9187,35689
5400,35689,9187,9188,35690
5401,35690,9188,9189,35691
5402,35691,9189,9190,35692
5403,35692,9190,9191,35693
5404,35693,9191,9192,35694
5405,35694,9192,9193,35695
5406,35695,9193,9194,35696
5407,35696,9194,9195,35697
5408,35697,9195,9196,35698
5409,35698,9196,9197,35699
5410,35699,9197,9198,35700
5411,35700,9198,9199,35701
5412,35701,9199,9200,35702
5413,35702,9200,9201,35703
5414,35703,9201,9202,35704
5415,35704,9202,9203,35705
5416,35705,9203,9204,35706
5417,35706,9204,9205,35707
5418,35707,9205,9206,35708
5419,35708,9206,9207,35709
5420,35709,9207,9208,35710
5421,35710,9208,9209,35711
5422,35711,9209,9210,35712
5423,35712,9210,9211,35713
5424,35713,9211,9212,35714
5425,35714,9212,9213,35715
5426,35715,9213,9214,35716
5427,35716,9214,9215,35717
5428,35717,9215,9216,35718
5429,35718,9216,9217,35719
5430,35719,9217,9218,35720
5431,35720,9218,9219,35721
5432,35721,9219,9220,35722
5433,35722,9220,9221,35723
5434,35723,9221,9222,35724
5435,35724,9222,9223,35725
5436,35725,9223,9224,35726
5437,35726,9224,9225,35727
5438,35727,9225,9226,35728
5439,35728,9226,9227,35729
5440,35729,9227,9228,35730
5441,35730,9228,9229,35731
5442,35731,9229,9230,35732
5443,35732,9230,9231,35733
5444,35733,9231,9232,35734
5445,35734,9232,9233,35735
5446,35735,9233,9234,35736
5447,35736,9234,9235,35737
5448,35737,9235,9236,35738
5449,35738,9236,9237,35739
5450,35739,9237,9238,35740
5451,35740,9238,9239,35741
5452,35741,9239,9240,35742
5453,35742,9240,9241,35743
5454,35743,9241,9242,35744
5455,35744,9242,9243,35745
5456,35745,9243,9244,35746
5457,35746,9244,9245,35747
5458,35747,9245,9246,35748
5459,35748,9246,9247,35749
5460,35749,9247,9248,35750
5461,35750,9248,9249,35751
5462,35751,9249,9250,35752
5463,35752,9250,9251,35753
5464,35753,9251,9252,35754
5465,35754,9252,9253,35755
5466,35755,9253,9254,35756
5467,35756,9254,9255,35757
5468,35757,9255,9256,35758
5469,35758,9256,9257,35759
5470,35759,9257,9258,35760
5471,35760,9258,9259,35761
5472,35761,9259,9260,35762
5473,35762,9260,9261,35763
5474,35763,9261,9262,35764
5475,35764,9262,9263,35765
5476,35765,9263,9264,35766
5477,35766,9264,9265,35767
5478,35767,9265,9266,35768
5479,35768,9266,9267,35769
5480,35769,9267,9268,35770
5481,35770,9268,9269,35771
5482,35771,9269,9270,35772
5483,35772,9270,9271,35773
5484,35773,9271,9272,35774
5485,35774,9272,9273,35775
5486,35775,9273,9274,35776
5487,35776,9274,9275,35777
5488,35777,9275,9276,35778
5489,35778,9276,9277,35779
5490,35779,9277,9278,35780
5491,35780,9278,9279,35781
5492,35781,9279,9280,35782
5493,35782,9280,9281,35783
5494,35783,9281,9282,35784
5495,35784,9282,9283,35785
5496,35785,9283,9284,35786
5497,35786,9284,9285,35787
5498,35787,9285,9286,35788
5499,35788,9286,9287,35789
5500,35789,9287,9288,35790
5501,35790,9288,9289,35791
5502,35791,9289,9290,35792
5503,35792,9290,9291,35793
5504,35793,9291,9292,35794
5505,35794,9292,9293,35795
5506,35795,9293,9294,35796
5507,35796,9294,9295,35797
5508,35797,9295,9296,35798
5509,35798,9296,9297,35799
5510,35799,9297,9298,35800
5511,35800,9298,9299,35801
5512,35801,9299,9300,35802
5513,35802,9300,9301,35803
5514,35803,9301,9302,35804
5515,35804,9302,9303,35805
5516,35805,9303,9304,35806
5517,35806,9304,9305,35807
5518,35807,9305,9306,35808
5519,35808,9306,9307,35809
5520,35809,9307,9308,35810
5521,35810,9308,9309,35811
5522,35811,9309,9310,35812
5523,35812,9310,9311,35813
5524,35813,9311,9312,35814
5525,35814,9312,9313,35815
5526,35815,9313,9314,35816
5527,35816,9314,9315,35817
5528,35817,9315,9316,35818
5529,35818,9316,9317,35819
5530,35819,9317,9318,35820
5531,35820,9318,9319,35821
5532,35821,9319,9320,35822
5533,35822,9320,9321,35823
5534,35823,9321,9322,35824
5535,35824,9322,9323,35825
5536,35825,9323,9324,35826
5537,35826,9324,9325,35827
5538,35827,9325,9326,35828
5539,35828,9326,9327,35829
5540,35829,9327,9328,35830
5541,35830,9328,9329,35831
5542,35831,9329,9330,35832
5543,35832,9330,9331,35833
5544,35833,9331,9332,35834
5545,35834,9332,9333,35835
5546,35835,9333,9334,35836
5547,35836,9334,9335,35837
5548,35837,9335,9336,35838
5549,35838,9336,9337,35839
5550,35839,9337,9338,35840
5551,35840,9338,9339,35841
5552,35841,9339,9340,35842
5553,35842,9340,9341,35843
5554,35843,9341,9342,35844
5555,35844,9342,9343,35845
5556,35845,9343,9344,35846
5557,35846,9344,9345,35847
5558,35847,9345,9346,35848
5559,35848,9346,9347,35849
5560,35849,9347,9348,35850
5561,35850,9348,9349,35851
5562,35851,9349,9350,35852
5563,35852,9350,9351,35853
5564,35853,9351,9352,35854
5565,35854,9352,9353,35855
5566,35855,9353,9354,35856
5567,35856,9354,9355,35857
5568,35857,9355,9356,35858
5569,35858,9356,9357,35859
5570,35859,9357,9358,35860
5571,35860,9358,9359,35861
5572,35861,9359,9360,35862
5573,35862,9360,9361,35863
5574,35863,9361,9362,35864
5575,35864,9362,9363,35865
5576,35865,9363,9364,35866
5577,35866,9364,9365,35867
5578,35867,9365,9366,35868
5579,35868,9366,9367,35869
5580,35869,9367,9368,35870
5581,35870,9368,9369,35871
5582,35871,9369,9370,35872
5583,35872,9370,9371,35873
5584,35873,9371,9372,35874
5585,35874,9372,9373,35875
5586,35875,9373,9374,35876
5587,35876,9374,9375,35877
5588,35877,9375,9376,35878
5589,35878,9376,9377,35879
5590,35879,9377,9378,35880
5591,35880,9378,9379,35881
5592,35881,9379,9380,35882
5593,35882,9380,9381,35883
5594,35883,9381,9382,35884
5595,35884,9382,9383,35885
5596,35885,9383,9384,35886
5597,35886,9384,9385,35887
5598,35887,9385,9386,35888
5599,35888,9386,9387,35889
5600,35889,9387,9388,35890
5601,35890,9388,9389,35891
5602,35891,9389,9390,35892
5603,35892,9390,9391,35893
5604,35893,9391,9392,35894
5605,35894,9392,9393,35895
5606,35895,9393,9394,35896
5607,35896,9394,9395,35897
5608,35897,9395,9396,35898
5609,35898,9396,9397,35899
5610,35899,9397,9398,35900
5611,35900,9398,9399,35901
5612,35901,9399,9400,35902
5613,35902,9400,9401,35903
5614,35903,9401,9402,35904
5615,35904,9402,9403,35905
5616,35905,9403,9404,35906
5617,35906,9404,9405,35907
5618,35907,9405,9406,35908
5619,35908,9406,9407,35909
5620,35909,9407,9408,35910
5621,35910,9408,9409,35911
5622,35911,9409,9410,35912
5623,35912,9410,9411,35913
5624,35913,9411,9412,35914
5625,35914,9412,9413,35915
5626,35915,9413,9414,35916
5627,35916,9414,9415,35917
5628,35917,9415,9416,35918
5629,35918,9416,9417,35919
5630,35919,9417,9418,35920
5631,35920,9418,9419,35921
5632,35921,9419,9420,35922
5633,35922,9420,9421,35923
5634,35923,9421,9422,35924
5635,35924,9422,9423,35925
5636,35925,9423,9424,35926
5637,35926,9424,9425,35927
5638,35927,9425,9426,35928
5639,35928,9426,9427,35929
5640,35929,9427,9428,35930
5641,35930,9428,9429,35931
5642,35931,9429,9430,35932
5643,35932,9430,9431,35933
5644,35933,9431,9432,35934
5645,35934,9432,9433,35935
5646,35935,9433,9434,35936
5647,35936,9434,9435,35937
5648,35937,9435,9436,35938
5649,35938,9436,9437,35939
5650,35939,9437,9438,35940
5651,35940,9438,9439,35941
5652,35941,9439,9440,35942
5653,35942,9440,9441,35943
5654,35943,9441,9442,35944
5655,35944,9442,9443,35945
5656,35945,9443,9444,35946
5657,35946,9444,9445,35947
5658,35947,9445,9446,35948
5659,35948,9446,9447,35949
5660,35949,9447,9448,35950
5661,35950,9448,9449,35951
5662,35951,9449,9450,35952
5663,35952,9450,9451,35953
5664,35953,9451,9452,35954
5665,35954,9452,9453,35955
5666,35955,9453,9454,35956
5667,35956,9454,9455,35957
5668,35957,9455,9456,35958
5669,35958,9456,9457,35959
5670,35959,9457,9458,35960
5671,35960,9458,9459,35961
5672,35961,9459,9460,35962
5673,35962,9460,9461,35963
5674,35963,9461,9462,35964
5675,35964,9462,9463,35965
5676,35965,9463,9464,35966
5677,35966,9464,9465,35967
5678,35967,9465,9466,35968
5679,35968,9466,9467,35969
5680,35969,9467,9468,35970
5681,35970,9468,9469,35971
5682,35971,9469,9470,35972
5683,35972,9470,9471,35973
5684,35973,9471,9472,35974
5685,35974,9472,9473,35975
5686,35975,9473,9474,35976
5687,35976,9474,9475,35977
5688,35977,9475,9476,35978
5689,35978,9476,9477,35979
5690,35979,9477,9478,35980
5691,35980,9478,9479,35981
5692,35981,9479,9480,35982
5693,35982,9480,9481,35983
5694,35983,9481,9482,35984
5695,35984,9482,9483,35985
5696,35985,9483,9484,35986
5697,35986,9484,9485,35987
5698,35987,9485,9486,35988
5699,35988,9486,9487,35989
5700,35989,9487,9488,35990
5701,35990,9488,9489,35991
5702,35991,9489,9490,35992
5703,35992,9490,9491,35993
5704,35993,9491,9492,35994
5705,35994,9492,9493,35995
5706,35995,9493,9494,35996
5707,35996,9494,9495,35997
5708,35997,9495,9496,35998
5709,35998,9496,9497,35999
5710,35999,9497,9498,36000
5711,36000,9498,9499,36001
5712,36001,9499,9500,36002
5713,36002,9500,9501,36003
5714,36003,9501,9502,36004
5715,36004,9502,9503,36005
5716,36005,9503,9504,36006
5717,36006,9504,9505,36007
5718,36007,9505,9506,36008
5719,36008,9506,9507,36009
5720,36009,9507,9508,36010
5721,36010,9508,9509,36011
5722,36011,9509,9510,36012
5723,36012,9510,9511,36013
5724,36013,9511,9512,36014
5725,36014,9512,9513,36015
5726,36015,9513,9514,36016
5727,36016,9514,9515,36017
5728,36017,9515,9516,36018
5729,36018,9516,9517,36019
5730,36019,9517,9518,36020
5731,36020,9518,9519,36021
5732,36021,9519,9520,36022
5733,36022,9520,9521,36023
5734,36023,9521,9522,36024
5735,36024,9522,9523,36025
5736,36025,9523,9524,36026
5737,36026,9524,9525,36027
5738,36027,9525,9526,36028
5739,36028,9526,9527,36029
5740,36029,9527,9528,36030
5741,36030,9528,9529,36031
5742,36031,9529,9530,36032
5743,36032,9530,9531,36033
5744,36033,9531,9532,36034
5745,36034,9532,9533,36035
5746,36035,9533,9534,36036
5747,36036,9534,9535,36037
5748,36037,9535,9536,36038
5749,36038,9536,9537,36039
5750,36039,9537,9538,36040
5751,36040,9538,9539,36041
5752,36041,9539,9540,36042
5753,36042,9540,9541,36043
5754,36043,9541,9542,36044
5755,36044,9542,9543,36045
5756,36045,9543,9544,36046
5757,36046,9544,9545,36047
5758,36047,9545,9546,36048
5759,36048,9546,9547,36049
5760,36049,9547,9548,36050
5761,36050,9548,9549,36051
5762,36051,9549,9550,36052
5763,36052,9550,9551,36053
5764,36053,9551,9552,36054
5765,36054,9552,9553,36055
5766,36055,9553,9554,36056
5767,36056,9554,9555,36057
5768,36057,9555,9556,36058
5769,36058,9556,9557,36059
5770,36059,9557,9558,36060
5771,36060,9558,9559,36061
5772,36061,9559,9560,36062
5773,36062,9560,9561,36063
5774,36063,9561,9562,36064
5775,36064,9562,9563,36065
5776,36065,9563,9564,36066
5777,36066,9564,9565,36067
5778,36067,9565,9566,36068
5779,36068,9566,9567,36069
5780,36069,9567,9568,36070
5781,36070,9568,9569,36071
5782,36071,9569,9570,36072
5783,36072,9570,9571,36073
5784,36073,9571,9572,36074
5785,36074,9572,9573,36075
5786,36075,9573,9574,36076
5787,36076,9574,9575,36077
5788,36077,9575,9576,36078
5789,36078,9576,9577,36079
5790,36079,9577,9578,36080
5791,36080,9578,9579,36081
5792,36081,9579,9580,36082
5793,36082,9580,9581,36083
5794,36083,9581,9582,36084
5795,36084,9582,9583,36085
5796,36085,9583,9584,36086
5797,36086,9584,9585,36087
5798,36087,9585,9586,36088
5799,36088,9586,9587,36089
5800,36089,9587,9588,36090
5801,36090,9588,9589,36091
5802,36091,9589,9590,36092
5803,36092,9590,9591,36093
5804,36093,9591,9592,36094
5805,36094,9592,9593,36095
5806,36095,9593,9594,36096
5807,36096,9594,9595,36097
5808,36097,9595,9596,36098
5809,36098,9596,9597,36099
5810,36099,9597,9598,36100
5811,36100,9598,9599,36101
5812,36101,9599,9600,36102
5813,36102,9600,9601,36103
5814,36103,9601,9602,36104
5815,36104,9602,9603,36105
5816,36105,9603,9604,36106
5817,36106,9604,9605,36107
5818,36107,9605,9606,36108
5819,36108,9606,9607,36109
5820,36109,9607,9608,36110
5821,36110,9608,9609,36111
5822,36111,9609,9610,36112
5823,36112,9610,9611,36113
5824,36113,9611,9612,36114
5825,36114,9612,9613,36115
5826,36115,9613,9614,36116
5827,36116,9614,9615,36117
5828,36117,9615,9616,36118
5829,36118,9616,9617,36119
5830,36119,9617,9618,36120
5831,36120,9618,9619,36121
5832,36121,9619,9620,36122
5833,36122,9620,9621,36123
5834,36123,9621,9622,36124
5835,36124,9622,9623,36125
5836,36125,9623,9624,36126
5837,36126,9624,9625,36127
5838,36127,9625,9626,36128
5839,36128,9626,9627,36129
5840,36129,9627,9628,36130
5841,36130,9628,9629,36131
5842,36131,9629,9630,36132
5843,36132,9630,9631,36133
5844,36133,9631,9632,36134
5845,36134,9632,9633,36135
5846,36135,9633,9634,36136
5847,36136,9634,9635,36137
5848,36137,9635,9636,36138
5849,36138,9636,9637,36139
5850,36139,9637,9638,36140
5851,36140,9638,9639,36141
5852,36141,9639,9640,36142
5853,36142,9640,9641,36143
5854,36143,9641,9642,36144
5855,36144,9642,9643,36145
5856,36145,9643,9644,36146
5857,36146,9644,9645,36147
5858,36147,9645,9646,36148
5859,36148,9646,9647,36149
5860,36149,9647,9648,36150
5861,36150,9648,9649,36151
5862,36151,9649,9650,36152
5863,36152,9650,9651,36153
5864,36153,9651,9652,36154
5865,36154,9652,9653,36155
5866,36155,9653,9654,36156
5867,36156,9654,9655,36157
5868,36157,9655,9656,36158
5869,36158,9656,9657,36159
5870,36159,9657,9658,36160
5871,36160,9658,9659,36161
5872,36161,9659,9660,36162
5873,36162,9660,9661,36163
5874,36163,9661,9662,36164
5875,36164,9662,9663,36165
5876,36165,9663,9664,36166
5877,36166,9664,9665,36167
5878,36167,9665,9666,36168
5879,36168,9666,9667,36169
5880,36169,9667,9668,36170
5881,36170,9668,9669,36171
5882,36171,9669,9670,36172
5883,36172,9670,9671,36173
5884,36173,9671,9672,36174
5885,36174,9672,9673,36175
5886,36175,9673,9674,36176
5887,36176,9674,9675,36177
5888,36177,9675,9676,36178
5889,36178,9676,9677,36179
5890,36179,9677,9678,36180
5891,36180,9678,9679,36181
5892,36181,9679,9680,36182
5893,36182,9680,9681,36183
5894,36183,9681,9682,36184
5895,36184,9682,9683,36185
5896,36185,9683,9684,36186
5897,36186,9684,9685,36187
5898,36187,9685,9686,36188
5899,36188,9686,9687,36189
5900,36189,9687,9688,36190
5901,36190,9688,9689,36191
5902,36191,9689,9690,36192
5903,36192,9690,9691,36193
5904,36193,9691,9692,36194
5905,36194,9692,9693,36195
5906,36195,9693,9694,36196
5907,36196,9694,9695,36197
5908,36197,9695,9696,36198
5909,36198,9696,9697,36199
5910,36199,9697,9698,36200
5911,36200,9698,9699,36201
5912,36201,9699,9700,36202
5913,36202,9700,9701,36203
5914,36203,9701,9702,36204
5915,36204,9702,9703,36205
5916,36205,9703,9704,36206
5917,36206,9704,9705,36207
5918,36207,9705,9706,36208
5919,36208,9706,9707,36209
5920,36209,9707,9708,36210
5921,36210,9708,9709,36211
5922,36211,9709,9710,36212
5923,36212,9710,9711,36213
5924,36213,9711,9712,36214
5925,36214,9712,9713,36215
5926,36215,9713,9714,36216
5927,36216,9714,9715,36217
5928,36217,9715,9716,36218
5929,36218,9716,9717,36219
5930,36219,9717,9718,36220
5931,36220,9718,9719,36221
5932,36221,9719,9720,36222
5933,36222,9720,9721,36223
5934,36223,9721,9722,36224
5935,36224,9722,9723,36225
5936,36225,9723,9724,36226
5937,36226,9724,9725,36227
5938,36227,9725,9726,36228
5939,36228,9726,9727,36229
5940,36229,9727,9728,36230
5941,36230,9728,9729,36231
5942,36231,9729,9730,36232
5943,36232,9730,9731,36233
5944,36233,9731,9732,36234
5945,36234,9732,9733,36235
5946,36235,9733,9734,36236
5947,36236,9734,9735,36237
5948,36237,9735,9736,36238
5949,36238,9736,9737,36239
5950,36239,9737,9738,36240
5951,36240,9738,9739,36241
5952,36241,9739,9740,36242
5953,36242,9740,9741,36243
5954,36243,9741,9742,36244
5955,36244,9742,9743,36245
5956,36245,9743,9744,36246
5957,36246,9744,9745,36247
5958,36247,9745,9746,36248
5959,36248,9746,9747,36249
5960,36249,9747,9748,36250
5961,36250,9748,9749,36251
5962,36251,9749,9750,36252
5963,36252,9750,9751,36253
5964,36253,9751,9752,36254
5965,36254,9752,9753,36255
5966,36255,9753,9754,36256
5967,36256,9754,9755,36257
5968,36257,9755,9756,36258
5969,36258,9756,9757,36259
5970,36259,9757,9758,36260
5971,36260,9758,9759,36261
5972,36261,9759,9760,36262
5973,36262,9760,9761,36263
5974,36263,9761,9762,36264
5975,36264,9762,9763,36265
5976,36265,9763,9764,36266
5977,36266,9764,9765,36267
5978,36267,9765,9766,36268
5979,36268,9766,9767,36269
5980,36269,9767,9768,36270
5981,36270,9768,9769,36271
5982,36271,9769,9770,36272
5983,36272,9770,9771,36273
5984,36273,9771,9772,36274
5985,36274,9772,9773,36275
5986,36275,9773,9774,36276
5987,36276,9774,9775,36277
5988,36277,9775,9776,36278
5989,36278,9776,9777,36279
5990,36279,9777,9778,36280
5991,36280,9778,9779,36281
5992,36281,9779,9780,36282
5993,36282,9780,9781,36283
5994,36283,9781,9782,36284
5995,36284,9782,9783,36285
5996,36285,9783,9784,36286
5997,36286,9784,9785,36287
5998,36287,9785,9786,36288
5999,36288,9786,9787,36289
6000,36289,9787,9788,36290
6001,36290,9788,9789,36291
6002,36291,9789,9790,36292
6003,36292,9790,9791,36293
6004,36293,9791,9792,36294
6005,36294,9792,9793,36295
6006,36295,9793,9794,36296
6007,36296,9794,9795,36297
6008,36297,9795,9796,36298
6009,36298,9796,9797,36299
6010,36299,9797,9798,36300
6011,36300,9798,9799,36301
6012,36301,9799,9800,36302
6013,36302,9800,9801,36303
6014,36303,9801,9802,36304
6015,36304,9802,9803,36305
6016,36305,9803,9804,36306
6017,36306,9804,9805,36307
6018,36307,9805,9806,36308
6019,36308,9806,9807,36309
6020,36309,9807,9808,36310
6021,36310,9808,9809,36311
6022,36311,9809,9810,36312
6023,36312,9810,9811,36313
6024,36313,9811,9812,36314
6025,36314,9812,9813,36315
6026,36315,9813,9814,36316
6027,36316,9814,9815,36317
6028,36317,9815,9816,36318
6029,36318,9816,9817,36319
6030,36319,9817,9818,36320
6031,36320,9818,9819,36321
6032,36321,9819,9820,36322
6033,36322,9820,9821,36323
6034,36323,9821,9822,36324
6035,36324,9822,9823,36325
6036,36325,9823,9824,36326
6037,36326,9824,9825,36327
6038,36327,9825,9826,36328
6039,36328,9826,9827,36329
6040,36329,9827,9828,36330
6041,36330,9828,9829,36331
6042,36331,9829,9830,36332
6043,36332,9830,9831,36333
6044,36333,9831,9832,36334
6045,36334,9832,9833,36335
6046,36335,9833,9834,36336
6047,36336,9834,9835,36337
6048,36337,9835,9836,36338
6049,36338,9836,9837,36339
6050,36339,9837,9838,36340
6051,36340,9838,9839,36341
6052,36341,9839,9840,36342
6053,36342,9840,9841,36343
6054,36343,9841,9842,36344
6055,36344,9842,9843,36345
6056,36345,9843,9844,36346
6057,36346,9844,9845,36347
6058,36347,9845,9846,36348
6059,36348,9846,9847,36349
6060,36349,9847,9848,36350
6061,36350,9848,9849,36351
6062,36351,9849,9850,36352
6063,36352,9850,9851,36353
6064,36353,9851,9852,36354
6065,36354,9852,9853,36355
6066,36355,9853,9854,36356
6067,36356,9854,9855,36357
6068,36357,9855,9856,36358
6069,36358,9856,9857,36359
6070,36359,9857,9858,36360
6071,36360,9858,9859,36361
6072,36361,9859,9860,36362
6073,36362,9860,9861,36363
6074,36363,9861,9862,36364
6075,36364,9862,9863,36365
6076,36365,9863,9864,36366
6077,36366,9864,9865,36367
6078,36367,9865,9866,36368
6079,36368,9866,9867,36369
6080,36369,9867,9868,36370
6081,36370,9868,9869,36371
6082,36371,9869,9870,36372
6083,36372,9870,9871,36373
6084,36373,9871,9872,36374
6085,36374,9872,9873,36375
6086,36375,9873,9874,36376
6087,36376,9874,9875,36377
6088,36377,9875,9876,36378
6089,36378,9876,9877,36379
6090,36379,9877,9878,36380
6091,36380,9878,9879,36381
6092,36381,9879,9880,36382
6093,36382,9880,9881,36383
6094,36383,9881,9882,36384
6095,36384,9882,9883,36385
6096,36385,9883,9884,36386
6097,36386,9884,9885,36387
6098,36387,9885,9886,36388
6099,36388,9886,9887,36389
6100,36389,9887,9888,36390
6101,36390,9888,9889,36391
6102,36391,9889,9890,36392
6103,36392,9890,9891,36393
6104,36393,9891,9892,36394
6105,36394,9892,9893,36395
6106,36395,9893,9894,36396
6107,36396,9894,9895,36397
6108,36397,9895,9896,36398
6109,36398,9896,9897,36399
6110,36399,9897,9898,36400
6111,36400,9898,9899,36401
6112,36401,9899,9900,36402
6113,36402,9900,9901,36403
6114,36403,9901,9902,36404
6115,36404,9902,9903,36405
6116,36405,9903,9904,36406
6117,36406,9904,9905,36407
6118,36407,9905,9906,36408
6119,36408,9906,9907,36409
6120,36409,9907,9908,36410
6121,36410,9908,9909,36411
6122,36411,9909,9910,36412
6123,36412,9910,9911,36413
6124,36413,9911,9912,36414
6125,36414,9912,9913,36415
6126,36415,9913,9914,36416
6127,36416,9914,9915,36417
6128,36417,9915,9916,36418
6129,36418,9916,9917,36419
6130,36419,9917,9918,36420
6131,36420,9918,9919,36421
6132,36421,9919,9920,36422
6133,36422,9920,9921,36423
6134,36423,9921,9922,36424
6135,36424,9922,9923,36425
6136,36425,9923,9924,36426
6137,36426,9924,9925,36427
6138,36427,9925,9926,36428
6139,36428,9926,9927,36429
6140,36429,9927,9928,36430
6141,36430,9928,9929,36431
6142,36431,9929,9930,36432
6143,36432,9930,9931,36433
6144,36433,9931,9932,36434
6145,36434,9932,9933,36435
6146,36435,9933,9934,36436
6147,36436,9934,9935,36437
6148,36437,9935,9936,36438
6149,36438,9936,9937,36439
6150,36439,9937,9938,36440
6151,36440,9938,9939,36441
6152,36441,9939,9940,36442
6153,36442,9940,9941,36443
6154,36443,9941,9942,36444
6155,36444,9942,9943,36445
6156,36445,9943,9944,36446
6157,36446,9944,9945,36447
6158,36447,9945,9946,36448
6159,36448,9946,9947,36449
6160,36449,9947,9948,36450
6161,36450,9948,9949,36451
6162,36451,9949,9950,36452
6163,36452,9950,9951,36453
6164,36453,9951,9952,36454
6165,36454,9952,9953,36455
6166,36455,9953,9954,36456
6167,36456,9954,9955,36457
6168,36457,9955,9956,36458
6169,36458,9956,9957,36459
6170,36459,9957,9958,36460
6171,36460,9958,9959,36461
6172,36461,9959,9960,36462
6173,36462,9960,9961,36463
6174,36463,9961,9962,36464
6175,36464,9962,9963,36465
6176,36465,9963,9964,36466
6177,36466,9964,9965,36467
6178,36467,9965,9966,36468
6179,36468,9966,9967,36469
6180,36469,9967,9968,36470
6181,36470,9968,9969,36471
6182,36471,9969,9970,36472
6183,36472,9970,9971,36473
6184,36473,9971,9972,36474
6185,36474,9972,9973,36475
6186,36475,9973,9974,36476
6187,36476,9974,9975,36477
6188,36477,9975,9976,36478
6189,36478,9976,9977,36479
6190,36479,9977,9978,36480
6191,36480,9978,9979,36481
6192,36481,9979,9980,36482
6193,36482,9980,9981,36483
6194,36483,9981,9982,36484
6195,36484,9982,9983,36485
6196,36485,9983,9984,36486
6197,36486,9984,9985,36487
6198,36487,9985,9986,36488
6199,36488,9986,9987,36489
6200,36489,9987,9988,36490
6201,36490,9988,9989,36491
6202,36491,9989,9990,36492
6203,36492,9990,9991,36493
6204,36493,9991,9992,36494
6205,36494,9992,9993,36495
6206,36495,9993,9994,36496
6207,36496,9994,9995,36497
6208,36497,9995,9996,36498
6209,36498,9996,9997,36499
6210,36499,9997,9998,36500
6211,36500,9998,9999,36501
6212,36501,9999,10000,36502
6213,36502,10000,10001,36503
6214,36503,10001,10002,36504
6215,36504,10002,10003,36505
6216,36505,10003,10004,36506
6217,36506,10004,10005,36507
6218,36507,10005,10006,36508
6219,36508,10006,10007,36509
6220,36509,10007,10008,36510
6221,36510,10008,10009,36511
6222,36511,10009,10010,36512
6223,36512,10010,10011,36513
6224,36513,10011,10012,36514
6225,36514,10012,10013,36515
6226,36515,10013,10014,36516
6227,36516,10014,10015,36517
6228,36517,10015,10016,36518
6229,36518,10016,10017,36519
6230,36519,10017,10018,36520
6231,36520,10018,10019,36521
6232,36521,10019,10020,36522
6233,36522,10020,10021,36523
6234,36523,10021,10022,36524
6235,36524,10022,10023,36525
6236,36525,10023,10024,36526
6237,36526,10024,10025,36527
6238,36527,10025,10026,36528
6239,36528,10026,10027,36529
6240,36529,10027,10028,36530
6241,36530,10028,10029,36531
6242,36531,10029,10030,36532
6243,36532,10030,10031,36533
6244,36533,10031,10032,36534
6245,36534,10032,10033,36535
6246,36535,10033,10034,36536
6247,36536,10034,10035,36537
6248,36537,10035,10036,36538
6249,36538,10036,10037,36539
6250,36539,10037,10038,36540
6251,36540,10038,10039,36541
6252,36541,10039,10040,36542
6253,36542,10040,10041,36543
6254,36543,10041,10042,36544
6255,36544,10042,10043,36545
6256,36545,10043,10044,36546
6257,36546,10044,10045,36547
6258,36547,10045,10046,36548
6259,36548,10046,10047,36549
6260,36549,10047,10048,36550
6261,36550,10048,10049,36551
6262,36551,10049,10050,36552
6263,36552,10050,10051,36553
6264,36553,10051,10052,36554
6265,36554,10052,10053,36555
6266,36555,10053,10054,36556
6267,36556,10054,10055,36557
6268,36557,10055,10056,36558
6269,36558,10056,10057,36559
6270,36559,10057,10058,36560
6271,36560,10058,10059,36561
6272,36561,10059,10060,36562
6273,36562,10060,10061,36563
6274,36563,10061,10062,36564
6275,36564,10062,10063,36565
6276,36565,10063,10064,36566
6277,36566,10064,10065,36567
6278,36567,10065,10066,36568
6279,36568,10066,10067,36569
6280,36569,10067,10068,36570
6281,36570,10068,10069,36571
6282,36571,10069,10070,36572
6283,36572,10070,10071,36573
6284,36573,10071,10072,36574
6285,36574,10072,10073,36575
6286,36575,10073,10074,36576
6287,36576,10074,10075,36577
6288,36577,10075,10076,36578
6289,36578,10076,10077,36579
6290,36579,10077,10078,36580
6291,36580,10078,10079,36581
6292,36581,10079,10080,36582
6293,36582,10080,10081,36583
6294,36583,10081,10082,36584
6295,36584,10082,10083,36585
6296,36585,10083,10084,36586
6297,36586,10084,10085,36587
6298,36587,10085,10086,36588
6299,36588,10086,10087,36589
6300,36589,10087,10088,36590
6301,36590,10088,10089,36591
6302,36591,10089,10090,36592
6303,36592,10090,10091,36593
6304,36593,10091,10092,36594
6305,36594,10092,10093,36595
6306,36595,10093,10094,36596
6307,36596,10094,10095,36597
6308,36597,10095,10096,36598
6309,36598,10096,10097,36599
6310,36599,10097,10098,36600
6311,36600,10098,10099,36601
6312,36601,10099,10100,36602
6313,36602,10100,10101,36603
6314,36603,10101,10102,36604
6315,36604,10102,10103,36605
6316,36605,10103,10104,36606
6317,36606,10104,10105,36607
6318,36607,10105,10106,36608
6319,36608,10106,10107,36609
6320,36609,10107,10108,36610
6321,36610,10108,10109,36611
6322,36611,10109,10110,36612
6323,36612,10110,10111,36613
6324,36613,10111,10112,36614
6325,36614,10112,10113,36615
6326,36615,10113,10114,36616
6327,36616,10114,10115,36617
6328,36617,10115,10116,36618
6329,36618,10116,10117,36619
6330,36619,10117,10118,36620
6331,36620,10118,10119,36621
6332,36621,10119,10120,36622
6333,36622,10120,10121,36623
6334,36623,10121,10122,36624
6335,36624,10122,10123,36625
6336,36625,10123,10124,36626
6337,36626,10124,10125,36627
6338,36627,10125,10126,36628
6339,36628,10126,10127,36629
6340,36629,10127,10128,36630
6341,36630,10128,10129,36631
6342,36631,10129,10130,36632
6343,36632,10130,10131,36633
6344,36633,10131,10132,36634
6345,36634,10132,10133,36635
6346,36635,10133,10134,36636
6347,36636,10134,10135,36637
6348,36637,10135,10136,36638
6349,36638,10136,10137,36639
6350,36639,10137,10138,36640
6351,36640,10138,10139,36641
6352,36641,10139,10140,36642
6353,36642,10140,10141,36643
6354,36643,10141,10142,36644
6355,36644,10142,10143,36645
6356,36645,10143,10144,36646
6357,36646,10144,10145,36647
6358,36647,10145,10146,36648
6359,36648,10146,10147,36649
6360,36649,10147,10148,36650
6361,36650,10148,10149,36651
6362,36651,10149,10150,36652
6363,36652,10150,10151,36653
6364,36653,10151,10152,36654
6365,36654,10152,10153,36655
6366,36655,10153,10154,36656
6367,36656,10154,10155,36657
6368,36657,10155,10156,36658
6369,36658,10156,10157,36659
6370,36659,10157,10158,36660
6371,36660,10158,10159,36661
6372,36661,10159,10160,36662
6373,36662,10160,10161,36663
6374,36663,10161,10162,36664
6375,36664,10162,10163,36665
6376,36665,10163,10164,36666
6377,36666,10164,10165,36667
6378,36667,10165,10166,36668
6379,36668,10166,10167,36669
6380,36669,10167,10168,36670
6381,36670,10168,10169,36671
6382,36671,10169,10170,36672
6383,36672,10170,10171,36673
6384,36673,10171,10172,36674
6385,36674,10172,10173,36675
6386,36675,10173,10174,36676
6387,36676,10174,10175,36677
6388,36677,10175,10176,36678
6389,36678,10176,10177,36679
6390,36679,10177,10178,36680
6391,36680,10178,10179,36681
6392,36681,10179,10180,36682
6393,36682,10180,10181,36683
6394,36683,10181,10182,36684
6395,36684,10182,10183,36685
6396,36685,10183,10184,36686
6397,36686,10184,10185,36687
6398,36687,10185,10186,36688
6399,36688,10186,10187,36689
6400,36689,10187,10188,36690
6401,36690,10188,10189,36691
6402,36691,10189,10190,36692
6403,36692,10190,10191,36693
6404,36693,10191,10192,36694
6405,36694,10192,10193,36695
6406,36695,10193,10194,36696
6407,36696,10194,10195,36697
6408,36697,10195,10196,36698
6409,36698,10196,10197,36699
6410,36699,10197,10198,36700
6411,36700,10198,10199,36701
6412,36701,10199,10200,36702
6413,36702,10200,10201,36703
6414,36703,10201,10202,36704
6415,36704,10202,10203,36705
6416,36705,10203,10204,36706
6417,36706,10204,10205,36707
6418,36707,10205,10206,36708
6419,36708,10206,10207,36709
6420,36709,10207,10208,36710
6421,36710,10208,10209,36711
6422,36711,10209,10210,36712
6423,36712,10210,10211,36713
6424,36713,10211,10212,36714
6425,36714,10212,10213,36715
6426,36715,10213,10214,36716
6427,36716,10214,10215,36717
6428,36717,10215,10216,36718
6429,36718,10216,10217,36719
6430,36719,10217,10218,36720
6431,36720,10218,10219,36721
6432,36721,10219,10220,36722
6433,36722,10220,10221,36723
6434,36723,10221,10222,36724
6435,36724,10222,10223,36725
6436,36725,10223,10224,36726
6437,36726,10224,10225,36727
6438,36727,10225,10226,36728
6439,36728,10226,10227,36729
6440,36729,10227,10228,36730
6441,36730,10228,10229,36731
6442,36731,10229,10230,36732
6443,36732,10230,10231,36733
6444,36733,10231,10232,36734
6445,36734,10232,10233,36735
6446,36735,10233,10234,36736
6447,36736,10234,10235,36737
6448,36737,10235,10236,36738
6449,36738,10236,10237,36739
6450,36739,10237,10238,36740
6451,36740,10238,10239,36741
6452,36741,10239,10240,36742
6453,36742,10240,10241,36743
6454,36743,10241,10242,36744
6455,36744,10242,10243,36745
6456,36745,10243,10244,36746
6457,36746,10244,10245,36747
6458,36747,10245,10246,36748
6459,36748,10246,10247,36749
6460,36749,10247,10248,36750
6461,36750,10248,10249,36751
6462,36751,10249,10250,36752
6463,36752,10250,10251,36753
6464,36753,10251,10252,36754
6465,36754,10252,10253,36755
6466,36755,10253,10254,36756
6467,36756,10254,10255,36757
6468,36757,10255,10256,36758
6469,36758,10256,10257,36759
6470,36759,10257,10258,36760
6471,36760,10258,10259,36761
6472,36761,10259,10260,36762
6473,36762,10260,10261,36763
6474,36763,10261,10262,36764
6475,36764,10262,10263,36765
6476,36765,10263,10264,36766
6477,36766,10264,10265,36767
6478,36767,10265,10266,36768
6479,36768,10266,10267,36769
6480,36769,10267,10268,36770
6481,36770,10268,10269,36771
6482,36771,10269,10270,36772
6483,36772,10270,10271,36773
6484,36773,10271,10272,36774
6485,36774,10272,10273,36775
6486,36775,10273,10274,36776
6487,36776,10274,10275,36777
6488,36777,10275,10276,36778
6489,36778,10276,10277,36779
6490,36779,10277,10278,36780
6491,36780,10278,10279,36781
6492,36781,10279,10280,36782
6493,36782,10280,10281,36783
6494,36783,10281,10282,36784
6495,36784,10282,10283,36785
6496,36785,10283,10284,36786
6497,36786,10284,10285,36787
6498,36787,10285,10286,36788
6499,36788,10286,10287,36789
6500,36789,10287,10288,36790
6501,36790,10288,10289,36791
6502,36791,10289,10290,36792
6503,36792,10290,10291,36793
6504,36793,10291,10292,36794
6505,36794,10292,10293,36795
6506,36795,10293,10294,36796
6507,36796,10294,10295,36797
6508,36797,10295,10296,36798
6509,36798,10296,10297,36799
6510,36799,10297,10298,36800
6511,36800,10298,10299,36801
6512,36801,10299,10300,36802
6513,36802,10300,10301,36803
6514,36803,10301,10302,36804
6515,36804,10302,10303,36805
6516,36805,10303,10304,36806
6517,36806,10304,10305,36807
6518,36807,10305,10306,36808
6519,36808,10306,10307,36809
6520,36809,10307,10308,36810
6521,36810,10308,10309,36811
6522,36811,10309,10310,36812
6523,36812,10310,10311,36813
6524,36813,10311,10312,36814
6525,36814,10312,10313,36815
6526,36815,10313,10314,36816
6527,36816,10314,10315,36817
6528,36817,10315,10316,36818
6529,36818,10316,10317,36819
6530,36819,10317,10318,36820
6531,36820,10318,10319,36821
6532,36821,10319,10320,36822
6533,36822,10320,10321,36823
6534,36823,10321,10322,36824
6535,36824,10322,10323,36825
6536,36825,10323,10324,36826
6537,36826,10324,10325,36827
6538,36827,10325,10326,36828
6539,36828,10326,10327,36829
6540,36829,10327,10328,36830
6541,36830,10328,10329,36831
6542,36831,10329,10330,36832
6543,36832,10330,10331,36833
6544,36833,10331,10332,36834
6545,36834,10332,10333,36835
6546,36835,10333,10334,36836
6547,36836,10334,10335,36837
6548,36837,10335,10336,36838
6549,36838,10336,10337,36839
6550,36839,10337,10338,36840
6551,36840,10338,10339,36841
6552,36841,10339,10340,36842
6553,36842,10340,10341,36843
6554,36843,10341,10342,36844
6555,36844,10342,10343,36845
6556,36845,10343,10344,36846
6557,36846,10344,10345,36847
6558,36847,10345,10346,36848
6559,36848,10346,10347,36849
6560,36849,10347,10348,36850
6561,36850,10348,10349,36851
6562,36851,10349,10350,36852
6563,36852,10350,10351,36853
6564,36853,10351,10352,36854
6565,36854,10352,10353,36855
6566,36855,10353,10354,36856
6567,36856,10354,10355,36857
6568,36857,10355,10356,36858
6569,36858,10356,10357,36859
6570,36859,10357,10358,36860
6571,36860,10358,10359,36861
6572,36861,10359,10360,36862
6573,36862,10360,10361,36863
6574,36863,10361,10362,36864
6575,36864,10362,10363,36865
6576,36865,10363,10364,36866
6577,36866,10364,10365,36867
6578,36867,10365,10366,36868
6579,36868,10366,10367,36869
6580,36869,10367,10368,36870
6581,36870,10368,10369,36871
6582,36871,10369,10370,36872
6583,36872,10370,10371,36873
6584,36873,10371,10372,36874
6585,36874,10372,10373,36875
6586,36875,10373,10374,36876
6587,36876,10374,10375,36877
6588,36877,10375,10376,36878
6589,36878,10376,10377,36879
6590,36879,10377,10378,36880
6591,36880,10378,10379,36881
6592,36881,10379,10380,36882
6593,36882,10380,10381,36883
6594,36883,10381,10382,36884
6595,36884,10382,10383,36885
6596,36885,10383,10384,36886
6597,36886,10384,10385,36887
6598,36887,10385,10386,36888
6599,36888,10386,10387,36889
6600,36889,10387,10388,36890
6601,36890,10388,10389,36891
6602,36891,10389,10390,36892
6603,36892,10390,10391,36893
6604,36893,10391,10392,36894
6605,36894,10392,10393,36895
6606,36895,10393,10394,36896
6607,36896,10394,10395,36897
6608,36897,10395,10396,36898
6609,36898,10396,10397,36899
6610,36899,10397,10398,36900
6611,36900,10398,10399,36901
6612,36901,10399,10400,36902
6613,36902,10400,10401,36903
6614,36903,10401,10402,36904
6615,36904,10402,10403,36905
6616,36905,10403,10404,36906
6617,36906,10404,10405,36907
6618,36907,10405,10406,36908
6619,36908,10406,10407,36909
6620,36909,10407,10408,36910
6621,36910,10408,10409,36911
6622,36911,10409,10410,36912
6623,36912,10410,10411,36913
6624,36913,10411,10412,36914
6625,36914,10412,10413,36915
6626,36915,10413,10414,36916
6627,36916,10414,10415,36917
6628,36917,10415,10416,36918
6629,36918,10416,10417,36919
6630,36919,10417,10418,36920
6631,36920,10418,10419,36921
6632,36921,10419,10420,36922
6633,36922,10420,10421,36923
6634,36923,10421,10422,36924
6635,36924,10422,10423,36925
6636,36925,10423,10424,36926
6637,36926,10424,10425,36927
6638,36927,10425,10426,36928
6639,36928,10426,10427,36929
6640,36929,10427,10428,36930
6641,36930,10428,10429,36931
6642,36931,10429,10430,36932
6643,36932,10430,10431,36933
6644,36933,10431,10432,36934
6645,36934,10432,10433,36935
6646,36935,10433,10434,36936
6647,36936,10434,10435,36937
6648,36937,10435,10436,36938
6649,36938,10436,10437,36939
6650,36939,10437,10438,36940
6651,36940,10438,10439,36941
6652,36941,10439,10440,36942
6653,36942,10440,10441,36943
6654,36943,10441,10442,36944
6655,36944,10442,10443,36945
6656,36945,10443,10444,36946
6657,36946,10444,10445,36947
6658,36947,10445,10446,36948
6659,36948,10446,10447,36949
6660,36949,10447,10448,36950
6661,36950,10448,10449,36951
6662,36951,10449,10450,36952
6663,36952,10450,10451,36953
6664,36953,10451,10452,36954
6665,36954,10452,10453,36955
6666,36955,10453,10454,36956
6667,36956,10454,10455,36957
6668,36957,10455,10456,36958
6669,36958,10456,10457,36959
6670,36959,10457,10458,36960
6671,36960,10458,10459,36961
6672,36961,10459,10460,36962
6673,36962,10460,10461,36963
6674,36963,10461,10462,36964
6675,36964,10462,10463,36965
6676,36965,10463,10464,36966
6677,36966,10464,10465,36967
6678,36967,10465,10466,36968
6679,36968,10466,10467,36969
6680,36969,10467,10468,36970
6681,36970,10468,10469,36971
6682,36971,10469,10470,36972
6683,36972,10470,10471,36973
6684,36973,10471,10472,36974
6685,36974,10472,10473,36975
6686,36975,10473,10474,36976
6687,36976,10474,10475,36977
6688,36977,10475,10476,36978
6689,36978,10476,10477,36979
6690,36979,10477,10478,36980
6691,36980,10478,10479,36981
6692,36981,10479,10480,36982
6693,36982,10480,10481,36983
6694,36983,10481,10482,36984
6695,36984,10482,10483,36985
6696,36985,10483,10484,36986
6697,36986,10484,10485,36987
6698,36987,10485,10486,36988
6699,36988,10486,10487,36989
6700,36989,10487,10488,36990
6701,36990,10488,10489,36991
6702,36991,10489,10490,36992
6703,36992,10490,10491,36993
6704,36993,10491,10492,36994
6705,36994,10492,10493,36995
6706,36995,10493,10494,36996
6707,36996,10494,10495,36997
6708,36997,10495,10496,36998
6709,36998,10496,10497,36999
6710,36999,10497,10498,37000
6711,37000,10498,10499,37001
6712,37001,10499,10500,37002
6713,37002,10500,10501,37003
6714,37003,10501,10502,37004
6715,37004,10502,10503,37005
6716,37005,10503,10504,37006
6717,37006,10504,10505,37007
6718,37007,10505,10506,37008
6719,37008,10506,10507,37009
6720,37009,10507,10508,37010
6721,37010,10508,10509,37011
6722,37011,10509,10510,37012
6723,37012,10510,10511,37013
6724,37013,10511,10512,37014
6725,37014,10512,10513,37015
6726,37015,10513,10514,37016
6727,37016,10514,10515,37017
6728,37017,10515,10516,37018
6729,37018,10516,10517,37019
6730,37019,10517,10518,37020
6731,37020,10518,10519,37021
6732,37021,10519,10520,37022
6733,37022,10520,10521,37023
6734,37023,10521,10522,37024
6735,37024,10522,10523,37025
6736,37025,10523,10524,37026
6737,37026,10524,10525,37027
6738,37027,10525,10526,37028
6739,37028,10526,10527,37029
6740,37029,10527,10528,37030
6741,37030,10528,10529,37031
6742,37031,10529,10530,37032
6743,37032,10530,10531,37033
6744,37033,10531,10532,37034
6745,37034,10532,10533,37035
6746,37035,10533,10534,37036
6747,37036,10534,10535,37037
6748,37037,10535,10536,37038
6749,37038,10536,10537,37039
6750,37039,10537,10538,37040
6751,37040,10538,10539,37041
6752,37041,10539,10540,37042
6753,37042,10540,10541,37043
6754,37043,10541,10542,37044
6755,37044,10542,10543,37045
6756,37045,10543,10544,37046
6757,37046,10544,10545,37047
6758,37047,10545,10546,37048
6759,37048,10546,10547,37049
6760,37049,10547,10548,37050
6761,37050,10548,10549,37051
6762,37051,10549,10550,37052
6763,37052,10550,10551,37053
6764,37053,10551,10552,37054
6765,37054,10552,10553,37055
6766,37055,10553,10554,37056
6767,37056,10554,10555,37057
6768,37057,10555,10556,37058
6769,37058,10556,10557,37059
6770,37059,10557,10558,37060
6771,37060,10558,10559,37061
6772,37061,10559,10560,37062
6773,37062,10560,10561,37063
6774,37063,10561,10562,37064
6775,37064,10562,10563,37065
6776,37065,10563,10564,37066
6777,37066,10564,10565,37067
6778,37067,10565,10566,37068
6779,37068,10566,10567,37069
6780,37069,10567,10568,37070
6781,37070,10568,10569,37071
6782,37071,10569,10570,37072
6783,37072,10570,10571,37073
6784,37073,10571,10572,37074
6785,37074,10572,10573,37075
6786,37075,10573,10574,37076
6787,37076,10574,10575,37077
6788,37077,10575,10576,37078
6789,37078,10576,10577,37079
6790,37079,10577,10578,37080
6791,37080,10578,10579,37081
6792,37081,10579,10580,37082
6793,37082,10580,10581,37083
6794,37083,10581,10582,37084
6795,37084,10582,10583,37085
6796,37085,10583,10584,37086
6797,37086,10584,10585,37087
6798,37087,10585,10586,37088
6799,37088,10586,10587,37089
6800,37089,10587,10588,37090
6801,37090,10588,10589,37091
6802,37091,10589,10590,37092
6803,37092,10590,10591,37093
6804,37093,10591,10592,37094
6805,37094,10592,10593,37095
6806,37095,10593,10594,37096
6807,37096,10594,10595,37097
6808,37097,10595,10596,37098
6809,37098,10596,10597,37099
6810,37099,10597,10598,37100
6811,37100,10598,10599,37101
6812,37101,10599,10600,37102
6813,37102,10600,10601,37103
6814,37103,10601,10602,37104
6815,37104,10602,10603,37105
6816,37105,10603,10604,37106
6817,37106,10604,10605,37107
6818,37107,10605,10606,37108
6819,37108,10606,10607,37109
6820,37109,10607,10608,37110
6821,37110,10608,10609,37111
6822,37111,10609,10610,37112
6823,37112,10610,10611,37113
6824,37113,10611,10612,37114
6825,37114,10612,10613,37115
6826,37115,10613,10614,37116
6827,37116,10614,10615,37117
6828,37117,10615,10616,37118
6829,37118,10616,10617,37119
6830,37119,10617,10618,37120
6831,37120,10618,10619,37121
6832,37121,10619,10620,37122
6833,37122,10620,10621,37123
6834,37123,10621,10622,37124
6835,37124,10622,10623,37125
6836,37125,10623,10624,37126
6837,37126,10624,10625,37127
6838,37127,10625,10626,37128
6839,37128,10626,10627,37129
6840,37129,10627,10628,37130
6841,37130,10628,10629,37131
6842,37131,10629,10630,37132
6843,37132,10630,10631,37133
6844,37133,10631,10632,37134
6845,37134,10632,10633,37135
6846,37135,10633,10634,37136
6847,37136,10634,10635,37137
6848,37137,10635,10636,37138
6849,37138,10636,10637,37139
6850,37139,10637,10638,37140
6851,37140,10638,10639,37141
6852,37141,10639,10640,37142
6853,37142,10640,10641,37143
6854,37143,10641,10642,37144
6855,37144,10642,10643,37145
6856,37145,10643,10644,37146
6857,37146,10644,10645,37147
6858,37147,10645,10646,37148
6859,37148,10646,10647,37149
6860,37149,10647,10648,37150
6861,37150,10648,10649,37151
6862,37151,10649,10650,37152
6863,37152,10650,10651,37153
6864,37153,10651,10652,37154
6865,37154,10652,10653,37155
6866,37155,10653,10654,37156
6867,37156,10654,10655,37157
6868,37157,10655,10656,37158
6869,37158,10656,10657,37159
6870,37159,10657,10658,37160
6871,37160,10658,10659,37161
6872,37161,10659,10660,37162
6873,37162,10660,10661,37163
6874,37163,10661,10662,37164
6875,37164,10662,10663,37165
6876,37165,10663,10664,37166
6877,37166,10664,10665,37167
6878,37167,10665,10666,37168
6879,37168,10666,10667,37169
6880,37169,10667,10668,37170
6881,37170,10668,10669,37171
6882,37171,10669,10670,37172
6883,37172,10670,10671,37173
6884,37173,10671,10672,37174
6885,37174,10672,10673,37175
6886,37175,10673,10674,37176
6887,37176,10674,10675,37177
6888,37177,10675,10676,37178
6889,37178,10676,10677,37179
6890,37179,10677,10678,37180
6891,37180,10678,10679,37181
6892,37181,10679,10680,37182
6893,37182,10680,10681,37183
6894,37183,10681,10682,37184
6895,37184,10682,10683,37185
6896,37185,10683,10684,37186
6897,37186,10684,10685,37187
6898,37187,10685,10686,37188
6899,37188,10686,10687,37189
6900,37189,10687,10688,37190
6901,37190,10688,10689,37191
6902,37191,10689,10690,37192
6903,37192,10690,10691,37193
6904,37193,10691,10692,37194
6905,37194,10692,10693,37195
6906,37195,10693,10694,37196
6907,37196,10694,10695,37197
6908,37197,10695,10696,37198
6909,37198,10696,10697,37199
6910,37199,10697,10698,37200
6911,37200,10698,10699,37201
6912,37201,10699,10700,37202
6913,37202,10700,10701,37203
6914,37203,10701,10702,37204
6915,37204,10702,10703,37205
6916,37205,10703,10704,37206
6917,37206,10704,10705,37207
6918,37207,10705,10706,37208
6919,37208,10706,10707,37209
6920,37209,10707,10708,37210
6921,37210,10708,10709,37211
6922,37211,10709,10710,37212
6923,37212,10710,10711,37213
6924,37213,10711,10712,37214
6925,37214,10712,10713,37215
6926,37215,10713,10714,37216
6927,37216,10714,10715,37217
6928,37217,10715,10716,37218
6929,37218,10716,10717,37219
6930,37219,10717,10718,37220
6931,37220,10718,10719,37221
6932,37221,10719,10720,37222
6933,37222,10720,10721,37223
6934,37223,10721,10722,37224
6935,37224,10722,10723,37225
6936,37225,10723,10724,37226
6937,37226,10724,10725,37227
6938,37227,10725,10726,37228
6939,37228,10726,10727,37229
6940,37229,10727,10728,37230
6941,37230,10728,10729,37231
6942,37231,10729,10730,37232
6943,37232,10730,10731,37233
6944,37233,10731,10732,37234
6945,37234,10732,10733,37235
6946,37235,10733,10734,37236
6947,37236,10734,10735,37237
6948,37237,10735,10736,37238
6949,37238,10736,10737,37239
6950,37239,10737,10738,37240
6951,37240,10738,10739,37241
6952,37241,10739,10740,37242
6953,37242,10740,10741,37243
6954,37243,10741,10742,37244
6955,37244,10742,10743,37245
6956,37245,10743,10744,37246
6957,37246,10744,10745,37247
6958,37247,10745,10746,37248
6959,37248,10746,10747,37249
6960,37249,10747,10748,37250
6961,37250,10748,10749,37251
6962,37251,10749,10750,37252
6963,37252,10750,10751,37253
6964,37253,10751,10752,37254
6965,37254,10752,10753,37255
6966,37255,10753,10754,37256
6967,37256,10754,10755,37257
6968,37257,10755,10756,37258
6969,37258,10756,10757,37259
6970,37259,10757,10758,37260
6971,37260,10758,10759,37261
6972,37261,10759,10760,37262
6973,37262,10760,10761,37263
6974,37263,10761,10762,37264
6975,37264,10762,10763,37265
6976,37265,10763,10764,37266
6977,37266,10764,10765,37267
6978,37267,10765,10766,37268
6979,37268,10766,10767,37269
6980,37269,10767,10768,37270
6981,37270,10768,10769,37271
6982,37271,10769,10770,37272
6983,37272,10770,10771,37273
6984,37273,10771,10772,37274
6985,37274,10772,10773,37275
6986,37275,10773,10774,37276
6987,37276,10774,10775,37277
6988,37277,10775,10776,37278
6989,37278,10776,10777,37279
6990,37279,10777,10778,37280
6991,37280,10778,10779,37281
6992,37281,10779,10780,37282
6993,37282,10780,10781,37283
6994,37283,10781,10782,37284
6995,37284,10782,10783,37285
6996,37285,10783,10784,37286
6997,37286,10784,10785,37287
6998,37287,10785,10786,37288
6999,37288,10786,10787,37289
7000,37289,10787,10788,37290
7001,37290,10788,10789,37291
7002,37291,10789,10790,37292
7003,37292,10790,10791,37293
7004,37293,10791,10792,37294
7005,37294,10792,10793,37295
7006,37295,10793,10794,37296
7007,37296,10794,10795,37297
7008,37297,10795,10796,37298
7009,37298,10796,10797,37299
7010,37299,10797,10798,37300
7011,37300,10798,10799,37301
7012,37301,10799,10800,37302
7013,37302,10800,10801,37303
7014,37303,10801,10802,37304
7015,37304,10802,10803,37305
7016,37305,10803,10804,37306
7017,37306,10804,10805,37307
7018,37307,10805,10806,37308
7019,37308,10806,10807,37309
7020,37309,10807,10808,37310
7021,37310,10808,10809,37311
7022,37311,10809,10810,37312
7023,37312,10810,10811,37313
7024,37313,10811,10812,37314
7025,37314,10812,10813,37315
7026,37315,10813,10814,37316
7027,37316,10814,10815,37317
7028,37317,10815,10816,37318
7029,37318,10816,10817,37319
7030,37319,10817,10818,37320
7031,37320,10818,10819,37321
7032,37321,10819,10820,37322
7033,37322,10820,10821,37323
7034,37323,10821,10822,37324
7035,37324,10822,10823,37325
7036,37325,10823,10824,37326
7037,37326,10824,10825,37327
7038,37327,10825,10826,37328
7039,37328,10826,10827,37329
7040,37329,10827,10828,37330
7041,37330,10828,10829,37331
7042,37331,10829,10830,37332
7043,37332,10830,10831,37333
7044,37333,10831,10832,37334
7045,37334,10832,10833,37335
7046,37335,10833,10834,37336
7047,37336,10834,10835,37337
7048,37337,10835,10836,37338
7049,37338,10836,10837,37339
7050,37339,10837,10838,37340
7051,37340,10838,10839,37341
7052,37341,10839,10840,37342
7053,37342,10840,10841,37343
7054,37343,10841,10842,37344
7055,37344,10842,10843,37345
7056,37345,10843,10844,37346
7057,37346,10844,10845,37347
7058,37347,10845,10846,37348
7059,37348,10846,10847,37349
7060,37349,10847,10848,37350
7061,37350,10848,10849,37351
7062,37351,10849,10850,37352
7063,37352,10850,10851,37353
7064,37353,10851,10852,37354
7065,37354,10852,10853,37355
7066,37355,10853,10854,37356
7067,37356,10854,10855,37357
7068,37357,10855,10856,37358
7069,37358,10856,10857,37359
7070,37359,10857,10858,37360
7071,37360,10858,10859,37361
7072,37361,10859,10860,37362
7073,37362,10860,10861,37363
7074,37363,10861,10862,37364
7075,37364,10862,10863,37365
7076,37365,10863,10864,37366
7077,37366,10864,10865,37367
7078,37367,10865,10866,37368
7079,37368,10866,10867,37369
7080,37369,10867,10868,37370
7081,37370,10868,10869,37371
7082,37371,10869,10870,37372
7083,37372,10870,10871,37373
7084,37373,10871,10872,37374
7085,37374,10872,10873,37375
7086,37375,10873,10874,37376
7087,37376,10874,10875,37377
7088,37377,10875,10876,37378
7089,37378,10876,10877,37379
7090,37379,10877,10878,37380
7091,37380,10878,10879,37381
7092,37381,10879,10880,37382
7093,37382,10880,10881,37383
7094,37383,10881,10882,37384
7095,37384,10882,10883,37385
7096,37385,10883,10884,37386
7097,37386,10884,10885,37387
7098,37387,10885,10886,37388
7099,37388,10886,10887,37389
7100,37389,10887,10888,37390
7101,37390,10888,10889,37391
7102,37391,10889,10890,37392
7103,37392,10890,10891,37393
7104,37393,10891,10892,37394
7105,37394,10892,10893,37395
7106,37395,10893,10894,37396
7107,37396,10894,10895,37397
7108,37397,10895,10896,37398
7109,37398,10896,10897,37399
7110,37399,10897,10898,37400
7111,37400,10898,10899,37401
7112,37401,10899,10900,37402
7113,37402,10900,10901,37403
7114,37403,10901,10902,37404
7115,37404,10902,10903,37405
7116,37405,10903,10904,37406
7117,37406,10904,10905,37407
7118,37407,10905,10906,37408
7119,37408,10906,10907,37409
7120,37409,10907,10908,37410
7121,37410,10908,10909,37411
7122,37411,10909,10910,37412
7123,37412,10910,10911,37413
7124,37413,10911,10912,37414
7125,37414,10912,10913,37415
7126,37415,10913,10914,37416
7127,37416,10914,10915,37417
7128,37417,10915,10916,37418
7129,37418,10916,10917,37419
7130,37419,10917,10918,37420
7131,37420,10918,10919,37421
7132,37421,10919,10920,37422
7133,37422,10920,10921,37423
7134,37423,10921,10922,37424
7135,37424,10922,10923,37425
7136,37425,10923,10924,37426
7137,37426,10924,10925,37427
7138,37427,10925,10926,37428
7139,37428,10926,10927,37429
7140,37429,10927,10928,37430
7141,37430,10928,10929,37431
7142,37431,10929,10930,37432
7143,37432,10930,10931,37433
7144,37433,10931,10932,37434
7145,37434,10932,10933,37435
7146,37435,10933,10934,37436
7147,37436,10934,10935,37437
7148,37437,10935,10936,37438
7149,37438,10936,10937,37439
7150,37439,10937,10938,37440
7151,37440,10938,10939,37441
7152,37441,10939,10940,37442
7153,37442,10940,10941,37443
7154,37443,10941,10942,37444
7155,37444,10942,10943,37445
7156,37445,10943,10944,37446
7157,37446,10944,10945,37447
7158,37447,10945,10946,37448
7159,37448,10946,10947,37449
7160,37449,10947,10948,37450
7161,37450,10948,10949,37451
7162,37451,10949,10950,37452
7163,37452,10950,10951,37453
7164,37453,10951,10952,37454
7165,37454,10952,10953,37455
7166,37455,10953,10954,37456
7167,37456,10954,10955,37457
7168,37457,10955,10956,37458
7169,37458,10956,10957,37459
7170,37459,10957,10958,37460
7171,37460,10958,10959,37461
7172,37461,10959,10960,37462
7173,37462,10960,10961,37463
7174,37463,10961,10962,37464
7175,37464,10962,10963,37465
7176,37465,10963,10964,37466
7177,37466,10964,10965,37467
7178,37467,10965,10966,37468
7179,37468,10966,10967,37469
7180,37469,10967,10968,37470
7181,37470,10968,10969,37471
7182,37471,10969,10970,37472
7183,37472,10970,10971,37473
7184,37473,10971,10972,37474
7185,37474,10972,10973,37475
7186,37475,10973,10974,37476
7187,37476,10974,10975,37477
7188,37477,10975,10976,37478
7189,37478,10976,10977,37479
7190,37479,10977,10978,37480
7191,37480,10978,10979,37481
7192,37481,10979,10980,37482
7193,37482,10980,10981,37483
7194,37483,10981,10982,37484
7195,37484,10982,10983,37485
7196,37485,10983,10984,37486
7197,37486,10984,10985,37487
7198,37487,10985,10986,37488
7199,37488,10986,10987,37489
7200,37489,10987,10988,37490
7201,37490,10988,10989,37491
7202,37491,10989,10990,37492
7203,37492,10990,10991,37493
7204,37493,10991,10992,37494
7205,37494,10992,10993,37495
7206,37495,10993,10994,37496
7207,37496,10994,10995,37497
7208,37497,10995,10996,37498
7209,37498,10996,10997,37499
7210,37499,10997,10998,37500
7211,37500,10998,10999,37501
7212,37501,10999,11000,37502
7213,37502,11000,11001,37503
7214,37503,11001,11002,37504
7215,37504,11002,11003,37505
7216,37505,11003,11004,37506
7217,37506,11004,11005,37507
7218,37507,11005,11006,37508
7219,37508,11006,11007,37509
7220,37509,11007,11008,37510
7221,37510,11008,11009,37511
7222,37511,11009,11010,37512
7223,37512,11010,11011,37513
7224,37513,11011,11012,37514
7225,37514,11012,11013,37515
7226,37515,11013,11014,37516
7227,37516,11014,11015,37517
7228,37517,11015,11016,37518
7229,37518,11016,11017,37519
7230,37519,11017,11018,37520
7231,37520,11018,11019,37521
7232,37521,11019,11020,37522
7233,37522,11020,11021,37523
7234,37523,11021,11022,37524
7235,37524,11022,11023,37525
7236,37525,11023,11024,37526
7237,37526,11024,11025,37527
7238,37527,11025,11026,37528
7239,37528,11026,11027,37529
7240,37529,11027,11028,37530
7241,37530,11028,11029,37531
7242,37531,11029,11030,37532
7243,37532,11030,11031,37533
7244,37533,11031,11032,37534
7245,37534,11032,11033,37535
7246,37535,11033,11034,37536
7247,37536,11034,11035,37537
7248,37537,11035,11036,37538
7249,37538,11036,11037,37539
7250,37539,11037,11038,37540
7251,37540,11038,11039,37541
7252,37541,11039,11040,37542
7253,37542,11040,11041,37543
7254,37543,11041,11042,37544
7255,37544,11042,11043,37545
7256,37545,11043,11044,37546
7257,37546,11044,11045,37547
7258,37547,11045,11046,37548
7259,37548,11046,11047,37549
7260,37549,11047,11048,37550
7261,37550,11048,11049,37551
7262,37551,11049,11050,37552
7263,37552,11050,11051,37553
7264,37553,11051,11052,37554
7265,37554,11052,11053,37555
7266,37555,11053,11054,37556
7267,37556,11054,11055,37557
7268,37557,11055,11056,37558
7269,37558,11056,11057,37559
7270,37559,11057,11058,37560
7271,37560,11058,11059,37561
7272,37561,11059,11060,37562
7273,37562,11060,11061,37563
7274,37563,11061,11062,37564
7275,37564,11062,11063,37565
7276,37565,11063,11064,37566
7277,37566,11064,11065,37567
7278,37567,11065,11066,37568
7279,37568,11066,11067,37569
7280,37569,11067,11068,37570
7281,37570,11068,11069,37571
7282,37571,11069,11070,37572
7283,37572,11070,11071,37573
7284,37573,11071,11072,37574
7285,37574,11072,11073,37575
7286,37575,11073,11074,37576
7287,37576,11074,11075,37577
7288,37577,11075,11076,37578
7289,37578,11076,11077,37579
7290,37579,11077,11078,37580
7291,37580,11078,11079,37581
7292,37581,11079,11080,37582
7293,37582,11080,11081,37583
7294,37583,11081,11082,37584
7295,37584,11082,11083,37585
7296,37585,11083,11084,37586
7297,37586,11084,11085,37587
7298,37587,11085,11086,37588
7299,37588,11086,11087,37589
7300,37589,11087,11088,37590
7301,37590,11088,11089,37591
7302,37591,11089,11090,37592
7303,37592,11090,11091,37593
7304,37593,11091,11092,37594
7305,37594,11092,11093,37595
7306,37595,11093,11094,37596
7307,37596,11094,11095,37597
7308,37597,11095,11096,37598
7309,37598,11096,11097,37599
7310,37599,11097,11098,37600
7311,37600,11098,11099,37601
7312,37601,11099,11100,37602
7313,37602,11100,11101,37603
7314,37603,11101,11102,37604
7315,37604,11102,11103,37605
7316,37605,11103,11104,37606
7317,37606,11104,11105,37607
7318,37607,11105,11106,37608
7319,37608,11106,11107,37609
7320,37609,11107,11108,37610
7321,37610,11108,11109,37611
7322,37611,11109,11110,37612
7323,37612,11110,11111,37613
7324,37613,11111,11112,37614
7325,37614,11112,11113,37615
7326,37615,11113,11114,37616
7327,37616,11114,11115,37617
7328,37617,11115,11116,37618
7329,37618,11116,11117,37619
7330,37619,11117,11118,37620
7331,37620,11118,11119,37621
7332,37621,11119,11120,37622
7333,37622,11120,11121,37623
7334,37623,11121,11122,37624
7335,37624,11122,11123,37625
7336,37625,11123,11124,37626
7337,37626,11124,11125,37627
7338,37627,11125,11126,37628
7339,37628,11126,11127,37629
7340,37629,11127,11128,37630
7341,37630,11128,11129,37631
7342,37631,11129,11130,37632
7343,37632,11130,11131,37633
7344,37633,11131,11132,37634
7345,37634,11132,11133,37635
7346,37635,11133,11134,37636
7347,37636,11134,11135,37637
7348,37637,11135,11136,37638
7349,37638,11136,11137,37639
7350,37639,11137,11138,37640
7351,37640,11138,11139,37641
7352,37641,11139,11140,37642
7353,37642,11140,11141,37643
7354,37643,11141,11142,37644
7355,37644,11142,11143,37645
7356,37645,11143,11144,37646
7357,37646,11144,11145,37647
7358,37647,11145,11146,37648
7359,37648,11146,11147,37649
7360,37649,11147,11148,37650
7361,37650,11148,11149,37651
7362,37651,11149,11150,37652
7363,37652,11150,11151,37653
7364,37653,11151,11152,37654
7365,37654,11152,11153,37655
7366,37655,11153,11154,37656
7367,37656,11154,11155,37657
7368,37657,11155,11156,37658
7369,37658,11156,11157,37659
7370,37659,11157,11158,37660
7371,37660,11158,11159,37661
7372,37661,11159,11160,37662
7373,37662,11160,11161,37663
7374,37663,11161,11162,37664
7375,37664,11162,11163,37665
7376,37665,11163,11164,37666
7377,37666,11164,11165,37667
7378,37667,11165,11166,37668
7379,37668,11166,11167,37669
7380,37669,11167,11168,37670
7381,37670,11168,11169,37671
7382,37671,11169,11170,37672
7383,37672,11170,11171,37673
7384,37673,11171,11172,37674
7385,37674,11172,11173,37675
7386,37675,11173,11174,37676
7387,37676,11174,11175,37677
7388,37677,11175,11176,37678
7389,37678,11176,11177,37679
7390,37679,11177,11178,37680
7391,37680,11178,11179,37681
7392,37681,11179,11180,37682
7393,37682,11180,11181,37683
7394,37683,11181,11182,37684
7395,37684,11182,11183,37685
7396,37685,11183,11184,37686
7397,37686,11184,11185,37687
7398,37687,11185,11186,37688
7399,37688,11186,11187,37689
7400,37689,11187,11188,37690
7401,37690,11188,11189,37691
7402,37691,11189,11190,37692
7403,37692,11190,11191,37693
7404,37693,11191,11192,37694
7405,37694,11192,11193,37695
7406,37695,11193,11194,37696
7407,37696,11194,11195,37697
7408,37697,11195,11196,37698
7409,37698,11196,11197,37699
7410,37699,11197,11198,37700
7411,37700,11198,11199,37701
7412,37701,11199,11200,37702
7413,37702,11200,11201,37703
7414,37703,11201,11202,37704
7415,37704,11202,11203,37705
7416,37705,11203,11204,37706
7417,37706,11204,11205,37707
7418,37707,11205,11206,37708
7419,37708,11206,11207,37709
7420,37709,11207,11208,37710
7421,37710,11208,11209,37711
7422,37711,11209,11210,37712
7423,37712,11210,11211,37713
7424,37713,11211,11212,37714
7425,37714,11212,11213,37715
7426,37715,11213,11214,37716
7427,37716,11214,11215,37717
7428,37717,11215,11216,37718
7429,37718,11216,11217,37719
7430,37719,11217,11218,37720
7431,37720,11218,11219,37721
7432,37721,11219,11220,37722
7433,37722,11220,11221,37723
7434,37723,11221,11222,37724
7435,37724,11222,11223,37725
7436,37725,11223,11224,37726
7437,37726,11224,11225,37727
7438,37727,11225,11226,37728
7439,37728,11226,11227,37729
7440,37729,11227,11228,37730
7441,37730,11228,11229,37731
7442,37731,11229,11230,37732
7443,37732,11230,11231,37733
7444,37733,11231,11232,37734
7445,37734,11232,11233,37735
7446,37735,11233,11234,37736
7447,37736,11234,11235,37737
7448,37737,11235,11236,37738
7449,37738,11236,11237,37739
7450,37739,11237,11238,37740
7451,37740,11238,11239,37741
7452,37741,11239,11240,37742
7453,37742,11240,11241,37743
7454,37743,11241,11242,37744
7455,37744,11242,11243,37745
7456,37745,11243,11244,37746
7457,37746,11244,11245,37747
7458,37747,11245,11246,37748
7459,37748,11246,11247,37749
7460,37749,11247,11248,37750
7461,37750,11248,11249,37751
7462,37751,11249,11250,37752
7463,37752,11250,11251,37753
7464,37753,11251,11252,37754
7465,37754,11252,11253,37755
7466,37755,11253,11254,37756
7467,37756,11254,11255,37757
7468,37757,11255,11256,37758
7469,37758,11256,11257,37759
7470,37759,11257,11258,37760
7471,37760,11258,11259,37761
7472,37761,11259,11260,37762
7473,37762,11260,11261,37763
7474,37763,11261,11262,37764
7475,37764,11262,11263,37765
7476,37765,11263,11264,37766
7477,37766,11264,11265,37767
7478,37767,11265,11266,37768
7479,37768,11266,11267,37769
7480,37769,11267,11268,37770
7481,37770,11268,11269,37771
7482,37771,11269,11270,37772
7483,37772,11270,11271,37773
7484,37773,11271,11272,37774
7485,37774,11272,11273,37775
7486,37775,11273,11274,37776
7487,37776,11274,11275,37777
7488,37777,11275,11276,37778
7489,37778,11276,11277,37779
7490,37779,11277,11278,37780
7491,37780,11278,11279,37781
7492,37781,11279,11280,37782
7493,37782,11280,11281,37783
7494,37783,11281,11282,37784
7495,37784,11282,11283,37785
7496,37785,11283,11284,37786
7497,37786,11284,11285,37787
7498,37787,11285,11286,37788
7499,37788,11286,11287,37789
7500,37789,11287,11288,37790
7501,37790,11288,11289,37791
7502,37791,11289,11290,37792
7503,37792,11290,11291,37793
7504,37793,11291,11292,37794
7505,37794,11292,11293,37795
7506,37795,11293,11294,37796
7507,37796,11294,11295,37797
7508,37797,11295,11296,37798
7509,37798,11296,11297,37799
7510,37799,11297,11298,37800
7511,37800,11298,11299,37801
7512,37801,11299,11300,37802
7513,37802,11300,11301,37803
7514,37803,11301,11302,37804
7515,37804,11302,11303,37805
7516,37805,11303,11304,37806
7517,37806,11304,11305,37807
7518,37807,11305,11306,37808
7519,37808,11306,11307,37809
7520,37809,11307,11308,37810
7521,37810,11308,11309,37811
7522,37811,11309,11310,37812
7523,37812,11310,11311,37813
7524,37813,11311,11312,37814
7525,37814,11312,11313,37815
7526,37815,11313,11314,37816
7527,37816,11314,11315,37817
7528,37817,11315,11316,37818
7529,37818,11316,11317,37819
7530,37819,11317,11318,37820
7531,37820,11318,11319,37821
7532,37821,11319,11320,37822
7533,37822,11320,11321,37823
7534,37823,11321,11322,37824
7535,37824,11322,11323,37825
7536,37825,11323,11324,37826
7537,37826,11324,11325,37827
7538,37827,11325,11326,37828
7539,37828,11326,11327,37829
7540,37829,11327,11328,37830
7541,37830,11328,11329,37831
7542,37831,11329,11330,37832
7543,37832,11330,11331,37833
7544,37833,11331,11332,37834
7545,37834,11332,11333,37835
7546,37835,11333,11334,37836
7547,37836,11334,11335,37837
7548,37837,11335,11336,37838
7549,37838,11336,11337,37839
7550,37839,11337,11338,37840
7551,37840,11338,11339,37841
7552,37841,11339,11340,37842
7553,37842,11340,11341,37843
7554,37843,11341,11342,37844
7555,37844,11342,11343,37845
7556,37845,11343,11344,37846
7557,37846,11344,11345,37847
7558,37847,11345,11346,37848
7559,37848,11346,11347,37849
7560,37849,11347,11348,37850
7561,37850,11348,11349,37851
7562,37851,11349,11350,37852
7563,37852,11350,11351,37853
7564,37853,11351,11352,37854
7565,37854,11352,11353,37855
7566,37855,11353,11354,37856
7567,37856,11354,11355,37857
7568,37857,11355,11356,37858
7569,37858,11356,11357,37859
7570,37859,11357,11358,37860
7571,37861,11359,11360,37862
7572,37862,11360,11361,37863
7573,37863,11361,11362,37864
7574,37864,11362,11363,37865
7575,37865,11363,11364,37866
7576,37866,11364,11365,37867
7577,37867,11365,11366,37868
7578,37868,11366,11367,37869
7579,37869,11367,11368,37870
7580,37870,11368,11369,37871
7581,37871,11369,11370,37872
7582,37872,11370,11371,37873
7583,37873,11371,11372,37874
7584,37874,11372,11373,37875
7585,37875,11373,11374,37876
7586,37876,11374,11375,37877
7587,37877,11375,11376,37878
7588,37878,11376,11377,37879
7589,37879,11377,11378,37880
7590,37880,11378,11379,37881
7591,37881,11379,11380,37882
7592,37882,11380,11381,37883
7593,37883,11381,11382,37884
7594,37884,11382,11383,37885
7595,37885,11383,11384,37886
7596,37886,11384,11385,37887
7597,37887,11385,11386,37888
7598,37888,11386,11387,37889
7599,37889,11387,11388,37890
7600,37890,11388,11389,37891
7601,37891,11389,11390,37892
7602,37892,11390,11391,37893
7603,37893,11391,11392,37894
7604,37894,11392,11393,37895
7605,37895,11393,11394,37896
7606,37896,11394,11395,37897
7607,37897,11395,11396,37898
7608,37898,11396,11397,37899
7609,37899,11397,11398,37900
7610,37900,11398,11399,37901
7611,37901,11399,11400,37902
7612,37902,11400,11401,37903
7613,37903,11401,11402,37904
7614,37904,11402,11403,37905
7615,37905,11403,11404,37906
7616,37906,11404,11405,37907
7617,37907,11405,11406,37908
7618,37908,11406,11407,37909
7619,37909,11407,11408,37910
7620,37910,11408,11409,37911
7621,37911,11409,11410,37912
7622,37912,11410,11411,37913
7623,37913,11411,11412,37914
7624,37914,11412,11413,37915
7625,37915,11413,11414,37916
7626,37916,11414,11415,37917
7627,37917,11415,11416,37918
7628,37918,11416,11417,37919
7629,37919,11417,11418,37920
7630,37920,11418,11419,37921
7631,37921,11419,11420,37922
7632,37922,11420,11421,37923
7633,37923,11421,11422,37924
7634,37924,11422,11423,37925
7635,37925,11423,11424,37926
7636,37926,11424,11425,37927
7637,37927,11425,11426,37928
7638,37928,11426,11427,37929
7639,37929,11427,11428,37930
7640,37930,11428,11429,37931
7641,37931,11429,11430,37932
7642,37932,11430,11431,37933
7643,37933,11431,11432,37934
7644,37934,11432,11433,37935
7645,37935,11433,11434,37936
7646,37936,11434,11435,37937
7647,37937,11435,11436,37938
7648,37938,11436,11437,37939
7649,37939,11437,11438,37940
7650,37940,11438,11439,37941
7651,37941,11439,11440,37942
7652,37942,11440,11441,37943
7653,37943,11441,11442,37944
7654,37944,11442,11443,37945
7655,37945,11443,11444,37946
7656,37946,11444,11445,37947
7657,37947,11445,11446,37948
7658,37948,11446,11447,37949
7659,37949,11447,11448,37950
7660,37950,11448,11449,37951
7661,37951,11449,11450,37952
7662,37952,11450,11451,37953
7663,37953,11451,11452,37954
7664,37954,11452,11453,37955
7665,37955,11453,11454,37956
7666,37956,11454,11455,37957
7667,37957,11455,11456,37958
7668,37958,11456,11457,37959
7669,37959,11457,11458,37960
7670,37960,11458,11459,37961
7671,37961,11459,11460,37962
7672,37962,11460,11461,37963
7673,37963,11461,11462,37964
7674,37964,11462,11463,37965
7675,37965,11463,11464,37966
7676,37966,11464,11465,37967
7677,37967,11465,11466,37968
7678,37968,11466,11467,37969
7679,37969,11467,11468,37970
7680,37970,11468,11469,37971
7681,37971,11469,11470,37972
7682,37972,11470,11471,37973
7683,37973,11471,11472,37974
7684,37974,11472,11473,37975
7685,37975,11473,11474,37976
7686,37976,11474,11475,37977
7687,37977,11475,11476,37978
7688,37978,11476,11477,37979
7689,37979,11477,11478,37980
7690,37980,11478,11479,37981
7691,37981,11479,11480,37982
7692,37982,11480,11481,37983
7693,37983,11481,11482,37984
7694,37984,11482,11483,37985
7695,37985,11483,11484,37986
7696,37986,11484,11485,37987
7697,37987,11485,11486,37988
7698,37988,11486,11487,37989
7699,37989,11487,11488,37990
7700,37990,11488,11489,37991
7701,37991,11489,11490,37992
7702,37992,11490,11491,37993
7703,37993,11491,11492,37994
7704,37994,11492,11493,37995
7705,37995,11493,11494,37996
7706,37996,11494,11495,37997
7707,37997,11495,11496,37998
7708,37998,11496,11497,37999
7709,37999,11497,11498,38000
7710,38000,11498,11499,38001
7711,38001,11499,11500,38002
7712,38002,11500,11501,38003
7713,38003,11501,11502,38004
7714,38004,11502,11503,38005
7715,38005,11503,11504,38006
7716,38006,11504,11505,38007
7717,38007,11505,11506,38008
7718,38008,11506,11507,38009
7719,38009,11507,11508,38010
7720,38010,11508,11509,38011
7721,38011,11509,11510,38012
7722,38012,11510,11511,38013
7723,38013,11511,11512,38014
7724,38014,11512,11513,38015
7725,38015,11513,11514,38016
7726,38016,11514,11515,38017
7727,38017,11515,11516,38018
7728,38018,11516,11517,38019
7729,38019,11517,11518,38020
7730,38020,11518,11519,38021
7731,38021,11519,11520,38022
7732,38022,11520,11521,38023
7733,38023,11521,11522,38024
7734,38024,11522,11523,38025
7735,38025,11523,11524,38026
7736,38026,11524,11525,38027
7737,38027,11525,11526,38028
7738,38028,11526,11527,38029
7739,38029,11527,11528,38030
7740,38030,11528,11529,38031
7741,38031,11529,11530,38032
7742,38032,11530,11531,38033
7743,38033,11531,11532,38034
7744,38034,11532,11533,38035
7745,38035,11533,11534,38036
7746,38036,11534,11535,38037
7747,38037,11535,11536,38038
7748,38038,11536,11537,38039
7749,38039,11537,11538,38040
7750,38040,11538,11539,38041
7751,38041,11539,11540,38042
7752,38042,11540,11541,38043
7753,38043,11541,11542,38044
7754,38044,11542,11543,38045
7755,38045,11543,11544,38046
7756,38046,11544,11545,38047
7757,38047,11545,11546,38048
7758,38048,11546,11547,38049
7759,38049,11547,11548,38050
7760,38050,11548,11549,38051
7761,38051,11549,11550,38052
7762,38052,11550,11551,38053
7763,38053,11551,11552,38054
7764,38054,11552,11553,38055
7765,38055,11553,11554,38056
7766,38056,11554,11555,38057
7767,38057,11555,11556,38058
7768,38058,11556,11557,38059
7769,38059,11557,11558,38060
7770,38060,11558,11559,38061
7771,38061,11559,11560,38062
7772,38062,11560,11561,38063
7773,38063,11561,11562,38064
7774,38064,11562,11563,38065
7775,38065,11563,11564,38066
7776,38066,11564,11565,38067
7777,38067,11565,11566,38068
7778,38068,11566,11567,38069
7779,38069,11567,11568,38070
7780,38070,11568,11569,38071
7781,38071,11569,11570,38072
7782,38072,11570,11571,38073
7783,38073,11571,11572,38074
7784,38074,11572,11573,38075
7785,38075,11573,11574,38076
7786,38076,11574,11575,38077
7787,38077,11575,11576,38078
7788,38078,11576,11577,38079
7789,38079,11577,11578,38080
7790,38080,11578,11579,38081
7791,38081,11579,11580,38082
7792,38082,11580,11581,38083
7793,38083,11581,11582,38084
7794,38084,11582,11583,38085
7795,38085,11583,11584,38086
7796,38086,11584,11585,38087
7797,38087,11585,11586,38088
7798,38088,11586,11587,38089
7799,38089,11587,11588,38090
7800,38090,11588,11589,38091
7801,38091,11589,11590,38092
7802,38092,11590,11591,38093
7803,38093,11591,11592,38094
7804,38094,11592,11593,38095
7805,38095,11593,11594,38096
7806,38096,11594,11595,38097
7807,38097,11595,11596,38098
7808,38098,11596,11597,38099
7809,38099,11597,11598,38100
7810,38100,11598,11599,38101
7811,38101,11599,11600,38102
7812,38102,11600,11601,38103
7813,38103,11601,11602,38104
7814,38104,11602,11603,38105
7815,38105,11603,11604,38106
7816,38106,11604,11605,38107
7817,38107,11605,11606,38108
7818,38108,11606,11607,38109
7819,38109,11607,11608,38110
7820,38110,11608,11609,38111
7821,38111,11609,11610,38112
7822,38112,11610,11611,38113
7823,38113,11611,11612,38114
7824,38114,11612,11613,38115
7825,38115,11613,11614,38116
7826,38116,11614,11615,38117
7827,38117,11615,11616,38118
7828,38118,11616,11617,38119
7829,38119,11617,11618,38120
7830,38120,11618,11619,38121
7831,38121,11619,11620,38122
7832,38122,11620,11621,38123
7833,38123,11621,11622,38124
7834,38124,11622,11623,38125
7835,38125,11623,11624,38126
7836,38126,11624,11625,38127
7837,38127,11625,11626,38128
7838,38128,11626,11627,38129
7839,38129,11627,11628,38130
7840,38130,11628,11629,38131
7841,38131,11629,11630,38132
7842,38132,11630,11631,38133
7843,38133,11631,11632,38134
7844,38134,11632,11633,38135
7845,38135,11633,11634,38136
7846,38136,11634,11635,38137
7847,38137,11635,11636,38138
7848,38138,11636,11637,38139
7849,38139,11637,11638,38140
7850,38140,11638,11639,38141
7851,38141,11639,11640,38142
7852,38142,11640,11641,38143
7853,38143,11641,11642,38144
7854,38144,11642,11643,38145
7855,38145,11643,11644,38146
7856,38146,11644,11645,38147
7857,38147,11645,11646,38148
7858,38148,11646,11647,38149
7859,38149,11647,11648,38150
7860,38150,11648,11649,38151
7861,38151,11649,11650,38152
7862,38152,11650,11651,38153
7863,38153,11651,11652,38154
7864,38154,11652,11653,38155
7865,38155,11653,11654,38156
7866,38156,11654,11655,38157
7867,38157,11655,11656,38158
7868,38158,11656,11657,38159
7869,38159,11657,11658,38160
7870,38160,11658,11659,38161
7871,38161,11659,11660,38162
7872,38162,11660,11661,38163
7873,38163,11661,11662,38164
7874,38164,11662,11663,38165
7875,38165,11663,11664,38166
7876,38166,11664,11665,38167
7877,38167,11665,11666,38168
7878,38168,11666,11667,38169
7879,38169,11667,11668,38170
7880,38170,11668,11669,38171
7881,38171,11669,11670,38172
7882,38172,11670,11671,38173
7883,38173,11671,11672,38174
7884,38174,11672,11673,38175
7885,38175,11673,11674,38176
7886,38176,11674,11675,38177
7887,38177,11675,11676,38178
7888,38178,11676,11677,38179
7889,38179,11677,11678,38180
7890,38180,11678,11679,38181
7891,38181,11679,11680,38182
7892,38182,11680,11681,38183
7893,38183,11681,11682,38184
7894,38184,11682,11683,38185
7895,38185,11683,11684,38186
7896,38186,11684,11685,38187
7897,38187,11685,11686,38188
7898,38188,11686,11687,38189
7899,38189,11687,11688,38190
7900,38190,11688,11689,38191
7901,38191,11689,11690,38192
7902,38192,11690,11691,38193
7903,38193,11691,11692,38194
7904,38194,11692,11693,38195
7905,38195,11693,11694,38196
7906,38196,11694,11695,38197
7907,38197,11695,11696,38198
7908,38198,11696,11697,38199
7909,38199,11697,11698,38200
7910,38200,11698,11699,38201
7911,38201,11699,11700,38202
7912,38202,11700,11701,38203
7913,38203,11701,11702,38204
7914,38204,11702,11703,38205
7915,38205,11703,11704,38206
7916,38206,11704,11705,38207
7917,38207,11705,11706,38208
7918,38208,11706,11707,38209
7919,38209,11707,11708,38210
7920,38210,11708,11709,38211
7921,38211,11709,11710,38212
7922,38212,11710,11711,38213
7923,38213,11711,11712,38214
7924,38214,11712,11713,38215
7925,38215,11713,11714,38216
7926,38216,11714,11715,38217
7927,38217,11715,11716,38218
7928,38218,11716,11717,38219
7929,38219,11717,11718,38220
7930,38220,11718,11719,38221
7931,38221,11719,11720,38222
7932,38222,11720,11721,38223
7933,38223,11721,11722,38224
7934,38224,11722,11723,38225
7935,38225,11723,11724,38226
7936,38226,11724,11725,38227
7937,38227,11725,11726,38228
7938,38228,11726,11727,38229
7939,38229,11727,11728,38230
7940,38230,11728,11729,38231
7941,38231,11729,11730,38232
7942,38232,11730,11731,38233
7943,38233,11731,11732,38234
7944,38234,11732,11733,38235
7945,38235,11733,11734,38236
7946,38236,11734,11735,38237
7947,38237,11735,11736,38238
7948,38238,11736,11737,38239
7949,38239,11737,11738,38240
7950,38240,11738,11739,38241
7951,38241,11739,11740,38242
7952,38242,11740,11741,38243
7953,38243,11741,11742,38244
7954,38244,11742,11743,38245
7955,38245,11743,11744,38246
7956,38246,11744,11745,38247
7957,38247,11745,11746,38248
7958,38248,11746,11747,38249
7959,38249,11747,11748,38250
7960,38250,11748,11749,38251
7961,38251,11749,11750,38252
7962,38252,11750,11751,38253
7963,38253,11751,11752,38254
7964,38254,11752,11753,38255
7965,38255,11753,11754,38256
7966,38256,11754,11755,38257
7967,38257,11755,11756,38258
7968,38258,11756,11757,38259
7969,38259,11757,11758,38260
7970,38260,11758,11759,38261
7971,38261,11759,11760,38262
7972,38262,11760,11761,38263
7973,38263,11761,11762,38264
7974,38264,11762,11763,38265
7975,38265,11763,11764,38266
7976,38266,11764,11765,38267
7977,38267,11765,11766,38268
7978,38268,11766,11767,38269
7979,38269,11767,11768,38270
7980,38270,11768,11769,38271
7981,38271,11769,11770,38272
7982,38272,11770,11771,38273
7983,38273,11771,11772,38274
7984,38274,11772,11773,38275
7985,38275,11773,11774,38276
7986,38276,11774,11775,38277
7987,38277,11775,11776,38278
7988,38278,11776,11777,38279
7989,38279,11777,11778,38280
7990,38280,11778,11779,38281
7991,38281,11779,11780,38282
7992,38282,11780,11781,38283
7993,38283,11781,11782,38284
7994,38284,11782,11783,38285
7995,38285,11783,11784,38286
7996,38286,11784,11785,38287
7997,38287,11785,11786,38288
7998,38288,11786,11787,38289
7999,38289,11787,11788,38290
8000,38290,11788,11789,38291
8001,38291,11789,11790,38292
8002,38292,11790,11791,38293
8003,38293,11791,11792,38294
8004,38294,11792,11793,38295
8005,38295,11793,11794,38296
8006,38296,11794,11795,38297
8007,38297,11795,11796,38298
8008,38298,11796,11797,38299
8009,38299,11797,11798,38300
8010,38300,11798,11799,38301
8011,38301,11799,11800,38302
8012,38302,11800,11801,38303
8013,38303,11801,11802,38304
8014,38304,11802,11803,38305
8015,38305,11803,11804,38306
8016,38306,11804,11805,38307
8017,38307,11805,11806,38308
8018,38308,11806,11807,38309
8019,38309,11807,11808,38310
8020,38310,11808,11809,38311
8021,38311,11809,11810,38312
8022,38312,11810,11811,38313
8023,38313,11811,11812,38314
8024,38314,11812,11813,38315
8025,38315,11813,11814,38316
8026,38316,11814,11815,38317
8027,38317,11815,11816,38318
8028,38318,11816,11817,38319
8029,38319,11817,11818,38320
8030,38320,11818,11819,38321
8031,38321,11819,11820,38322
8032,38322,11820,11821,38323
8033,38323,11821,11822,38324
8034,38324,11822,11823,38325
8035,38325,11823,11824,38326
8036,38326,11824,11825,38327
8037,38327,11825,11826,38328
8038,38328,11826,11827,38329
8039,38329,11827,11828,38330
8040,38330,11828,11829,38331
8041,38331,11829,11830,38332
8042,38332,11830,11831,38333
8043,38333,11831,11832,38334
8044,38334,11832,11833,38335
8045,38335,11833,11834,38336
8046,38336,11834,11835,38337
8047,38337,11835,11836,38338
8048,38338,11836,11837,38339
8049,38339,11837,11838,38340
8050,38340,11838,11839,38341
8051,38341,11839,11840,38342
8052,38342,11840,11841,38343
8053,38343,11841,11842,38344
8054,38344,11842,11843,38345
8055,38345,11843,11844,38346
8056,38346,11844,11845,38347
8057,38347,11845,11846,38348
8058,38348,11846,11847,38349
8059,38349,11847,11848,38350
8060,38350,11848,11849,38351
8061,38351,11849,11850,38352
8062,38352,11850,11851,38353
8063,38353,11851,11852,38354
8064,38354,11852,11853,38355
8065,38355,11853,11854,38356
8066,38356,11854,11855,38357
8067,38357,11855,11856,38358
8068,38358,11856,11857,38359
8069,38359,11857,11858,38360
8070,38360,11858,11859,38361
8071,38361,11859,11860,38362
8072,38362,11860,11861,38363
8073,38363,11861,11862,38364
8074,38364,11862,11863,38365
8075,38365,11863,11864,38366
8076,38366,11864,11865,38367
8077,38367,11865,11866,38368
8078,38368,11866,11867,38369
8079,38369,11867,11868,38370
8080,38370,11868,11869,38371
8081,38371,11869,11870,38372
8082,38372,11870,11871,38373
8083,38373,11871,11872,38374
8084,38374,11872,11873,38375
8085,38375,11873,11874,38376
8086,38376,11874,11875,38377
8087,38377,11875,11876,38378
8088,38378,11876,11877,38379
8089,38379,11877,11878,38380
8090,38380,11878,11879,38381
8091,38381,11879,11880,38382
8092,38382,11880,11881,38383
8093,38383,11881,11882,38384
8094,38384,11882,11883,38385
8095,38385,11883,11884,38386
8096,38386,11884,11885,38387
8097,38387,11885,11886,38388
8098,38388,11886,11887,38389
8099,38389,11887,11888,38390
8100,38390,11888,11889,38391
8101,38391,11889,11890,38392
8102,38392,11890,11891,38393
8103,38393,11891,11892,38394
8104,38394,11892,11893,38395
8105,38395,11893,11894,38396
8106,38396,11894,11895,38397
8107,38397,11895,11896,38398
8108,38398,11896,11897,38399
8109,38399,11897,11898,38400
8110,38400,11898,11899,38401
8111,38401,11899,11900,38402
8112,38402,11900,11901,38403
8113,38403,11901,11902,38404
8114,38404,11902,11903,38405
8115,38405,11903,11904,38406
8116,38406,11904,11905,38407
8117,38407,11905,11906,38408
8118,38408,11906,11907,38409
8119,38409,11907,11908,38410
8120,38410,11908,11909,38411
8121,38411,11909,11910,38412
8122,38412,11910,11911,38413
8123,38413,11911,11912,38414
8124,38414,11912,11913,38415
8125,38415,11913,11914,38416
8126,38416,11914,11915,38417
8127,38417,11915,11916,38418
8128,38418,11916,11917,38419
8129,38419,11917,11918,38420
8130,38420,11918,11919,38421
8131,38421,11919,11920,38422
8132,38422,11920,11921,38423
8133,38423,11921,11922,38424
8134,38424,11922,11923,38425
8135,38425,11923,11924,38426
8136,38426,11924,11925,38427
8137,38427,11925,11926,38428
8138,38428,11926,11927,38429
8139,38429,11927,11928,38430
8140,38430,11928,11929,38431
8141,38431,11929,11930,38432
8142,38432,11930,11931,38433
8143,38433,11931,11932,38434
8144,38434,11932,11933,38435
8145,38435,11933,11934,38436
8146,38436,11934,11935,38437
8147,38437,11935,11936,38438
8148,38438,11936,11937,38439
8149,38439,11937,11938,38440
8150,38440,11938,11939,38441
8151,38441,11939,11940,38442
8152,38442,11940,11941,38443
8153,38443,11941,11942,38444
8154,38444,11942,11943,38445
8155,38445,11943,11944,38446
8156,38446,11944,11945,38447
8157,38447,11945,11946,38448
8158,38448,11946,11947,38449
8159,38449,11947,11948,38450
8160,38450,11948,11949,38451
8161,38451,11949,11950,38452
8162,38452,11950,11951,38453
8163,38453,11951,11952,38454
8164,38454,11952,11953,38455
8165,38455,11953,11954,38456
8166,38456,11954,11955,38457
8167,38457,11955,11956,38458
8168,38458,11956,11957,38459
8169,38459,11957,11958,38460
8170,38460,11958,11959,38461
8171,38461,11959,11960,38462
8172,38462,11960,11961,38463
8173,38463,11961,11962,38464
8174,38464,11962,11963,38465
8175,38465,11963,11964,38466
8176,38466,11964,11965,38467
8177,38467,11965,11966,38468
8178,38468,11966,11967,38469
8179,38469,11967,11968,38470
8180,38470,11968,11969,38471
8181,38471,11969,11970,38472
8182,38472,11970,11971,38473
8183,38473,11971,11972,38474
8184,38474,11972,11973,38475
8185,38475,11973,11974,38476
8186,38476,11974,11975,38477
8187,38477,11975,11976,38478
8188,38478,11976,11977,38479
8189,38479,11977,11978,38480
8190,38480,11978,11979,38481
8191,38481,11979,11980,38482
8192,38482,11980,11981,38483
8193,38483,11981,11982,38484
8194,38484,11982,11983,38485
8195,38485,11983,11984,38486
8196,38486,11984,11985,38487
8197,38487,11985,11986,38488
8198,38488,11986,11987,38489
8199,38489,11987,11988,38490
8200,38490,11988,11989,38491
8201,38491,11989,11990,38492
8202,38492,11990,11991,38493
8203,38493,11991,11992,38494
8204,38494,11992,11993,38495
8205,38495,11993,11994,38496
8206,38496,11994,11995,38497
8207,38497,11995,11996,38498
8208,38498,11996,11997,38499
8209,38499,11997,11998,38500
8210,38500,11998,11999,38501
8211,38501,11999,12000,38502
8212,38502,12000,12001,38503
8213,38503,12001,12002,38504
8214,38504,12002,12003,38505
8215,38505,12003,12004,38506
8216,38506,12004,12005,38507
8217,38507,12005,12006,38508
8218,38508,12006,12007,38509
8219,38509,12007,12008,38510
8220,38510,12008,12009,38511
8221,38511,12009,12010,38512
8222,38512,12010,12011,38513
8223,38513,12011,12012,38514
8224,38514,12012,12013,38515
8225,38515,12013,12014,38516
8226,38516,12014,12015,38517
8227,38517,12015,12016,38518
8228,38518,12016,12017,38519
8229,38519,12017,12018,38520
8230,38520,12018,12019,38521
8231,38521,12019,12020,38522
8232,38522,12020,12021,38523
8233,38523,12021,12022,38524
8234,38524,12022,12023,38525
8235,38525,12023,12024,38526
8236,38526,12024,12025,38527
8237,38527,12025,12026,38528
8238,38528,12026,12027,38529
8239,38529,12027,12028,38530
8240,38530,12028,12029,38531
8241,38531,12029,12030,38532
8242,38532,12030,12031,38533
8243,38533,12031,12032,38534
8244,38534,12032,12033,38535
8245,38535,12033,12034,38536
8246,38536,12034,12035,38537
8247,38537,12035,12036,38538
8248,38538,12036,12037,38539
8249,38539,12037,12038,38540
8250,38540,12038,12039,38541
8251,38541,12039,12040,38542
8252,38542,12040,12041,38543
8253,38543,12041,12042,38544
8254,38544,12042,12043,38545
8255,38545,12043,12044,38546
8256,38546,12044,12045,38547
8257,38547,12045,12046,38548
8258,38548,12046,12047,38549
8259,38549,12047,12048,38550
8260,38550,12048,12049,38551
8261,38551,12049,12050,38552
8262,38552,12050,12051,38553
8263,38553,12051,12052,38554
8264,38554,12052,12053,38555
8265,38555,12053,12054,38556
8266,38556,12054,12055,38557
8267,38557,12055,12056,38558
8268,38558,12056,12057,38559
8269,38559,12057,12058,38560
8270,38560,12058,12059,38561
8271,38561,12059,12060,38562
8272,38562,12060,12061,38563
8273,38563,12061,12062,38564
8274,38564,12062,12063,38565
8275,38565,12063,12064,38566
8276,38566,12064,12065,38567
8277,38567,12065,12066,38568
8278,38568,12066,12067,38569
8279,38569,12067,12068,38570
8280,38570,12068,12069,38571
8281,38571,12069,12070,38572
8282,38572,12070,12071,38573
8283,38573,12071,12072,38574
8284,38574,12072,12073,38575
8285,38575,12073,12074,38576
8286,38576,12074,12075,38577
8287,38577,12075,12076,38578
8288,38578,12076,12077,38579
8289,38579,12077,12078,38580
8290,38580,12078,12079,38581
8291,38581,12079,12080,38582
8292,38582,12080,12081,38583
8293,38583,12081,12082,38584
8294,38584,12082,12083,38585
8295,38585,12083,12084,38586
8296,38586,12084,12085,38587
8297,38587,12085,12086,38588
8298,38588,12086,12087,38589
8299,38589,12087,12088,38590
8300,38590,12088,12089,38591
8301,38591,12089,12090,38592
8302,38592,12090,12091,38593
8303,38593,12091,12092,38594
8304,38594,12092,12093,38595
8305,38595,12093,12094,38596
8306,38596,12094,12095,38597
8307,38597,12095,12096,38598
8308,38598,12096,12097,38599
8309,38599,12097,12098,38600
8310,38600,12098,12099,38601
8311,38601,12099,12100,38602
8312,38602,12100,12101,38603
8313,38603,12101,12102,38604
8314,38604,12102,12103,38605
8315,38605,12103,12104,38606
8316,38606,12104,12105,38607
8317,38607,12105,12106,38608
8318,38608,12106,12107,38609
8319,38609,12107,12108,38610
8320,38610,12108,12109,38611
8321,38611,12109,12110,38612
8322,38612,12110,12111,38613
8323,38613,12111,12112,38614
8324,38614,12112,12113,38615
8325,38615,12113,12114,38616
8326,38616,12114,12115,38617
8327,38617,12115,12116,38618
8328,38618,12116,12117,38619
8329,38619,12117,12118,38620
8330,38620,12118,12119,38621
8331,38621,12119,12120,38622
8332,38622,12120,12121,38623
8333,38623,12121,12122,38624
8334,38624,12122,12123,38625
8335,38625,12123,12124,38626
8336,38626,12124,12125,38627
8337,38627,12125,12126,38628
8338,38628,12126,12127,38629
8339,38629,12127,12128,38630
8340,38630,12128,12129,38631
8341,38631,12129,12130,38632
8342,38632,12130,12131,38633
8343,38633,12131,12132,38634
8344,38634,12132,12133,38635
8345,38635,12133,12134,38636
8346,38636,12134,12135,38637
8347,38637,12135,12136,38638
8348,38638,12136,12137,38639
8349,38639,12137,12138,38640
8350,38640,12138,12139,38641
8351,38641,12139,12140,38642
8352,38642,12140,12141,38643
8353,38643,12141,12142,38644
8354,38644,12142,12143,38645
8355,38645,12143,12144,38646
8356,38646,12144,12145,38647
8357,38647,12145,12146,38648
8358,38648,12146,12147,38649
8359,38649,12147,12148,38650
8360,38650,12148,12149,38651
8361,38651,12149,12150,38652
8362,38652,12150,12151,38653
8363,38653,12151,12152,38654
8364,38654,12152,12153,38655
8365,38655,12153,12154,38656
8366,38656,12154,12155,38657
8367,38657,12155,12156,38658
8368,38658,12156,12157,38659
8369,38659,12157,12158,38660
8370,38660,12158,12159,38661
8371,38661,12159,12160,38662
8372,38662,12160,12161,38663
8373,38663,12161,12162,38664
8374,38664,12162,12163,38665
8375,38665,12163,12164,38666
8376,38666,12164,12165,38667
8377,38667,12165,12166,38668
8378,38668,12166,12167,38669
8379,38669,12167,12168,38670
8380,38670,12168,12169,38671
8381,38671,12169,12170,38672
8382,38672,12170,12171,38673
8383,38673,12171,12172,38674
8384,38674,12172,12173,38675
8385,38675,12173,12174,38676
8386,38676,12174,12175,38677
8387,38677,12175,12176,38678
8388,38678,12176,12177,38679
8389,38679,12177,12178,38680
8390,38680,12178,12179,38681
8391,38681,12179,12180,38682
8392,38682,12180,12181,38683
8393,38683,12181,12182,38684
8394,38684,12182,12183,38685
8395,38685,12183,12184,38686
8396,38686,12184,12185,38687
8397,38687,12185,12186,38688
8398,38688,12186,12187,38689
8399,38689,12187,12188,38690
8400,38690,12188,12189,38691
8401,38691,12189,12190,38692
8402,38692,12190,12191,38693
8403,38693,12191,12192,38694
8404,38694,12192,12193,38695
8405,38695,12193,12194,38696
8406,38696,12194,12195,38697
8407,38697,12195,12196,38698
8408,38698,12196,12197,38699
8409,38699,12197,12198,38700
8410,38700,12198,12199,38701
8411,38701,12199,12200,38702
8412,38702,12200,12201,38703
8413,38703,12201,12202,38704
8414,38704,12202,12203,38705
8415,38705,12203,12204,38706
8416,38706,12204,12205,38707
8417,38707,12205,12206,38708
8418,38708,12206,12207,38709
8419,38709,12207,12208,38710
8420,38710,12208,12209,38711
8421,38711,12209,12210,38712
8422,38712,12210,12211,38713
8423,38713,12211,12212,38714
8424,38714,12212,12213,38715
8425,38715,12213,12214,38716
8426,38716,12214,12215,38717
8427,38717,12215,12216,38718
8428,38718,12216,12217,38719
8429,38719,12217,12218,38720
8430,38720,12218,12219,38721
8431,38721,12219,12220,38722
8432,38722,12220,12221,38723
8433,38723,12221,12222,38724
8434,38724,12222,12223,38725
8435,38725,12223,12224,38726
8436,38726,12224,12225,38727
8437,38727,12225,12226,38728
8438,38728,12226,12227,38729
8439,38729,12227,12228,38730
8440,38730,12228,12229,38731
8441,38731,12229,12230,38732
8442,38732,12230,12231,38733
8443,38733,12231,12232,38734
8444,38734,12232,12233,38735
8445,38735,12233,12234,38736
8446,38736,12234,12235,38737
8447,38737,12235,12236,38738
8448,38738,12236,12237,38739
8449,38739,12237,12238,38740
8450,38740,12238,12239,38741
8451,38741,12239,12240,38742
8452,38742,12240,12241,38743
8453,38743,12241,12242,38744
8454,38744,12242,12243,38745
8455,38745,12243,12244,38746
8456,38746,12244,12245,38747
8457,38747,12245,12246,38748
8458,38748,12246,12247,38749
8459,38749,12247,12248,38750
8460,38750,12248,12249,38751
8461,38751,12249,12250,38752
8462,38752,12250,12251,38753
8463,38753,12251,12252,38754
8464,38754,12252,12253,38755
8465,38755,12253,12254,38756
8466,38756,12254,12255,38757
8467,38757,12255,12256,38758
8468,38758,12256,12257,38759
8469,38759,12257,12258,38760
8470,38760,12258,12259,38761
8471,38761,12259,12260,38762
8472,38762,12260,12261,38763
8473,38763,12261,12262,38764
8474,38764,12262,12263,38765
8475,38765,12263,12264,38766
8476,38766,12264,12265,38767
8477,38767,12265,12266,38768
8478,38768,12266,12267,38769
8479,38769,12267,12268,38770
8480,38770,12268,12269,38771
8481,38771,12269,12270,38772
8482,38772,12270,12271,38773
8483,38773,12271,12272,38774
8484,38774,12272,12273,38775
8485,38775,12273,12274,38776
8486,38776,12274,12275,38777
8487,38777,12275,12276,38778
8488,38778,12276,12277,38779
8489,38779,12277,12278,38780
8490,38780,12278,12279,38781
8491,38781,12279,12280,38782
8492,38782,12280,12281,38783
8493,38783,12281,12282,38784
8494,38784,12282,12283,38785
8495,38785,12283,12284,38786
8496,38786,12284,12285,38787
8497,38787,12285,12286,38788
8498,38788,12286,12287,38789
8499,38789,12287,12288,38790
8500,38790,12288,12289,38791
8501,38791,12289,12290,38792
8502,38792,12290,12291,38793
8503,38793,12291,12292,38794
8504,38794,12292,12293,38795
8505,38795,12293,12294,38796
8506,38796,12294,12295,38797
8507,38797,12295,12296,38798
8508,38798,12296,12297,38799
8509,38799,12297,12298,38800
8510,38800,12298,12299,38801
8511,38801,12299,12300,38802
8512,38802,12300,12301,38803
8513,38803,12301,12302,38804
8514,38804,12302,12303,38805
8515,38805,12303,12304,38806
8516,38806,12304,12305,38807
8517,38807,12305,12306,38808
8518,38808,12306,12307,38809
8519,38809,12307,12308,38810
8520,38810,12308,12309,38811
8521,38811,12309,12310,38812
8522,38812,12310,12311,38813
8523,38813,12311,12312,38814
8524,38814,12312,12313,38815
8525,38815,12313,12314,38816
8526,38816,12314,12315,38817
8527,38817,12315,12316,38818
8528,38818,12316,12317,38819
8529,38819,12317,12318,38820
8530,38820,12318,12319,38821
8531,38821,12319,12320,38822
8532,38822,12320,12321,38823
8533,38823,12321,12322,38824
8534,38824,12322,12323,38825
8535,38825,12323,12324,38826
8536,38826,12324,12325,38827
8537,38827,12325,12326,38828
8538,38828,12326,12327,38829
8539,38829,12327,12328,38830
8540,38830,12328,12329,38831
8541,38831,12329,12330,38832
8542,38832,12330,12331,38833
8543,38833,12331,12332,38834
8544,38834,12332,12333,38835
8545,38835,12333,12334,38836
8546,38836,12334,12335,38837
8547,38837,12335,12336,38838
8548,38838,12336,12337,38839
8549,38839,12337,12338,38840
8550,38840,12338,12339,38841
8551,38841,12339,12340,38842
8552,38842,12340,12341,38843
8553,38843,12341,12342,38844
8554,38844,12342,12343,38845
8555,38845,12343,12344,38846
8556,38846,12344,12345,38847
8557,38847,12345,12346,38848
8558,38848,12346,12347,38849
8559,38849,12347,12348,38850
8560,38850,12348,12349,38851
8561,38851,12349,12350,38852
8562,38852,12350,12351,38853
8563,38853,12351,12352,38854
8564,38854,12352,12353,38855
8565,38855,12353,12354,38856
8566,38856,12354,12355,38857
8567,38857,12355,12356,38858
8568,38858,12356,12357,38859
8569,38859,12357,12358,38860
8570,38860,12358,12359,38861
8571,38861,12359,12360,38862
8572,38862,12360,12361,38863
8573,38863,12361,12362,38864
8574,38864,12362,12363,38865
8575,38865,12363,12364,38866
8576,38866,12364,12365,38867
8577,38867,12365,12366,38868
8578,38868,12366,12367,38869
8579,38869,12367,12368,38870
8580,38870,12368,12369,38871
8581,38871,12369,12370,38872
8582,38872,12370,12371,38873
8583,38873,12371,12372,38874
8584,38874,12372,12373,38875
8585,38875,12373,12374,38876
8586,38876,12374,12375,38877
8587,38877,12375,12376,38878
8588,38878,12376,12377,38879
8589,38879,12377,12378,38880
8590,38880,12378,12379,38881
8591,38881,12379,12380,38882
8592,38882,12380,12381,38883
8593,38883,12381,12382,38884
8594,38884,12382,12383,38885
8595,38885,12383,12384,38886
8596,38886,12384,12385,38887
8597,38887,12385,12386,38888
8598,38888,12386,12387,38889
8599,38889,12387,12388,38890
8600,38890,12388,12389,38891
8601,38891,12389,12390,38892
8602,38892,12390,12391,38893
8603,38893,12391,12392,38894
8604,38894,12392,12393,38895
8605,38895,12393,12394,38896
8606,38896,12394,12395,38897
8607,38897,12395,12396,38898
8608,38898,12396,12397,38899
8609,38899,12397,12398,38900
8610,38900,12398,12399,38901
8611,38901,12399,12400,38902
8612,38902,12400,12401,38903
8613,38903,12401,12402,38904
8614,38904,12402,12403,38905
8615,38905,12403,12404,38906
8616,38906,12404,12405,38907
8617,38907,12405,12406,38908
8618,38908,12406,12407,38909
8619,38909,12407,12408,38910
8620,38910,12408,12409,38911
8621,38911,12409,12410,38912
8622,38912,12410,12411,38913
8623,38913,12411,12412,38914
8624,38914,12412,12413,38915
8625,38915,12413,12414,38916
8626,38916,12414,12415,38917
8627,38917,12415,12416,38918
8628,38918,12416,12417,38919
8629,38919,12417,12418,38920
8630,38920,12418,12419,38921
8631,38921,12419,12420,38922
8632,38922,12420,12421,38923
8633,38923,12421,12422,38924
8634,38924,12422,12423,38925
8635,38925,12423,12424,38926
8636,38926,12424,12425,38927
8637,38927,12425,12426,38928
8638,38928,12426,12427,38929
8639,38929,12427,12428,38930
8640,38930,12428,12429,38931
8641,38931,12429,12430,38932
8642,38932,12430,12431,38933
8643,38933,12431,12432,38934
8644,38934,12432,12433,38935
8645,38935,12433,12434,38936
8646,38936,12434,12435,38937
8647,38937,12435,12436,38938
8648,38938,12436,12437,38939
8649,38939,12437,12438,38940
8650,38940,12438,12439,38941
8651,38941,12439,12440,38942
8652,38942,12440,12441,38943
8653,38943,12441,12442,38944
8654,38944,12442,12443,38945
8655,38945,12443,12444,38946
8656,38946,12444,12445,38947
8657,38947,12445,12446,38948
8658,38948,12446,12447,38949
8659,38949,12447,12448,38950
8660,38950,12448,12449,38951
8661,38951,12449,12450,38952
8662,38952,12450,12451,38953
8663,38953,12451,12452,38954
8664,38954,12452,12453,38955
8665,38955,12453,12454,38956
8666,38956,12454,12455,38957
8667,38957,12455,12456,38958
8668,38958,12456,12457,38959
8669,38959,12457,12458,38960
8670,38960,12458,12459,38961
8671,38961,12459,12460,38962
8672,38962,12460,12461,38963
8673,38963,12461,12462,38964
8674,38964,12462,12463,38965
8675,38965,12463,12464,38966
8676,38966,12464,12465,38967
8677,38967,12465,12466,38968
8678,38968,12466,12467,38969
8679,38969,12467,12468,38970
8680,38970,12468,12469,38971
8681,38971,12469,12470,38972
8682,38972,12470,12471,38973
8683,38973,12471,12472,38974
8684,38974,12472,12473,38975
8685,38975,12473,12474,38976
8686,38976,12474,12475,38977
8687,38977,12475,12476,38978
8688,38978,12476,12477,38979
8689,38979,12477,12478,38980
8690,38980,12478,12479,38981
8691,38981,12479,12480,38982
8692,38982,12480,12481,38983
8693,38983,12481,12482,38984
8694,38984,12482,12483,38985
8695,38985,12483,12484,38986
8696,38986,12484,12485,38987
8697,38987,12485,12486,38988
8698,38988,12486,12487,38989
8699,38989,12487,12488,38990
8700,38990,12488,12489,38991
8701,38991,12489,12490,38992
8702,38992,12490,12491,38993
8703,38993,12491,12492,38994
8704,38994,12492,12493,38995
8705,38995,12493,12494,38996
8706,38996,12494,12495,38997
8707,38997,12495,12496,38998
8708,38998,12496,12497,38999
8709,38999,12497,12498,39000
8710,39000,12498,12499,39001
8711,39001,12499,12500,39002
8712,39002,12500,12501,39003
8713,39003,12501,12502,39004
8714,39004,12502,12503,39005
8715,39005,12503,12504,39006
8716,39006,12504,12505,39007
8717,39007,12505,12506,39008
8718,39008,12506,12507,39009
8719,39009,12507,12508,39010
8720,39010,12508,12509,39011
8721,39011,12509,12510,39012
8722,39012,12510,12511,39013
8723,39013,12511,12512,39014
8724,39014,12512,12513,39015
8725,39015,12513,12514,39016
8726,39016,12514,12515,39017
8727,39017,12515,12516,39018
8728,39018,12516,12517,39019
8729,39019,12517,12518,39020
8730,39020,12518,12519,39021
8731,39021,12519,12520,39022
8732,39022,12520,12521,39023
8733,39023,12521,12522,39024
8734,39024,12522,12523,39025
8735,39025,12523,12524,39026
8736,39026,12524,12525,39027
8737,39027,12525,12526,39028
8738,39028,12526,12527,39029
8739,39029,12527,12528,39030
8740,39030,12528,12529,39031
8741,39031,12529,12530,39032
8742,39032,12530,12531,39033
8743,39033,12531,12532,39034
8744,39034,12532,12533,39035
8745,39035,12533,12534,39036
8746,39036,12534,12535,39037
8747,39037,12535,12536,39038
8748,39038,12536,12537,39039
8749,39039,12537,12538,39040
8750,39040,12538,12539,39041
8751,39041,12539,12540,39042
8752,39042,12540,12541,39043
8753,39043,12541,12542,39044
8754,39044,12542,12543,39045
8755,39045,12543,12544,39046
8756,39046,12544,12545,39047
8757,39047,12545,12546,39048
8758,39048,12546,12547,39049
8759,39049,12547,12548,39050
8760,39050,12548,12549,39051
8761,39051,12549,12550,39052
8762,39052,12550,12551,39053
8763,39053,12551,12552,39054
8764,39054,12552,12553,39055
8765,39055,12553,12554,39056
8766,39056,12554,12555,39057
8767,39057,12555,12556,39058
8768,39058,12556,12557,39059
8769,39059,12557,12558,39060
8770,39060,12558,12559,39061
8771,39061,12559,12560,39062
8772,39062,12560,12561,39063
8773,39063,12561,12562,39064
8774,39064,12562,12563,39065
8775,39065,12563,12564,39066
8776,39066,12564,12565,39067
8777,39067,12565,12566,39068
8778,39068,12566,12567,39069
8779,39069,12567,12568,39070
8780,39070,12568,12569,39071
8781,39071,12569,12570,39072
8782,39072,12570,12571,39073
8783,39073,12571,12572,39074
8784,39074,12572,12573,39075
8785,39075,12573,12574,39076
8786,39076,12574,12575,39077
8787,39077,12575,12576,39078
8788,39078,12576,12577,39079
8789,39079,12577,12578,39080
8790,39080,12578,12579,39081
8791,39081,12579,12580,39082
8792,39082,12580,12581,39083
8793,39083,12581,12582,39084
8794,39084,12582,12583,39085
8795,39085,12583,12584,39086
8796,39086,12584,12585,39087
8797,39087,12585,12586,39088
8798,39088,12586,12587,39089
8799,39089,12587,12588,39090
8800,39090,12588,12589,39091
8801,39091,12589,12590,39092
8802,39092,12590,12591,39093
8803,39093,12591,12592,39094
8804,39094,12592,12593,39095
8805,39095,12593,12594,39096
8806,39096,12594,12595,39097
8807,39097,12595,12596,39098
8808,39098,12596,12597,39099
8809,39099,12597,12598,39100
8810,39100,12598,12599,39101
8811,39101,12599,12600,39102
8812,39102,12600,12601,39103
8813,39103,12601,12602,39104
8814,39104,12602,12603,39105
8815,39105,12603,12604,39106
8816,39106,12604,12605,39107
8817,39107,12605,12606,39108
8818,39108,12606,12607,39109
8819,39109,12607,12608,39110
8820,39110,12608,12609,39111
8821,39111,12609,12610,39112
8822,39112,12610,12611,39113
8823,39113,12611,12612,39114
8824,39114,12612,12613,39115
8825,39115,12613,12614,39116
8826,39116,12614,12615,39117
8827,39117,12615,12616,39118
8828,39118,12616,12617,39119
8829,39119,12617,12618,39120
8830,39120,12618,12619,39121
8831,39121,12619,12620,39122
8832,39122,12620,12621,39123
8833,39123,12621,12622,39124
8834,39124,12622,12623,39125
8835,39125,12623,12624,39126
8836,39126,12624,12625,39127
8837,39127,12625,12626,39128
8838,39128,12626,12627,39129
8839,39129,12627,12628,39130
8840,39130,12628,12629,39131
8841,39131,12629,12630,39132
8842,39132,12630,12631,39133
8843,39133,12631,12632,39134
8844,39134,12632,12633,39135
8845,39135,12633,12634,39136
8846,39136,12634,12635,39137
8847,39137,12635,12636,39138
8848,39138,12636,12637,39139
8849,39139,12637,12638,39140
8850,39140,12638,12639,39141
8851,39141,12639,12640,39142
8852,39142,12640,12641,39143
8853,39143,12641,12642,39144
8854,39144,12642,12643,39145
8855,39145,12643,12644,39146
8856,39146,12644,12645,39147
8857,39147,12645,12646,39148
8858,39148,12646,12647,39149
8859,39149,12647,12648,39150
8860,39150,12648,12649,39151
8861,39151,12649,12650,39152
8862,39152,12650,12651,39153
8863,39153,12651,12652,39154
8864,39154,12652,12653,39155
8865,39155,12653,12654,39156
8866,39156,12654,12655,39157
8867,39157,12655,12656,39158
8868,39158,12656,12657,39159
8869,39159,12657,12658,39160
8870,39160,12658,12659,39161
8871,39161,12659,12660,39162
8872,39162,12660,12661,39163
8873,39163,12661,12662,39164
8874,39164,12662,12663,39165
8875,39165,12663,12664,39166
8876,39166,12664,12665,39167
8877,39167,12665,12666,39168
8878,39168,12666,12667,39169
8879,39169,12667,12668,39170
8880,39170,12668,12669,39171
8881,39171,12669,12670,39172
8882,39172,12670,12671,39173
8883,39173,12671,12672,39174
8884,39174,12672,12673,39175
8885,39175,12673,12674,39176
8886,39176,12674,12675,39177
8887,39177,12675,12676,39178
8888,39178,12676,12677,39179
8889,39179,12677,12678,39180
8890,39180,12678,12679,39181
8891,39181,12679,12680,39182
8892,39182,12680,12681,39183
8893,39183,12681,12682,39184
8894,39184,12682,12683,39185
8895,39185,12683,12684,39186
8896,39186,12684,12685,39187
8897,39187,12685,12686,39188
8898,39188,12686,12687,39189
8899,39189,12687,12688,39190
8900,39190,12688,12689,39191
8901,39191,12689,12690,39192
8902,39192,12690,12691,39193
8903,39193,12691,12692,39194
8904,39194,12692,12693,39195
8905,39195,12693,12694,39196
8906,39196,12694,12695,39197
8907,39197,12695,12696,39198
8908,39198,12696,12697,39199
8909,39199,12697,12698,39200
8910,39200,12698,12699,39201
8911,39201,12699,12700,39202
8912,39202,12700,12701,39203
8913,39203,12701,12702,39204
8914,39204,12702,12703,39205
8915,39205,12703,12704,39206
8916,39206,12704,12705,39207
8917,39207,12705,12706,39208
8918,39208,12706,12707,39209
8919,39209,12707,12708,39210
8920,39210,12708,12709,39211
8921,39211,12709,12710,39212
8922,39212,12710,12711,39213
8923,39213,12711,12712,39214
8924,39214,12712,12713,39215
8925,39215,12713,12714,39216
8926,39216,12714,12715,39217
8927,39217,12715,12716,39218
8928,39218,12716,12717,39219
8929,39219,12717,12718,39220
8930,39220,12718,12719,39221
8931,39221,12719,12720,39222
8932,39222,12720,12721,39223
8933,39223,12721,12722,39224
8934,39224,12722,12723,39225
8935,39225,12723,12724,39226
8936,39226,12724,12725,39227
8937,39227,12725,12726,39228
8938,39228,12726,12727,39229
8939,39229,12727,12728,39230
8940,39230,12728,12729,39231
8941,39231,12729,12730,39232
8942,39232,12730,12731,39233
8943,39233,12731,12732,39234
8944,39234,12732,12733,39235
8945,39235,12733,12734,39236
8946,39236,12734,12735,39237
8947,39237,12735,12736,39238
8948,39238,12736,12737,39239
8949,39239,12737,12738,39240
8950,39240,12738,12739,39241
8951,39241,12739,12740,39242
8952,39242,12740,12741,39243
8953,39243,12741,12742,39244
8954,39244,12742,12743,39245
8955,39245,12743,12744,39246
8956,39246,12744,12745,39247
8957,39247,12745,12746,39248
8958,39248,12746,12747,39249
8959,39249,12747,12748,39250
8960,39250,12748,12749,39251
8961,39251,12749,12750,39252
8962,39252,12750,12751,39253
8963,39253,12751,12752,39254
8964,39254,12752,12753,39255
8965,39255,12753,12754,39256
8966,39256,12754,12755,39257
8967,39257,12755,12756,39258
8968,39258,12756,12757,39259
8969,39259,12757,12758,39260
8970,39260,12758,12759,39261
8971,39261,12759,12760,39262
8972,39262,12760,12761,39263
8973,39263,12761,12762,39264
8974,39264,12762,12763,39265
8975,39265,12763,12764,39266
8976,39266,12764,12765,39267
8977,39267,12765,12766,39268
8978,39268,12766,12767,39269
8979,39269,12767,12768,39270
8980,39270,12768,12769,39271
8981,39271,12769,12770,39272
8982,39272,12770,12771,39273
8983,39273,12771,12772,39274
8984,39274,12772,12773,39275
8985,39275,12773,12774,39276
8986,39276,12774,12775,39277
8987,39277,12775,12776,39278
8988,39278,12776,12777,39279
8989,39279,12777,12778,39280
8990,39280,12778,12779,39281
8991,39281,12779,12780,39282
8992,39282,12780,12781,39283
8993,39283,12781,12782,39284
8994,39284,12782,12783,39285
8995,39285,12783,12784,39286
8996,39286,12784,12785,39287
8997,39287,12785,12786,39288
8998,39288,12786,12787,39289
8999,39289,12787,12788,39290
9000,39290,12788,12789,39291
9001,39291,12789,12790,39292
9002,39292,12790,12791,39293
9003,39293,12791,12792,39294
9004,39294,12792,12793,39295
9005,39295,12793,12794,39296
9006,39296,12794,12795,39297
9007,39297,12795,12796,39298
9008,39298,12796,12797,39299
9009,39299,12797,12798,39300
9010,39300,12798,12799,39301
9011,39301,12799,12800,39302
9012,39302,12800,12801,39303
9013,39303,12801,12802,39304
9014,39304,12802,12803,39305
9015,39305,12803,12804,39306
9016,39306,12804,12805,39307
9017,39307,12805,12806,39308
9018,39308,12806,12807,39309
9019,39309,12807,12808,39310
9020,39310,12808,12809,39311
9021,39311,12809,12810,39312
9022,39312,12810,12811,39313
9023,39313,12811,12812,39314
9024,39314,12812,12813,39315
9025,39315,12813,12814,39316
9026,39316,12814,12815,39317
9027,39317,12815,12816,39318
9028,39318,12816,12817,39319
9029,39319,12817,12818,39320
9030,39320,12818,12819,39321
9031,39321,12819,12820,39322
9032,39322,12820,12821,39323
9033,39323,12821,12822,39324
9034,39324,12822,12823,39325
9035,39325,12823,12824,39326
9036,39326,12824,12825,39327
9037,39327,12825,12826,39328
9038,39328,12826,12827,39329
9039,39329,12827,12828,39330
9040,39330,12828,12829,39331
9041,39331,12829,12830,39332
9042,39332,12830,12831,39333
9043,39333,12831,12832,39334
9044,39334,12832,12833,39335
9045,39335,12833,12834,39336
9046,39336,12834,12835,39337
9047,39337,12835,12836,39338
9048,39338,12836,12837,39339
9049,39339,12837,12838,39340
9050,39340,12838,12839,39341
9051,39341,12839,12840,39342
9052,39342,12840,12841,39343
9053,39343,12841,12842,39344
9054,39344,12842,12843,39345
9055,39345,12843,12844,39346
9056,39346,12844,12845,39347
9057,39347,12845,12846,39348
9058,39348,12846,12847,39349
9059,39349,12847,12848,39350
9060,39350,12848,12849,39351
9061,39351,12849,12850,39352
9062,39352,12850,12851,39353
9063,39353,12851,12852,39354
9064,39354,12852,12853,39355
9065,39355,12853,12854,39356
9066,39356,12854,12855,39357
9067,39357,12855,12856,39358
9068,39358,12856,12857,39359
9069,39359,12857,12858,39360
9070,39360,12858,12859,39361
9071,39361,12859,12860,39362
9072,39362,12860,12861,39363
9073,39363,12861,12862,39364
9074,39364,12862,12863,39365
9075,39365,12863,12864,39366
9076,39366,12864,12865,39367
9077,39367,12865,12866,39368
9078,39368,12866,12867,39369
9079,39369,12867,12868,39370
9080,39370,12868,12869,39371
9081,39371,12869,12870,39372
9082,39372,12870,12871,39373
9083,39373,12871,12872,39374
9084,39374,12872,12873,39375
9085,39375,12873,12874,39376
9086,39376,12874,12875,39377
9087,39377,12875,12876,39378
9088,39378,12876,12877,39379
9089,39379,12877,12878,39380
9090,39380,12878,12879,39381
9091,39381,12879,12880,39382
9092,39382,12880,12881,39383
9093,39383,12881,12882,39384
9094,39384,12882,12883,39385
9095,39385,12883,12884,39386
9096,39386,12884,12885,39387
9097,39387,12885,12886,39388
9098,39388,12886,12887,39389
9099,39389,12887,12888,39390
9100,39390,12888,12889,39391
9101,39391,12889,12890,39392
9102,39392,12890,12891,39393
9103,39393,12891,12892,39394
9104,39394,12892,12893,39395
9105,39395,12893,12894,39396
9106,39396,12894,12895,39397
9107,39397,12895,12896,39398
9108,39398,12896,12897,39399
9109,39399,12897,12898,39400
9110,39400,12898,12899,39401
9111,39401,12899,12900,39402
9112,39402,12900,12901,39403
9113,39403,12901,12902,39404
9114,39404,12902,12903,39405
9115,39405,12903,12904,39406
9116,39406,12904,12905,39407
9117,39407,12905,12906,39408
9118,39408,12906,12907,39409
9119,39409,12907,12908,39410
9120,39410,12908,12909,39411
9121,39411,12909,12910,39412
9122,39412,12910,12911,39413
9123,39413,12911,12912,39414
9124,39414,12912,12913,39415
9125,39415,12913,12914,39416
9126,39416,12914,12915,39417
9127,39417,12915,12916,39418
9128,39418,12916,12917,39419
9129,39419,12917,12918,39420
9130,39420,12918,12919,39421
9131,39421,12919,12920,39422
9132,39422,12920,12921,39423
9133,39423,12921,12922,39424
9134,39424,12922,12923,39425
9135,39425,12923,12924,39426
9136,39426,12924,12925,39427
9137,39427,12925,12926,39428
9138,39428,12926,12927,39429
9139,39429,12927,12928,39430
9140,39430,12928,12929,39431
9141,39431,12929,12930,39432
9142,39432,12930,12931,39433
9143,39433,12931,12932,39434
9144,39434,12932,12933,39435
9145,39435,12933,12934,39436
9146,39436,12934,12935,39437
9147,39437,12935,12936,39438
9148,39438,12936,12937,39439
9149,39439,12937,12938,39440
9150,39440,12938,12939,39441
9151,39441,12939,12940,39442
9152,39442,12940,12941,39443
9153,39443,12941,12942,39444
9154,39444,12942,12943,39445
9155,39445,12943,12944,39446
9156,39446,12944,12945,39447
9157,39447,12945,12946,39448
9158,39448,12946,12947,39449
9159,39449,12947,12948,39450
9160,39450,12948,12949,39451
9161,39451,12949,12950,39452
9162,39452,12950,12951,39453
9163,39453,12951,12952,39454
9164,39454,12952,12953,39455
9165,39455,12953,12954,39456
9166,39456,12954,12955,39457
9167,39457,12955,12956,39458
9168,39458,12956,12957,39459
9169,39459,12957,12958,39460
9170,39460,12958,12959,39461
9171,39461,12959,12960,39462
9172,39462,12960,12961,39463
9173,39463,12961,12962,39464
9174,39464,12962,12963,39465
9175,39465,12963,12964,39466
9176,39466,12964,12965,39467
9177,39467,12965,12966,39468
9178,39468,12966,12967,39469
9179,39469,12967,12968,39470
9180,39470,12968,12969,39471
9181,39471,12969,12970,39472
9182,39472,12970,12971,39473
9183,39473,12971,12972,39474
9184,39474,12972,12973,39475
9185,39475,12973,12974,39476
9186,39476,12974,12975,39477
9187,39477,12975,12976,39478
9188,39478,12976,12977,39479
9189,39479,12977,12978,39480
9190,39480,12978,12979,39481
9191,39481,12979,12980,39482
9192,39482,12980,12981,39483
9193,39483,12981,12982,39484
9194,39484,12982,12983,39485
9195,39485,12983,12984,39486
9196,39486,12984,12985,39487
9197,39487,12985,12986,39488
9198,39488,12986,12987,39489
9199,39489,12987,12988,39490
9200,39490,12988,12989,39491
9201,39491,12989,12990,39492
9202,39492,12990,12991,39493
9203,39493,12991,12992,39494
9204,39494,12992,12993,39495
9205,39495,12993,12994,39496
9206,39496,12994,12995,39497
9207,39497,12995,12996,39498
9208,39498,12996,12997,39499
9209,39499,12997,12998,39500
9210,39500,12998,12999,39501
9211,39501,12999,13000,39502
9212,39502,13000,13001,39503
9213,39503,13001,13002,39504
9214,39504,13002,13003,39505
9215,39505,13003,13004,39506
9216,39506,13004,13005,39507
9217,39507,13005,13006,39508
9218,39508,13006,13007,39509
9219,39509,13007,13008,39510
9220,39510,13008,13009,39511
9221,39511,13009,13010,39512
9222,39512,13010,13011,39513
9223,39513,13011,13012,39514
9224,39514,13012,13013,39515
9225,39515,13013,13014,39516
9226,39516,13014,13015,39517
9227,39517,13015,13016,39518
9228,39518,13016,13017,39519
9229,39519,13017,13018,39520
9230,39520,13018,13019,39521
9231,39521,13019,13020,39522
9232,39522,13020,13021,39523
9233,39523,13021,13022,39524
9234,39524,13022,13023,39525
9235,39525,13023,13024,39526
9236,39526,13024,13025,39527
9237,39527,13025,13026,39528
9238,39528,13026,13027,39529
9239,39529,13027,13028,39530
9240,39530,13028,13029,39531
9241,39531,13029,13030,39532
9242,39532,13030,13031,39533
9243,39533,13031,13032,39534
9244,39534,13032,13033,39535
9245,39535,13033,13034,39536
9246,39536,13034,13035,39537
9247,39537,13035,13036,39538
9248,39538,13036,13037,39539
9249,39539,13037,13038,39540
9250,39540,13038,13039,39541
9251,39541,13039,13040,39542
9252,39542,13040,13041,39543
9253,39543,13041,13042,39544
9254,39544,13042,13043,39545
9255,39545,13043,13044,39546
9256,39546,13044,13045,39547
9257,39547,13045,13046,39548
9258,39548,13046,13047,39549
9259,39549,13047,13048,39550
9260,39550,13048,13049,39551
9261,39551,13049,13050,39552
9262,39552,13050,13051,39553
9263,39553,13051,13052,39554
9264,39554,13052,13053,39555
9265,39555,13053,13054,39556
9266,39556,13054,13055,39557
9267,39557,13055,13056,39558
9268,39558,13056,13057,39559
9269,39559,13057,13058,39560
9270,39560,13058,13059,39561
9271,39561,13059,13060,39562
9272,39562,13060,13061,39563
9273,39563,13061,13062,39564
9274,39564,13062,13063,39565
9275,39565,13063,13064,39566
9276,39566,13064,13065,39567
9277,39567,13065,13066,39568
9278,39568,13066,13067,39569
9279,39569,13067,13068,39570
9280,39570,13068,13069,39571
9281,39571,13069,13070,39572
9282,39572,13070,13071,39573
9283,39573,13071,13072,39574
9284,39574,13072,13073,39575
9285,39575,13073,13074,39576
9286,39576,13074,13075,39577
9287,39577,13075,13076,39578
9288,39578,13076,13077,39579
9289,39579,13077,13078,39580
9290,39580,13078,13079,39581
9291,39581,13079,13080,39582
9292,39582,13080,13081,39583
9293,39583,13081,13082,39584
9294,39584,13082,13083,39585
9295,39585,13083,13084,39586
9296,39586,13084,13085,39587
9297,39587,13085,13086,39588
9298,39588,13086,13087,39589
9299,39589,13087,13088,39590
9300,39590,13088,13089,39591
9301,39591,13089,13090,39592
9302,39592,13090,13091,39593
9303,39593,13091,13092,39594
9304,39594,13092,13093,39595
9305,39595,13093,13094,39596
9306,39596,13094,13095,39597
9307,39597,13095,13096,39598
9308,39598,13096,13097,39599
9309,39599,13097,13098,39600
9310,39600,13098,13099,39601
9311,39601,13099,13100,39602
9312,39602,13100,13101,39603
9313,39603,13101,13102,39604
9314,39604,13102,13103,39605
9315,39605,13103,13104,39606
9316,39606,13104,13105,39607
9317,39607,13105,13106,39608
9318,39608,13106,13107,39609
9319,39609,13107,13108,39610
9320,39610,13108,13109,39611
9321,39611,13109,13110,39612
9322,39612,13110,13111,39613
9323,39613,13111,13112,39614
9324,39614,13112,13113,39615
9325,39615,13113,13114,39616
9326,39616,13114,13115,39617
9327,39617,13115,13116,39618
9328,39618,13116,13117,39619
9329,39619,13117,13118,39620
9330,39620,13118,13119,39621
9331,39621,13119,13120,39622
9332,39622,13120,13121,39623
9333,39623,13121,13122,39624
9334,39624,13122,13123,39625
9335,39625,13123,13124,39626
9336,39626,13124,13125,39627
9337,39627,13125,13126,39628
9338,39628,13126,13127,39629
9339,39629,13127,13128,39630
9340,39630,13128,13129,39631
9341,39631,13129,13130,39632
9342,39632,13130,13131,39633
9343,39633,13131,13132,39634
9344,39634,13132,13133,39635
9345,39635,13133,13134,39636
9346,39636,13134,13135,39637
9347,39637,13135,13136,39638
9348,39638,13136,13137,39639
9349,39639,13137,13138,39640
9350,39640,13138,13139,39641
9351,39641,13139,13140,39642
9352,39642,13140,13141,39643
9353,39643,13141,13142,39644
9354,39644,13142,13143,39645
9355,39645,13143,13144,39646
9356,39646,13144,13145,39647
9357,39647,13145,13146,39648
9358,39648,13146,13147,39649
9359,39649,13147,13148,39650
9360,39650,13148,13149,39651
9361,39651,13149,13150,39652
9362,39652,13150,13151,39653
9363,39653,13151,13152,39654
9364,39654,13152,13153,39655
9365,39655,13153,13154,39656
9366,39656,13154,13155,39657
9367,39657,13155,13156,39658
9368,39658,13156,13157,39659
9369,39659,13157,13158,39660
9370,39660,13158,13159,39661
9371,39661,13159,13160,39662
9372,39662,13160,13161,39663
9373,39663,13161,13162,39664
9374,39664,13162,13163,39665
9375,39665,13163,13164,39666
9376,39666,13164,13165,39667
9377,39667,13165,13166,39668
9378,39668,13166,13167,39669
9379,39669,13167,13168,39670
9380,39670,13168,13169,39671
9381,39671,13169,13170,39672
9382,39672,13170,13171,39673
9383,39673,13171,13172,39674
9384,39674,13172,13173,39675
9385,39675,13173,13174,39676
9386,39676,13174,13175,39677
9387,39677,13175,13176,39678
9388,39678,13176,13177,39679
9389,39679,13177,13178,39680
9390,39680,13178,13179,39681
9391,39681,13179,13180,39682
9392,39682,13180,13181,39683
9393,39683,13181,13182,39684
9394,39684,13182,13183,39685
9395,39685,13183,13184,39686
9396,39686,13184,13185,39687
9397,39687,13185,13186,39688
9398,39688,13186,13187,39689
9399,39689,13187,13188,39690
9400,39690,13188,13189,39691
9401,39691,13189,13190,39692
9402,39692,13190,13191,39693
9403,39693,13191,13192,39694
9404,39694,13192,13193,39695
9405,39695,13193,13194,39696
9406,39696,13194,13195,39697
9407,39697,13195,13196,39698
9408,39698,13196,13197,39699
9409,39699,13197,13198,39700
9410,39700,13198,13199,39701
9411,39701,13199,13200,39702
9412,39702,13200,13201,39703
9413,39703,13201,13202,39704
9414,39704,13202,13203,39705
9415,39705,13203,13204,39706
9416,39706,13204,13205,39707
9417,39707,13205,13206,39708
9418,39708,13206,13207,39709
9419,39709,13207,13208,39710
9420,39710,13208,13209,39711
9421,39711,13209,13210,39712
9422,39712,13210,13211,39713
9423,39713,13211,13212,39714
9424,39714,13212,13213,39715
9425,39715,13213,13214,39716
9426,39716,13214,13215,39717
9427,39717,13215,13216,39718
9428,39718,13216,13217,39719
9429,39719,13217,13218,39720
9430,39720,13218,13219,39721
9431,39721,13219,13220,39722
9432,39722,13220,13221,39723
9433,39723,13221,13222,39724
9434,39724,13222,13223,39725
9435,39725,13223,13224,39726
9436,39726,13224,13225,39727
9437,39727,13225,13226,39728
9438,39728,13226,13227,39729
9439,39729,13227,13228,39730
9440,39730,13228,13229,39731
9441,39731,13229,13230,39732
9442,39732,13230,13231,39733
9443,39733,13231,13232,39734
9444,39734,13232,13233,39735
9445,39735,13233,13234,39736
9446,39736,13234,13235,39737
9447,39737,13235,13236,39738
9448,39738,13236,13237,39739
9449,39739,13237,13238,39740
9450,39740,13238,13239,39741
9451,39741,13239,13240,39742
9452,39742,13240,13241,39743
9453,39743,13241,13242,39744
9454,39744,13242,13243,39745
9455,39745,13243,13244,39746
9456,39746,13244,13245,39747
9457,39747,13245,13246,39748
9458,39748,13246,13247,39749
9459,39749,13247,13248,39750
9460,39750,13248,13249,39751
9461,39751,13249,13250,39752
9462,39752,13250,13251,39753
9463,39753,13251,13252,39754
9464,39754,13252,13253,39755
9465,39755,13253,13254,39756
9466,39756,13254,13255,39757
9467,39757,13255,13256,39758
9468,39758,13256,13257,39759
9469,39759,13257,13258,39760
9470,39760,13258,13259,39761
9471,39761,13259,13260,39762
9472,39762,13260,13261,39763
9473,39763,13261,13262,39764
9474,39764,13262,13263,39765
9475,39765,13263,13264,39766
9476,39766,13264,13265,39767
9477,39767,13265,13266,39768
9478,39768,13266,13267,39769
9479,39769,13267,13268,39770
9480,39770,13268,13269,39771
9481,39771,13269,13270,39772
9482,39772,13270,13271,39773
9483,39773,13271,13272,39774
9484,39774,13272,13273,39775
9485,39775,13273,13274,39776
9486,39776,13274,13275,39777
9487,39777,13275,13276,39778
9488,39778,13276,13277,39779
9489,39779,13277,13278,39780
9490,39780,13278,13279,39781
9491,39781,13279,13280,39782
9492,39782,13280,13281,39783
9493,39783,13281,13282,39784
9494,39784,13282,13283,39785
9495,39785,13283,13284,39786
9496,39786,13284,13285,39787
9497,39787,13285,13286,39788
9498,39788,13286,13287,39789
9499,39789,13287,13288,39790
9500,39790,13288,13289,39791
9501,39791,13289,13290,39792
9502,39792,13290,13291,39793
9503,39793,13291,13292,39794
9504,39794,13292,13293,39795
9505,39795,13293,13294,39796
9506,39796,13294,13295,39797
9507,39797,13295,13296,39798
9508,39798,13296,13297,39799
9509,39799,13297,13298,39800
9510,39800,13298,13299,39801
9511,39801,13299,13300,39802
9512,39802,13300,13301,39803
9513,39803,13301,13302,39804
9514,39804,13302,13303,39805
9515,39805,13303,13304,39806
9516,39806,13304,13305,39807
9517,39807,13305,13306,39808
9518,39808,13306,13307,39809
9519,39809,13307,13308,39810
9520,39810,13308,13309,39811
9521,39811,13309,13310,39812
9522,39812,13310,13311,39813
9523,39813,13311,13312,39814
9524,39814,13312,13313,39815
9525,39815,13313,13314,39816
9526,39816,13314,13315,39817
9527,39817,13315,13316,39818
9528,39818,13316,13317,39819
9529,39819,13317,13318,39820
9530,39820,13318,13319,39821
9531,39821,13319,13320,39822
9532,39822,13320,13321,39823
9533,39823,13321,13322,39824
9534,39824,13322,13323,39825
9535,39825,13323,13324,39826
9536,39826,13324,13325,39827
9537,39827,13325,13326,39828
9538,39828,13326,13327,39829
9539,39829,13327,13328,39830
9540,39830,13328,13329,39831
9541,39831,13329,13330,39832
9542,39832,13330,13331,39833
9543,39833,13331,13332,39834
9544,39834,13332,13333,39835
9545,39835,13333,13334,39836
9546,39836,13334,13335,39837
9547,39837,13335,13336,39838
9548,39838,13336,13337,39839
9549,39839,13337,13338,39840
9550,39840,13338,13339,39841
9551,39841,13339,13340,39842
9552,39842,13340,13341,39843
9553,39843,13341,13342,39844
9554,39844,13342,13343,39845
9555,39845,13343,13344,39846
9556,39846,13344,13345,39847
9557,39847,13345,13346,39848
9558,39848,13346,13347,39849
9559,39849,13347,13348,39850
9560,39850,13348,13349,39851
9561,39851,13349,13350,39852
9562,39852,13350,13351,39853
9563,39853,13351,13352,39854
9564,39854,13352,13353,39855
9565,39855,13353,13354,39856
9566,39856,13354,13355,39857
9567,39857,13355,13356,39858
9568,39858,13356,13357,39859
9569,39859,13357,13358,39860
9570,39860,13358,13359,39861
9571,39861,13359,13360,39862
9572,39862,13360,13361,39863
9573,39863,13361,13362,39864
9574,39864,13362,13363,39865
9575,39865,13363,13364,39866
9576,39866,13364,13365,39867
9577,39867,13365,13366,39868
9578,39868,13366,13367,39869
9579,39869,13367,13368,39870
9580,39870,13368,13369,39871
9581,39871,13369,13370,39872
9582,39872,13370,13371,39873
9583,39873,13371,13372,39874
9584,39874,13372,13373,39875
9585,39875,13373,13374,39876
9586,39876,13374,13375,39877
9587,39877,13375,13376,39878
9588,39878,13376,13377,39879
9589,39879,13377,13378,39880
9590,39880,13378,13379,39881
9591,39881,13379,13380,39882
9592,39882,13380,13381,39883
9593,39883,13381,13382,39884
9594,39884,13382,13383,39885
9595,39885,13383,13384,39886
9596,39886,13384,13385,39887
9597,39887,13385,13386,39888
9598,39888,13386,13387,39889
9599,39889,13387,13388,39890
9600,39890,13388,13389,39891
9601,39891,13389,13390,39892
9602,39892,13390,13391,39893
9603,39893,13391,13392,39894
9604,39894,13392,13393,39895
9605,39895,13393,13394,39896
9606,39896,13394,13395,39897
9607,39897,13395,13396,39898
9608,39898,13396,13397,39899
9609,39899,13397,13398,39900
9610,39900,13398,13399,39901
9611,39901,13399,13400,39902
9612,39902,13400,13401,39903
9613,39903,13401,13402,39904
9614,39904,13402,13403,39905
9615,39905,13403,13404,39906
9616,39906,13404,13405,39907
9617,39907,13405,13406,39908
9618,39908,13406,13407,39909
9619,39909,13407,13408,39910
9620,39910,13408,13409,39911
9621,39911,13409,13410,39912
9622,39912,13410,13411,39913
9623,39913,13411,13412,39914
9624,39914,13412,13413,39915
9625,39915,13413,13414,39916
9626,39916,13414,13415,39917
9627,39917,13415,13416,39918
9628,39918,13416,13417,39919
9629,39919,13417,13418,39920
9630,39920,13418,13419,39921
9631,39921,13419,13420,39922
9632,39922,13420,13421,39923
9633,39923,13421,13422,39924
9634,39924,13422,13423,39925
9635,39925,13423,13424,39926
9636,39926,13424,13425,39927
9637,39927,13425,13426,39928
9638,39928,13426,13427,39929
9639,39929,13427,13428,39930
9640,39930,13428,13429,39931
9641,39931,13429,13430,39932
9642,39932,13430,13431,39933
9643,39933,13431,13432,39934
9644,39934,13432,13433,39935
9645,39935,13433,13434,39936
9646,39936,13434,13435,39937
9647,39937,13435,13436,39938
9648,39938,13436,13437,39939
9649,39939,13437,13438,39940
9650,39940,13438,13439,39941
9651,39941,13439,13440,39942
9652,39942,13440,13441,39943
9653,39943,13441,13442,39944
9654,39944,13442,13443,39945
9655,39945,13443,13444,39946
9656,39946,13444,13445,39947
9657,39947,13445,13446,39948
9658,39948,13446,13447,39949
9659,39949,13447,13448,39950
9660,39950,13448,13449,39951
9661,39951,13449,13450,39952
9662,39952,13450,13451,39953
9663,39953,13451,13452,39954
9664,39954,13452,13453,39955
9665,39955,13453,13454,39956
9666,39956,13454,13455,39957
9667,39957,13455,13456,39958
9668,39958,13456,13457,39959
9669,39959,13457,13458,39960
9670,39960,13458,13459,39961
9671,39961,13459,13460,39962
9672,39962,13460,13461,39963
9673,39963,13461,13462,39964
9674,39964,13462,13463,39965
9675,39965,13463,13464,39966
9676,39966,13464,13465,39967
9677,39967,13465,13466,39968
9678,39968,13466,13467,39969
9679,39969,13467,13468,39970
9680,39970,13468,13469,39971
9681,39971,13469,13470,39972
9682,39972,13470,13471,39973
9683,39973,13471,13472,39974
9684,39974,13472,13473,39975
9685,39975,13473,13474,39976
9686,39976,13474,13475,39977
9687,39977,13475,13476,39978
9688,39978,13476,13477,39979
9689,39979,13477,13478,39980
9690,39980,13478,13479,39981
9691,39981,13479,13480,39982
9692,39982,13480,13481,39983
9693,39983,13481,13482,39984
9694,39984,13482,13483,39985
9695,39985,13483,13484,39986
9696,39986,13484,13485,39987
9697,39987,13485,13486,39988
9698,39988,13486,13487,39989
9699,39989,13487,13488,39990
9700,39990,13488,13489,39991
9701,39991,13489,13490,39992
9702,39992,13490,13491,39993
9703,39993,13491,13492,39994
9704,39994,13492,13493,39995
9705,39995,13493,13494,39996
9706,39996,13494,13495,39997
9707,39997,13495,13496,39998
9708,39998,13496,13497,39999
9709,39999,13497,13498,40000
9710,40000,13498,13499,40001
9711,40001,13499,13500,40002
9712,40002,13500,13501,40003
9713,40003,13501,13502,40004
9714,40004,13502,13503,40005
9715,40005,13503,13504,40006
9716,40006,13504,13505,40007
9717,40007,13505,13506,40008
9718,40008,13506,13507,40009
9719,40009,13507,13508,40010
9720,40010,13508,13509,40011
9721,40011,13509,13510,40012
9722,40012,13510,13511,40013
9723,40013,13511,13512,40014
9724,40014,13512,13513,40015
9725,40015,13513,13514,40016
9726,40016,13514,13515,40017
9727,40017,13515,13516,40018
9728,40018,13516,13517,40019
9729,40019,13517,13518,40020
9730,40020,13518,13519,40021
9731,40021,13519,13520,40022
9732,40022,13520,13521,40023
9733,40023,13521,13522,40024
9734,40024,13522,13523,40025
9735,40025,13523,13524,40026
9736,40026,13524,13525,40027
9737,40027,13525,13526,40028
9738,40028,13526,13527,40029
9739,40029,13527,13528,40030
9740,40030,13528,13529,40031
9741,40031,13529,13530,40032
9742,40032,13530,13531,40033
9743,40033,13531,13532,40034
9744,40034,13532,13533,40035
9745,40035,13533,13534,40036
9746,40036,13534,13535,40037
9747,40037,13535,13536,40038
9748,40038,13536,13537,40039
9749,40039,13537,13538,40040
9750,40040,13538,13539,40041
9751,40041,13539,13540,40042
9752,40042,13540,13541,40043
9753,40043,13541,13542,40044
9754,40044,13542,13543,40045
9755,40045,13543,13544,40046
9756,40046,13544,13545,40047
9757,40047,13545,13546,40048
9758,40048,13546,13547,40049
9759,40049,13547,13548,40050
9760,40050,13548,13549,40051
9761,40051,13549,13550,40052
9762,40052,13550,13551,40053
9763,40053,13551,13552,40054
9764,40054,13552,13553,40055
9765,40055,13553,13554,40056
9766,40056,13554,13555,40057
9767,40057,13555,13556,40058
9768,40058,13556,13557,40059
9769,40059,13557,13558,40060
9770,40060,13558,13559,40061
9771,40061,13559,13560,40062
9772,40062,13560,13561,40063
9773,40063,13561,13562,40064
9774,40064,13562,13563,40065
9775,40065,13563,13564,40066
9776,40066,13564,13565,40067
9777,40067,13565,13566,40068
9778,40068,13566,13567,40069
9779,40069,13567,13568,40070
9780,40070,13568,13569,40071
9781,40071,13569,13570,40072
9782,40072,13570,13571,40073
9783,40073,13571,13572,40074
9784,40074,13572,13573,40075
9785,40075,13573,13574,40076
9786,40076,13574,13575,40077
9787,40077,13575,13576,40078
9788,40078,13576,13577,40079
9789,40079,13577,13578,40080
9790,40080,13578,13579,40081
9791,40081,13579,13580,40082
9792,40082,13580,13581,40083
9793,40083,13581,13582,40084
9794,40084,13582,13583,40085
9795,40085,13583,13584,40086
9796,40086,13584,13585,40087
9797,40087,13585,13586,40088
9798,40088,13586,13587,40089
9799,40089,13587,13588,40090
9800,40090,13588,13589,40091
9801,40091,13589,13590,40092
9802,40092,13590,13591,40093
9803,40093,13591,13592,40094
9804,40094,13592,13593,40095
9805,40095,13593,13594,40096
9806,40096,13594,13595,40097
9807,40097,13595,13596,40098
9808,40098,13596,13597,40099
9809,40099,13597,13598,40100
9810,40100,13598,13599,40101
9811,40101,13599,13600,40102
9812,40102,13600,13601,40103
9813,40103,13601,13602,40104
9814,40104,13602,13603,40105
9815,40105,13603,13604,40106
9816,40106,13604,13605,40107
9817,40107,13605,13606,40108
9818,40108,13606,13607,40109
9819,40109,13607,13608,40110
9820,40110,13608,13609,40111
9821,40111,13609,13610,40112
9822,40112,13610,13611,40113
9823,40113,13611,13612,40114
9824,40114,13612,13613,40115
9825,40115,13613,13614,40116
9826,40116,13614,13615,40117
9827,40117,13615,13616,40118
9828,40118,13616,13617,40119
9829,40119,13617,13618,40120
9830,40120,13618,13619,40121
9831,40121,13619,13620,40122
9832,40122,13620,13621,40123
9833,40123,13621,13622,40124
9834,40124,13622,13623,40125
9835,40125,13623,13624,40126
9836,40126,13624,13625,40127
9837,40127,13625,13626,40128
9838,40128,13626,13627,40129
9839,40129,13627,13628,40130
9840,40130,13628,13629,40131
9841,40131,13629,13630,40132
9842,40132,13630,13631,40133
9843,40133,13631,13632,40134
9844,40134,13632,13633,40135
9845,40135,13633,13634,40136
9846,40136,13634,13635,40137
9847,40137,13635,13636,40138
9848,40138,13636,13637,40139
9849,40139,13637,13638,40140
9850,40140,13638,13639,40141
9851,40141,13639,13640,40142
9852,40142,13640,13641,40143
9853,40143,13641,13642,40144
9854,40144,13642,13643,40145
9855,40145,13643,13644,40146
9856,40146,13644,13645,40147
9857,40147,13645,13646,40148
9858,40148,13646,13647,40149
9859,40149,13647,13648,40150
9860,40150,13648,13649,40151
9861,40151,13649,13650,40152
9862,40152,13650,13651,40153
9863,40153,13651,13652,40154
9864,40154,13652,13653,40155
9865,40155,13653,13654,40156
9866,40156,13654,13655,40157
9867,40157,13655,13656,40158
9868,40158,13656,13657,40159
9869,40159,13657,13658,40160
9870,40160,13658,13659,40161
9871,40161,13659,13660,40162
9872,40162,13660,13661,40163
9873,40163,13661,13662,40164
9874,40164,13662,13663,40165
9875,40165,13663,13664,40166
9876,40166,13664,13665,40167
9877,40167,13665,13666,40168
9878,40168,13666,13667,40169
9879,40169,13667,13668,40170
9880,40170,13668,13669,40171
9881,40171,13669,13670,40172
9882,40172,13670,13671,40173
9883,40173,13671,13672,40174
9884,40174,13672,13673,40175
9885,40175,13673,13674,40176
9886,40176,13674,13675,40177
9887,40177,13675,13676,40178
9888,40178,13676,13677,40179
9889,40179,13677,13678,40180
9890,40180,13678,13679,40181
9891,40181,13679,13680,40182
9892,40182,13680,13681,40183
9893,40183,13681,13682,40184
9894,40184,13682,13683,40185
9895,40185,13683,13684,40186
9896,40186,13684,13685,40187
9897,40187,13685,13686,40188
9898,40188,13686,13687,40189
9899,40189,13687,13688,40190
9900,40190,13688,13689,40191
9901,40191,13689,13690,40192
9902,40192,13690,13691,40193
9903,40193,13691,13692,40194
9904,40194,13692,13693,40195
9905,40195,13693,13694,40196
9906,40196,13694,13695,40197
9907,40197,13695,13696,40198
9908,40198,13696,13697,40199
9909,40199,13697,13698,40200
9910,40200,13698,13699,40201
9911,40201,13699,13700,40202
9912,40202,13700,13701,40203
9913,40203,13701,13702,40204
9914,40204,13702,13703,40205
9915,40205,13703,13704,40206
9916,40206,13704,13705,40207
9917,40207,13705,13706,40208
9918,40208,13706,13707,40209
9919,40209,13707,13708,40210
9920,40210,13708,13709,40211
9921,40211,13709,13710,40212
9922,40212,13710,13711,40213
9923,40213,13711,13712,40214
9924,40214,13712,13713,40215
9925,40215,13713,13714,40216
9926,40216,13714,13715,40217
9927,40217,13715,13716,40218
9928,40218,13716,13717,40219
9929,40219,13717,13718,40220
9930,40220,13718,13719,40221
9931,40221,13719,13720,40222
9932,40222,13720,13721,40223
9933,40223,13721,13722,40224
9934,40224,13722,13723,40225
9935,40225,13723,13724,40226
9936,40226,13724,13725,40227
9937,40227,13725,13726,40228
9938,40228,13726,13727,40229
9939,40229,13727,13728,40230
9940,40230,13728,13729,40231
9941,40231,13729,13730,40232
9942,40232,13730,13731,40233
9943,40233,13731,13732,40234
9944,40234,13732,13733,40235
9945,40235,13733,13734,40236
9946,40236,13734,13735,40237
9947,40237,13735,13736,40238
9948,40238,13736,13737,40239
9949,40239,13737,13738,40240
9950,40240,13738,13739,40241
9951,40241,13739,13740,40242
9952,40242,13740,13741,40243
9953,40243,13741,13742,40244
9954,40244,13742,13743,40245
9955,40245,13743,13744,40246
9956,40246,13744,13745,40247
9957,40247,13745,13746,40248
9958,40248,13746,13747,40249
9959,40249,13747,13748,40250
9960,40250,13748,13749,40251
9961,40251,13749,13750,40252
9962,40252,13750,13751,40253
9963,40253,13751,13752,40254
9964,40254,13752,13753,40255
9965,40255,13753,13754,40256
9966,40256,13754,13755,40257
9967,40257,13755,13756,40258
9968,40258,13756,13757,40259
9969,40259,13757,13758,40260
9970,40260,13758,13759,40261
9971,40261,13759,13760,40262
9972,40262,13760,13761,40263
9973,40263,13761,13762,40264
9974,40264,13762,13763,40265
9975,40265,13763,13764,40266
9976,40266,13764,13765,40267
9977,40267,13765,13766,40268
9978,40268,13766,13767,40269
9979,40269,13767,13768,40270
9980,40270,13768,13769,40271
9981,40271,13769,13770,40272
9982,40272,13770,13771,40273
9983,40273,13771,13772,40274
9984,40274,13772,13773,40275
9985,40275,13773,13774,40276
9986,40276,13774,13775,40277
9987,40277,13775,13776,40278
9988,40278,13776,13777,40279
9989,40279,13777,13778,40280
9990,40280,13778,13779,40281
9991,40281,13779,13780,40282
9992,40282,13780,13781,40283
9993,40283,13781,13782,40284
9994,40284,13782,13783,40285
9995,40285,13783,13784,40286
9996,40286,13784,13785,40287
9997,40287,13785,13786,40288
9998,40288,13786,13787,40289
9999,40289,13787,13788,40290
10000,40290,13788,13789,40291
10001,40291,13789,13790,40292
10002,40292,13790,13791,40293
10003,40293,13791,13792,40294
10004,40294,13792,13793,40295
10005,40295,13793,13794,40296
10006,40296,13794,13795,40297
10007,40297,13795,13796,40298
10008,40298,13796,13797,40299
10009,40299,13797,13798,40300
10010,40300,13798,13799,40301
10011,40301,13799,13800,40302
10012,40302,13800,13801,40303
10013,40303,13801,13802,40304
10014,40304,13802,13803,40305
10015,40305,13803,13804,40306
10016,40306,13804,13805,40307
10017,40307,13805,13806,40308
10018,40308,13806,13807,40309
10019,40309,13807,13808,40310
10020,40310,13808,13809,40311
10021,40311,13809,13810,40312
10022,40312,13810,13811,40313
10023,40313,13811,13812,40314
10024,40314,13812,13813,40315
10025,40315,13813,13814,40316
10026,40316,13814,13815,40317
10027,40317,13815,13816,40318
10028,40318,13816,13817,40319
10029,40319,13817,13818,40320
10030,40320,13818,13819,40321
10031,40321,13819,13820,40322
10032,40322,13820,13821,40323
10033,40323,13821,13822,40324
10034,40324,13822,13823,40325
10035,40325,13823,13824,40326
10036,40326,13824,13825,40327
10037,40327,13825,13826,40328
10038,40328,13826,13827,40329
10039,40329,13827,13828,40330
10040,40330,13828,13829,40331
10041,40331,13829,13830,40332
10042,40332,13830,13831,40333
10043,40333,13831,13832,40334
10044,40334,13832,13833,40335
10045,40335,13833,13834,40336
10046,40336,13834,13835,40337
10047,40337,13835,13836,40338
10048,40338,13836,13837,40339
10049,40339,13837,13838,40340
10050,40340,13838,13839,40341
10051,40341,13839,13840,40342
10052,40342,13840,13841,40343
10053,40343,13841,13842,40344
10054,40344,13842,13843,40345
10055,40345,13843,13844,40346
10056,40346,13844,13845,40347
10057,40347,13845,13846,40348
10058,40348,13846,13847,40349
10059,40349,13847,13848,40350
10060,40350,13848,13849,40351
10061,40351,13849,13850,40352
10062,40352,13850,13851,40353
10063,40353,13851,13852,40354
10064,40354,13852,13853,40355
10065,40355,13853,13854,40356
10066,40356,13854,13855,40357
10067,40357,13855,13856,40358
10068,40358,13856,13857,40359
10069,40359,13857,13858,40360
10070,40360,13858,13859,40361
10071,40361,13859,13860,40362
10072,40362,13860,13861,40363
10073,40363,13861,13862,40364
10074,40364,13862,13863,40365
10075,40365,13863,13864,40366
10076,40366,13864,13865,40367
10077,40367,13865,13866,40368
10078,40368,13866,13867,40369
10079,40369,13867,13868,40370
10080,40370,13868,13869,40371
10081,40371,13869,13870,40372
10082,40372,13870,13871,40373
10083,40373,13871,13872,40374
10084,40374,13872,13873,40375
10085,40375,13873,13874,40376
10086,40376,13874,13875,40377
10087,40377,13875,13876,40378
10088,40378,13876,13877,40379
10089,40379,13877,13878,40380
10090,40380,13878,13879,40381
10091,40381,13879,13880,40382
10092,40382,13880,13881,40383
10093,40383,13881,13882,40384
10094,40384,13882,13883,40385
10095,40385,13883,13884,40386
10096,40386,13884,13885,40387
10097,40387,13885,13886,40388
10098,40388,13886,13887,40389
10099,40389,13887,13888,40390
10100,40390,13888,13889,40391
10101,40391,13889,13890,40392
10102,40392,13890,13891,40393
10103,40393,13891,13892,40394
10104,40394,13892,13893,40395
10105,40395,13893,13894,40396
10106,40396,13894,13895,40397
10107,40397,13895,13896,40398
10108,40398,13896,13897,40399
10109,40399,13897,13898,40400
10110,40400,13898,13899,40401
10111,40401,13899,13900,40402
10112,40402,13900,13901,40403
10113,40403,13901,13902,40404
10114,40404,13902,13903,40405
10115,40405,13903,13904,40406
10116,40406,13904,13905,40407
10117,40407,13905,13906,40408
10118,40408,13906,13907,40409
10119,40409,13907,13908,40410
10120,40410,13908,13909,40411
10121,40411,13909,13910,40412
10122,40412,13910,13911,40413
10123,40413,13911,13912,40414
10124,40414,13912,13913,40415
10125,40415,13913,13914,40416
10126,40416,13914,13915,40417
10127,40417,13915,13916,40418
10128,40418,13916,13917,40419
10129,40419,13917,13918,40420
10130,40420,13918,13919,40421
10131,40421,13919,13920,40422
10132,40422,13920,13921,40423
10133,40423,13921,13922,40424
10134,40424,13922,13923,40425
10135,40425,13923,13924,40426
10136,40426,13924,13925,40427
10137,40427,13925,13926,40428
10138,40428,13926,13927,40429
10139,40429,13927,13928,40430
10140,40430,13928,13929,40431
10141,40431,13929,13930,40432
10142,40432,13930,13931,40433
10143,40433,13931,13932,40434
10144,40434,13932,13933,40435
10145,40435,13933,13934,40436
10146,40436,13934,13935,40437
10147,40437,13935,13936,40438
10148,40438,13936,13937,40439
10149,40439,13937,13938,40440
10150,40440,13938,13939,40441
10151,40441,13939,13940,40442
10152,40442,13940,13941,40443
10153,40443,13941,13942,40444
10154,40444,13942,13943,40445
10155,40445,13943,13944,40446
10156,40446,13944,13945,40447
10157,40447,13945,13946,40448
10158,40448,13946,13947,40449
10159,40449,13947,13948,40450
10160,40450,13948,13949,40451
10161,40451,13949,13950,40452
10162,40452,13950,13951,40453
10163,40453,13951,13952,40454
10164,40454,13952,13953,40455
10165,40455,13953,13954,40456
10166,40456,13954,13955,40457
10167,40457,13955,13956,40458
10168,40458,13956,13957,40459
10169,40459,13957,13958,40460
10170,40460,13958,13959,40461
10171,40461,13959,13960,40462
10172,40462,13960,13961,40463
10173,40463,13961,13962,40464
10174,40464,13962,13963,40465
10175,40465,13963,13964,40466
10176,40466,13964,13965,40467
10177,40467,13965,13966,40468
10178,40468,13966,13967,40469
10179,40469,13967,13968,40470
10180,40470,13968,13969,40471
10181,40471,13969,13970,40472
10182,40472,13970,13971,40473
10183,40473,13971,13972,40474
10184,40474,13972,13973,40475
10185,40475,13973,13974,40476
10186,40476,13974,13975,40477
10187,40477,13975,13976,40478
10188,40478,13976,13977,40479
10189,40479,13977,13978,40480
10190,40480,13978,13979,40481
10191,40481,13979,13980,40482
10192,40482,13980,13981,40483
10193,40483,13981,13982,40484
10194,40484,13982,13983,40485
10195,40485,13983,13984,40486
10196,40486,13984,13985,40487
10197,40487,13985,13986,40488
10198,40488,13986,13987,40489
10199,40489,13987,13988,40490
10200,40490,13988,13989,40491
10201,40491,13989,13990,40492
10202,40492,13990,13991,40493
10203,40493,13991,13992,40494
10204,40494,13992,13993,40495
10205,40495,13993,13994,40496
10206,40496,13994,13995,40497
10207,40497,13995,13996,40498
10208,40498,13996,13997,40499
10209,40499,13997,13998,40500
10210,40500,13998,13999,40501
10211,40501,13999,14000,40502
10212,40502,14000,14001,40503
10213,40503,14001,14002,40504
10214,40504,14002,14003,40505
10215,40505,14003,14004,40506
10216,40506,14004,14005,40507
10217,40507,14005,14006,40508
10218,40508,14006,14007,40509
10219,40509,14007,14008,40510
10220,40510,14008,14009,40511
10221,40511,14009,14010,40512
10222,40512,14010,14011,40513
10223,40513,14011,14012,40514
10224,40514,14012,14013,40515
10225,40515,14013,14014,40516
10226,40516,14014,14015,40517
10227,40517,14015,14016,40518
10228,40518,14016,14017,40519
10229,40519,14017,14018,40520
10230,40520,14018,14019,40521
10231,40521,14019,14020,40522
10232,40522,14020,14021,40523
10233,40523,14021,14022,40524
10234,40524,14022,14023,40525
10235,40525,14023,14024,40526
10236,40526,14024,14025,40527
10237,40527,14025,14026,40528
10238,40528,14026,14027,40529
10239,40529,14027,14028,40530
10240,40530,14028,14029,40531
10241,40531,14029,14030,40532
10242,40532,14030,14031,40533
10243,40533,14031,14032,40534
10244,40534,14032,14033,40535
10245,40535,14033,14034,40536
10246,40536,14034,14035,40537
10247,40537,14035,14036,40538
10248,40538,14036,14037,40539
10249,40539,14037,14038,40540
10250,40540,14038,14039,40541
10251,40541,14039,14040,40542
10252,40542,14040,14041,40543
10253,40543,14041,14042,40544
10254,40544,14042,14043,40545
10255,40545,14043,14044,40546
10256,40546,14044,14045,40547
10257,40547,14045,14046,40548
10258,40548,14046,14047,40549
10259,40549,14047,14048,40550
10260,40550,14048,14049,40551
10261,40551,14049,14050,40552
10262,40552,14050,14051,40553
10263,40553,14051,14052,40554
10264,40554,14052,14053,40555
10265,40555,14053,14054,40556
10266,40556,14054,14055,40557
10267,40557,14055,14056,40558
10268,40558,14056,14057,40559
10269,40559,14057,14058,40560
10270,40560,14058,14059,40561
10271,40561,14059,14060,40562
10272,40562,14060,14061,40563
10273,40563,14061,14062,40564
10274,40564,14062,14063,40565
10275,40565,14063,14064,40566
10276,40566,14064,14065,40567
10277,40567,14065,14066,40568
10278,40568,14066,14067,40569
10279,40569,14067,14068,40570
10280,40570,14068,14069,40571
10281,40571,14069,14070,40572
10282,40572,14070,14071,40573
10283,40573,14071,14072,40574
10284,40574,14072,14073,40575
10285,40575,14073,14074,40576
10286,40576,14074,14075,40577
10287,40577,14075,14076,40578
10288,40578,14076,14077,40579
10289,40579,14077,14078,40580
10290,40580,14078,14079,40581
10291,40581,14079,14080,40582
10292,40582,14080,14081,40583
10293,40583,14081,14082,40584
10294,40584,14082,14083,40585
10295,40585,14083,14084,40586
10296,40586,14084,14085,40587
10297,40587,14085,14086,40588
10298,40588,14086,14087,40589
10299,40589,14087,14088,40590
10300,40590,14088,14089,40591
10301,40591,14089,14090,40592
10302,40592,14090,14091,40593
10303,40593,14091,14092,40594
10304,40594,14092,14093,40595
10305,40595,14093,14094,40596
10306,40596,14094,14095,40597
10307,40597,14095,14096,40598
10308,40598,14096,14097,40599
10309,40599,14097,14098,40600
10310,40600,14098,14099,40601
10311,40601,14099,14100,40602
10312,40602,14100,14101,40603
10313,40603,14101,14102,40604
10314,40604,14102,14103,40605
10315,40605,14103,14104,40606
10316,40606,14104,14105,40607
10317,40607,14105,14106,40608
10318,40608,14106,14107,40609
10319,40609,14107,14108,40610
10320,40610,14108,14109,40611
10321,40611,14109,14110,40612
10322,40612,14110,14111,40613
10323,40613,14111,14112,40614
10324,40614,14112,14113,40615
10325,40615,14113,14114,40616
10326,40616,14114,14115,40617
10327,40617,14115,14116,40618
10328,40618,14116,14117,40619
10329,40619,14117,14118,40620
10330,40620,14118,14119,40621
10331,40621,14119,14120,40622
10332,40622,14120,14121,40623
10333,40623,14121,14122,40624
10334,40624,14122,14123,40625
10335,40625,14123,14124,40626
10336,40626,14124,14125,40627
10337,40627,14125,14126,40628
10338,40628,14126,14127,40629
10339,40629,14127,14128,40630
10340,40630,14128,14129,40631
10341,40631,14129,14130,40632
10342,40632,14130,14131,40633
10343,40633,14131,14132,40634
10344,40634,14132,14133,40635
10345,40635,14133,14134,40636
10346,40636,14134,14135,40637
10347,40637,14135,14136,40638
10348,40638,14136,14137,40639
10349,40639,14137,14138,40640
10350,40640,14138,14139,40641
10351,40641,14139,14140,40642
10352,40642,14140,14141,40643
10353,40643,14141,14142,40644
10354,40644,14142,14143,40645
10355,40645,14143,14144,40646
10356,40646,14144,14145,40647
10357,40647,14145,14146,40648
10358,40648,14146,14147,40649
10359,40649,14147,14148,40650
10360,40650,14148,14149,40651
10361,40651,14149,14150,40652
10362,40652,14150,14151,40653
10363,40653,14151,14152,40654
10364,40654,14152,14153,40655
10365,40655,14153,14154,40656
10366,40656,14154,14155,40657
10367,40657,14155,14156,40658
10368,40658,14156,14157,40659
10369,40659,14157,14158,40660
10370,40660,14158,14159,40661
10371,40661,14159,14160,40662
10372,40662,14160,14161,40663
10373,40663,14161,14162,40664
10374,40664,14162,14163,40665
10375,40665,14163,14164,40666
10376,40666,14164,14165,40667
10377,40667,14165,14166,40668
10378,40668,14166,14167,40669
10379,40669,14167,14168,40670
10380,40670,14168,14169,40671
10381,40671,14169,14170,40672
10382,40672,14170,14171,40673
10383,40673,14171,14172,40674
10384,40674,14172,14173,40675
10385,40675,14173,14174,40676
10386,40676,14174,14175,40677
10387,40677,14175,14176,40678
10388,40678,14176,14177,40679
10389,40679,14177,14178,40680
10390,40680,14178,14179,40681
10391,40681,14179,14180,40682
10392,40682,14180,14181,40683
10393,40683,14181,14182,40684
10394,40684,14182,14183,40685
10395,40685,14183,14184,40686
10396,40686,14184,14185,40687
10397,40687,14185,14186,40688
10398,40688,14186,14187,40689
10399,40689,14187,14188,40690
10400,40690,14188,14189,40691
10401,40691,14189,14190,40692
10402,40692,14190,14191,40693
10403,40693,14191,14192,40694
10404,40694,14192,14193,40695
10405,40695,14193,14194,40696
10406,40696,14194,14195,40697
10407,40697,14195,14196,40698
10408,40698,14196,14197,40699
10409,40699,14197,14198,40700
10410,40700,14198,14199,40701
10411,40701,14199,14200,40702
10412,40702,14200,14201,40703
10413,40703,14201,14202,40704
10414,40704,14202,14203,40705
10415,40705,14203,14204,40706
10416,40706,14204,14205,40707
10417,40707,14205,14206,40708
10418,40708,14206,14207,40709
10419,40709,14207,14208,40710
10420,40710,14208,14209,40711
10421,40711,14209,14210,40712
10422,40712,14210,14211,40713
10423,40713,14211,14212,40714
10424,40714,14212,14213,40715
10425,40715,14213,14214,40716
10426,40716,14214,14215,40717
10427,40717,14215,14216,40718
10428,40718,14216,14217,40719
10429,40719,14217,14218,40720
10430,40720,14218,14219,40721
10431,40721,14219,14220,40722
10432,40722,14220,14221,40723
10433,40723,14221,14222,40724
10434,40724,14222,14223,40725
10435,40725,14223,14224,40726
10436,40726,14224,14225,40727
10437,40727,14225,14226,40728
10438,40728,14226,14227,40729
10439,40729,14227,14228,40730
10440,40730,14228,14229,40731
10441,40731,14229,14230,40732
10442,40732,14230,14231,40733
10443,40733,14231,14232,40734
10444,40734,14232,14233,40735
10445,40735,14233,14234,40736
10446,40736,14234,14235,40737
10447,40737,14235,14236,40738
10448,40738,14236,14237,40739
10449,40739,14237,14238,40740
10450,40740,14238,14239,40741
10451,40741,14239,14240,40742
10452,40742,14240,14241,40743
10453,40743,14241,14242,40744
10454,40744,14242,14243,40745
10455,40745,14243,14244,40746
10456,40746,14244,14245,40747
10457,40747,14245,14246,40748
10458,40748,14246,14247,40749
10459,40749,14247,14248,40750
10460,40750,14248,14249,40751
10461,40751,14249,14250,40752
10462,40752,14250,14251,40753
10463,40753,14251,14252,40754
10464,40754,14252,14253,40755
10465,40755,14253,14254,40756
10466,40756,14254,14255,40757
10467,40757,14255,14256,40758
10468,40758,14256,14257,40759
10469,40759,14257,14258,40760
10470,40760,14258,14259,40761
10471,40761,14259,14260,40762
10472,40762,14260,14261,40763
10473,40763,14261,14262,40764
10474,40764,14262,14263,40765
10475,40765,14263,14264,40766
10476,40766,14264,14265,40767
10477,40767,14265,14266,40768
10478,40768,14266,14267,40769
10479,40769,14267,14268,40770
10480,40770,14268,14269,40771
10481,40771,14269,14270,40772
10482,40772,14270,14271,40773
10483,40773,14271,14272,40774
10484,40774,14272,14273,40775
10485,40775,14273,14274,40776
10486,40776,14274,14275,40777
10487,40777,14275,14276,40778
10488,40778,14276,14277,40779
10489,40779,14277,14278,40780
10490,40780,14278,14279,40781
10491,40781,14279,14280,40782
10492,40782,14280,14281,40783
10493,40783,14281,14282,40784
10494,40784,14282,14283,40785
10495,40785,14283,14284,40786
10496,40786,14284,14285,40787
10497,40787,14285,14286,40788
10498,40788,14286,14287,40789
10499,40789,14287,14288,40790
10500,40790,14288,14289,40791
10501,40791,14289,14290,40792
10502,40792,14290,14291,40793
10503,40793,14291,14292,40794
10504,40794,14292,14293,40795
10505,40795,14293,14294,40796
10506,40796,14294,14295,40797
10507,40797,14295,14296,40798
10508,40798,14296,14297,40799
10509,40799,14297,14298,40800
10510,40800,14298,14299,40801
10511,40801,14299,14300,40802
10512,40802,14300,14301,40803
10513,40803,14301,14302,40804
10514,40804,14302,14303,40805
10515,40805,14303,14304,40806
10516,40806,14304,14305,40807
10517,40807,14305,14306,40808
10518,40808,14306,14307,40809
10519,40809,14307,14308,40810
10520,40810,14308,14309,40811
10521,40811,14309,14310,40812
10522,40812,14310,14311,40813
10523,40813,14311,14312,40814
10524,40814,14312,14313,40815
10525,40815,14313,14314,40816
10526,40816,14314,14315,40817
10527,40817,14315,14316,40818
10528,40818,14316,14317,40819
10529,40819,14317,14318,40820
10530,40820,14318,14319,40821
10531,40821,14319,14320,40822
10532,40822,14320,14321,40823
10533,40823,14321,14322,40824
10534,40824,14322,14323,40825
10535,40825,14323,14324,40826
10536,40826,14324,14325,40827
10537,40827,14325,14326,40828
10538,40828,14326,14327,40829
10539,40829,14327,14328,40830
10540,40830,14328,14329,40831
10541,40831,14329,14330,40832
10542,40832,14330,14331,40833
10543,40833,14331,14332,40834
10544,40834,14332,14333,40835
10545,40835,14333,14334,40836
10546,40836,14334,14335,40837
10547,40837,14335,14336,40838
10548,40838,14336,14337,40839
10549,40839,14337,14338,40840
10550,40840,14338,14339,40841
10551,40841,14339,14340,40842
10552,40842,14340,14341,40843
10553,40843,14341,14342,40844
10554,40844,14342,14343,40845
10555,40845,14343,14344,40846
10556,40846,14344,14345,40847
10557,40847,14345,14346,40848
10558,40848,14346,14347,40849
10559,40849,14347,14348,40850
10560,40850,14348,14349,40851
10561,40851,14349,14350,40852
10562,40852,14350,14351,40853
10563,40853,14351,14352,40854
10564,40854,14352,14353,40855
10565,40855,14353,14354,40856
10566,40856,14354,14355,40857
10567,40857,14355,14356,40858
10568,40858,14356,14357,40859
10569,40859,14357,14358,40860
10570,40860,14358,14359,40861
10571,40861,14359,14360,40862
10572,40862,14360,14361,40863
10573,40863,14361,14362,40864
10574,40864,14362,14363,40865
10575,40865,14363,14364,40866
10576,40866,14364,14365,40867
10577,40867,14365,14366,40868
10578,40868,14366,14367,40869
10579,40869,14367,14368,40870
10580,40870,14368,14369,40871
10581,40871,14369,14370,40872
10582,40872,14370,14371,40873
10583,40873,14371,14372,40874
10584,40874,14372,14373,40875
10585,40875,14373,14374,40876
10586,40876,14374,14375,40877
10587,40877,14375,14376,40878
10588,40878,14376,14377,40879
10589,40879,14377,14378,40880
10590,40880,14378,14379,40881
10591,40881,14379,14380,40882
10592,40882,14380,14381,40883
10593,40883,14381,14382,40884
10594,40884,14382,14383,40885
10595,40885,14383,14384,40886
10596,40886,14384,14385,40887
10597,40887,14385,14386,40888
10598,40888,14386,14387,40889
10599,40889,14387,14388,40890
10600,40890,14388,14389,40891
10601,40891,14389,14390,40892
10602,40892,14390,14391,40893
10603,40893,14391,14392,40894
10604,40894,14392,14393,40895
10605,40895,14393,14394,40896
10606,40896,14394,14395,40897
10607,40897,14395,14396,40898
10608,40898,14396,14397,40899
10609,40899,14397,14398,40900
10610,40900,14398,14399,40901
10611,40901,14399,14400,40902
10612,40902,14400,14401,40903
10613,40903,14401,14402,40904
10614,40904,14402,14403,40905
10615,40905,14403,14404,40906
10616,40906,14404,14405,40907
10617,40907,14405,14406,40908
10618,40908,14406,14407,40909
10619,40909,14407,14408,40910
10620,40910,14408,14409,40911
10621,40911,14409,14410,40912
10622,40912,14410,14411,40913
10623,40913,14411,14412,40914
10624,40914,14412,14413,40915
10625,40915,14413,14414,40916
10626,40916,14414,14415,40917
10627,40917,14415,14416,40918
10628,40918,14416,14417,40919
10629,40919,14417,14418,40920
10630,40920,14418,14419,40921
10631,40921,14419,14420,40922
10632,40922,14420,14421,40923
10633,40923,14421,14422,40924
10634,40924,14422,14423,40925
10635,40925,14423,14424,40926
10636,40926,14424,14425,40927
10637,40927,14425,14426,40928
10638,40928,14426,14427,40929
10639,40929,14427,14428,40930
10640,40930,14428,14429,40931
10641,40931,14429,14430,40932
10642,40932,14430,14431,40933
10643,40933,14431,14432,40934
10644,40934,14432,14433,40935
10645,40935,14433,14434,40936
10646,40936,14434,14435,40937
10647,40937,14435,14436,40938
10648,40938,14436,14437,40939
10649,40939,14437,14438,40940
10650,40940,14438,14439,40941
10651,40941,14439,14440,40942
10652,40942,14440,14441,40943
10653,40943,14441,14442,40944
10654,40944,14442,14443,40945
10655,40945,14443,14444,40946
10656,40946,14444,14445,40947
10657,40947,14445,14446,40948
10658,40948,14446,14447,40949
10659,40949,14447,14448,40950
10660,40950,14448,14449,40951
10661,40951,14449,14450,40952
10662,40952,14450,14451,40953
10663,40953,14451,14452,40954
10664,40954,14452,14453,40955
10665,40955,14453,14454,40956
10666,40956,14454,14455,40957
10667,40957,14455,14456,40958
10668,40958,14456,14457,40959
10669,40959,14457,14458,40960
10670,40960,14458,14459,40961
10671,40961,14459,14460,40962
10672,40962,14460,14461,40963
10673,40963,14461,14462,40964
10674,40964,14462,14463,40965
10675,40965,14463,14464,40966
10676,40966,14464,14465,40967
10677,40967,14465,14466,40968
10678,40968,14466,14467,40969
10679,40969,14467,14468,40970
10680,40970,14468,14469,40971
10681,40971,14469,14470,40972
10682,40972,14470,14471,40973
10683,40973,14471,14472,40974
10684,40974,14472,14473,40975
10685,40975,14473,14474,40976
10686,40976,14474,14475,40977
10687,40977,14475,14476,40978
10688,40978,14476,14477,40979
10689,40979,14477,14478,40980
10690,40980,14478,14479,40981
10691,40981,14479,14480,40982
10692,40982,14480,14481,40983
10693,40983,14481,14482,40984
10694,40984,14482,14483,40985
10695,40985,14483,14484,40986
10696,40986,14484,14485,40987
10697,40987,14485,14486,40988
10698,40988,14486,14487,40989
10699,40989,14487,14488,40990
10700,40990,14488,14489,40991
10701,40991,14489,14490,40992
10702,40992,14490,14491,40993
10703,40993,14491,14492,40994
10704,40994,14492,14493,40995
10705,40995,14493,14494,40996
10706,40996,14494,14495,40997
10707,40997,14495,14496,40998
10708,40998,14496,14497,40999
10709,40999,14497,14498,41000
10710,41000,14498,14499,41001
10711,41001,14499,14500,41002
10712,41002,14500,14501,41003
10713,41003,14501,14502,41004
10714,41004,14502,14503,41005
10715,41005,14503,14504,41006
10716,41006,14504,14505,41007
10717,41007,14505,14506,41008
10718,41008,14506,14507,41009
10719,41009,14507,14508,41010
10720,41010,14508,14509,41011
10721,41011,14509,14510,41012
10722,41012,14510,14511,41013
10723,41013,14511,14512,41014
10724,41014,14512,14513,41015
10725,41015,14513,14514,41016
10726,41016,14514,14515,41017
10727,41017,14515,14516,41018
10728,41018,14516,14517,41019
10729,41019,14517,14518,41020
10730,41020,14518,14519,41021
10731,41021,14519,14520,41022
10732,41022,14520,14521,41023
10733,41023,14521,14522,41024
10734,41024,14522,14523,41025
10735,41025,14523,14524,41026
10736,41026,14524,14525,41027
10737,41027,14525,14526,41028
10738,41028,14526,14527,41029
10739,41029,14527,14528,41030
10740,41030,14528,14529,41031
10741,41031,14529,14530,41032
10742,41032,14530,14531,41033
10743,41033,14531,14532,41034
10744,41034,14532,14533,41035
10745,41035,14533,14534,41036
10746,41036,14534,14535,41037
10747,41037,14535,14536,41038
10748,41038,14536,14537,41039
10749,41039,14537,14538,41040
10750,41040,14538,14539,41041
10751,41041,14539,14540,41042
10752,41042,14540,14541,41043
10753,41043,14541,14542,41044
10754,41044,14542,14543,41045
10755,41045,14543,14544,41046
10756,41046,14544,14545,41047
10757,41047,14545,14546,41048
10758,41048,14546,14547,41049
10759,41049,14547,14548,41050
10760,41050,14548,14549,41051
10761,41051,14549,14550,41052
10762,41052,14550,14551,41053
10763,41053,14551,14552,41054
10764,41054,14552,14553,41055
10765,41055,14553,14554,41056
10766,41056,14554,14555,41057
10767,41057,14555,14556,41058
10768,41058,14556,14557,41059
10769,41059,14557,14558,41060
10770,41060,14558,14559,41061
10771,41061,14559,14560,41062
10772,41062,14560,14561,41063
10773,41063,14561,14562,41064
10774,41064,14562,14563,41065
10775,41065,14563,14564,41066
10776,41066,14564,14565,41067
10777,41067,14565,14566,41068
10778,41068,14566,14567,41069
10779,41069,14567,14568,41070
10780,41070,14568,14569,41071
10781,41071,14569,14570,41072
10782,41072,14570,14571,41073
10783,41073,14571,14572,41074
10784,41074,14572,14573,41075
10785,41075,14573,14574,41076
10786,41076,14574,14575,41077
10787,41077,14575,14576,41078
10788,41078,14576,14577,41079
10789,41079,14577,14578,41080
10790,41080,14578,14579,41081
10791,41081,14579,14580,41082
10792,41082,14580,14581,41083
10793,41083,14581,14582,41084
10794,41084,14582,14583,41085
10795,41085,14583,14584,41086
10796,41086,14584,14585,41087
10797,41087,14585,14586,41088
10798,41088,14586,14587,41089
10799,41089,14587,14588,41090
10800,41090,14588,14589,41091
10801,41091,14589,14590,41092
10802,41092,14590,14591,41093
10803,41093,14591,14592,41094
10804,41094,14592,14593,41095
10805,41095,14593,14594,41096
10806,41096,14594,14595,41097
10807,41097,14595,14596,41098
10808,41098,14596,14597,41099
10809,41099,14597,14598,41100
10810,41100,14598,14599,41101
10811,41101,14599,14600,41102
10812,41102,14600,14601,41103
10813,41103,14601,14602,41104
10814,41104,14602,14603,41105
10815,41105,14603,14604,41106
10816,41106,14604,14605,41107
10817,41107,14605,14606,41108
10818,41108,14606,14607,41109
10819,41109,14607,14608,41110
10820,41110,14608,14609,41111
10821,41111,14609,14610,41112
10822,41112,14610,14611,41113
10823,41113,14611,14612,41114
10824,41114,14612,14613,41115
10825,41115,14613,14614,41116
10826,41116,14614,14615,41117
10827,41117,14615,14616,41118
10828,41118,14616,14617,41119
10829,41119,14617,14618,41120
10830,41120,14618,14619,41121
10831,41121,14619,14620,41122
10832,41122,14620,14621,41123
10833,41123,14621,14622,41124
10834,41124,14622,14623,41125
10835,41125,14623,14624,41126
10836,41126,14624,14625,41127
10837,41127,14625,14626,41128
10838,41128,14626,14627,41129
10839,41129,14627,14628,41130
10840,41130,14628,14629,41131
10841,41131,14629,14630,41132
10842,41132,14630,14631,41133
10843,41133,14631,14632,41134
10844,41134,14632,14633,41135
10845,41135,14633,14634,41136
10846,41136,14634,14635,41137
10847,41137,14635,14636,41138
10848,41138,14636,14637,41139
10849,41139,14637,14638,41140
10850,41140,14638,14639,41141
10851,41141,14639,14640,41142
10852,41142,14640,14641,41143
10853,41143,14641,14642,41144
10854,41144,14642,14643,41145
10855,41145,14643,14644,41146
10856,41146,14644,14645,41147
10857,41147,14645,14646,41148
10858,41148,14646,14647,41149
10859,41149,14647,14648,41150
10860,41150,14648,14649,41151
10861,41151,14649,14650,41152
10862,41152,14650,14651,41153
10863,41153,14651,14652,41154
10864,41154,14652,14653,41155
10865,41155,14653,14654,41156
10866,41156,14654,14655,41157
10867,41157,14655,14656,41158
10868,41158,14656,14657,41159
10869,41159,14657,14658,41160
10870,41160,14658,14659,41161
10871,41161,14659,14660,41162
10872,41162,14660,14661,41163
10873,41163,14661,14662,41164
10874,41164,14662,14663,41165
10875,41165,14663,14664,41166
10876,41166,14664,14665,41167
10877,41167,14665,14666,41168
10878,41168,14666,14667,41169
10879,41169,14667,14668,41170
10880,41170,14668,14669,41171
10881,41171,14669,14670,41172
10882,41172,14670,14671,41173
10883,41173,14671,14672,41174
10884,41174,14672,14673,41175
10885,41175,14673,14674,41176
10886,41176,14674,14675,41177
10887,41177,14675,14676,41178
10888,41178,14676,14677,41179
10889,41179,14677,14678,41180
10890,41180,14678,14679,41181
10891,41181,14679,14680,41182
10892,41182,14680,14681,41183
10893,41183,14681,14682,41184
10894,41184,14682,14683,41185
10895,41185,14683,14684,41186
10896,41186,14684,14685,41187
10897,41187,14685,14686,41188
10898,41188,14686,14687,41189
10899,41189,14687,14688,41190
10900,41190,14688,14689,41191
10901,41191,14689,14690,41192
10902,41192,14690,14691,41193
10903,41193,14691,14692,41194
10904,41194,14692,14693,41195
10905,41195,14693,14694,41196
10906,41196,14694,14695,41197
10907,41197,14695,14696,41198
10908,41198,14696,14697,41199
10909,41199,14697,14698,41200
10910,41200,14698,14699,41201
10911,41201,14699,14700,41202
10912,41202,14700,14701,41203
10913,41203,14701,14702,41204
10914,41204,14702,14703,41205
10915,41205,14703,14704,41206
10916,41206,14704,14705,41207
10917,41207,14705,14706,41208
10918,41208,14706,14707,41209
10919,41209,14707,14708,41210
10920,41210,14708,14709,41211
10921,41211,14709,14710,41212
10922,41212,14710,14711,41213
10923,41213,14711,14712,41214
10924,41214,14712,14713,41215
10925,41215,14713,14714,41216
10926,41216,14714,14715,41217
10927,41217,14715,14716,41218
10928,41218,14716,14717,41219
10929,41219,14717,14718,41220
10930,41220,14718,14719,41221
10931,41221,14719,14720,41222
10932,41222,14720,14721,41223
10933,41223,14721,14722,41224
10934,41224,14722,14723,41225
10935,41225,14723,14724,41226
10936,41226,14724,14725,41227
10937,41227,14725,14726,41228
10938,41228,14726,14727,41229
10939,41229,14727,14728,41230
10940,41230,14728,14729,41231
10941,41231,14729,14730,41232
10942,41232,14730,14731,41233
10943,41233,14731,14732,41234
10944,41234,14732,14733,41235
10945,41235,14733,14734,41236
10946,41236,14734,14735,41237
10947,41237,14735,14736,41238
10948,41238,14736,14737,41239
10949,41239,14737,14738,41240
10950,41240,14738,14739,41241
10951,41241,14739,14740,41242
10952,41242,14740,14741,41243
10953,41243,14741,14742,41244
10954,41244,14742,14743,41245
10955,41245,14743,14744,41246
10956,41246,14744,14745,41247
10957,41247,14745,14746,41248
10958,41248,14746,14747,41249
10959,41249,14747,14748,41250
10960,41250,14748,14749,41251
10961,41251,14749,14750,41252
10962,41252,14750,14751,41253
10963,41253,14751,14752,41254
10964,41254,14752,14753,41255
10965,41255,14753,14754,41256
10966,41256,14754,14755,41257
10967,41257,14755,14756,41258
10968,41258,14756,14757,41259
10969,41259,14757,14758,41260
10970,41260,14758,14759,41261
10971,41261,14759,14760,41262
10972,41262,14760,14761,41263
10973,41263,14761,14762,41264
10974,41264,14762,14763,41265
10975,41265,14763,14764,41266
10976,41266,14764,14765,41267
10977,41267,14765,14766,41268
10978,41268,14766,14767,41269
10979,41269,14767,14768,41270
10980,41270,14768,14769,41271
10981,41271,14769,14770,41272
10982,41272,14770,14771,41273
10983,41273,14771,14772,41274
10984,41274,14772,14773,41275
10985,41275,14773,14774,41276
10986,41276,14774,14775,41277
10987,41277,14775,14776,41278
10988,41278,14776,14777,41279
10989,41279,14777,14778,41280
10990,41280,14778,14779,41281
10991,41281,14779,14780,41282
10992,41282,14780,14781,41283
10993,41283,14781,14782,41284
10994,41284,14782,14783,41285
10995,41285,14783,14784,41286
10996,41286,14784,14785,41287
10997,41287,14785,14786,41288
10998,41288,14786,14787,41289
10999,41289,14787,14788,41290
11000,41290,14788,14789,41291
11001,41291,14789,14790,41292
11002,41292,14790,14791,41293
11003,41293,14791,14792,41294
11004,41294,14792,14793,41295
11005,41295,14793,14794,41296
11006,41296,14794,14795,41297
11007,41297,14795,14796,41298
11008,41298,14796,14797,41299
11009,41299,14797,14798,41300
11010,41300,14798,14799,41301
11011,41301,14799,14800,41302
11012,41302,14800,14801,41303
11013,41303,14801,14802,41304
11014,41304,14802,14803,41305
11015,41305,14803,14804,41306
11016,41306,14804,14805,41307
11017,41307,14805,14806,41308
11018,41308,14806,14807,41309
11019,41309,14807,14808,41310
11020,41310,14808,14809,41311
11021,41311,14809,14810,41312
11022,41312,14810,14811,41313
11023,41313,14811,14812,41314
11024,41314,14812,14813,41315
11025,41315,14813,14814,41316
11026,41316,14814,14815,41317
11027,41317,14815,14816,41318
11028,41318,14816,14817,41319
11029,41319,14817,14818,41320
11030,41320,14818,14819,41321
11031,41321,14819,14820,41322
11032,41322,14820,14821,41323
11033,41323,14821,14822,41324
11034,41324,14822,14823,41325
11035,41325,14823,14824,41326
11036,41326,14824,14825,41327
11037,41327,14825,14826,41328
11038,41328,14826,14827,41329
11039,41329,14827,14828,41330
11040,41330,14828,14829,41331
11041,41331,14829,14830,41332
11042,41332,14830,14831,41333
11043,41333,14831,14832,41334
11044,41334,14832,14833,41335
11045,41335,14833,14834,41336
11046,41336,14834,14835,41337
11047,41337,14835,14836,41338
11048,41338,14836,14837,41339
11049,41339,14837,14838,41340
11050,41340,14838,14839,41341
11051,41341,14839,14840,41342
11052,41342,14840,14841,41343
11053,41343,14841,14842,41344
11054,41344,14842,14843,41345
11055,41345,14843,14844,41346
11056,41346,14844,14845,41347
11057,41347,14845,14846,41348
11058,41348,14846,14847,41349
11059,41349,14847,14848,41350
11060,41350,14848,14849,41351
11061,41351,14849,14850,41352
11062,41352,14850,14851,41353
11063,41353,14851,14852,41354
11064,41354,14852,14853,41355
11065,41355,14853,14854,41356
11066,41356,14854,14855,41357
11067,41357,14855,14856,41358
11068,41358,14856,14857,41359
11069,41359,14857,14858,41360
11070,41360,14858,14859,41361
11071,41361,14859,14860,41362
11072,41362,14860,14861,41363
11073,41363,14861,14862,41364
11074,41364,14862,14863,41365
11075,41365,14863,14864,41366
11076,41366,14864,14865,41367
11077,41367,14865,14866,41368
11078,41368,14866,14867,41369
11079,41369,14867,14868,41370
11080,41370,14868,14869,41371
11081,41371,14869,14870,41372
11082,41372,14870,14871,41373
11083,41373,14871,14872,41374
11084,41374,14872,14873,41375
11085,41375,14873,14874,41376
11086,41376,14874,14875,41377
11087,41377,14875,14876,41378
11088,41378,14876,14877,41379
11089,41379,14877,14878,41380
11090,41380,14878,14879,41381
11091,41381,14879,14880,41382
11092,41382,14880,14881,41383
11093,41383,14881,14882,41384
11094,41384,14882,14883,41385
11095,41385,14883,14884,41386
11096,41386,14884,14885,41387
11097,41387,14885,14886,41388
11098,41388,14886,14887,41389
11099,41389,14887,14888,41390
11100,41390,14888,14889,41391
11101,41391,14889,14890,41392
11102,41392,14890,14891,41393
11103,41393,14891,14892,41394
11104,41394,14892,14893,41395
11105,41395,14893,14894,41396
11106,41396,14894,14895,41397
11107,41397,14895,14896,41398
11108,41398,14896,14897,41399
11109,41399,14897,14898,41400
11110,41400,14898,14899,41401
11111,41401,14899,14900,41402
11112,41402,14900,14901,41403
11113,41403,14901,14902,41404
11114,41404,14902,14903,41405
11115,41405,14903,14904,41406
11116,41406,14904,14905,41407
11117,41407,14905,14906,41408
11118,41408,14906,14907,41409
11119,41409,14907,14908,41410
11120,41410,14908,14909,41411
11121,41411,14909,14910,41412
11122,41412,14910,14911,41413
11123,41413,14911,14912,41414
11124,41414,14912,14913,41415
11125,41415,14913,14914,41416
11126,41416,14914,14915,41417
11127,41417,14915,14916,41418
11128,41418,14916,14917,41419
11129,41419,14917,14918,41420
11130,41420,14918,14919,41421
11131,41421,14919,14920,41422
11132,41422,14920,14921,41423
11133,41423,14921,14922,41424
11134,41424,14922,14923,41425
11135,41425,14923,14924,41426
11136,41426,14924,14925,41427
11137,41427,14925,14926,41428
11138,41428,14926,14927,41429
11139,41429,14927,14928,41430
11140,41430,14928,14929,41431
11141,41431,14929,14930,41432
11142,41432,14930,14931,41433
11143,41433,14931,14932,41434
11144,41434,14932,14933,41435
11145,41435,14933,14934,41436
11146,41436,14934,14935,41437
11147,41437,14935,14936,41438
11148,41438,14936,14937,41439
11149,41439,14937,14938,41440
11150,41440,14938,14939,41441
11151,41441,14939,14940,41442
11152,41442,14940,14941,41443
11153,41443,14941,14942,41444
11154,41444,14942,14943,41445
11155,41445,14943,14944,41446
11156,41446,14944,14945,41447
11157,41447,14945,14946,41448
11158,41448,14946,14947,41449
11159,41449,14947,14948,41450
11160,41450,14948,14949,41451
11161,41451,14949,14950,41452
11162,41452,14950,14951,41453
11163,41453,14951,14952,41454
11164,41454,14952,14953,41455
11165,41455,14953,14954,41456
11166,41456,14954,14955,41457
11167,41457,14955,14956,41458
11168,41458,14956,14957,41459
11169,41459,14957,14958,41460
11170,41460,14958,14959,41461
11171,41461,14959,14960,41462
11172,41462,14960,14961,41463
11173,41463,14961,14962,41464
11174,41464,14962,14963,41465
11175,41465,14963,14964,41466
11176,41466,14964,14965,41467
11177,41467,14965,14966,41468
11178,41468,14966,14967,41469
11179,41469,14967,14968,41470
11180,41470,14968,14969,41471
11181,41471,14969,14970,41472
11182,41472,14970,14971,41473
11183,41473,14971,14972,41474
11184,41474,14972,14973,41475
11185,41475,14973,14974,41476
11186,41476,14974,14975,41477
11187,41477,14975,14976,41478
11188,41478,14976,14977,41479
11189,41479,14977,14978,41480
11190,41480,14978,14979,41481
11191,41481,14979,14980,41482
11192,41482,14980,14981,41483
11193,41483,14981,14982,41484
11194,41484,14982,14983,41485
11195,41485,14983,14984,41486
11196,41486,14984,14985,41487
11197,41487,14985,14986,41488
11198,41488,14986,14987,41489
11199,41489,14987,14988,41490
11200,41490,14988,14989,41491
11201,41491,14989,14990,41492
11202,41492,14990,14991,41493
11203,41493,14991,14992,41494
11204,41494,14992,14993,41495
11205,41495,14993,14994,41496
11206,41496,14994,14995,41497
11207,41497,14995,14996,41498
11208,41498,14996,14997,41499
11209,41499,14997,14998,41500
11210,41500,14998,14999,41501
11211,41501,14999,15000,41502
11212,41502,15000,15001,41503
11213,41503,15001,15002,41504
11214,41504,15002,15003,41505
11215,41505,15003,15004,41506
11216,41506,15004,15005,41507
11217,41507,15005,15006,41508
11218,41508,15006,15007,41509
11219,41509,15007,15008,41510
11220,41510,15008,15009,41511
11221,41511,15009,15010,41512
11222,41512,15010,15011,41513
11223,41513,15011,15012,41514
11224,41514,15012,15013,41515
11225,41515,15013,15014,41516
11226,41516,15014,15015,41517
11227,41517,15015,15016,41518
11228,41518,15016,15017,41519
11229,41519,15017,15018,41520
11230,41520,15018,15019,41521
11231,41521,15019,15020,41522
11232,41522,15020,15021,41523
11233,41523,15021,15022,41524
11234,41524,15022,15023,41525
11235,41525,15023,15024,41526
11236,41526,15024,15025,41527
11237,41527,15025,15026,41528
11238,41528,15026,15027,41529
11239,41529,15027,15028,41530
11240,41530,15028,15029,41531
11241,41531,15029,15030,41532
11242,41532,15030,15031,41533
11243,41533,15031,15032,41534
11244,41534,15032,15033,41535
11245,41535,15033,15034,41536
11246,41536,15034,15035,41537
11247,41537,15035,15036,41538
11248,41538,15036,15037,41539
11249,41539,15037,15038,41540
11250,41540,15038,15039,41541
11251,41541,15039,15040,41542
11252,41542,15040,15041,41543
11253,41543,15041,15042,41544
11254,41544,15042,15043,41545
11255,41545,15043,15044,41546
11256,41546,15044,15045,41547
11257,41547,15045,15046,41548
11258,41548,15046,15047,41549
11259,41549,15047,15048,41550
11260,41550,15048,15049,41551
11261,41551,15049,15050,41552
11262,41552,15050,15051,41553
11263,41553,15051,15052,41554
11264,41554,15052,15053,41555
11265,41555,15053,15054,41556
11266,41556,15054,15055,41557
11267,41557,15055,15056,41558
11268,41558,15056,15057,41559
11269,41559,15057,15058,41560
11270,41560,15058,15059,41561
11271,41561,15059,15060,41562
11272,41562,15060,15061,41563
11273,41563,15061,15062,41564
11274,41564,15062,15063,41565
11275,41565,15063,15064,41566
11276,41566,15064,15065,41567
11277,41567,15065,15066,41568
11278,41568,15066,15067,41569
11279,41569,15067,15068,41570
11280,41570,15068,15069,41571
11281,41571,15069,15070,41572
11282,41572,15070,15071,41573
11283,41573,15071,15072,41574
11284,41574,15072,15073,41575
11285,41575,15073,15074,41576
11286,41576,15074,15075,41577
11287,41577,15075,15076,41578
11288,41578,15076,15077,41579
11289,41579,15077,15078,41580
11290,41580,15078,15079,41581
11291,41581,15079,15080,41582
11292,41582,15080,15081,41583
11293,41583,15081,15082,41584
11294,41584,15082,15083,41585
11295,41585,15083,15084,41586
11296,41586,15084,15085,41587
11297,41587,15085,15086,41588
11298,41588,15086,15087,41589
11299,41589,15087,15088,41590
11300,41590,15088,15089,41591
11301,41591,15089,15090,41592
11302,41592,15090,15091,41593
11303,41593,15091,15092,41594
11304,41594,15092,15093,41595
11305,41595,15093,15094,41596
11306,41596,15094,15095,41597
11307,41597,15095,15096,41598
11308,41598,15096,15097,41599
11309,41599,15097,15098,41600
11310,41600,15098,15099,41601
11311,41601,15099,15100,41602
11312,41602,15100,15101,41603
11313,41603,15101,15102,41604
11314,41604,15102,15103,41605
11315,41605,15103,15104,41606
11316,41606,15104,15105,41607
11317,41607,15105,15106,41608
11318,41608,15106,15107,41609
11319,41609,15107,15108,41610
11320,41610,15108,15109,41611
11321,41611,15109,15110,41612
11322,41612,15110,15111,41613
11323,41613,15111,15112,41614
11324,41614,15112,15113,41615
11325,41615,15113,15114,41616
11326,41616,15114,15115,41617
11327,41617,15115,15116,41618
11328,41618,15116,15117,41619
11329,41619,15117,15118,41620
11330,41620,15118,15119,41621
11331,41621,15119,15120,41622
11332,41622,15120,15121,41623
11333,41623,15121,15122,41624
11334,41624,15122,15123,41625
11335,41625,15123,15124,41626
11336,41626,15124,15125,41627
11337,41627,15125,15126,41628
11338,41628,15126,15127,41629
11339,41629,15127,15128,41630
11340,41630,15128,15129,41631
11341,41631,15129,15130,41632
11342,41632,15130,15131,41633
11343,41633,15131,15132,41634
11344,41634,15132,15133,41635
11345,41635,15133,15134,41636
11346,41636,15134,15135,41637
11347,41637,15135,15136,41638
11348,41638,15136,15137,41639
11349,41639,15137,15138,41640
11350,41640,15138,15139,41641
11351,41641,15139,15140,41642
11352,41642,15140,15141,41643
11353,41643,15141,15142,41644
11354,41644,15142,15143,41645
11355,41645,15143,15144,41646
11356,11359,15145,15146,11360
11357,11360,15146,15147,11361
11358,11361,15147,15148,11362
11359,11362,15148,15149,11363
11360,11363,15149,15150,11364
11361,11364,15150,15151,11365
11362,11365,15151,15152,11366
11363,11366,15152,15153,11367
11364,11367,15153,15154,11368
11365,11368,15154,15155,11369
11366,11369,15155,15156,11370
11367,11370,15156,15157,11371
11368,11371,15157,15158,11372
11369,11372,15158,15159,11373
11370,11373,15159,15160,11374
11371,11374,15160,15161,11375
11372,11375,15161,15162,11376
11373,11376,15162,15163,11377
11374,11377,15163,15164,11378
11375,11378,15164,15165,11379
11376,11379,15165,15166,11380
11377,11380,15166,15167,11381
11378,11381,15167,15168,11382
11379,11382,15168,15169,11383
11380,11383,15169,15170,11384
11381,11384,15170,15171,11385
11382,11385,15171,15172,11386
11383,11386,15172,15173,11387
11384,11387,15173,15174,11388
11385,11388,15174,15175,11389
11386,11389,15175,15176,11390
11387,11390,15176,15177,11391
11388,11391,15177,15178,11392
11389,11392,15178,15179,11393
11390,11393,15179,15180,11394
11391,11394,15180,15181,11395
11392,11395,15181,15182,11396
11393,11396,15182,15183,11397
11394,11397,15183,15184,11398
11395,11398,15184,15185,11399
11396,11399,15185,15186,11400
11397,11400,15186,15187,11401
11398,11401,15187,15188,11402
11399,11402,15188,15189,11403
11400,11403,15189,15190,11404
11401,11404,15190,15191,11405
11402,11405,15191,15192,11406
11403,11406,15192,15193,11407
11404,11407,15193,15194,11408
11405,11408,15194,15195,11409
11406,11409,15195,15196,11410
11407,11410,15196,15197,11411
11408,11411,15197,15198,11412
11409,11412,15198,15199,11413
11410,11413,15199,15200,11414
11411,11414,15200,15201,11415
11412,11415,15201,15202,11416
11413,11416,15202,15203,11417
11414,11417,15203,15204,11418
11415,11418,15204,15205,11419
11416,11419,15205,15206,11420
11417,11420,15206,15207,11421
11418,11421,15207,15208,11422
11419,11422,15208,15209,11423
11420,11423,15209,15210,11424
11421,11424,15210,15211,11425
11422,11425,15211,15212,11426
11423,11426,15212,15213,11427
11424,11427,15213,15214,11428
11425,11428,15214,15215,11429
11426,11429,15215,15216,11430
11427,11430,15216,15217,11431
11428,11431,15217,15218,11432
11429,11432,15218,15219,11433
11430,11433,15219,15220,11434
11431,11434,15220,15221,11435
11432,11435,15221,15222,11436
11433,11436,15222,15223,11437
11434,11437,15223,15224,11438
11435,11438,15224,15225,11439
11436,11439,15225,15226,11440
11437,11440,15226,15227,11441
11438,11441,15227,15228,11442
11439,11442,15228,15229,11443
11440,11443,15229,15230,11444
11441,11444,15230,15231,11445
11442,11445,15231,15232,11446
11443,11446,15232,15233,11447
11444,11447,15233,15234,11448
11445,11448,15234,15235,11449
11446,11449,15235,15236,11450
11447,11450,15236,15237,11451
11448,11451,15237,15238,11452
11449,11452,15238,15239,11453
11450,11453,15239,15240,11454
11451,11454,15240,15241,11455
11452,11455,15241,15242,11456
11453,11456,15242,15243,11457
11454,11457,15243,15244,11458
11455,11458,15244,15245,11459
11456,11459,15245,15246,11460
11457,11460,15246,15247,11461
11458,11461,15247,15248,11462
11459,11462,15248,15249,11463
11460,11463,15249,15250,11464
11461,11464,15250,15251,11465
11462,11465,15251,15252,11466
11463,11466,15252,15253,11467
11464,11467,15253,15254,11468
11465,11468,15254,15255,11469
11466,11469,15255,15256,11470
11467,11470,15256,15257,11471
11468,11471,15257,15258,11472
11469,11472,15258,15259,11473
11470,11473,15259,15260,11474
11471,11474,15260,15261,11475
11472,11475,15261,15262,11476
11473,11476,15262,15263,11477
11474,11477,15263,15264,11478
11475,11478,15264,15265,11479
11476,11479,15265,15266,11480
11477,11480,15266,15267,11481
11478,11481,15267,15268,11482
11479,11482,15268,15269,11483
11480,11483,15269,15270,11484
11481,11484,15270,15271,11485
11482,11485,15271,15272,11486
11483,11486,15272,15273,11487
11484,11487,15273,15274,11488
11485,11488,15274,15275,11489
11486,11489,15275,15276,11490
11487,11490,15276,15277,11491
11488,11491,15277,15278,11492
11489,11492,15278,15279,11493
11490,11493,15279,15280,11494
11491,11494,15280,15281,11495
11492,11495,15281,15282,11496
11493,11496,15282,15283,11497
11494,11497,15283,15284,11498
11495,11498,15284,15285,11499
11496,11499,15285,15286,11500
11497,11500,15286,15287,11501
11498,11501,15287,15288,11502
11499,11502,15288,15289,11503
11500,11503,15289,15290,11504
11501,11504,15290,15291,11505
11502,11505,15291,15292,11506
11503,11506,15292,15293,11507
11504,11507,15293,15294,11508
11505,11508,15294,15295,11509
11506,11509,15295,15296,11510
11507,11510,15296,15297,11511
11508,11511,15297,15298,11512
11509,11512,15298,15299,11513
11510,11513,15299,15300,11514
11511,11514,15300,15301,11515
11512,11515,15301,15302,11516
11513,11516,15302,15303,11517
11514,11517,15303,15304,11518
11515,11518,15304,15305,11519
11516,11519,15305,15306,11520
11517,11520,15306,15307,11521
11518,11521,15307,15308,11522
11519,11522,15308,15309,11523
11520,11523,15309,15310,11524
11521,11524,15310,15311,11525
11522,11525,15311,15312,11526
11523,11526,15312,15313,11527
11524,11527,15313,15314,11528
11525,11528,15314,15315,11529
11526,11529,15315,15316,11530
11527,11530,15316,15317,11531
11528,11531,15317,15318,11532
11529,11532,15318,15319,11533
11530,11533,15319,15320,11534
11531,11534,15320,15321,11535
11532,11535,15321,15322,11536
11533,11536,15322,15323,11537
11534,11537,15323,15324,11538
11535,11538,15324,15325,11539
11536,11539,15325,15326,11540
11537,11540,15326,15327,11541
11538,11541,15327,15328,11542
11539,11542,15328,15329,11543
11540,11543,15329,15330,11544
11541,11544,15330,15331,11545
11542,11545,15331,15332,11546
11543,11546,15332,15333,11547
11544,11547,15333,15334,11548
11545,11548,15334,15335,11549
11546,11549,15335,15336,11550
11547,11550,15336,15337,11551
11548,11551,15337,15338,11552
11549,11552,15338,15339,11553
11550,11553,15339,15340,11554
11551,11554,15340,15341,11555
11552,11555,15341,15342,11556
11553,11556,15342,15343,11557
11554,11557,15343,15344,11558
11555,11558,15344,15345,11559
11556,11559,15345,15346,11560
11557,11560,15346,15347,11561
11558,11561,15347,15348,11562
11559,11562,15348,15349,11563
11560,11563,15349,15350,11564
11561,11564,15350,15351,11565
11562,11565,15351,15352,11566
11563,11566,15352,15353,11567
11564,11567,15353,15354,11568
11565,11568,15354,15355,11569
11566,11569,15355,15356,11570
11567,11570,15356,15357,11571
11568,11571,15357,15358,11572
11569,11572,15358,15359,11573
11570,11573,15359,15360,11574
11571,11574,15360,15361,11575
11572,11575,15361,15362,11576
11573,11576,15362,15363,11577
11574,11577,15363,15364,11578
11575,11578,15364,15365,11579
11576,11579,15365,15366,11580
11577,11580,15366,15367,11581
11578,11581,15367,15368,11582
11579,11582,15368,15369,11583
11580,11583,15369,15370,11584
11581,11584,15370,15371,11585
11582,11585,15371,15372,11586
11583,11586,15372,15373,11587
11584,11587,15373,15374,11588
11585,11588,15374,15375,11589
11586,11589,15375,15376,11590
11587,11590,15376,15377,11591
11588,11591,15377,15378,11592
11589,11592,15378,15379,11593
11590,11593,15379,15380,11594
11591,11594,15380,15381,11595
11592,11595,15381,15382,11596
11593,11596,15382,15383,11597
11594,11597,15383,15384,11598
11595,11598,15384,15385,11599
11596,11599,15385,15386,11600
11597,11600,15386,15387,11601
11598,11601,15387,15388,11602
11599,11602,15388,15389,11603
11600,11603,15389,15390,11604
11601,11604,15390,15391,11605
11602,11605,15391,15392,11606
11603,11606,15392,15393,11607
11604,11607,15393,15394,11608
11605,11608,15394,15395,11609
11606,11609,15395,15396,11610
11607,11610,15396,15397,11611
11608,11611,15397,15398,11612
11609,11612,15398,15399,11613
11610,11613,15399,15400,11614
11611,11614,15400,15401,11615
11612,11615,15401,15402,11616
11613,11616,15402,15403,11617
11614,11617,15403,15404,11618
11615,11618,15404,15405,11619
11616,11619,15405,15406,11620
11617,11620,15406,15407,11621
11618,11621,15407,15408,11622
11619,11622,15408,15409,11623
11620,11623,15409,15410,11624
11621,11624,15410,15411,11625
11622,11625,15411,15412,11626
11623,11626,15412,15413,11627
11624,11627,15413,15414,11628
11625,11628,15414,15415,11629
11626,11629,15415,15416,11630
11627,11630,15416,15417,11631
11628,11631,15417,15418,11632
11629,11632,15418,15419,11633
11630,11633,15419,15420,11634
11631,11634,15420,15421,11635
11632,11635,15421,15422,11636
11633,11636,15422,15423,11637
11634,11637,15423,15424,11638
11635,11638,15424,15425,11639
11636,11639,15425,15426,11640
11637,11640,15426,15427,11641
11638,11641,15427,15428,11642
11639,11642,15428,15429,11643
11640,11643,15429,15430,11644
11641,11644,15430,15431,11645
11642,11645,15431,15432,11646
11643,11646,15432,15433,11647
11644,11647,15433,15434,11648
11645,11648,15434,15435,11649
11646,11649,15435,15436,11650
11647,11650,15436,15437,11651
11648,11651,15437,15438,11652
11649,11652,15438,15439,11653
11650,11653,15439,15440,11654
11651,11654,15440,15441,11655
11652,11655,15441,15442,11656
11653,11656,15442,15443,11657
11654,11657,15443,15444,11658
11655,11658,15444,15445,11659
11656,11659,15445,15446,11660
11657,11660,15446,15447,11661
11658,11661,15447,15448,11662
11659,11662,15448,15449,11663
11660,11663,15449,15450,11664
11661,11664,15450,15451,11665
11662,11665,15451,15452,11666
11663,11666,15452,15453,11667
11664,11667,15453,15454,11668
11665,11668,15454,15455,11669
11666,11669,15455,15456,11670
11667,11670,15456,15457,11671
11668,11671,15457,15458,11672
11669,11672,15458,15459,11673
11670,11673,15459,15460,11674
11671,11674,15460,15461,11675
11672,11675,15461,15462,11676
11673,11676,15462,15463,11677
11674,11677,15463,15464,11678
11675,11678,15464,15465,11679
11676,11679,15465,15466,11680
11677,11680,15466,15467,11681
11678,11681,15467,15468,11682
11679,11682,15468,15469,11683
11680,11683,15469,15470,11684
11681,11684,15470,15471,11685
11682,11685,15471,15472,11686
11683,11686,15472,15473,11687
11684,11687,15473,15474,11688
11685,11688,15474,15475,11689
11686,11689,15475,15476,11690
11687,11690,15476,15477,11691
11688,11691,15477,15478,11692
11689,11692,15478,15479,11693
11690,11693,15479,15480,11694
11691,11694,15480,15481,11695
11692,11695,15481,15482,11696
11693,11696,15482,15483,11697
11694,11697,15483,15484,11698
11695,11698,15484,15485,11699
11696,11699,15485,15486,11700
11697,11700,15486,15487,11701
11698,11701,15487,15488,11702
11699,11702,15488,15489,11703
11700,11703,15489,15490,11704
11701,11704,15490,15491,11705
11702,11705,15491,15492,11706
11703,11706,15492,15493,11707
11704,11707,15493,15494,11708
11705,11708,15494,15495,11709
11706,11709,15495,15496,11710
11707,11710,15496,15497,11711
11708,11711,15497,15498,11712
11709,11712,15498,15499,11713
11710,11713,15499,15500,11714
11711,11714,15500,15501,11715
11712,11715,15501,15502,11716
11713,11716,15502,15503,11717
11714,11717,15503,15504,11718
11715,11718,15504,15505,11719
11716,11719,15505,15506,11720
11717,11720,15506,15507,11721
11718,11721,15507,15508,11722
11719,11722,15508,15509,11723
11720,11723,15509,15510,11724
11721,11724,15510,15511,11725
11722,11725,15511,15512,11726
11723,11726,15512,15513,11727
11724,11727,15513,15514,11728
11725,11728,15514,15515,11729
11726,11729,15515,15516,11730
11727,11730,15516,15517,11731
11728,11731,15517,15518,11732
11729,11732,15518,15519,11733
11730,11733,15519,15520,11734
11731,11734,15520,15521,11735
11732,11735,15521,15522,11736
11733,11736,15522,15523,11737
11734,11737,15523,15524,11738
11735,11738,15524,15525,11739
11736,11739,15525,15526,11740
11737,11740,15526,15527,11741
11738,11741,15527,15528,11742
11739,11742,15528,15529,11743
11740,11743,15529,15530,11744
11741,11744,15530,15531,11745
11742,11745,15531,15532,11746
11743,11746,15532,15533,11747
11744,11747,15533,15534,11748
11745,11748,15534,15535,11749
11746,11749,15535,15536,11750
11747,11750,15536,15537,11751
11748,11751,15537,15538,11752
11749,11752,15538,15539,11753
11750,11753,15539,15540,11754
11751,11754,15540,15541,11755
11752,11755,15541,15542,11756
11753,11756,15542,15543,11757
11754,11757,15543,15544,11758
11755,11758,15544,15545,11759
11756,11759,15545,15546,11760
11757,11760,15546,15547,11761
11758,11761,15547,15548,11762
11759,11762,15548,15549,11763
11760,11763,15549,15550,11764
11761,11764,15550,15551,11765
11762,11765,15551,15552,11766
11763,11766,15552,15553,11767
11764,11767,15553,15554,11768
11765,11768,15554,15555,11769
11766,11769,15555,15556,11770
11767,11770,15556,15557,11771
11768,11771,15557,15558,11772
11769,11772,15558,15559,11773
11770,11773,15559,15560,11774
11771,11774,15560,15561,11775
11772,11775,15561,15562,11776
11773,11776,15562,15563,11777
11774,11777,15563,15564,11778
11775,11778,15564,15565,11779
11776,11779,15565,15566,11780
11777,11780,15566,15567,11781
11778,11781,15567,15568,11782
11779,11782,15568,15569,11783
11780,11783,15569,15570,11784
11781,11784,15570,15571,11785
11782,11785,15571,15572,11786
11783,11786,15572,15573,11787
11784,11787,15573,15574,11788
11785,11788,15574,15575,11789
11786,11789,15575,15576,11790
11787,11790,15576,15577,11791
11788,11791,15577,15578,11792
11789,11792,15578,15579,11793
11790,11793,15579,15580,11794
11791,11794,15580,15581,11795
11792,11795,15581,15582,11796
11793,11796,15582,15583,11797
11794,11797,15583,15584,11798
11795,11798,15584,15585,11799
11796,11799,15585,15586,11800
11797,11800,15586,15587,11801
11798,11801,15587,15588,11802
11799,11802,15588,15589,11803
11800,11803,15589,15590,11804
11801,11804,15590,15591,11805
11802,11805,15591,15592,11806
11803,11806,15592,15593,11807
11804,11807,15593,15594,11808
11805,11808,15594,15595,11809
11806,11809,15595,15596,11810
11807,11810,15596,15597,11811
11808,11811,15597,15598,11812
11809,11812,15598,15599,11813
11810,11813,15599,15600,11814
11811,11814,15600,15601,11815
11812,11815,15601,15602,11816
11813,11816,15602,15603,11817
11814,11817,15603,15604,11818
11815,11818,15604,15605,11819
11816,11819,15605,15606,11820
11817,11820,15606,15607,11821
11818,11821,15607,15608,11822
11819,11822,15608,15609,11823
11820,11823,15609,15610,11824
11821,11824,15610,15611,11825
11822,11825,15611,15612,11826
11823,11826,15612,15613,11827
11824,11827,15613,15614,11828
11825,11828,15614,15615,11829
11826,11829,15615,15616,11830
11827,11830,15616,15617,11831
11828,11831,15617,15618,11832
11829,11832,15618,15619,11833
11830,11833,15619,15620,11834
11831,11834,15620,15621,11835
11832,11835,15621,15622,11836
11833,11836,15622,15623,11837
11834,11837,15623,15624,11838
11835,11838,15624,15625,11839
11836,11839,15625,15626,11840
11837,11840,15626,15627,11841
11838,11841,15627,15628,11842
11839,11842,15628,15629,11843
11840,11843,15629,15630,11844
11841,11844,15630,15631,11845
11842,11845,15631,15632,11846
11843,11846,15632,15633,11847
11844,11847,15633,15634,11848
11845,11848,15634,15635,11849
11846,11849,15635,15636,11850
11847,11850,15636,15637,11851
11848,11851,15637,15638,11852
11849,11852,15638,15639,11853
11850,11853,15639,15640,11854
11851,11854,15640,15641,11855
11852,11855,15641,15642,11856
11853,11856,15642,15643,11857
11854,11857,15643,15644,11858
11855,11858,15644,15645,11859
11856,11859,15645,15646,11860
11857,11860,15646,15647,11861
11858,11861,15647,15648,11862
11859,11862,15648,15649,11863
11860,11863,15649,15650,11864
11861,11864,15650,15651,11865
11862,11865,15651,15652,11866
11863,11866,15652,15653,11867
11864,11867,15653,15654,11868
11865,11868,15654,15655,11869
11866,11869,15655,15656,11870
11867,11870,15656,15657,11871
11868,11871,15657,15658,11872
11869,11872,15658,15659,11873
11870,11873,15659,15660,11874
11871,11874,15660,15661,11875
11872,11875,15661,15662,11876
11873,11876,15662,15663,11877
11874,11877,15663,15664,11878
11875,11878,15664,15665,11879
11876,11879,15665,15666,11880
11877,11880,15666,15667,11881
11878,11881,15667,15668,11882
11879,11882,15668,15669,11883
11880,11883,15669,15670,11884
11881,11884,15670,15671,11885
11882,11885,15671,15672,11886
11883,11886,15672,15673,11887
11884,11887,15673,15674,11888
11885,11888,15674,15675,11889
11886,11889,15675,15676,11890
11887,11890,15676,15677,11891
11888,11891,15677,15678,11892
11889,11892,15678,15679,11893
11890,11893,15679,15680,11894
11891,11894,15680,15681,11895
11892,11895,15681,15682,11896
11893,11896,15682,15683,11897
11894,11897,15683,15684,11898
11895,11898,15684,15685,11899
11896,11899,15685,15686,11900
11897,11900,15686,15687,11901
11898,11901,15687,15688,11902
11899,11902,15688,15689,11903
11900,11903,15689,15690,11904
11901,11904,15690,15691,11905
11902,11905,15691,15692,11906
11903,11906,15692,15693,11907
11904,11907,15693,15694,11908
11905,11908,15694,15695,11909
11906,11909,15695,15696,11910
11907,11910,15696,15697,11911
11908,11911,15697,15698,11912
11909,11912,15698,15699,11913
11910,11913,15699,15700,11914
11911,11914,15700,15701,11915
11912,11915,15701,15702,11916
11913,11916,15702,15703,11917
11914,11917,15703,15704,11918
11915,11918,15704,15705,11919
11916,11919,15705,15706,11920
11917,11920,15706,15707,11921
11918,11921,15707,15708,11922
11919,11922,15708,15709,11923
11920,11923,15709,15710,11924
11921,11924,15710,15711,11925
11922,11925,15711,15712,11926
11923,11926,15712,15713,11927
11924,11927,15713,15714,11928
11925,11928,15714,15715,11929
11926,11929,15715,15716,11930
11927,11930,15716,15717,11931
11928,11931,15717,15718,11932
11929,11932,15718,15719,11933
11930,11933,15719,15720,11934
11931,11934,15720,15721,11935
11932,11935,15721,15722,11936
11933,11936,15722,15723,11937
11934,11937,15723,15724,11938
11935,11938,15724,15725,11939
11936,11939,15725,15726,11940
11937,11940,15726,15727,11941
11938,11941,15727,15728,11942
11939,11942,15728,15729,11943
11940,11943,15729,15730,11944
11941,11944,15730,15731,11945
11942,11945,15731,15732,11946
11943,11946,15732,15733,11947
11944,11947,15733,15734,11948
11945,11948,15734,15735,11949
11946,11949,15735,15736,11950
11947,11950,15736,15737,11951
11948,11951,15737,15738,11952
11949,11952,15738,15739,11953
11950,11953,15739,15740,11954
11951,11954,15740,15741,11955
11952,11955,15741,15742,11956
11953,11956,15742,15743,11957
11954,11957,15743,15744,11958
11955,11958,15744,15745,11959
11956,11959,15745,15746,11960
11957,11960,15746,15747,11961
11958,11961,15747,15748,11962
11959,11962,15748,15749,11963
11960,11963,15749,15750,11964
11961,11964,15750,15751,11965
11962,11965,15751,15752,11966
11963,11966,15752,15753,11967
11964,11967,15753,15754,11968
11965,11968,15754,15755,11969
11966,11969,15755,15756,11970
11967,11970,15756,15757,11971
11968,11971,15757,15758,11972
11969,11972,15758,15759,11973
11970,11973,15759,15760,11974
11971,11974,15760,15761,11975
11972,11975,15761,15762,11976
11973,11976,15762,15763,11977
11974,11977,15763,15764,11978
11975,11978,15764,15765,11979
11976,11979,15765,15766,11980
11977,11980,15766,15767,11981
11978,11981,15767,15768,11982
11979,11982,15768,15769,11983
11980,11983,15769,15770,11984
11981,11984,15770,15771,11985
11982,11985,15771,15772,11986
11983,11986,15772,15773,11987
11984,11987,15773,15774,11988
11985,11988,15774,15775,11989
11986,11989,15775,15776,11990
11987,11990,15776,15777,11991
11988,11991,15777,15778,11992
11989,11992,15778,15779,11993
11990,11993,15779,15780,11994
11991,11994,15780,15781,11995
11992,11995,15781,15782,11996
11993,11996,15782,15783,11997
11994,11997,15783,15784,11998
11995,11998,15784,15785,11999
11996,11999,15785,15786,12000
11997,12000,15786,15787,12001
11998,12001,15787,15788,12002
11999,12002,15788,15789,12003
12000,12003,15789,15790,12004
12001,12004,15790,15791,12005
12002,12005,15791,15792,12006
12003,12006,15792,15793,12007
12004,12007,15793,15794,12008
12005,12008,15794,15795,12009
12006,12009,15795,15796,12010
12007,12010,15796,15797,12011
12008,12011,15797,15798,12012
12009,12012,15798,15799,12013
12010,12013,15799,15800,12014
12011,12014,15800,15801,12015
12012,12015,15801,15802,12016
12013,12016,15802,15803,12017
12014,12017,15803,15804,12018
12015,12018,15804,15805,12019
12016,12019,15805,15806,12020
12017,12020,15806,15807,12021
12018,12021,15807,15808,12022
12019,12022,15808,15809,12023
12020,12023,15809,15810,12024
12021,12024,15810,15811,12025
12022,12025,15811,15812,12026
12023,12026,15812,15813,12027
12024,12027,15813,15814,12028
12025,12028,15814,15815,12029
12026,12029,15815,15816,12030
12027,12030,15816,15817,12031
12028,12031,15817,15818,12032
12029,12032,15818,15819,12033
12030,12033,15819,15820,12034
12031,12034,15820,15821,12035
12032,12035,15821,15822,12036
12033,12036,15822,15823,12037
12034,12037,15823,15824,12038
12035,12038,15824,15825,12039
12036,12039,15825,15826,12040
12037,12040,15826,15827,12041
12038,12041,15827,15828,12042
12039,12042,15828,15829,12043
12040,12043,15829,15830,12044
12041,12044,15830,15831,12045
12042,12045,15831,15832,12046
12043,12046,15832,15833,12047
12044,12047,15833,15834,12048
12045,12048,15834,15835,12049
12046,12049,15835,15836,12050
12047,12050,15836,15837,12051
12048,12051,15837,15838,12052
12049,12052,15838,15839,12053
12050,12053,15839,15840,12054
12051,12054,15840,15841,12055
12052,12055,15841,15842,12056
12053,12056,15842,15843,12057
12054,12057,15843,15844,12058
12055,12058,15844,15845,12059
12056,12059,15845,15846,12060
12057,12060,15846,15847,12061
12058,12061,15847,15848,12062
12059,12062,15848,15849,12063
12060,12063,15849,15850,12064
12061,12064,15850,15851,12065
12062,12065,15851,15852,12066
12063,12066,15852,15853,12067
12064,12067,15853,15854,12068
12065,12068,15854,15855,12069
12066,12069,15855,15856,12070
12067,12070,15856,15857,12071
12068,12071,15857,15858,12072
12069,12072,15858,15859,12073
12070,12073,15859,15860,12074
12071,12074,15860,15861,12075
12072,12075,15861,15862,12076
12073,12076,15862,15863,12077
12074,12077,15863,15864,12078
12075,12078,15864,15865,12079
12076,12079,15865,15866,12080
12077,12080,15866,15867,12081
12078,12081,15867,15868,12082
12079,12082,15868,15869,12083
12080,12083,15869,15870,12084
12081,12084,15870,15871,12085
12082,12085,15871,15872,12086
12083,12086,15872,15873,12087
12084,12087,15873,15874,12088
12085,12088,15874,15875,12089
12086,12089,15875,15876,12090
12087,12090,15876,15877,12091
12088,12091,15877,15878,12092
12089,12092,15878,15879,12093
12090,12093,15879,15880,12094
12091,12094,15880,15881,12095
12092,12095,15881,15882,12096
12093,12096,15882,15883,12097
12094,12097,15883,15884,12098
12095,12098,15884,15885,12099
12096,12099,15885,15886,12100
12097,12100,15886,15887,12101
12098,12101,15887,15888,12102
12099,12102,15888,15889,12103
12100,12103,15889,15890,12104
12101,12104,15890,15891,12105
12102,12105,15891,15892,12106
12103,12106,15892,15893,12107
12104,12107,15893,15894,12108
12105,12108,15894,15895,12109
12106,12109,15895,15896,12110
12107,12110,15896,15897,12111
12108,12111,15897,15898,12112
12109,12112,15898,15899,12113
12110,12113,15899,15900,12114
12111,12114,15900,15901,12115
12112,12115,15901,15902,12116
12113,12116,15902,15903,12117
12114,12117,15903,15904,12118
12115,12118,15904,15905,12119
12116,12119,15905,15906,12120
12117,12120,15906,15907,12121
12118,12121,15907,15908,12122
12119,12122,15908,15909,12123
12120,12123,15909,15910,12124
12121,12124,15910,15911,12125
12122,12125,15911,15912,12126
12123,12126,15912,15913,12127
12124,12127,15913,15914,12128
12125,12128,15914,15915,12129
12126,12129,15915,15916,12130
12127,12130,15916,15917,12131
12128,12131,15917,15918,12132
12129,12132,15918,15919,12133
12130,12133,15919,15920,12134
12131,12134,15920,15921,12135
12132,12135,15921,15922,12136
12133,12136,15922,15923,12137
12134,12137,15923,15924,12138
12135,12138,15924,15925,12139
12136,12139,15925,15926,12140
12137,12140,15926,15927,12141
12138,12141,15927,15928,12142
12139,12142,15928,15929,12143
12140,12143,15929,15930,12144
12141,12144,15930,15931,12145
12142,12145,15931,15932,12146
12143,12146,15932,15933,12147
12144,12147,15933,15934,12148
12145,12148,15934,15935,12149
12146,12149,15935,15936,12150
12147,12150,15936,15937,12151
12148,12151,15937,15938,12152
12149,12152,15938,15939,12153
12150,12153,15939,15940,12154
12151,12154,15940,15941,12155
12152,12155,15941,15942,12156
12153,12156,15942,15943,12157
12154,12157,15943,15944,12158
12155,12158,15944,15945,12159
12156,12159,15945,15946,12160
12157,12160,15946,15947,12161
12158,12161,15947,15948,12162
12159,12162,15948,15949,12163
12160,12163,15949,15950,12164
12161,12164,15950,15951,12165
12162,12165,15951,15952,12166
12163,12166,15952,15953,12167
12164,12167,15953,15954,12168
12165,12168,15954,15955,12169
12166,12169,15955,15956,12170
12167,12170,15956,15957,12171
12168,12171,15957,15958,12172
12169,12172,15958,15959,12173
12170,12173,15959,15960,12174
12171,12174,15960,15961,12175
12172,12175,15961,15962,12176
12173,12176,15962,15963,12177
12174,12177,15963,15964,12178
12175,12178,15964,15965,12179
12176,12179,15965,15966,12180
12177,12180,15966,15967,12181
12178,12181,15967,15968,12182
12179,12182,15968,15969,12183
12180,12183,15969,15970,12184
12181,12184,15970,15971,12185
12182,12185,15971,15972,12186
12183,12186,15972,15973,12187
12184,12187,15973,15974,12188
12185,12188,15974,15975,12189
12186,12189,15975,15976,12190
12187,12190,15976,15977,12191
12188,12191,15977,15978,12192
12189,12192,15978,15979,12193
12190,12193,15979,15980,12194
12191,12194,15980,15981,12195
12192,12195,15981,15982,12196
12193,12196,15982,15983,12197
12194,12197,15983,15984,12198
12195,12198,15984,15985,12199
12196,12199,15985,15986,12200
12197,12200,15986,15987,12201
12198,12201,15987,15988,12202
12199,12202,15988,15989,12203
12200,12203,15989,15990,12204
12201,12204,15990,15991,12205
12202,12205,15991,15992,12206
12203,12206,15992,15993,12207
12204,12207,15993,15994,12208
12205,12208,15994,15995,12209
12206,12209,15995,15996,12210
12207,12210,15996,15997,12211
12208,12211,15997,15998,12212
12209,12212,15998,15999,12213
12210,12213,15999,16000,12214
12211,12214,16000,16001,12215
12212,12215,16001,16002,12216
12213,12216,16002,16003,12217
12214,12217,16003,16004,12218
12215,12218,16004,16005,12219
12216,12219,16005,16006,12220
12217,12220,16006,16007,12221
12218,12221,16007,16008,12222
12219,12222,16008,16009,12223
12220,12223,16009,16010,12224
12221,12224,16010,16011,12225
12222,12225,16011,16012,12226
12223,12226,16012,16013,12227
12224,12227,16013,16014,12228
12225,12228,16014,16015,12229
12226,12229,16015,16016,12230
12227,12230,16016,16017,12231
12228,12231,16017,16018,12232
12229,12232,16018,16019,12233
12230,12233,16019,16020,12234
12231,12234,16020,16021,12235
12232,12235,16021,16022,12236
12233,12236,16022,16023,12237
12234,12237,16023,16024,12238
12235,12238,16024,16025,12239
12236,12239,16025,16026,12240
12237,12240,16026,16027,12241
12238,12241,16027,16028,12242
12239,12242,16028,16029,12243
12240,12243,16029,16030,12244
12241,12244,16030,16031,12245
12242,12245,16031,16032,12246
12243,12246,16032,16033,12247
12244,12247,16033,16034,12248
12245,12248,16034,16035,12249
12246,12249,16035,16036,12250
12247,12250,16036,16037,12251
12248,12251,16037,16038,12252
12249,12252,16038,16039,12253
12250,12253,16039,16040,12254
12251,12254,16040,16041,12255
12252,12255,16041,16042,12256
12253,12256,16042,16043,12257
12254,12257,16043,16044,12258
12255,12258,16044,16045,12259
12256,12259,16045,16046,12260
12257,12260,16046,16047,12261
12258,12261,16047,16048,12262
12259,12262,16048,16049,12263
12260,12263,16049,16050,12264
12261,12264,16050,16051,12265
12262,12265,16051,16052,12266
12263,12266,16052,16053,12267
12264,12267,16053,16054,12268
12265,12268,16054,16055,12269
12266,12269,16055,16056,12270
12267,12270,16056,16057,12271
12268,12271,16057,16058,12272
12269,12272,16058,16059,12273
12270,12273,16059,16060,12274
12271,12274,16060,16061,12275
12272,12275,16061,16062,12276
12273,12276,16062,16063,12277
12274,12277,16063,16064,12278
12275,12278,16064,16065,12279
12276,12279,16065,16066,12280
12277,12280,16066,16067,12281
12278,12281,16067,16068,12282
12279,12282,16068,16069,12283
12280,12283,16069,16070,12284
12281,12284,16070,16071,12285
12282,12285,16071,16072,12286
12283,12286,16072,16073,12287
12284,12287,16073,16074,12288
12285,12288,16074,16075,12289
12286,12289,16075,16076,12290
12287,12290,16076,16077,12291
12288,12291,16077,16078,12292
12289,12292,16078,16079,12293
12290,12293,16079,16080,12294
12291,12294,16080,16081,12295
12292,12295,16081,16082,12296
12293,12296,16082,16083,12297
12294,12297,16083,16084,12298
12295,12298,16084,16085,12299
12296,12299,16085,16086,12300
12297,12300,16086,16087,12301
12298,12301,16087,16088,12302
12299,12302,16088,16089,12303
12300,12303,16089,16090,12304
12301,12304,16090,16091,12305
12302,12305,16091,16092,12306
12303,12306,16092,16093,12307
12304,12307,16093,16094,12308
12305,12308,16094,16095,12309
12306,12309,16095,16096,12310
12307,12310,16096,16097,12311
12308,12311,16097,16098,12312
12309,12312,16098,16099,12313
12310,12313,16099,16100,12314
12311,12314,16100,16101,12315
12312,12315,16101,16102,12316
12313,12316,16102,16103,12317
12314,12317,16103,16104,12318
12315,12318,16104,16105,12319
12316,12319,16105,16106,12320
12317,12320,16106,16107,12321
12318,12321,16107,16108,12322
12319,12322,16108,16109,12323
12320,12323,16109,16110,12324
12321,12324,16110,16111,12325
12322,12325,16111,16112,12326
12323,12326,16112,16113,12327
12324,12327,16113,16114,12328
12325,12328,16114,16115,12329
12326,12329,16115,16116,12330
12327,12330,16116,16117,12331
12328,12331,16117,16118,12332
12329,12332,16118,16119,12333
12330,12333,16119,16120,12334
12331,12334,16120,16121,12335
12332,12335,16121,16122,12336
12333,12336,16122,16123,12337
12334,12337,16123,16124,12338
12335,12338,16124,16125,12339
12336,12339,16125,16126,12340
12337,12340,16126,16127,12341
12338,12341,16127,16128,12342
12339,12342,16128,16129,12343
12340,12343,16129,16130,12344
12341,12344,16130,16131,12345
12342,12345,16131,16132,12346
12343,12346,16132,16133,12347
12344,12347,16133,16134,12348
12345,12348,16134,16135,12349
12346,12349,16135,16136,12350
12347,12350,16136,16137,12351
12348,12351,16137,16138,12352
12349,12352,16138,16139,12353
12350,12353,16139,16140,12354
12351,12354,16140,16141,12355
12352,12355,16141,16142,12356
12353,12356,16142,16143,12357
12354,12357,16143,16144,12358
12355,12358,16144,16145,12359
12356,12359,16145,16146,12360
12357,12360,16146,16147,12361
12358,12361,16147,16148,12362
12359,12362,16148,16149,12363
12360,12363,16149,16150,12364
12361,12364,16150,16151,12365
12362,12365,16151,16152,12366
12363,12366,16152,16153,12367
12364,12367,16153,16154,12368
12365,12368,16154,16155,12369
12366,12369,16155,16156,12370
12367,12370,16156,16157,12371
12368,12371,16157,16158,12372
12369,12372,16158,16159,12373
12370,12373,16159,16160,12374
12371,12374,16160,16161,12375
12372,12375,16161,16162,12376
12373,12376,16162,16163,12377
12374,12377,16163,16164,12378
12375,12378,16164,16165,12379
12376,12379,16165,16166,12380
12377,12380,16166,16167,12381
12378,12381,16167,16168,12382
12379,12382,16168,16169,12383
12380,12383,16169,16170,12384
12381,12384,16170,16171,12385
12382,12385,16171,16172,12386
12383,12386,16172,16173,12387
12384,12387,16173,16174,12388
12385,12388,16174,16175,12389
12386,12389,16175,16176,12390
12387,12390,16176,16177,12391
12388,12391,16177,16178,12392
12389,12392,16178,16179,12393
12390,12393,16179,16180,12394
12391,12394,16180,16181,12395
12392,12395,16181,16182,12396
12393,12396,16182,16183,12397
12394,12397,16183,16184,12398
12395,12398,16184,16185,12399
12396,12399,16185,16186,12400
12397,12400,16186,16187,12401
12398,12401,16187,16188,12402
12399,12402,16188,16189,12403
12400,12403,16189,16190,12404
12401,12404,16190,16191,12405
12402,12405,16191,16192,12406
12403,12406,16192,16193,12407
12404,12407,16193,16194,12408
12405,12408,16194,16195,12409
12406,12409,16195,16196,12410
12407,12410,16196,16197,12411
12408,12411,16197,16198,12412
12409,12412,16198,16199,12413
12410,12413,16199,16200,12414
12411,12414,16200,16201,12415
12412,12415,16201,16202,12416
12413,12416,16202,16203,12417
12414,12417,16203,16204,12418
12415,12418,16204,16205,12419
12416,12419,16205,16206,12420
12417,12420,16206,16207,12421
12418,12421,16207,16208,12422
12419,12422,16208,16209,12423
12420,12423,16209,16210,12424
12421,12424,16210,16211,12425
12422,12425,16211,16212,12426
12423,12426,16212,16213,12427
12424,12427,16213,16214,12428
12425,12428,16214,16215,12429
12426,12429,16215,16216,12430
12427,12430,16216,16217,12431
12428,12431,16217,16218,12432
12429,12432,16218,16219,12433
12430,12433,16219,16220,12434
12431,12434,16220,16221,12435
12432,12435,16221,16222,12436
12433,12436,16222,16223,12437
12434,12437,16223,16224,12438
12435,12438,16224,16225,12439
12436,12439,16225,16226,12440
12437,12440,16226,16227,12441
12438,12441,16227,16228,12442
12439,12442,16228,16229,12443
12440,12443,16229,16230,12444
12441,12444,16230,16231,12445
12442,12445,16231,16232,12446
12443,12446,16232,16233,12447
12444,12447,16233,16234,12448
12445,12448,16234,16235,12449
12446,12449,16235,16236,12450
12447,12450,16236,16237,12451
12448,12451,16237,16238,12452
12449,12452,16238,16239,12453
12450,12453,16239,16240,12454
12451,12454,16240,16241,12455
12452,12455,16241,16242,12456
12453,12456,16242,16243,12457
12454,12457,16243,16244,12458
12455,12458,16244,16245,12459
12456,12459,16245,16246,12460
12457,12460,16246,16247,12461
12458,12461,16247,16248,12462
12459,12462,16248,16249,12463
12460,12463,16249,16250,12464
12461,12464,16250,16251,12465
12462,12465,16251,16252,12466
12463,12466,16252,16253,12467
12464,12467,16253,16254,12468
12465,12468,16254,16255,12469
12466,12469,16255,16256,12470
12467,12470,16256,16257,12471
12468,12471,16257,16258,12472
12469,12472,16258,16259,12473
12470,12473,16259,16260,12474
12471,12474,16260,16261,12475
12472,12475,16261,16262,12476
12473,12476,16262,16263,12477
12474,12477,16263,16264,12478
12475,12478,16264,16265,12479
12476,12479,16265,16266,12480
12477,12480,16266,16267,12481
12478,12481,16267,16268,12482
12479,12482,16268,16269,12483
12480,12483,16269,16270,12484
12481,12484,16270,16271,12485
12482,12485,16271,16272,12486
12483,12486,16272,16273,12487
12484,12487,16273,16274,12488
12485,12488,16274,16275,12489
12486,12489,16275,16276,12490
12487,12490,16276,16277,12491
12488,12491,16277,16278,12492
12489,12492,16278,16279,12493
12490,12493,16279,16280,12494
12491,12494,16280,16281,12495
12492,12495,16281,16282,12496
12493,12496,16282,16283,12497
12494,12497,16283,16284,12498
12495,12498,16284,16285,12499
12496,12499,16285,16286,12500
12497,12500,16286,16287,12501
12498,12501,16287,16288,12502
12499,12502,16288,16289,12503
12500,12503,16289,16290,12504
12501,12504,16290,16291,12505
12502,12505,16291,16292,12506
12503,12506,16292,16293,12507
12504,12507,16293,16294,12508
12505,12508,16294,16295,12509
12506,12509,16295,16296,12510
12507,12510,16296,16297,12511
12508,12511,16297,16298,12512
12509,12512,16298,16299,12513
12510,12513,16299,16300,12514
12511,12514,16300,16301,12515
12512,12515,16301,16302,12516
12513,12516,16302,16303,12517
12514,12517,16303,16304,12518
12515,12518,16304,16305,12519
12516,12519,16305,16306,12520
12517,12520,16306,16307,12521
12518,12521,16307,16308,12522
12519,12522,16308,16309,12523
12520,12523,16309,16310,12524
12521,12524,16310,16311,12525
12522,12525,16311,16312,12526
12523,12526,16312,16313,12527
12524,12527,16313,16314,12528
12525,12528,16314,16315,12529
12526,12529,16315,16316,12530
12527,12530,16316,16317,12531
12528,12531,16317,16318,12532
12529,12532,16318,16319,12533
12530,12533,16319,16320,12534
12531,12534,16320,16321,12535
12532,12535,16321,16322,12536
12533,12536,16322,16323,12537
12534,12537,16323,16324,12538
12535,12538,16324,16325,12539
12536,12539,16325,16326,12540
12537,12540,16326,16327,12541
12538,12541,16327,16328,12542
12539,12542,16328,16329,12543
12540,12543,16329,16330,12544
12541,12544,16330,16331,12545
12542,12545,16331,16332,12546
12543,12546,16332,16333,12547
12544,12547,16333,16334,12548
12545,12548,16334,16335,12549
12546,12549,16335,16336,12550
12547,12550,16336,16337,12551
12548,12551,16337,16338,12552
12549,12552,16338,16339,12553
12550,12553,16339,16340,12554
12551,12554,16340,16341,12555
12552,12555,16341,16342,12556
12553,12556,16342,16343,12557
12554,12557,16343,16344,12558
12555,12558,16344,16345,12559
12556,12559,16345,16346,12560
12557,12560,16346,16347,12561
12558,12561,16347,16348,12562
12559,12562,16348,16349,12563
12560,12563,16349,16350,12564
12561,12564,16350,16351,12565
12562,12565,16351,16352,12566
12563,12566,16352,16353,12567
12564,12567,16353,16354,12568
12565,12568,16354,16355,12569
12566,12569,16355,16356,12570
12567,12570,16356,16357,12571
12568,12571,16357,16358,12572
12569,12572,16358,16359,12573
12570,12573,16359,16360,12574
12571,12574,16360,16361,12575
12572,12575,16361,16362,12576
12573,12576,16362,16363,12577
12574,12577,16363,16364,12578
12575,12578,16364,16365,12579
12576,12579,16365,16366,12580
12577,12580,16366,16367,12581
12578,12581,16367,16368,12582
12579,12582,16368,16369,12583
12580,12583,16369,16370,12584
12581,12584,16370,16371,12585
12582,12585,16371,16372,12586
12583,12586,16372,16373,12587
12584,12587,16373,16374,12588
12585,12588,16374,16375,12589
12586,12589,16375,16376,12590
12587,12590,16376,16377,12591
12588,12591,16377,16378,12592
12589,12592,16378,16379,12593
12590,12593,16379,16380,12594
12591,12594,16380,16381,12595
12592,12595,16381,16382,12596
12593,12596,16382,16383,12597
12594,12597,16383,16384,12598
12595,12598,16384,16385,12599
12596,12599,16385,16386,12600
12597,12600,16386,16387,12601
12598,12601,16387,16388,12602
12599,12602,16388,16389,12603
12600,12603,16389,16390,12604
12601,12604,16390,16391,12605
12602,12605,16391,16392,12606
12603,12606,16392,16393,12607
12604,12607,16393,16394,12608
12605,12608,16394,16395,12609
12606,12609,16395,16396,12610
12607,12610,16396,16397,12611
12608,12611,16397,16398,12612
12609,12612,16398,16399,12613
12610,12613,16399,16400,12614
12611,12614,16400,16401,12615
12612,12615,16401,16402,12616
12613,12616,16402,16403,12617
12614,12617,16403,16404,12618
12615,12618,16404,16405,12619
12616,12619,16405,16406,12620
12617,12620,16406,16407,12621
12618,12621,16407,16408,12622
12619,12622,16408,16409,12623
12620,12623,16409,16410,12624
12621,12624,16410,16411,12625
12622,12625,16411,16412,12626
12623,12626,16412,16413,12627
12624,12627,16413,16414,12628
12625,12628,16414,16415,12629
12626,12629,16415,16416,12630
12627,12630,16416,16417,12631
12628,12631,16417,16418,12632
12629,12632,16418,16419,12633
12630,12633,16419,16420,12634
12631,12634,16420,16421,12635
12632,12635,16421,16422,12636
12633,12636,16422,16423,12637
12634,12637,16423,16424,12638
12635,12638,16424,16425,12639
12636,12639,16425,16426,12640
12637,12640,16426,16427,12641
12638,12641,16427,16428,12642
12639,12642,16428,16429,12643
12640,12643,16429,16430,12644
12641,12644,16430,16431,12645
12642,12645,16431,16432,12646
12643,12646,16432,16433,12647
12644,12647,16433,16434,12648
12645,12648,16434,16435,12649
12646,12649,16435,16436,12650
12647,12650,16436,16437,12651
12648,12651,16437,16438,12652
12649,12652,16438,16439,12653
12650,12653,16439,16440,12654
12651,12654,16440,16441,12655
12652,12655,16441,16442,12656
12653,12656,16442,16443,12657
12654,12657,16443,16444,12658
12655,12658,16444,16445,12659
12656,12659,16445,16446,12660
12657,12660,16446,16447,12661
12658,12661,16447,16448,12662
12659,12662,16448,16449,12663
12660,12663,16449,16450,12664
12661,12664,16450,16451,12665
12662,12665,16451,16452,12666
12663,12666,16452,16453,12667
12664,12667,16453,16454,12668
12665,12668,16454,16455,12669
12666,12669,16455,16456,12670
12667,12670,16456,16457,12671
12668,12671,16457,16458,12672
12669,12672,16458,16459,12673
12670,12673,16459,16460,12674
12671,12674,16460,16461,12675
12672,12675,16461,16462,12676
12673,12676,16462,16463,12677
12674,12677,16463,16464,12678
12675,12678,16464,16465,12679
12676,12679,16465,16466,12680
12677,12680,16466,16467,12681
12678,12681,16467,16468,12682
12679,12682,16468,16469,12683
12680,12683,16469,16470,12684
12681,12684,16470,16471,12685
12682,12685,16471,16472,12686
12683,12686,16472,16473,12687
12684,12687,16473,16474,12688
12685,12688,16474,16475,12689
12686,12689,16475,16476,12690
12687,12690,16476,16477,12691
12688,12691,16477,16478,12692
12689,12692,16478,16479,12693
12690,12693,16479,16480,12694
12691,12694,16480,16481,12695
12692,12695,16481,16482,12696
12693,12696,16482,16483,12697
12694,12697,16483,16484,12698
12695,12698,16484,16485,12699
12696,12699,16485,16486,12700
12697,12700,16486,16487,12701
12698,12701,16487,16488,12702
12699,12702,16488,16489,12703
12700,12703,16489,16490,12704
12701,12704,16490,16491,12705
12702,12705,16491,16492,12706
12703,12706,16492,16493,12707
12704,12707,16493,16494,12708
12705,12708,16494,16495,12709
12706,12709,16495,16496,12710
12707,12710,16496,16497,12711
12708,12711,16497,16498,12712
12709,12712,16498,16499,12713
12710,12713,16499,16500,12714
12711,12714,16500,16501,12715
12712,12715,16501,16502,12716
12713,12716,16502,16503,12717
12714,12717,16503,16504,12718
12715,12718,16504,16505,12719
12716,12719,16505,16506,12720
12717,12720,16506,16507,12721
12718,12721,16507,16508,12722
12719,12722,16508,16509,12723
12720,12723,16509,16510,12724
12721,12724,16510,16511,12725
12722,12725,16511,16512,12726
12723,12726,16512,16513,12727
12724,12727,16513,16514,12728
12725,12728,16514,16515,12729
12726,12729,16515,16516,12730
12727,12730,16516,16517,12731
12728,12731,16517,16518,12732
12729,12732,16518,16519,12733
12730,12733,16519,16520,12734
12731,12734,16520,16521,12735
12732,12735,16521,16522,12736
12733,12736,16522,16523,12737
12734,12737,16523,16524,12738
12735,12738,16524,16525,12739
12736,12739,16525,16526,12740
12737,12740,16526,16527,12741
12738,12741,16527,16528,12742
12739,12742,16528,16529,12743
12740,12743,16529,16530,12744
12741,12744,16530,16531,12745
12742,12745,16531,16532,12746
12743,12746,16532,16533,12747
12744,12747,16533,16534,12748
12745,12748,16534,16535,12749
12746,12749,16535,16536,12750
12747,12750,16536,16537,12751
12748,12751,16537,16538,12752
12749,12752,16538,16539,12753
12750,12753,16539,16540,12754
12751,12754,16540,16541,12755
12752,12755,16541,16542,12756
12753,12756,16542,16543,12757
12754,12757,16543,16544,12758
12755,12758,16544,16545,12759
12756,12759,16545,16546,12760
12757,12760,16546,16547,12761
12758,12761,16547,16548,12762
12759,12762,16548,16549,12763
12760,12763,16549,16550,12764
12761,12764,16550,16551,12765
12762,12765,16551,16552,12766
12763,12766,16552,16553,12767
12764,12767,16553,16554,12768
12765,12768,16554,16555,12769
12766,12769,16555,16556,12770
12767,12770,16556,16557,12771
12768,12771,16557,16558,12772
12769,12772,16558,16559,12773
12770,12773,16559,16560,12774
12771,12774,16560,16561,12775
12772,12775,16561,16562,12776
12773,12776,16562,16563,12777
12774,12777,16563,16564,12778
12775,12778,16564,16565,12779
12776,12779,16565,16566,12780
12777,12780,16566,16567,12781
12778,12781,16567,16568,12782
12779,12782,16568,16569,12783
12780,12783,16569,16570,12784
12781,12784,16570,16571,12785
12782,12785,16571,16572,12786
12783,12786,16572,16573,12787
12784,12787,16573,16574,12788
12785,12788,16574,16575,12789
12786,12789,16575,16576,12790
12787,12790,16576,16577,12791
12788,12791,16577,16578,12792
12789,12792,16578,16579,12793
12790,12793,16579,16580,12794
12791,12794,16580,16581,12795
12792,12795,16581,16582,12796
12793,12796,16582,16583,12797
12794,12797,16583,16584,12798
12795,12798,16584,16585,12799
12796,12799,16585,16586,12800
12797,12800,16586,16587,12801
12798,12801,16587,16588,12802
12799,12802,16588,16589,12803
12800,12803,16589,16590,12804
12801,12804,16590,16591,12805
12802,12805,16591,16592,12806
12803,12806,16592,16593,12807
12804,12807,16593,16594,12808
12805,12808,16594,16595,12809
12806,12809,16595,16596,12810
12807,12810,16596,16597,12811
12808,12811,16597,16598,12812
12809,12812,16598,16599,12813
12810,12813,16599,16600,12814
12811,12814,16600,16601,12815
12812,12815,16601,16602,12816
12813,12816,16602,16603,12817
12814,12817,16603,16604,12818
12815,12818,16604,16605,12819
12816,12819,16605,16606,12820
12817,12820,16606,16607,12821
12818,12821,16607,16608,12822
12819,12822,16608,16609,12823
12820,12823,16609,16610,12824
12821,12824,16610,16611,12825
12822,12825,16611,16612,12826
12823,12826,16612,16613,12827
12824,12827,16613,16614,12828
12825,12828,16614,16615,12829
12826,12829,16615,16616,12830
12827,12830,16616,16617,12831
12828,12831,16617,16618,12832
12829,12832,16618,16619,12833
12830,12833,16619,16620,12834
12831,12834,16620,16621,12835
12832,12835,16621,16622,12836
12833,12836,16622,16623,12837
12834,12837,16623,16624,12838
12835,12838,16624,16625,12839
12836,12839,16625,16626,12840
12837,12840,16626,16627,12841
12838,12841,16627,16628,12842
12839,12842,16628,16629,12843
12840,12843,16629,16630,12844
12841,12844,16630,16631,12845
12842,12845,16631,16632,12846
12843,12846,16632,16633,12847
12844,12847,16633,16634,12848
12845,12848,16634,16635,12849
12846,12849,16635,16636,12850
12847,12850,16636,16637,12851
12848,12851,16637,16638,12852
12849,12852,16638,16639,12853
12850,12853,16639,16640,12854
12851,12854,16640,16641,12855
12852,12855,16641,16642,12856
12853,12856,16642,16643,12857
12854,12857,16643,16644,12858
12855,12858,16644,16645,12859
12856,12859,16645,16646,12860
12857,12860,16646,16647,12861
12858,12861,16647,16648,12862
12859,12862,16648,16649,12863
12860,12863,16649,16650,12864
12861,12864,16650,16651,12865
12862,12865,16651,16652,12866
12863,12866,16652,16653,12867
12864,12867,16653,16654,12868
12865,12868,16654,16655,12869
12866,12869,16655,16656,12870
12867,12870,16656,16657,12871
12868,12871,16657,16658,12872
12869,12872,16658,16659,12873
12870,12873,16659,16660,12874
12871,12874,16660,16661,12875
12872,12875,16661,16662,12876
12873,12876,16662,16663,12877
12874,12877,16663,16664,12878
12875,12878,16664,16665,12879
12876,12879,16665,16666,12880
12877,12880,16666,16667,12881
12878,12881,16667,16668,12882
12879,12882,16668,16669,12883
12880,12883,16669,16670,12884
12881,12884,16670,16671,12885
12882,12885,16671,16672,12886
12883,12886,16672,16673,12887
12884,12887,16673,16674,12888
12885,12888,16674,16675,12889
12886,12889,16675,16676,12890
12887,12890,16676,16677,12891
12888,12891,16677,16678,12892
12889,12892,16678,16679,12893
12890,12893,16679,16680,12894
12891,12894,16680,16681,12895
12892,12895,16681,16682,12896
12893,12896,16682,16683,12897
12894,12897,16683,16684,12898
12895,12898,16684,16685,12899
12896,12899,16685,16686,12900
12897,12900,16686,16687,12901
12898,12901,16687,16688,12902
12899,12902,16688,16689,12903
12900,12903,16689,16690,12904
12901,12904,16690,16691,12905
12902,12905,16691,16692,12906
12903,12906,16692,16693,12907
12904,12907,16693,16694,12908
12905,12908,16694,16695,12909
12906,12909,16695,16696,12910
12907,12910,16696,16697,12911
12908,12911,16697,16698,12912
12909,12912,16698,16699,12913
12910,12913,16699,16700,12914
12911,12914,16700,16701,12915
12912,12915,16701,16702,12916
12913,12916,16702,16703,12917
12914,12917,16703,16704,12918
12915,12918,16704,16705,12919
12916,12919,16705,16706,12920
12917,12920,16706,16707,12921
12918,12921,16707,16708,12922
12919,12922,16708,16709,12923
12920,12923,16709,16710,12924
12921,12924,16710,16711,12925
12922,12925,16711,16712,12926
12923,12926,16712,16713,12927
12924,12927,16713,16714,12928
12925,12928,16714,16715,12929
12926,12929,16715,16716,12930
12927,12930,16716,16717,12931
12928,12931,16717,16718,12932
12929,12932,16718,16719,12933
12930,12933,16719,16720,12934
12931,12934,16720,16721,12935
12932,12935,16721,16722,12936
12933,12936,16722,16723,12937
12934,12937,16723,16724,12938
12935,12938,16724,16725,12939
12936,12939,16725,16726,12940
12937,12940,16726,16727,12941
12938,12941,16727,16728,12942
12939,12942,16728,16729,12943
12940,12943,16729,16730,12944
12941,12944,16730,16731,12945
12942,12945,16731,16732,12946
12943,12946,16732,16733,12947
12944,12947,16733,16734,12948
12945,12948,16734,16735,12949
12946,12949,16735,16736,12950
12947,12950,16736,16737,12951
12948,12951,16737,16738,12952
12949,12952,16738,16739,12953
12950,12953,16739,16740,12954
12951,12954,16740,16741,12955
12952,12955,16741,16742,12956
12953,12956,16742,16743,12957
12954,12957,16743,16744,12958
12955,12958,16744,16745,12959
12956,12959,16745,16746,12960
12957,12960,16746,16747,12961
12958,12961,16747,16748,12962
12959,12962,16748,16749,12963
12960,12963,16749,16750,12964
12961,12964,16750,16751,12965
12962,12965,16751,16752,12966
12963,12966,16752,16753,12967
12964,12967,16753,16754,12968
12965,12968,16754,16755,12969
12966,12969,16755,16756,12970
12967,12970,16756,16757,12971
12968,12971,16757,16758,12972
12969,12972,16758,16759,12973
12970,12973,16759,16760,12974
12971,12974,16760,16761,12975
12972,12975,16761,16762,12976
12973,12976,16762,16763,12977
12974,12977,16763,16764,12978
12975,12978,16764,16765,12979
12976,12979,16765,16766,12980
12977,12980,16766,16767,12981
12978,12981,16767,16768,12982
12979,12982,16768,16769,12983
12980,12983,16769,16770,12984
12981,12984,16770,16771,12985
12982,12985,16771,16772,12986
12983,12986,16772,16773,12987
12984,12987,16773,16774,12988
12985,12988,16774,16775,12989
12986,12989,16775,16776,12990
12987,12990,16776,16777,12991
12988,12991,16777,16778,12992
12989,12992,16778,16779,12993
12990,12993,16779,16780,12994
12991,12994,16780,16781,12995
12992,12995,16781,16782,12996
12993,12996,16782,16783,12997
12994,12997,16783,16784,12998
12995,12998,16784,16785,12999
12996,12999,16785,16786,13000
12997,13000,16786,16787,13001
12998,13001,16787,16788,13002
12999,13002,16788,16789,13003
13000,13003,16789,16790,13004
13001,13004,16790,16791,13005
13002,13005,16791,16792,13006
13003,13006,16792,16793,13007
13004,13007,16793,16794,13008
13005,13008,16794,16795,13009
13006,13009,16795,16796,13010
13007,13010,16796,16797,13011
13008,13011,16797,16798,13012
13009,13012,16798,16799,13013
13010,13013,16799,16800,13014
13011,13014,16800,16801,13015
13012,13015,16801,16802,13016
13013,13016,16802,16803,13017
13014,13017,16803,16804,13018
13015,13018,16804,16805,13019
13016,13019,16805,16806,13020
13017,13020,16806,16807,13021
13018,13021,16807,16808,13022
13019,13022,16808,16809,13023
13020,13023,16809,16810,13024
13021,13024,16810,16811,13025
13022,13025,16811,16812,13026
13023,13026,16812,16813,13027
13024,13027,16813,16814,13028
13025,13028,16814,16815,13029
13026,13029,16815,16816,13030
13027,13030,16816,16817,13031
13028,13031,16817,16818,13032
13029,13032,16818,16819,13033
13030,13033,16819,16820,13034
13031,13034,16820,16821,13035
13032,13035,16821,16822,13036
13033,13036,16822,16823,13037
13034,13037,16823,16824,13038
13035,13038,16824,16825,13039
13036,13039,16825,16826,13040
13037,13040,16826,16827,13041
13038,13041,16827,16828,13042
13039,13042,16828,16829,13043
13040,13043,16829,16830,13044
13041,13044,16830,16831,13045
13042,13045,16831,16832,13046
13043,13046,16832,16833,13047
13044,13047,16833,16834,13048
13045,13048,16834,16835,13049
13046,13049,16835,16836,13050
13047,13050,16836,16837,13051
13048,13051,16837,16838,13052
13049,13052,16838,16839,13053
13050,13053,16839,16840,13054
13051,13054,16840,16841,13055
13052,13055,16841,16842,13056
13053,13056,16842,16843,13057
13054,13057,16843,16844,13058
13055,13058,16844,16845,13059
13056,13059,16845,16846,13060
13057,13060,16846,16847,13061
13058,13061,16847,16848,13062
13059,13062,16848,16849,13063
13060,13063,16849,16850,13064
13061,13064,16850,16851,13065
13062,13065,16851,16852,13066
13063,13066,16852,16853,13067
13064,13067,16853,16854,13068
13065,13068,16854,16855,13069
13066,13069,16855,16856,13070
13067,13070,16856,16857,13071
13068,13071,16857,16858,13072
13069,13072,16858,16859,13073
13070,13073,16859,16860,13074
13071,13074,16860,16861,13075
13072,13075,16861,16862,13076
13073,13076,16862,16863,13077
13074,13077,16863,16864,13078
13075,13078,16864,16865,13079
13076,13079,16865,16866,13080
13077,13080,16866,16867,13081
13078,13081,16867,16868,13082
13079,13082,16868,16869,13083
13080,13083,16869,16870,13084
13081,13084,16870,16871,13085
13082,13085,16871,16872,13086
13083,13086,16872,16873,13087
13084,13087,16873,16874,13088
13085,13088,16874,16875,13089
13086,13089,16875,16876,13090
13087,13090,16876,16877,13091
13088,13091,16877,16878,13092
13089,13092,16878,16879,13093
13090,13093,16879,16880,13094
13091,13094,16880,16881,13095
13092,13095,16881,16882,13096
13093,13096,16882,16883,13097
13094,13097,16883,16884,13098
13095,13098,16884,16885,13099
13096,13099,16885,16886,13100
13097,13100,16886,16887,13101
13098,13101,16887,16888,13102
13099,13102,16888,16889,13103
13100,13103,16889,16890,13104
13101,13104,16890,16891,13105
13102,13105,16891,16892,13106
13103,13106,16892,16893,13107
13104,13107,16893,16894,13108
13105,13108,16894,16895,13109
13106,13109,16895,16896,13110
13107,13110,16896,16897,13111
13108,13111,16897,16898,13112
13109,13112,16898,16899,13113
13110,13113,16899,16900,13114
13111,13114,16900,16901,13115
13112,13115,16901,16902,13116
13113,13116,16902,16903,13117
13114,13117,16903,16904,13118
13115,13118,16904,16905,13119
13116,13119,16905,16906,13120
13117,13120,16906,16907,13121
13118,13121,16907,16908,13122
13119,13122,16908,16909,13123
13120,13123,16909,16910,13124
13121,13124,16910,16911,13125
13122,13125,16911,16912,13126
13123,13126,16912,16913,13127
13124,13127,16913,16914,13128
13125,13128,16914,16915,13129
13126,13129,16915,16916,13130
13127,13130,16916,16917,13131
13128,13131,16917,16918,13132
13129,13132,16918,16919,13133
13130,13133,16919,16920,13134
13131,13134,16920,16921,13135
13132,13135,16921,16922,13136
13133,13136,16922,16923,13137
13134,13137,16923,16924,13138
13135,13138,16924,16925,13139
13136,13139,16925,16926,13140
13137,13140,16926,16927,13141
13138,13141,16927,16928,13142
13139,13142,16928,16929,13143
13140,13143,16929,16930,13144
13141,13144,16930,16931,13145
13142,13145,16931,16932,13146
13143,13146,16932,16933,13147
13144,13147,16933,16934,13148
13145,13148,16934,16935,13149
13146,13149,16935,16936,13150
13147,13150,16936,16937,13151
13148,13151,16937,16938,13152
13149,13152,16938,16939,13153
13150,13153,16939,16940,13154
13151,13154,16940,16941,13155
13152,13155,16941,16942,13156
13153,13156,16942,16943,13157
13154,13157,16943,16944,13158
13155,13158,16944,16945,13159
13156,13159,16945,16946,13160
13157,13160,16946,16947,13161
13158,13161,16947,16948,13162
13159,13162,16948,16949,13163
13160,13163,16949,16950,13164
13161,13164,16950,16951,13165
13162,13165,16951,16952,13166
13163,13166,16952,16953,13167
13164,13167,16953,16954,13168
13165,13168,16954,16955,13169
13166,13169,16955,16956,13170
13167,13170,16956,16957,13171
13168,13171,16957,16958,13172
13169,13172,16958,16959,13173
13170,13173,16959,16960,13174
13171,13174,16960,16961,13175
13172,13175,16961,16962,13176
13173,13176,16962,16963,13177
13174,13177,16963,16964,13178
13175,13178,16964,16965,13179
13176,13179,16965,16966,13180
13177,13180,16966,16967,13181
13178,13181,16967,16968,13182
13179,13182,16968,16969,13183
13180,13183,16969,16970,13184
13181,13184,16970,16971,13185
13182,13185,16971,16972,13186
13183,13186,16972,16973,13187
13184,13187,16973,16974,13188
13185,13188,16974,16975,13189
13186,13189,16975,16976,13190
13187,13190,16976,16977,13191
13188,13191,16977,16978,13192
13189,13192,16978,16979,13193
13190,13193,16979,16980,13194
13191,13194,16980,16981,13195
13192,13195,16981,16982,13196
13193,13196,16982,16983,13197
13194,13197,16983,16984,13198
13195,13198,16984,16985,13199
13196,13199,16985,16986,13200
13197,13200,16986,16987,13201
13198,13201,16987,16988,13202
13199,13202,16988,16989,13203
13200,13203,16989,16990,13204
13201,13204,16990,16991,13205
13202,13205,16991,16992,13206
13203,13206,16992,16993,13207
13204,13207,16993,16994,13208
13205,13208,16994,16995,13209
13206,13209,16995,16996,13210
13207,13210,16996,16997,13211
13208,13211,16997,16998,13212
13209,13212,16998,16999,13213
13210,13213,16999,17000,13214
13211,13214,17000,17001,13215
13212,13215,17001,17002,13216
13213,13216,17002,17003,13217
13214,13217,17003,17004,13218
13215,13218,17004,17005,13219
13216,13219,17005,17006,13220
13217,13220,17006,17007,13221
13218,13221,17007,17008,13222
13219,13222,17008,17009,13223
13220,13223,17009,17010,13224
13221,13224,17010,17011,13225
13222,13225,17011,17012,13226
13223,13226,17012,17013,13227
13224,13227,17013,17014,13228
13225,13228,17014,17015,13229
13226,13229,17015,17016,13230
13227,13230,17016,17017,13231
13228,13231,17017,17018,13232
13229,13232,17018,17019,13233
13230,13233,17019,17020,13234
13231,13234,17020,17021,13235
13232,13235,17021,17022,13236
13233,13236,17022,17023,13237
13234,13237,17023,17024,13238
13235,13238,17024,17025,13239
13236,13239,17025,17026,13240
13237,13240,17026,17027,13241
13238,13241,17027,17028,13242
13239,13242,17028,17029,13243
13240,13243,17029,17030,13244
13241,13244,17030,17031,13245
13242,13245,17031,17032,13246
13243,13246,17032,17033,13247
13244,13247,17033,17034,13248
13245,13248,17034,17035,13249
13246,13249,17035,17036,13250
13247,13250,17036,17037,13251
13248,13251,17037,17038,13252
13249,13252,17038,17039,13253
13250,13253,17039,17040,13254
13251,13254,17040,17041,13255
13252,13255,17041,17042,13256
13253,13256,17042,17043,13257
13254,13257,17043,17044,13258
13255,13258,17044,17045,13259
13256,13259,17045,17046,13260
13257,13260,17046,17047,13261
13258,13261,17047,17048,13262
13259,13262,17048,17049,13263
13260,13263,17049,17050,13264
13261,13264,17050,17051,13265
13262,13265,17051,17052,13266
13263,13266,17052,17053,13267
13264,13267,17053,17054,13268
13265,13268,17054,17055,13269
13266,13269,17055,17056,13270
13267,13270,17056,17057,13271
13268,13271,17057,17058,13272
13269,13272,17058,17059,13273
13270,13273,17059,17060,13274
13271,13274,17060,17061,13275
13272,13275,17061,17062,13276
13273,13276,17062,17063,13277
13274,13277,17063,17064,13278
13275,13278,17064,17065,13279
13276,13279,17065,17066,13280
13277,13280,17066,17067,13281
13278,13281,17067,17068,13282
13279,13282,17068,17069,13283
13280,13283,17069,17070,13284
13281,13284,17070,17071,13285
13282,13285,17071,17072,13286
13283,13286,17072,17073,13287
13284,13287,17073,17074,13288
13285,13288,17074,17075,13289
13286,13289,17075,17076,13290
13287,13290,17076,17077,13291
13288,13291,17077,17078,13292
13289,13292,17078,17079,13293
13290,13293,17079,17080,13294
13291,13294,17080,17081,13295
13292,13295,17081,17082,13296
13293,13296,17082,17083,13297
13294,13297,17083,17084,13298
13295,13298,17084,17085,13299
13296,13299,17085,17086,13300
13297,13300,17086,17087,13301
13298,13301,17087,17088,13302
13299,13302,17088,17089,13303
13300,13303,17089,17090,13304
13301,13304,17090,17091,13305
13302,13305,17091,17092,13306
13303,13306,17092,17093,13307
13304,13307,17093,17094,13308
13305,13308,17094,17095,13309
13306,13309,17095,17096,13310
13307,13310,17096,17097,13311
13308,13311,17097,17098,13312
13309,13312,17098,17099,13313
13310,13313,17099,17100,13314
13311,13314,17100,17101,13315
13312,13315,17101,17102,13316
13313,13316,17102,17103,13317
13314,13317,17103,17104,13318
13315,13318,17104,17105,13319
13316,13319,17105,17106,13320
13317,13320,17106,17107,13321
13318,13321,17107,17108,13322
13319,13322,17108,17109,13323
13320,13323,17109,17110,13324
13321,13324,17110,17111,13325
13322,13325,17111,17112,13326
13323,13326,17112,17113,13327
13324,13327,17113,17114,13328
13325,13328,17114,17115,13329
13326,13329,17115,17116,13330
13327,13330,17116,17117,13331
13328,13331,17117,17118,13332
13329,13332,17118,17119,13333
13330,13333,17119,17120,13334
13331,13334,17120,17121,13335
13332,13335,17121,17122,13336
13333,13336,17122,17123,13337
13334,13337,17123,17124,13338
13335,13338,17124,17125,13339
13336,13339,17125,17126,13340
13337,13340,17126,17127,13341
13338,13341,17127,17128,13342
13339,13342,17128,17129,13343
13340,13343,17129,17130,13344
13341,13344,17130,17131,13345
13342,13345,17131,17132,13346
13343,13346,17132,17133,13347
13344,13347,17133,17134,13348
13345,13348,17134,17135,13349
13346,13349,17135,17136,13350
13347,13350,17136,17137,13351
13348,13351,17137,17138,13352
13349,13352,17138,17139,13353
13350,13353,17139,17140,13354
13351,13354,17140,17141,13355
13352,13355,17141,17142,13356
13353,13356,17142,17143,13357
13354,13357,17143,17144,13358
13355,13358,17144,17145,13359
13356,13359,17145,17146,13360
13357,13360,17146,17147,13361
13358,13361,17147,17148,13362
13359,13362,17148,17149,13363
13360,13363,17149,17150,13364
13361,13364,17150,17151,13365
13362,13365,17151,17152,13366
13363,13366,17152,17153,13367
13364,13367,17153,17154,13368
13365,13368,17154,17155,13369
13366,13369,17155,17156,13370
13367,13370,17156,17157,13371
13368,13371,17157,17158,13372
13369,13372,17158,17159,13373
13370,13373,17159,17160,13374
13371,13374,17160,17161,13375
13372,13375,17161,17162,13376
13373,13376,17162,17163,13377
13374,13377,17163,17164,13378
13375,13378,17164,17165,13379
13376,13379,17165,17166,13380
13377,13380,17166,17167,13381
13378,13381,17167,17168,13382
13379,13382,17168,17169,13383
13380,13383,17169,17170,13384
13381,13384,17170,17171,13385
13382,13385,17171,17172,13386
13383,13386,17172,17173,13387
13384,13387,17173,17174,13388
13385,13388,17174,17175,13389
13386,13389,17175,17176,13390
13387,13390,17176,17177,13391
13388,13391,17177,17178,13392
13389,13392,17178,17179,13393
13390,13393,17179,17180,13394
13391,13394,17180,17181,13395
13392,13395,17181,17182,13396
13393,13396,17182,17183,13397
13394,13397,17183,17184,13398
13395,13398,17184,17185,13399
13396,13399,17185,17186,13400
13397,13400,17186,17187,13401
13398,13401,17187,17188,13402
13399,13402,17188,17189,13403
13400,13403,17189,17190,13404
13401,13404,17190,17191,13405
13402,13405,17191,17192,13406
13403,13406,17192,17193,13407
13404,13407,17193,17194,13408
13405,13408,17194,17195,13409
13406,13409,17195,17196,13410
13407,13410,17196,17197,13411
13408,13411,17197,17198,13412
13409,13412,17198,17199,13413
13410,13413,17199,17200,13414
13411,13414,17200,17201,13415
13412,13415,17201,17202,13416
13413,13416,17202,17203,13417
13414,13417,17203,17204,13418
13415,13418,17204,17205,13419
13416,13419,17205,17206,13420
13417,13420,17206,17207,13421
13418,13421,17207,17208,13422
13419,13422,17208,17209,13423
13420,13423,17209,17210,13424
13421,13424,17210,17211,13425
13422,13425,17211,17212,13426
13423,13426,17212,17213,13427
13424,13427,17213,17214,13428
13425,13428,17214,17215,13429
13426,13429,17215,17216,13430
13427,13430,17216,17217,13431
13428,13431,17217,17218,13432
13429,13432,17218,17219,13433
13430,13433,17219,17220,13434
13431,13434,17220,17221,13435
13432,13435,17221,17222,13436
13433,13436,17222,17223,13437
13434,13437,17223,17224,13438
13435,13438,17224,17225,13439
13436,13439,17225,17226,13440
13437,13440,17226,17227,13441
13438,13441,17227,17228,13442
13439,13442,17228,17229,13443
13440,13443,17229,17230,13444
13441,13444,17230,17231,13445
13442,13445,17231,17232,13446
13443,13446,17232,17233,13447
13444,13447,17233,17234,13448
13445,13448,17234,17235,13449
13446,13449,17235,17236,13450
13447,13450,17236,17237,13451
13448,13451,17237,17238,13452
13449,13452,17238,17239,13453
13450,13453,17239,17240,13454
13451,13454,17240,17241,13455
13452,13455,17241,17242,13456
13453,13456,17242,17243,13457
13454,13457,17243,17244,13458
13455,13458,17244,17245,13459
13456,13459,17245,17246,13460
13457,13460,17246,17247,13461
13458,13461,17247,17248,13462
13459,13462,17248,17249,13463
13460,13463,17249,17250,13464
13461,13464,17250,17251,13465
13462,13465,17251,17252,13466
13463,13466,17252,17253,13467
13464,13467,17253,17254,13468
13465,13468,17254,17255,13469
13466,13469,17255,17256,13470
13467,13470,17256,17257,13471
13468,13471,17257,17258,13472
13469,13472,17258,17259,13473
13470,13473,17259,17260,13474
13471,13474,17260,17261,13475
13472,13475,17261,17262,13476
13473,13476,17262,17263,13477
13474,13477,17263,17264,13478
13475,13478,17264,17265,13479
13476,13479,17265,17266,13480
13477,13480,17266,17267,13481
13478,13481,17267,17268,13482
13479,13482,17268,17269,13483
13480,13483,17269,17270,13484
13481,13484,17270,17271,13485
13482,13485,17271,17272,13486
13483,13486,17272,17273,13487
13484,13487,17273,17274,13488
13485,13488,17274,17275,13489
13486,13489,17275,17276,13490
13487,13490,17276,17277,13491
13488,13491,17277,17278,13492
13489,13492,17278,17279,13493
13490,13493,17279,17280,13494
13491,13494,17280,17281,13495
13492,13495,17281,17282,13496
13493,13496,17282,17283,13497
13494,13497,17283,17284,13498
13495,13498,17284,17285,13499
13496,13499,17285,17286,13500
13497,13500,17286,17287,13501
13498,13501,17287,17288,13502
13499,13502,17288,17289,13503
13500,13503,17289,17290,13504
13501,13504,17290,17291,13505
13502,13505,17291,17292,13506
13503,13506,17292,17293,13507
13504,13507,17293,17294,13508
13505,13508,17294,17295,13509
13506,13509,17295,17296,13510
13507,13510,17296,17297,13511
13508,13511,17297,17298,13512
13509,13512,17298,17299,13513
13510,13513,17299,17300,13514
13511,13514,17300,17301,13515
13512,13515,17301,17302,13516
13513,13516,17302,17303,13517
13514,13517,17303,17304,13518
13515,13518,17304,17305,13519
13516,13519,17305,17306,13520
13517,13520,17306,17307,13521
13518,13521,17307,17308,13522
13519,13522,17308,17309,13523
13520,13523,17309,17310,13524
13521,13524,17310,17311,13525
13522,13525,17311,17312,13526
13523,13526,17312,17313,13527
13524,13527,17313,17314,13528
13525,13528,17314,17315,13529
13526,13529,17315,17316,13530
13527,13530,17316,17317,13531
13528,13531,17317,17318,13532
13529,13532,17318,17319,13533
13530,13533,17319,17320,13534
13531,13534,17320,17321,13535
13532,13535,17321,17322,13536
13533,13536,17322,17323,13537
13534,13537,17323,17324,13538
13535,13538,17324,17325,13539
13536,13539,17325,17326,13540
13537,13540,17326,17327,13541
13538,13541,17327,17328,13542
13539,13542,17328,17329,13543
13540,13543,17329,17330,13544
13541,13544,17330,17331,13545
13542,13545,17331,17332,13546
13543,13546,17332,17333,13547
13544,13547,17333,17334,13548
13545,13548,17334,17335,13549
13546,13549,17335,17336,13550
13547,13550,17336,17337,13551
13548,13551,17337,17338,13552
13549,13552,17338,17339,13553
13550,13553,17339,17340,13554
13551,13554,17340,17341,13555
13552,13555,17341,17342,13556
13553,13556,17342,17343,13557
13554,13557,17343,17344,13558
13555,13558,17344,17345,13559
13556,13559,17345,17346,13560
13557,13560,17346,17347,13561
13558,13561,17347,17348,13562
13559,13562,17348,17349,13563
13560,13563,17349,17350,13564
13561,13564,17350,17351,13565
13562,13565,17351,17352,13566
13563,13566,17352,17353,13567
13564,13567,17353,17354,13568
13565,13568,17354,17355,13569
13566,13569,17355,17356,13570
13567,13570,17356,17357,13571
13568,13571,17357,17358,13572
13569,13572,17358,17359,13573
13570,13573,17359,17360,13574
13571,13574,17360,17361,13575
13572,13575,17361,17362,13576
13573,13576,17362,17363,13577
13574,13577,17363,17364,13578
13575,13578,17364,17365,13579
13576,13579,17365,17366,13580
13577,13580,17366,17367,13581
13578,13581,17367,17368,13582
13579,13582,17368,17369,13583
13580,13583,17369,17370,13584
13581,13584,17370,17371,13585
13582,13585,17371,17372,13586
13583,13586,17372,17373,13587
13584,13587,17373,17374,13588
13585,13588,17374,17375,13589
13586,13589,17375,17376,13590
13587,13590,17376,17377,13591
13588,13591,17377,17378,13592
13589,13592,17378,17379,13593
13590,13593,17379,17380,13594
13591,13594,17380,17381,13595
13592,13595,17381,17382,13596
13593,13596,17382,17383,13597
13594,13597,17383,17384,13598
13595,13598,17384,17385,13599
13596,13599,17385,17386,13600
13597,13600,17386,17387,13601
13598,13601,17387,17388,13602
13599,13602,17388,17389,13603
13600,13603,17389,17390,13604
13601,13604,17390,17391,13605
13602,13605,17391,17392,13606
13603,13606,17392,17393,13607
13604,13607,17393,17394,13608
13605,13608,17394,17395,13609
13606,13609,17395,17396,13610
13607,13610,17396,17397,13611
13608,13611,17397,17398,13612
13609,13612,17398,17399,13613
13610,13613,17399,17400,13614
13611,13614,17400,17401,13615
13612,13615,17401,17402,13616
13613,13616,17402,17403,13617
13614,13617,17403,17404,13618
13615,13618,17404,17405,13619
13616,13619,17405,17406,13620
13617,13620,17406,17407,13621
13618,13621,17407,17408,13622
13619,13622,17408,17409,13623
13620,13623,17409,17410,13624
13621,13624,17410,17411,13625
13622,13625,17411,17412,13626
13623,13626,17412,17413,13627
13624,13627,17413,17414,13628
13625,13628,17414,17415,13629
13626,13629,17415,17416,13630
13627,13630,17416,17417,13631
13628,13631,17417,17418,13632
13629,13632,17418,17419,13633
13630,13633,17419,17420,13634
13631,13634,17420,17421,13635
13632,13635,17421,17422,13636
13633,13636,17422,17423,13637
13634,13637,17423,17424,13638
13635,13638,17424,17425,13639
13636,13639,17425,17426,13640
13637,13640,17426,17427,13641
13638,13641,17427,17428,13642
13639,13642,17428,17429,13643
13640,13643,17429,17430,13644
13641,13644,17430,17431,13645
13642,13645,17431,17432,13646
13643,13646,17432,17433,13647
13644,13647,17433,17434,13648
13645,13648,17434,17435,13649
13646,13649,17435,17436,13650
13647,13650,17436,17437,13651
13648,13651,17437,17438,13652
13649,13652,17438,17439,13653
13650,13653,17439,17440,13654
13651,13654,17440,17441,13655
13652,13655,17441,17442,13656
13653,13656,17442,17443,13657
13654,13657,17443,17444,13658
13655,13658,17444,17445,13659
13656,13659,17445,17446,13660
13657,13660,17446,17447,13661
13658,13661,17447,17448,13662
13659,13662,17448,17449,13663
13660,13663,17449,17450,13664
13661,13664,17450,17451,13665
13662,13665,17451,17452,13666
13663,13666,17452,17453,13667
13664,13667,17453,17454,13668
13665,13668,17454,17455,13669
13666,13669,17455,17456,13670
13667,13670,17456,17457,13671
13668,13671,17457,17458,13672
13669,13672,17458,17459,13673
13670,13673,17459,17460,13674
13671,13674,17460,17461,13675
13672,13675,17461,17462,13676
13673,13676,17462,17463,13677
13674,13677,17463,17464,13678
13675,13678,17464,17465,13679
13676,13679,17465,17466,13680
13677,13680,17466,17467,13681
13678,13681,17467,17468,13682
13679,13682,17468,17469,13683
13680,13683,17469,17470,13684
13681,13684,17470,17471,13685
13682,13685,17471,17472,13686
13683,13686,17472,17473,13687
13684,13687,17473,17474,13688
13685,13688,17474,17475,13689
13686,13689,17475,17476,13690
13687,13690,17476,17477,13691
13688,13691,17477,17478,13692
13689,13692,17478,17479,13693
13690,13693,17479,17480,13694
13691,13694,17480,17481,13695
13692,13695,17481,17482,13696
13693,13696,17482,17483,13697
13694,13697,17483,17484,13698
13695,13698,17484,17485,13699
13696,13699,17485,17486,13700
13697,13700,17486,17487,13701
13698,13701,17487,17488,13702
13699,13702,17488,17489,13703
13700,13703,17489,17490,13704
13701,13704,17490,17491,13705
13702,13705,17491,17492,13706
13703,13706,17492,17493,13707
13704,13707,17493,17494,13708
13705,13708,17494,17495,13709
13706,13709,17495,17496,13710
13707,13710,17496,17497,13711
13708,13711,17497,17498,13712
13709,13712,17498,17499,13713
13710,13713,17499,17500,13714
13711,13714,17500,17501,13715
13712,13715,17501,17502,13716
13713,13716,17502,17503,13717
13714,13717,17503,17504,13718
13715,13718,17504,17505,13719
13716,13719,17505,17506,13720
13717,13720,17506,17507,13721
13718,13721,17507,17508,13722
13719,13722,17508,17509,13723
13720,13723,17509,17510,13724
13721,13724,17510,17511,13725
13722,13725,17511,17512,13726
13723,13726,17512,17513,13727
13724,13727,17513,17514,13728
13725,13728,17514,17515,13729
13726,13729,17515,17516,13730
13727,13730,17516,17517,13731
13728,13731,17517,17518,13732
13729,13732,17518,17519,13733
13730,13733,17519,17520,13734
13731,13734,17520,17521,13735
13732,13735,17521,17522,13736
13733,13736,17522,17523,13737
13734,13737,17523,17524,13738
13735,13738,17524,17525,13739
13736,13739,17525,17526,13740
13737,13740,17526,17527,13741
13738,13741,17527,17528,13742
13739,13742,17528,17529,13743
13740,13743,17529,17530,13744
13741,13744,17530,17531,13745
13742,13745,17531,17532,13746
13743,13746,17532,17533,13747
13744,13747,17533,17534,13748
13745,13748,17534,17535,13749
13746,13749,17535,17536,13750
13747,13750,17536,17537,13751
13748,13751,17537,17538,13752
13749,13752,17538,17539,13753
13750,13753,17539,17540,13754
13751,13754,17540,17541,13755
13752,13755,17541,17542,13756
13753,13756,17542,17543,13757
13754,13757,17543,17544,13758
13755,13758,17544,17545,13759
13756,13759,17545,17546,13760
13757,13760,17546,17547,13761
13758,13761,17547,17548,13762
13759,13762,17548,17549,13763
13760,13763,17549,17550,13764
13761,13764,17550,17551,13765
13762,13765,17551,17552,13766
13763,13766,17552,17553,13767
13764,13767,17553,17554,13768
13765,13768,17554,17555,13769
13766,13769,17555,17556,13770
13767,13770,17556,17557,13771
13768,13771,17557,17558,13772
13769,13772,17558,17559,13773
13770,13773,17559,17560,13774
13771,13774,17560,17561,13775
13772,13775,17561,17562,13776
13773,13776,17562,17563,13777
13774,13777,17563,17564,13778
13775,13778,17564,17565,13779
13776,13779,17565,17566,13780
13777,13780,17566,17567,13781
13778,13781,17567,17568,13782
13779,13782,17568,17569,13783
13780,13783,17569,17570,13784
13781,13784,17570,17571,13785
13782,13785,17571,17572,13786
13783,13786,17572,17573,13787
13784,13787,17573,17574,13788
13785,13788,17574,17575,13789
13786,13789,17575,17576,13790
13787,13790,17576,17577,13791
13788,13791,17577,17578,13792
13789,13792,17578,17579,13793
13790,13793,17579,17580,13794
13791,13794,17580,17581,13795
13792,13795,17581,17582,13796
13793,13796,17582,17583,13797
13794,13797,17583,17584,13798
13795,13798,17584,17585,13799
13796,13799,17585,17586,13800
13797,13800,17586,17587,13801
13798,13801,17587,17588,13802
13799,13802,17588,17589,13803
13800,13803,17589,17590,13804
13801,13804,17590,17591,13805
13802,13805,17591,17592,13806
13803,13806,17592,17593,13807
13804,13807,17593,17594,13808
13805,13808,17594,17595,13809
13806,13809,17595,17596,13810
13807,13810,17596,17597,13811
13808,13811,17597,17598,13812
13809,13812,17598,17599,13813
13810,13813,17599,17600,13814
13811,13814,17600,17601,13815
13812,13815,17601,17602,13816
13813,13816,17602,17603,13817
13814,13817,17603,17604,13818
13815,13818,17604,17605,13819
13816,13819,17605,17606,13820
13817,13820,17606,17607,13821
13818,13821,17607,17608,13822
13819,13822,17608,17609,13823
13820,13823,17609,17610,13824
13821,13824,17610,17611,13825
13822,13825,17611,17612,13826
13823,13826,17612,17613,13827
13824,13827,17613,17614,13828
13825,13828,17614,17615,13829
13826,13829,17615,17616,13830
13827,13830,17616,17617,13831
13828,13831,17617,17618,13832
13829,13832,17618,17619,13833
13830,13833,17619,17620,13834
13831,13834,17620,17621,13835
13832,13835,17621,17622,13836
13833,13836,17622,17623,13837
13834,13837,17623,17624,13838
13835,13838,17624,17625,13839
13836,13839,17625,17626,13840
13837,13840,17626,17627,13841
13838,13841,17627,17628,13842
13839,13842,17628,17629,13843
13840,13843,17629,17630,13844
13841,13844,17630,17631,13845
13842,13845,17631,17632,13846
13843,13846,17632,17633,13847
13844,13847,17633,17634,13848
13845,13848,17634,17635,13849
13846,13849,17635,17636,13850
13847,13850,17636,17637,13851
13848,13851,17637,17638,13852
13849,13852,17638,17639,13853
13850,13853,17639,17640,13854
13851,13854,17640,17641,13855
13852,13855,17641,17642,13856
13853,13856,17642,17643,13857
13854,13857,17643,17644,13858
13855,13858,17644,17645,13859
13856,13859,17645,17646,13860
13857,13860,17646,17647,13861
13858,13861,17647,17648,13862
13859,13862,17648,17649,13863
13860,13863,17649,17650,13864
13861,13864,17650,17651,13865
13862,13865,17651,17652,13866
13863,13866,17652,17653,13867
13864,13867,17653,17654,13868
13865,13868,17654,17655,13869
13866,13869,17655,17656,13870
13867,13870,17656,17657,13871
13868,13871,17657,17658,13872
13869,13872,17658,17659,13873
13870,13873,17659,17660,13874
13871,13874,17660,17661,13875
13872,13875,17661,17662,13876
13873,13876,17662,17663,13877
13874,13877,17663,17664,13878
13875,13878,17664,17665,13879
13876,13879,17665,17666,13880
13877,13880,17666,17667,13881
13878,13881,17667,17668,13882
13879,13882,17668,17669,13883
13880,13883,17669,17670,13884
13881,13884,17670,17671,13885
13882,13885,17671,17672,13886
13883,13886,17672,17673,13887
13884,13887,17673,17674,13888
13885,13888,17674,17675,13889
13886,13889,17675,17676,13890
13887,13890,17676,17677,13891
13888,13891,17677,17678,13892
13889,13892,17678,17679,13893
13890,13893,17679,17680,13894
13891,13894,17680,17681,13895
13892,13895,17681,17682,13896
13893,13896,17682,17683,13897
13894,13897,17683,17684,13898
13895,13898,17684,17685,13899
13896,13899,17685,17686,13900
13897,13900,17686,17687,13901
13898,13901,17687,17688,13902
13899,13902,17688,17689,13903
13900,13903,17689,17690,13904
13901,13904,17690,17691,13905
13902,13905,17691,17692,13906
13903,13906,17692,17693,13907
13904,13907,17693,17694,13908
13905,13908,17694,17695,13909
13906,13909,17695,17696,13910
13907,13910,17696,17697,13911
13908,13911,17697,17698,13912
13909,13912,17698,17699,13913
13910,13913,17699,17700,13914
13911,13914,17700,17701,13915
13912,13915,17701,17702,13916
13913,13916,17702,17703,13917
13914,13917,17703,17704,13918
13915,13918,17704,17705,13919
13916,13919,17705,17706,13920
13917,13920,17706,17707,13921
13918,13921,17707,17708,13922
13919,13922,17708,17709,13923
13920,13923,17709,17710,13924
13921,13924,17710,17711,13925
13922,13925,17711,17712,13926
13923,13926,17712,17713,13927
13924,13927,17713,17714,13928
13925,13928,17714,17715,13929
13926,13929,17715,17716,13930
13927,13930,17716,17717,13931
13928,13931,17717,17718,13932
13929,13932,17718,17719,13933
13930,13933,17719,17720,13934
13931,13934,17720,17721,13935
13932,13935,17721,17722,13936
13933,13936,17722,17723,13937
13934,13937,17723,17724,13938
13935,13938,17724,17725,13939
13936,13939,17725,17726,13940
13937,13940,17726,17727,13941
13938,13941,17727,17728,13942
13939,13942,17728,17729,13943
13940,13943,17729,17730,13944
13941,13944,17730,17731,13945
13942,13945,17731,17732,13946
13943,13946,17732,17733,13947
13944,13947,17733,17734,13948
13945,13948,17734,17735,13949
13946,13949,17735,17736,13950
13947,13950,17736,17737,13951
13948,13951,17737,17738,13952
13949,13952,17738,17739,13953
13950,13953,17739,17740,13954
13951,13954,17740,17741,13955
13952,13955,17741,17742,13956
13953,13956,17742,17743,13957
13954,13957,17743,17744,13958
13955,13958,17744,17745,13959
13956,13959,17745,17746,13960
13957,13960,17746,17747,13961
13958,13961,17747,17748,13962
13959,13962,17748,17749,13963
13960,13963,17749,17750,13964
13961,13964,17750,17751,13965
13962,13965,17751,17752,13966
13963,13966,17752,17753,13967
13964,13967,17753,17754,13968
13965,13968,17754,17755,13969
13966,13969,17755,17756,13970
13967,13970,17756,17757,13971
13968,13971,17757,17758,13972
13969,13972,17758,17759,13973
13970,13973,17759,17760,13974
13971,13974,17760,17761,13975
13972,13975,17761,17762,13976
13973,13976,17762,17763,13977
13974,13977,17763,17764,13978
13975,13978,17764,17765,13979
13976,13979,17765,17766,13980
13977,13980,17766,17767,13981
13978,13981,17767,17768,13982
13979,13982,17768,17769,13983
13980,13983,17769,17770,13984
13981,13984,17770,17771,13985
13982,13985,17771,17772,13986
13983,13986,17772,17773,13987
13984,13987,17773,17774,13988
13985,13988,17774,17775,13989
13986,13989,17775,17776,13990
13987,13990,17776,17777,13991
13988,13991,17777,17778,13992
13989,13992,17778,17779,13993
13990,13993,17779,17780,13994
13991,13994,17780,17781,13995
13992,13995,17781,17782,13996
13993,13996,17782,17783,13997
13994,13997,17783,17784,13998
13995,13998,17784,17785,13999
13996,13999,17785,17786,14000
13997,14000,17786,17787,14001
13998,14001,17787,17788,14002
13999,14002,17788,17789,14003
14000,14003,17789,17790,14004
14001,14004,17790,17791,14005
14002,14005,17791,17792,14006
14003,14006,17792,17793,14007
14004,14007,17793,17794,14008
14005,14008,17794,17795,14009
14006,14009,17795,17796,14010
14007,14010,17796,17797,14011
14008,14011,17797,17798,14012
14009,14012,17798,17799,14013
14010,14013,17799,17800,14014
14011,14014,17800,17801,14015
14012,14015,17801,17802,14016
14013,14016,17802,17803,14017
14014,14017,17803,17804,14018
14015,14018,17804,17805,14019
14016,14019,17805,17806,14020
14017,14020,17806,17807,14021
14018,14021,17807,17808,14022
14019,14022,17808,17809,14023
14020,14023,17809,17810,14024
14021,14024,17810,17811,14025
14022,14025,17811,17812,14026
14023,14026,17812,17813,14027
14024,14027,17813,17814,14028
14025,14028,17814,17815,14029
14026,14029,17815,17816,14030
14027,14030,17816,17817,14031
14028,14031,17817,17818,14032
14029,14032,17818,17819,14033
14030,14033,17819,17820,14034
14031,14034,17820,17821,14035
14032,14035,17821,17822,14036
14033,14036,17822,17823,14037
14034,14037,17823,17824,14038
14035,14038,17824,17825,14039
14036,14039,17825,17826,14040
14037,14040,17826,17827,14041
14038,14041,17827,17828,14042
14039,14042,17828,17829,14043
14040,14043,17829,17830,14044
14041,14044,17830,17831,14045
14042,14045,17831,17832,14046
14043,14046,17832,17833,14047
14044,14047,17833,17834,14048
14045,14048,17834,17835,14049
14046,14049,17835,17836,14050
14047,14050,17836,17837,14051
14048,14051,17837,17838,14052
14049,14052,17838,17839,14053
14050,14053,17839,17840,14054
14051,14054,17840,17841,14055
14052,14055,17841,17842,14056
14053,14056,17842,17843,14057
14054,14057,17843,17844,14058
14055,14058,17844,17845,14059
14056,14059,17845,17846,14060
14057,14060,17846,17847,14061
14058,14061,17847,17848,14062
14059,14062,17848,17849,14063
14060,14063,17849,17850,14064
14061,14064,17850,17851,14065
14062,14065,17851,17852,14066
14063,14066,17852,17853,14067
14064,14067,17853,17854,14068
14065,14068,17854,17855,14069
14066,14069,17855,17856,14070
14067,14070,17856,17857,14071
14068,14071,17857,17858,14072
14069,14072,17858,17859,14073
14070,14073,17859,17860,14074
14071,14074,17860,17861,14075
14072,14075,17861,17862,14076
14073,14076,17862,17863,14077
14074,14077,17863,17864,14078
14075,14078,17864,17865,14079
14076,14079,17865,17866,14080
14077,14080,17866,17867,14081
14078,14081,17867,17868,14082
14079,14082,17868,17869,14083
14080,14083,17869,17870,14084
14081,14084,17870,17871,14085
14082,14085,17871,17872,14086
14083,14086,17872,17873,14087
14084,14087,17873,17874,14088
14085,14088,17874,17875,14089
14086,14089,17875,17876,14090
14087,14090,17876,17877,14091
14088,14091,17877,17878,14092
14089,14092,17878,17879,14093
14090,14093,17879,17880,14094
14091,14094,17880,17881,14095
14092,14095,17881,17882,14096
14093,14096,17882,17883,14097
14094,14097,17883,17884,14098
14095,14098,17884,17885,14099
14096,14099,17885,17886,14100
14097,14100,17886,17887,14101
14098,14101,17887,17888,14102
14099,14102,17888,17889,14103
14100,14103,17889,17890,14104
14101,14104,17890,17891,14105
14102,14105,17891,17892,14106
14103,14106,17892,17893,14107
14104,14107,17893,17894,14108
14105,14108,17894,17895,14109
14106,14109,17895,17896,14110
14107,14110,17896,17897,14111
14108,14111,17897,17898,14112
14109,14112,17898,17899,14113
14110,14113,17899,17900,14114
14111,14114,17900,17901,14115
14112,14115,17901,17902,14116
14113,14116,17902,17903,14117
14114,14117,17903,17904,14118
14115,14118,17904,17905,14119
14116,14119,17905,17906,14120
14117,14120,17906,17907,14121
14118,14121,17907,17908,14122
14119,14122,17908,17909,14123
14120,14123,17909,17910,14124
14121,14124,17910,17911,14125
14122,14125,17911,17912,14126
14123,14126,17912,17913,14127
14124,14127,17913,17914,14128
14125,14128,17914,17915,14129
14126,14129,17915,17916,14130
14127,14130,17916,17917,14131
14128,14131,17917,17918,14132
14129,14132,17918,17919,14133
14130,14133,17919,17920,14134
14131,14134,17920,17921,14135
14132,14135,17921,17922,14136
14133,14136,17922,17923,14137
14134,14137,17923,17924,14138
14135,14138,17924,17925,14139
14136,14139,17925,17926,14140
14137,14140,17926,17927,14141
14138,14141,17927,17928,14142
14139,14142,17928,17929,14143
14140,14143,17929,17930,14144
14141,14144,17930,17931,14145
14142,14145,17931,17932,14146
14143,14146,17932,17933,14147
14144,14147,17933,17934,14148
14145,14148,17934,17935,14149
14146,14149,17935,17936,14150
14147,14150,17936,17937,14151
14148,14151,17937,17938,14152
14149,14152,17938,17939,14153
14150,14153,17939,17940,14154
14151,14154,17940,17941,14155
14152,14155,17941,17942,14156
14153,14156,17942,17943,14157
14154,14157,17943,17944,14158
14155,14158,17944,17945,14159
14156,14159,17945,17946,14160
14157,14160,17946,17947,14161
14158,14161,17947,17948,14162
14159,14162,17948,17949,14163
14160,14163,17949,17950,14164
14161,14164,17950,17951,14165
14162,14165,17951,17952,14166
14163,14166,17952,17953,14167
14164,14167,17953,17954,14168
14165,14168,17954,17955,14169
14166,14169,17955,17956,14170
14167,14170,17956,17957,14171
14168,14171,17957,17958,14172
14169,14172,17958,17959,14173
14170,14173,17959,17960,14174
14171,14174,17960,17961,14175
14172,14175,17961,17962,14176
14173,14176,17962,17963,14177
14174,14177,17963,17964,14178
14175,14178,17964,17965,14179
14176,14179,17965,17966,14180
14177,14180,17966,17967,14181
14178,14181,17967,17968,14182
14179,14182,17968,17969,14183
14180,14183,17969,17970,14184
14181,14184,17970,17971,14185
14182,14185,17971,17972,14186
14183,14186,17972,17973,14187
14184,14187,17973,17974,14188
14185,14188,17974,17975,14189
14186,14189,17975,17976,14190
14187,14190,17976,17977,14191
14188,14191,17977,17978,14192
14189,14192,17978,17979,14193
14190,14193,17979,17980,14194
14191,14194,17980,17981,14195
14192,14195,17981,17982,14196
14193,14196,17982,17983,14197
14194,14197,17983,17984,14198
14195,14198,17984,17985,14199
14196,14199,17985,17986,14200
14197,14200,17986,17987,14201
14198,14201,17987,17988,14202
14199,14202,17988,17989,14203
14200,14203,17989,17990,14204
14201,14204,17990,17991,14205
14202,14205,17991,17992,14206
14203,14206,17992,17993,14207
14204,14207,17993,17994,14208
14205,14208,17994,17995,14209
14206,14209,17995,17996,14210
14207,14210,17996,17997,14211
14208,14211,17997,17998,14212
14209,14212,17998,17999,14213
14210,14213,17999,18000,14214
14211,14214,18000,18001,14215
14212,14215,18001,18002,14216
14213,14216,18002,18003,14217
14214,14217,18003,18004,14218
14215,14218,18004,18005,14219
14216,14219,18005,18006,14220
14217,14220,18006,18007,14221
14218,14221,18007,18008,14222
14219,14222,18008,18009,14223
14220,14223,18009,18010,14224
14221,14224,18010,18011,14225
14222,14225,18011,18012,14226
14223,14226,18012,18013,14227
14224,14227,18013,18014,14228
14225,14228,18014,18015,14229
14226,14229,18015,18016,14230
14227,14230,18016,18017,14231
14228,14231,18017,18018,14232
14229,14232,18018,18019,14233
14230,14233,18019,18020,14234
14231,14234,18020,18021,14235
14232,14235,18021,18022,14236
14233,14236,18022,18023,14237
14234,14237,18023,18024,14238
14235,14238,18024,18025,14239
14236,14239,18025,18026,14240
14237,14240,18026,18027,14241
14238,14241,18027,18028,14242
14239,14242,18028,18029,14243
14240,14243,18029,18030,14244
14241,14244,18030,18031,14245
14242,14245,18031,18032,14246
14243,14246,18032,18033,14247
14244,14247,18033,18034,14248
14245,14248,18034,18035,14249
14246,14249,18035,18036,14250
14247,14250,18036,18037,14251
14248,14251,18037,18038,14252
14249,14252,18038,18039,14253
14250,14253,18039,18040,14254
14251,14254,18040,18041,14255
14252,14255,18041,18042,14256
14253,14256,18042,18043,14257
14254,14257,18043,18044,14258
14255,14258,18044,18045,14259
14256,14259,18045,18046,14260
14257,14260,18046,18047,14261
14258,14261,18047,18048,14262
14259,14262,18048,18049,14263
14260,14263,18049,18050,14264
14261,14264,18050,18051,14265
14262,14265,18051,18052,14266
14263,14266,18052,18053,14267
14264,14267,18053,18054,14268
14265,14268,18054,18055,14269
14266,14269,18055,18056,14270
14267,14270,18056,18057,14271
14268,14271,18057,18058,14272
14269,14272,18058,18059,14273
14270,14273,18059,18060,14274
14271,14274,18060,18061,14275
14272,14275,18061,18062,14276
14273,14276,18062,18063,14277
14274,14277,18063,18064,14278
14275,14278,18064,18065,14279
14276,14279,18065,18066,14280
14277,14280,18066,18067,14281
14278,14281,18067,18068,14282
14279,14282,18068,18069,14283
14280,14283,18069,18070,14284
14281,14284,18070,18071,14285
14282,14285,18071,18072,14286
14283,14286,18072,18073,14287
14284,14287,18073,18074,14288
14285,14288,18074,18075,14289
14286,14289,18075,18076,14290
14287,14290,18076,18077,14291
14288,14291,18077,18078,14292
14289,14292,18078,18079,14293
14290,14293,18079,18080,14294
14291,14294,18080,18081,14295
14292,14295,18081,18082,14296
14293,14296,18082,18083,14297
14294,14297,18083,18084,14298
14295,14298,18084,18085,14299
14296,14299,18085,18086,14300
14297,14300,18086,18087,14301
14298,14301,18087,18088,14302
14299,14302,18088,18089,14303
14300,14303,18089,18090,14304
14301,14304,18090,18091,14305
14302,14305,18091,18092,14306
14303,14306,18092,18093,14307
14304,14307,18093,18094,14308
14305,14308,18094,18095,14309
14306,14309,18095,18096,14310
14307,14310,18096,18097,14311
14308,14311,18097,18098,14312
14309,14312,18098,18099,14313
14310,14313,18099,18100,14314
14311,14314,18100,18101,14315
14312,14315,18101,18102,14316
14313,14316,18102,18103,14317
14314,14317,18103,18104,14318
14315,14318,18104,18105,14319
14316,14319,18105,18106,14320
14317,14320,18106,18107,14321
14318,14321,18107,18108,14322
14319,14322,18108,18109,14323
14320,14323,18109,18110,14324
14321,14324,18110,18111,14325
14322,14325,18111,18112,14326
14323,14326,18112,18113,14327
14324,14327,18113,18114,14328
14325,14328,18114,18115,14329
14326,14329,18115,18116,14330
14327,14330,18116,18117,14331
14328,14331,18117,18118,14332
14329,14332,18118,18119,14333
14330,14333,18119,18120,14334
14331,14334,18120,18121,14335
14332,14335,18121,18122,14336
14333,14336,18122,18123,14337
14334,14337,18123,18124,14338
14335,14338,18124,18125,14339
14336,14339,18125,18126,14340
14337,14340,18126,18127,14341
14338,14341,18127,18128,14342
14339,14342,18128,18129,14343
14340,14343,18129,18130,14344
14341,14344,18130,18131,14345
14342,14345,18131,18132,14346
14343,14346,18132,18133,14347
14344,14347,18133,18134,14348
14345,14348,18134,18135,14349
14346,14349,18135,18136,14350
14347,14350,18136,18137,14351
14348,14351,18137,18138,14352
14349,14352,18138,18139,14353
14350,14353,18139,18140,14354
14351,14354,18140,18141,14355
14352,14355,18141,18142,14356
14353,14356,18142,18143,14357
14354,14357,18143,18144,14358
14355,14358,18144,18145,14359
14356,14359,18145,18146,14360
14357,14360,18146,18147,14361
14358,14361,18147,18148,14362
14359,14362,18148,18149,14363
14360,14363,18149,18150,14364
14361,14364,18150,18151,14365
14362,14365,18151,18152,14366
14363,14366,18152,18153,14367
14364,14367,18153,18154,14368
14365,14368,18154,18155,14369
14366,14369,18155,18156,14370
14367,14370,18156,18157,14371
14368,14371,18157,18158,14372
14369,14372,18158,18159,14373
14370,14373,18159,18160,14374
14371,14374,18160,18161,14375
14372,14375,18161,18162,14376
14373,14376,18162,18163,14377
14374,14377,18163,18164,14378
14375,14378,18164,18165,14379
14376,14379,18165,18166,14380
14377,14380,18166,18167,14381
14378,14381,18167,18168,14382
14379,14382,18168,18169,14383
14380,14383,18169,18170,14384
14381,14384,18170,18171,14385
14382,14385,18171,18172,14386
14383,14386,18172,18173,14387
14384,14387,18173,18174,14388
14385,14388,18174,18175,14389
14386,14389,18175,18176,14390
14387,14390,18176,18177,14391
14388,14391,18177,18178,14392
14389,14392,18178,18179,14393
14390,14393,18179,18180,14394
14391,14394,18180,18181,14395
14392,14395,18181,18182,14396
14393,14396,18182,18183,14397
14394,14397,18183,18184,14398
14395,14398,18184,18185,14399
14396,14399,18185,18186,14400
14397,14400,18186,18187,14401
14398,14401,18187,18188,14402
14399,14402,18188,18189,14403
14400,14403,18189,18190,14404
14401,14404,18190,18191,14405
14402,14405,18191,18192,14406
14403,14406,18192,18193,14407
14404,14407,18193,18194,14408
14405,14408,18194,18195,14409
14406,14409,18195,18196,14410
14407,14410,18196,18197,14411
14408,14411,18197,18198,14412
14409,14412,18198,18199,14413
14410,14413,18199,18200,14414
14411,14414,18200,18201,14415
14412,14415,18201,18202,14416
14413,14416,18202,18203,14417
14414,14417,18203,18204,14418
14415,14418,18204,18205,14419
14416,14419,18205,18206,14420
14417,14420,18206,18207,14421
14418,14421,18207,18208,14422
14419,14422,18208,18209,14423
14420,14423,18209,18210,14424
14421,14424,18210,18211,14425
14422,14425,18211,18212,14426
14423,14426,18212,18213,14427
14424,14427,18213,18214,14428
14425,14428,18214,18215,14429
14426,14429,18215,18216,14430
14427,14430,18216,18217,14431
14428,14431,18217,18218,14432
14429,14432,18218,18219,14433
14430,14433,18219,18220,14434
14431,14434,18220,18221,14435
14432,14435,18221,18222,14436
14433,14436,18222,18223,14437
14434,14437,18223,18224,14438
14435,14438,18224,18225,14439
14436,14439,18225,18226,14440
14437,14440,18226,18227,14441
14438,14441,18227,18228,14442
14439,14442,18228,18229,14443
14440,14443,18229,18230,14444
14441,14444,18230,18231,14445
14442,14445,18231,18232,14446
14443,14446,18232,18233,14447
14444,14447,18233,18234,14448
14445,14448,18234,18235,14449
14446,14449,18235,18236,14450
14447,14450,18236,18237,14451
14448,14451,18237,18238,14452
14449,14452,18238,18239,14453
14450,14453,18239,18240,14454
14451,14454,18240,18241,14455
14452,14455,18241,18242,14456
14453,14456,18242,18243,14457
14454,14457,18243,18244,14458
14455,14458,18244,18245,14459
14456,14459,18245,18246,14460
14457,14460,18246,18247,14461
14458,14461,18247,18248,14462
14459,14462,18248,18249,14463
14460,14463,18249,18250,14464
14461,14464,18250,18251,14465
14462,14465,18251,18252,14466
14463,14466,18252,18253,14467
14464,14467,18253,18254,14468
14465,14468,18254,18255,14469
14466,14469,18255,18256,14470
14467,14470,18256,18257,14471
14468,14471,18257,18258,14472
14469,14472,18258,18259,14473
14470,14473,18259,18260,14474
14471,14474,18260,18261,14475
14472,14475,18261,18262,14476
14473,14476,18262,18263,14477
14474,14477,18263,18264,14478
14475,14478,18264,18265,14479
14476,14479,18265,18266,14480
14477,14480,18266,18267,14481
14478,14481,18267,18268,14482
14479,14482,18268,18269,14483
14480,14483,18269,18270,14484
14481,14484,18270,18271,14485
14482,14485,18271,18272,14486
14483,14486,18272,18273,14487
14484,14487,18273,18274,14488
14485,14488,18274,18275,14489
14486,14489,18275,18276,14490
14487,14490,18276,18277,14491
14488,14491,18277,18278,14492
14489,14492,18278,18279,14493
14490,14493,18279,18280,14494
14491,14494,18280,18281,14495
14492,14495,18281,18282,14496
14493,14496,18282,18283,14497
14494,14497,18283,18284,14498
14495,14498,18284,18285,14499
14496,14499,18285,18286,14500
14497,14500,18286,18287,14501
14498,14501,18287,18288,14502
14499,14502,18288,18289,14503
14500,14503,18289,18290,14504
14501,14504,18290,18291,14505
14502,14505,18291,18292,14506
14503,14506,18292,18293,14507
14504,14507,18293,18294,14508
14505,14508,18294,18295,14509
14506,14509,18295,18296,14510
14507,14510,18296,18297,14511
14508,14511,18297,18298,14512
14509,14512,18298,18299,14513
14510,14513,18299,18300,14514
14511,14514,18300,18301,14515
14512,14515,18301,18302,14516
14513,14516,18302,18303,14517
14514,14517,18303,18304,14518
14515,14518,18304,18305,14519
14516,14519,18305,18306,14520
14517,14520,18306,18307,14521
14518,14521,18307,18308,14522
14519,14522,18308,18309,14523
14520,14523,18309,18310,14524
14521,14524,18310,18311,14525
14522,14525,18311,18312,14526
14523,14526,18312,18313,14527
14524,14527,18313,18314,14528
14525,14528,18314,18315,14529
14526,14529,18315,18316,14530
14527,14530,18316,18317,14531
14528,14531,18317,18318,14532
14529,14532,18318,18319,14533
14530,14533,18319,18320,14534
14531,14534,18320,18321,14535
14532,14535,18321,18322,14536
14533,14536,18322,18323,14537
14534,14537,18323,18324,14538
14535,14538,18324,18325,14539
14536,14539,18325,18326,14540
14537,14540,18326,18327,14541
14538,14541,18327,18328,14542
14539,14542,18328,18329,14543
14540,14543,18329,18330,14544
14541,14544,18330,18331,14545
14542,14545,18331,18332,14546
14543,14546,18332,18333,14547
14544,14547,18333,18334,14548
14545,14548,18334,18335,14549
14546,14549,18335,18336,14550
14547,14550,18336,18337,14551
14548,14551,18337,18338,14552
14549,14552,18338,18339,14553
14550,14553,18339,18340,14554
14551,14554,18340,18341,14555
14552,14555,18341,18342,14556
14553,14556,18342,18343,14557
14554,14557,18343,18344,14558
14555,14558,18344,18345,14559
14556,14559,18345,18346,14560
14557,14560,18346,18347,14561
14558,14561,18347,18348,14562
14559,14562,18348,18349,14563
14560,14563,18349,18350,14564
14561,14564,18350,18351,14565
14562,14565,18351,18352,14566
14563,14566,18352,18353,14567
14564,14567,18353,18354,14568
14565,14568,18354,18355,14569
14566,14569,18355,18356,14570
14567,14570,18356,18357,14571
14568,14571,18357,18358,14572
14569,14572,18358,18359,14573
14570,14573,18359,18360,14574
14571,14574,18360,18361,14575
14572,14575,18361,18362,14576
14573,14576,18362,18363,14577
14574,14577,18363,18364,14578
14575,14578,18364,18365,14579
14576,14579,18365,18366,14580
14577,14580,18366,18367,14581
14578,14581,18367,18368,14582
14579,14582,18368,18369,14583
14580,14583,18369,18370,14584
14581,14584,18370,18371,14585
14582,14585,18371,18372,14586
14583,14586,18372,18373,14587
14584,14587,18373,18374,14588
14585,14588,18374,18375,14589
14586,14589,18375,18376,14590
14587,14590,18376,18377,14591
14588,14591,18377,18378,14592
14589,14592,18378,18379,14593
14590,14593,18379,18380,14594
14591,14594,18380,18381,14595
14592,14595,18381,18382,14596
14593,14596,18382,18383,14597
14594,14597,18383,18384,14598
14595,14598,18384,18385,14599
14596,14599,18385,18386,14600
14597,14600,18386,18387,14601
14598,14601,18387,18388,14602
14599,14602,18388,18389,14603
14600,14603,18389,18390,14604
14601,14604,18390,18391,14605
14602,14605,18391,18392,14606
14603,14606,18392,18393,14607
14604,14607,18393,18394,14608
14605,14608,18394,18395,14609
14606,14609,18395,18396,14610
14607,14610,18396,18397,14611
14608,14611,18397,18398,14612
14609,14612,18398,18399,14613
14610,14613,18399,18400,14614
14611,14614,18400,18401,14615
14612,14615,18401,18402,14616
14613,14616,18402,18403,14617
14614,14617,18403,18404,14618
14615,14618,18404,18405,14619
14616,14619,18405,18406,14620
14617,14620,18406,18407,14621
14618,14621,18407,18408,14622
14619,14622,18408,18409,14623
14620,14623,18409,18410,14624
14621,14624,18410,18411,14625
14622,14625,18411,18412,14626
14623,14626,18412,18413,14627
14624,14627,18413,18414,14628
14625,14628,18414,18415,14629
14626,14629,18415,18416,14630
14627,14630,18416,18417,14631
14628,14631,18417,18418,14632
14629,14632,18418,18419,14633
14630,14633,18419,18420,14634
14631,14634,18420,18421,14635
14632,14635,18421,18422,14636
14633,14636,18422,18423,14637
14634,14637,18423,18424,14638
14635,14638,18424,18425,14639
14636,14639,18425,18426,14640
14637,14640,18426,18427,14641
14638,14641,18427,18428,14642
14639,14642,18428,18429,14643
14640,14643,18429,18430,14644
14641,14644,18430,18431,14645
14642,14645,18431,18432,14646
14643,14646,18432,18433,14647
14644,14647,18433,18434,14648
14645,14648,18434,18435,14649
14646,14649,18435,18436,14650
14647,14650,18436,18437,14651
14648,14651,18437,18438,14652
14649,14652,18438,18439,14653
14650,14653,18439,18440,14654
14651,14654,18440,18441,14655
14652,14655,18441,18442,14656
14653,14656,18442,18443,14657
14654,14657,18443,18444,14658
14655,14658,18444,18445,14659
14656,14659,18445,18446,14660
14657,14660,18446,18447,14661
14658,14661,18447,18448,14662
14659,14662,18448,18449,14663
14660,14663,18449,18450,14664
14661,14664,18450,18451,14665
14662,14665,18451,18452,14666
14663,14666,18452,18453,14667
14664,14667,18453,18454,14668
14665,14668,18454,18455,14669
14666,14669,18455,18456,14670
14667,14670,18456,18457,14671
14668,14671,18457,18458,14672
14669,14672,18458,18459,14673
14670,14673,18459,18460,14674
14671,14674,18460,18461,14675
14672,14675,18461,18462,14676
14673,14676,18462,18463,14677
14674,14677,18463,18464,14678
14675,14678,18464,18465,14679
14676,14679,18465,18466,14680
14677,14680,18466,18467,14681
14678,14681,18467,18468,14682
14679,14682,18468,18469,14683
14680,14683,18469,18470,14684
14681,14684,18470,18471,14685
14682,14685,18471,18472,14686
14683,14686,18472,18473,14687
14684,14687,18473,18474,14688
14685,14688,18474,18475,14689
14686,14689,18475,18476,14690
14687,14690,18476,18477,14691
14688,14691,18477,18478,14692
14689,14692,18478,18479,14693
14690,14693,18479,18480,14694
14691,14694,18480,18481,14695
14692,14695,18481,18482,14696
14693,14696,18482,18483,14697
14694,14697,18483,18484,14698
14695,14698,18484,18485,14699
14696,14699,18485,18486,14700
14697,14700,18486,18487,14701
14698,14701,18487,18488,14702
14699,14702,18488,18489,14703
14700,14703,18489,18490,14704
14701,14704,18490,18491,14705
14702,14705,18491,18492,14706
14703,14706,18492,18493,14707
14704,14707,18493,18494,14708
14705,14708,18494,18495,14709
14706,14709,18495,18496,14710
14707,14710,18496,18497,14711
14708,14711,18497,18498,14712
14709,14712,18498,18499,14713
14710,14713,18499,18500,14714
14711,14714,18500,18501,14715
14712,14715,18501,18502,14716
14713,14716,18502,18503,14717
14714,14717,18503,18504,14718
14715,14718,18504,18505,14719
14716,14719,18505,18506,14720
14717,14720,18506,18507,14721
14718,14721,18507,18508,14722
14719,14722,18508,18509,14723
14720,14723,18509,18510,14724
14721,14724,18510,18511,14725
14722,14725,18511,18512,14726
14723,14726,18512,18513,14727
14724,14727,18513,18514,14728
14725,14728,18514,18515,14729
14726,14729,18515,18516,14730
14727,14730,18516,18517,14731
14728,14731,18517,18518,14732
14729,14732,18518,18519,14733
14730,14733,18519,18520,14734
14731,14734,18520,18521,14735
14732,14735,18521,18522,14736
14733,14736,18522,18523,14737
14734,14737,18523,18524,14738
14735,14738,18524,18525,14739
14736,14739,18525,18526,14740
14737,14740,18526,18527,14741
14738,14741,18527,18528,14742
14739,14742,18528,18529,14743
14740,14743,18529,18530,14744
14741,14744,18530,18531,14745
14742,14745,18531,18532,14746
14743,14746,18532,18533,14747
14744,14747,18533,18534,14748
14745,14748,18534,18535,14749
14746,14749,18535,18536,14750
14747,14750,18536,18537,14751
14748,14751,18537,18538,14752
14749,14752,18538,18539,14753
14750,14753,18539,18540,14754
14751,14754,18540,18541,14755
14752,14755,18541,18542,14756
14753,14756,18542,18543,14757
14754,14757,18543,18544,14758
14755,14758,18544,18545,14759
14756,14759,18545,18546,14760
14757,14760,18546,18547,14761
14758,14761,18547,18548,14762
14759,14762,18548,18549,14763
14760,14763,18549,18550,14764
14761,14764,18550,18551,14765
14762,14765,18551,18552,14766
14763,14766,18552,18553,14767
14764,14767,18553,18554,14768
14765,14768,18554,18555,14769
14766,14769,18555,18556,14770
14767,14770,18556,18557,14771
14768,14771,18557,18558,14772
14769,14772,18558,18559,14773
14770,14773,18559,18560,14774
14771,14774,18560,18561,14775
14772,14775,18561,18562,14776
14773,14776,18562,18563,14777
14774,14777,18563,18564,14778
14775,14778,18564,18565,14779
14776,14779,18565,18566,14780
14777,14780,18566,18567,14781
14778,14781,18567,18568,14782
14779,14782,18568,18569,14783
14780,14783,18569,18570,14784
14781,14784,18570,18571,14785
14782,14785,18571,18572,14786
14783,14786,18572,18573,14787
14784,14787,18573,18574,14788
14785,14788,18574,18575,14789
14786,14789,18575,18576,14790
14787,14790,18576,18577,14791
14788,14791,18577,18578,14792
14789,14792,18578,18579,14793
14790,14793,18579,18580,14794
14791,14794,18580,18581,14795
14792,14795,18581,18582,14796
14793,14796,18582,18583,14797
14794,14797,18583,18584,14798
14795,14798,18584,18585,14799
14796,14799,18585,18586,14800
14797,14800,18586,18587,14801
14798,14801,18587,18588,14802
14799,14802,18588,18589,14803
14800,14803,18589,18590,14804
14801,14804,18590,18591,14805
14802,14805,18591,18592,14806
14803,14806,18592,18593,14807
14804,14807,18593,18594,14808
14805,14808,18594,18595,14809
14806,14809,18595,18596,14810
14807,14810,18596,18597,14811
14808,14811,18597,18598,14812
14809,14812,18598,18599,14813
14810,14813,18599,18600,14814
14811,14814,18600,18601,14815
14812,14815,18601,18602,14816
14813,14816,18602,18603,14817
14814,14817,18603,18604,14818
14815,14818,18604,18605,14819
14816,14819,18605,18606,14820
14817,14820,18606,18607,14821
14818,14821,18607,18608,14822
14819,14822,18608,18609,14823
14820,14823,18609,18610,14824
14821,14824,18610,18611,14825
14822,14825,18611,18612,14826
14823,14826,18612,18613,14827
14824,14827,18613,18614,14828
14825,14828,18614,18615,14829
14826,14829,18615,18616,14830
14827,14830,18616,18617,14831
14828,14831,18617,18618,14832
14829,14832,18618,18619,14833
14830,14833,18619,18620,14834
14831,14834,18620,18621,14835
14832,14835,18621,18622,14836
14833,14836,18622,18623,14837
14834,14837,18623,18624,14838
14835,14838,18624,18625,14839
14836,14839,18625,18626,14840
14837,14840,18626,18627,14841
14838,14841,18627,18628,14842
14839,14842,18628,18629,14843
14840,14843,18629,18630,14844
14841,14844,18630,18631,14845
14842,14845,18631,18632,14846
14843,14846,18632,18633,14847
14844,14847,18633,18634,14848
14845,14848,18634,18635,14849
14846,14849,18635,18636,14850
14847,14850,18636,18637,14851
14848,14851,18637,18638,14852
14849,14852,18638,18639,14853
14850,14853,18639,18640,14854
14851,14854,18640,18641,14855
14852,14855,18641,18642,14856
14853,14856,18642,18643,14857
14854,14857,18643,18644,14858
14855,14858,18644,18645,14859
14856,14859,18645,18646,14860
14857,14860,18646,18647,14861
14858,14861,18647,18648,14862
14859,14862,18648,18649,14863
14860,14863,18649,18650,14864
14861,14864,18650,18651,14865
14862,14865,18651,18652,14866
14863,14866,18652,18653,14867
14864,14867,18653,18654,14868
14865,14868,18654,18655,14869
14866,14869,18655,18656,14870
14867,14870,18656,18657,14871
14868,14871,18657,18658,14872
14869,14872,18658,18659,14873
14870,14873,18659,18660,14874
14871,14874,18660,18661,14875
14872,14875,18661,18662,14876
14873,14876,18662,18663,14877
14874,14877,18663,18664,14878
14875,14878,18664,18665,14879
14876,14879,18665,18666,14880
14877,14880,18666,18667,14881
14878,14881,18667,18668,14882
14879,14882,18668,18669,14883
14880,14883,18669,18670,14884
14881,14884,18670,18671,14885
14882,14885,18671,18672,14886
14883,14886,18672,18673,14887
14884,14887,18673,18674,14888
14885,14888,18674,18675,14889
14886,14889,18675,18676,14890
14887,14890,18676,18677,14891
14888,14891,18677,18678,14892
14889,14892,18678,18679,14893
14890,14893,18679,18680,14894
14891,14894,18680,18681,14895
14892,14895,18681,18682,14896
14893,14896,18682,18683,14897
14894,14897,18683,18684,14898
14895,14898,18684,18685,14899
14896,14899,18685,18686,14900
14897,14900,18686,18687,14901
14898,14901,18687,18688,14902
14899,14902,18688,18689,14903
14900,14903,18689,18690,14904
14901,14904,18690,18691,14905
14902,14905,18691,18692,14906
14903,14906,18692,18693,14907
14904,14907,18693,18694,14908
14905,14908,18694,18695,14909
14906,14909,18695,18696,14910
14907,14910,18696,18697,14911
14908,14911,18697,18698,14912
14909,14912,18698,18699,14913
14910,14913,18699,18700,14914
14911,14914,18700,18701,14915
14912,14915,18701,18702,14916
14913,14916,18702,18703,14917
14914,14917,18703,18704,14918
14915,14918,18704,18705,14919
14916,14919,18705,18706,14920
14917,14920,18706,18707,14921
14918,14921,18707,18708,14922
14919,14922,18708,18709,14923
14920,14923,18709,18710,14924
14921,14924,18710,18711,14925
14922,14925,18711,18712,14926
14923,14926,18712,18713,14927
14924,14927,18713,18714,14928
14925,14928,18714,18715,14929
14926,14929,18715,18716,14930
14927,14930,18716,18717,14931
14928,14931,18717,18718,14932
14929,14932,18718,18719,14933
14930,14933,18719,18720,14934
14931,14934,18720,18721,14935
14932,14935,18721,18722,14936
14933,14936,18722,18723,14937
14934,14937,18723,18724,14938
14935,14938,18724,18725,14939
14936,14939,18725,18726,14940
14937,14940,18726,18727,14941
14938,14941,18727,18728,14942
14939,14942,18728,18729,14943
14940,14943,18729,18730,14944
14941,14944,18730,18731,14945
14942,14945,18731,18732,14946
14943,14946,18732,18733,14947
14944,14947,18733,18734,14948
14945,14948,18734,18735,14949
14946,14949,18735,18736,14950
14947,14950,18736,18737,14951
14948,14951,18737,18738,14952
14949,14952,18738,18739,14953
14950,14953,18739,18740,14954
14951,14954,18740,18741,14955
14952,14955,18741,18742,14956
14953,14956,18742,18743,14957
14954,14957,18743,18744,14958
14955,14958,18744,18745,14959
14956,14959,18745,18746,14960
14957,14960,18746,18747,14961
14958,14961,18747,18748,14962
14959,14962,18748,18749,14963
14960,14963,18749,18750,14964
14961,14964,18750,18751,14965
14962,14965,18751,18752,14966
14963,14966,18752,18753,14967
14964,14967,18753,18754,14968
14965,14968,18754,18755,14969
14966,14969,18755,18756,14970
14967,14970,18756,18757,14971
14968,14971,18757,18758,14972
14969,14972,18758,18759,14973
14970,14973,18759,18760,14974
14971,14974,18760,18761,14975
14972,14975,18761,18762,14976
14973,14976,18762,18763,14977
14974,14977,18763,18764,14978
14975,14978,18764,18765,14979
14976,14979,18765,18766,14980
14977,14980,18766,18767,14981
14978,14981,18767,18768,14982
14979,14982,18768,18769,14983
14980,14983,18769,18770,14984
14981,14984,18770,18771,14985
14982,14985,18771,18772,14986
14983,14986,18772,18773,14987
14984,14987,18773,18774,14988
14985,14988,18774,18775,14989
14986,14989,18775,18776,14990
14987,14990,18776,18777,14991
14988,14991,18777,18778,14992
14989,14992,18778,18779,14993
14990,14993,18779,18780,14994
14991,14994,18780,18781,14995
14992,14995,18781,18782,14996
14993,14996,18782,18783,14997
14994,14997,18783,18784,14998
14995,14998,18784,18785,14999
14996,14999,18785,18786,15000
14997,15000,18786,18787,15001
14998,15001,18787,18788,15002
14999,15002,18788,18789,15003
15000,15003,18789,18790,15004
15001,15004,18790,18791,15005
15002,15005,18791,18792,15006
15003,15006,18792,18793,15007
15004,15007,18793,18794,15008
15005,15008,18794,18795,15009
15006,15009,18795,18796,15010
15007,15010,18796,18797,15011
15008,15011,18797,18798,15012
15009,15012,18798,18799,15013
15010,15013,18799,18800,15014
15011,15014,18800,18801,15015
15012,15015,18801,18802,15016
15013,15016,18802,18803,15017
15014,15017,18803,18804,15018
15015,15018,18804,18805,15019
15016,15019,18805,18806,15020
15017,15020,18806,18807,15021
15018,15021,18807,18808,15022
15019,15022,18808,18809,15023
15020,15023,18809,18810,15024
15021,15024,18810,18811,15025
15022,15025,18811,18812,15026
15023,15026,18812,18813,15027
15024,15027,18813,18814,15028
15025,15028,18814,18815,15029
15026,15029,18815,18816,15030
15027,15030,18816,18817,15031
15028,15031,18817,18818,15032
15029,15032,18818,18819,15033
15030,15033,18819,18820,15034
15031,15034,18820,18821,15035
15032,15035,18821,18822,15036
15033,15036,18822,18823,15037
15034,15037,18823,18824,15038
15035,15038,18824,18825,15039
15036,15039,18825,18826,15040
15037,15040,18826,18827,15041
15038,15041,18827,18828,15042
15039,15042,18828,18829,15043
15040,15043,18829,18830,15044
15041,15044,18830,18831,15045
15042,15045,18831,18832,15046
15043,15046,18832,18833,15047
15044,15047,18833,18834,15048
15045,15048,18834,18835,15049
15046,15049,18835,18836,15050
15047,15050,18836,18837,15051
15048,15051,18837,18838,15052
15049,15052,18838,18839,15053
15050,15053,18839,18840,15054
15051,15054,18840,18841,15055
15052,15055,18841,18842,15056
15053,15056,18842,18843,15057
15054,15057,18843,18844,15058
15055,15058,18844,18845,15059
15056,15059,18845,18846,15060
15057,15060,18846,18847,15061
15058,15061,18847,18848,15062
15059,15062,18848,18849,15063
15060,15063,18849,18850,15064
15061,15064,18850,18851,15065
15062,15065,18851,18852,15066
15063,15066,18852,18853,15067
15064,15067,18853,18854,15068
15065,15068,18854,18855,15069
15066,15069,18855,18856,15070
15067,15070,18856,18857,15071
15068,15071,18857,18858,15072
15069,15072,18858,18859,15073
15070,15073,18859,18860,15074
15071,15074,18860,18861,15075
15072,15075,18861,18862,15076
15073,15076,18862,18863,15077
15074,15077,18863,18864,15078
15075,15078,18864,18865,15079
15076,15079,18865,18866,15080
15077,15080,18866,18867,15081
15078,15081,18867,18868,15082
15079,15082,18868,18869,15083
15080,15083,18869,18870,15084
15081,15084,18870,18871,15085
15082,15085,18871,18872,15086
15083,15086,18872,18873,15087
15084,15087,18873,18874,15088
15085,15088,18874,18875,15089
15086,15089,18875,18876,15090
15087,15090,18876,18877,15091
15088,15091,18877,18878,15092
15089,15092,18878,18879,15093
15090,15093,18879,18880,15094
15091,15094,18880,18881,15095
15092,15095,18881,18882,15096
15093,15096,18882,18883,15097
15094,15097,18883,18884,15098
15095,15098,18884,18885,15099
15096,15099,18885,18886,15100
15097,15100,18886,18887,15101
15098,15101,18887,18888,15102
15099,15102,18888,18889,15103
15100,15103,18889,18890,15104
15101,15104,18890,18891,15105
15102,15105,18891,18892,15106
15103,15106,18892,18893,15107
15104,15107,18893,18894,15108
15105,15108,18894,18895,15109
15106,15109,18895,18896,15110
15107,15110,18896,18897,15111
15108,15111,18897,18898,15112
15109,15112,18898,18899,15113
15110,15113,18899,18900,15114
15111,15114,18900,18901,15115
15112,15115,18901,18902,15116
15113,15116,18902,18903,15117
15114,15117,18903,18904,15118
15115,15118,18904,18905,15119
15116,15119,18905,18906,15120
15117,15120,18906,18907,15121
15118,15121,18907,18908,15122
15119,15122,18908,18909,15123
15120,15123,18909,18910,15124
15121,15124,18910,18911,15125
15122,15125,18911,18912,15126
15123,15126,18912,18913,15127
15124,15127,18913,18914,15128
15125,15128,18914,18915,15129
15126,15129,18915,18916,15130
15127,15130,18916,18917,15131
15128,15131,18917,18918,15132
15129,15132,18918,18919,15133
15130,15133,18919,18920,15134
15131,15134,18920,18921,15135
15132,15135,18921,18922,15136
15133,15136,18922,18923,15137
15134,15137,18923,18924,15138
15135,15138,18924,18925,15139
15136,15139,18925,18926,15140
15137,15140,18926,18927,15141
15138,15141,18927,18928,15142
15139,15142,18928,18929,15143
15140,15143,18929,18930,15144
15141,15145,18931,18932,15146
15142,15146,18932,18933,15147
15143,15147,18933,18934,15148
15144,15148,18934,18935,15149
15145,15149,18935,18936,15150
15146,15150,18936,18937,15151
15147,15151,18937,18938,15152
15148,15152,18938,18939,15153
15149,15153,18939,18940,15154
15150,15154,18940,18941,15155
15151,15155,18941,18942,15156
15152,15156,18942,18943,15157
15153,15157,18943,18944,15158
15154,15158,18944,18945,15159
15155,15159,18945,18946,15160
15156,15160,18946,18947,15161
15157,15161,18947,18948,15162
15158,15162,18948,18949,15163
15159,15163,18949,18950,15164
15160,15164,18950,18951,15165
15161,15165,18951,18952,15166
15162,15166,18952,18953,15167
15163,15167,18953,18954,15168
15164,15168,18954,18955,15169
15165,15169,18955,18956,15170
15166,15170,18956,18957,15171
15167,15171,18957,18958,15172
15168,15172,18958,18959,15173
15169,15173,18959,18960,15174
15170,15174,18960,18961,15175
15171,15175,18961,18962,15176
15172,15176,18962,18963,15177
15173,15177,18963,18964,15178
15174,15178,18964,18965,15179
15175,15179,18965,18966,15180
15176,15180,18966,18967,15181
15177,15181,18967,18968,15182
15178,15182,18968,18969,15183
15179,15183,18969,18970,15184
15180,15184,18970,18971,15185
15181,15185,18971,18972,15186
15182,15186,18972,18973,15187
15183,15187,18973,18974,15188
15184,15188,18974,18975,15189
15185,15189,18975,18976,15190
15186,15190,18976,18977,15191
15187,15191,18977,18978,15192
15188,15192,18978,18979,15193
15189,15193,18979,18980,15194
15190,15194,18980,18981,15195
15191,15195,18981,18982,15196
15192,15196,18982,18983,15197
15193,15197,18983,18984,15198
15194,15198,18984,18985,15199
15195,15199,18985,18986,15200
15196,15200,18986,18987,15201
15197,15201,18987,18988,15202
15198,15202,18988,18989,15203
15199,15203,18989,18990,15204
15200,15204,18990,18991,15205
15201,15205,18991,18992,15206
15202,15206,18992,18993,15207
15203,15207,18993,18994,15208
15204,15208,18994,18995,15209
15205,15209,18995,18996,15210
15206,15210,18996,18997,15211
15207,15211,18997,18998,15212
15208,15212,18998,18999,15213
15209,15213,18999,19000,15214
15210,15214,19000,19001,15215
15211,15215,19001,19002,15216
15212,15216,19002,19003,15217
15213,15217,19003,19004,15218
15214,15218,19004,19005,15219
15215,15219,19005,19006,15220
15216,15220,19006,19007,15221
15217,15221,19007,19008,15222
15218,15222,19008,19009,15223
15219,15223,19009,19010,15224
15220,15224,19010,19011,15225
15221,15225,19011,19012,15226
15222,15226,19012,19013,15227
15223,15227,19013,19014,15228
15224,15228,19014,19015,15229
15225,15229,19015,19016,15230
15226,15230,19016,19017,15231
15227,15231,19017,19018,15232
15228,15232,19018,19019,15233
15229,15233,19019,19020,15234
15230,15234,19020,19021,15235
15231,15235,19021,19022,15236
15232,15236,19022,19023,15237
15233,15237,19023,19024,15238
15234,15238,19024,19025,15239
15235,15239,19025,19026,15240
15236,15240,19026,19027,15241
15237,15241,19027,19028,15242
15238,15242,19028,19029,15243
15239,15243,19029,19030,15244
15240,15244,19030,19031,15245
15241,15245,19031,19032,15246
15242,15246,19032,19033,15247
15243,15247,19033,19034,15248
15244,15248,19034,19035,15249
15245,15249,19035,19036,15250
15246,15250,19036,19037,15251
15247,15251,19037,19038,15252
15248,15252,19038,19039,15253
15249,15253,19039,19040,15254
15250,15254,19040,19041,15255
15251,15255,19041,19042,15256
15252,15256,19042,19043,15257
15253,15257,19043,19044,15258
15254,15258,19044,19045,15259
15255,15259,19045,19046,15260
15256,15260,19046,19047,15261
15257,15261,19047,19048,15262
15258,15262,19048,19049,15263
15259,15263,19049,19050,15264
15260,15264,19050,19051,15265
15261,15265,19051,19052,15266
15262,15266,19052,19053,15267
15263,15267,19053,19054,15268
15264,15268,19054,19055,15269
15265,15269,19055,19056,15270
15266,15270,19056,19057,15271
15267,15271,19057,19058,15272
15268,15272,19058,19059,15273
15269,15273,19059,19060,15274
15270,15274,19060,19061,15275
15271,15275,19061,19062,15276
15272,15276,19062,19063,15277
15273,15277,19063,19064,15278
15274,15278,19064,19065,15279
15275,15279,19065,19066,15280
15276,15280,19066,19067,15281
15277,15281,19067,19068,15282
15278,15282,19068,19069,15283
15279,15283,19069,19070,15284
15280,15284,19070,19071,15285
15281,15285,19071,19072,15286
15282,15286,19072,19073,15287
15283,15287,19073,19074,15288
15284,15288,19074,19075,15289
15285,15289,19075,19076,15290
15286,15290,19076,19077,15291
15287,15291,19077,19078,15292
15288,15292,19078,19079,15293
15289,15293,19079,19080,15294
15290,15294,19080,19081,15295
15291,15295,19081,19082,15296
15292,15296,19082,19083,15297
15293,15297,19083,19084,15298
15294,15298,19084,19085,15299
15295,15299,19085,19086,15300
15296,15300,19086,19087,15301
15297,15301,19087,19088,15302
15298,15302,19088,19089,15303
15299,15303,19089,19090,15304
15300,15304,19090,19091,15305
15301,15305,19091,19092,15306
15302,15306,19092,19093,15307
15303,15307,19093,19094,15308
15304,15308,19094,19095,15309
15305,15309,19095,19096,15310
15306,15310,19096,19097,15311
15307,15311,19097,19098,15312
15308,15312,19098,19099,15313
15309,15313,19099,19100,15314
15310,15314,19100,19101,15315
15311,15315,19101,19102,15316
15312,15316,19102,19103,15317
15313,15317,19103,19104,15318
15314,15318,19104,19105,15319
15315,15319,19105,19106,15320
15316,15320,19106,19107,15321
15317,15321,19107,19108,15322
15318,15322,19108,19109,15323
15319,15323,19109,19110,15324
15320,15324,19110,19111,15325
15321,15325,19111,19112,15326
15322,15326,19112,19113,15327
15323,15327,19113,19114,15328
15324,15328,19114,19115,15329
15325,15329,19115,19116,15330
15326,15330,19116,19117,15331
15327,15331,19117,19118,15332
15328,15332,19118,19119,15333
15329,15333,19119,19120,15334
15330,15334,19120,19121,15335
15331,15335,19121,19122,15336
15332,15336,19122,19123,15337
15333,15337,19123,19124,15338
15334,15338,19124,19125,15339
15335,15339,19125,19126,15340
15336,15340,19126,19127,15341
15337,15341,19127,19128,15342
15338,15342,19128,19129,15343
15339,15343,19129,19130,15344
15340,15344,19130,19131,15345
15341,15345,19131,19132,15346
15342,15346,19132,19133,15347
15343,15347,19133,19134,15348
15344,15348,19134,19135,15349
15345,15349,19135,19136,15350
15346,15350,19136,19137,15351
15347,15351,19137,19138,15352
15348,15352,19138,19139,15353
15349,15353,19139,19140,15354
15350,15354,19140,19141,15355
15351,15355,19141,19142,15356
15352,15356,19142,19143,15357
15353,15357,19143,19144,15358
15354,15358,19144,19145,15359
15355,15359,19145,19146,15360
15356,15360,19146,19147,15361
15357,15361,19147,19148,15362
15358,15362,19148,19149,15363
15359,15363,19149,19150,15364
15360,15364,19150,19151,15365
15361,15365,19151,19152,15366
15362,15366,19152,19153,15367
15363,15367,19153,19154,15368
15364,15368,19154,19155,15369
15365,15369,19155,19156,15370
15366,15370,19156,19157,15371
15367,15371,19157,19158,15372
15368,15372,19158,19159,15373
15369,15373,19159,19160,15374
15370,15374,19160,19161,15375
15371,15375,19161,19162,15376
15372,15376,19162,19163,15377
15373,15377,19163,19164,15378
15374,15378,19164,19165,15379
15375,15379,19165,19166,15380
15376,15380,19166,19167,15381
15377,15381,19167,19168,15382
15378,15382,19168,19169,15383
15379,15383,19169,19170,15384
15380,15384,19170,19171,15385
15381,15385,19171,19172,15386
15382,15386,19172,19173,15387
15383,15387,19173,19174,15388
15384,15388,19174,19175,15389
15385,15389,19175,19176,15390
15386,15390,19176,19177,15391
15387,15391,19177,19178,15392
15388,15392,19178,19179,15393
15389,15393,19179,19180,15394
15390,15394,19180,19181,15395
15391,15395,19181,19182,15396
15392,15396,19182,19183,15397
15393,15397,19183,19184,15398
15394,15398,19184,19185,15399
15395,15399,19185,19186,15400
15396,15400,19186,19187,15401
15397,15401,19187,19188,15402
15398,15402,19188,19189,15403
15399,15403,19189,19190,15404
15400,15404,19190,19191,15405
15401,15405,19191,19192,15406
15402,15406,19192,19193,15407
15403,15407,19193,19194,15408
15404,15408,19194,19195,15409
15405,15409,19195,19196,15410
15406,15410,19196,19197,15411
15407,15411,19197,19198,15412
15408,15412,19198,19199,15413
15409,15413,19199,19200,15414
15410,15414,19200,19201,15415
15411,15415,19201,19202,15416
15412,15416,19202,19203,15417
15413,15417,19203,19204,15418
15414,15418,19204,19205,15419
15415,15419,19205,19206,15420
15416,15420,19206,19207,15421
15417,15421,19207,19208,15422
15418,15422,19208,19209,15423
15419,15423,19209,19210,15424
15420,15424,19210,19211,15425
15421,15425,19211,19212,15426
15422,15426,19212,19213,15427
15423,15427,19213,19214,15428
15424,15428,19214,19215,15429
15425,15429,19215,19216,15430
15426,15430,19216,19217,15431
15427,15431,19217,19218,15432
15428,15432,19218,19219,15433
15429,15433,19219,19220,15434
15430,15434,19220,19221,15435
15431,15435,19221,19222,15436
15432,15436,19222,19223,15437
15433,15437,19223,19224,15438
15434,15438,19224,19225,15439
15435,15439,19225,19226,15440
15436,15440,19226,19227,15441
15437,15441,19227,19228,15442
15438,15442,19228,19229,15443
15439,15443,19229,19230,15444
15440,15444,19230,19231,15445
15441,15445,19231,19232,15446
15442,15446,19232,19233,15447
15443,15447,19233,19234,15448
15444,15448,19234,19235,15449
15445,15449,19235,19236,15450
15446,15450,19236,19237,15451
15447,15451,19237,19238,15452
15448,15452,19238,19239,15453
15449,15453,19239,19240,15454
15450,15454,19240,19241,15455
15451,15455,19241,19242,15456
15452,15456,19242,19243,15457
15453,15457,19243,19244,15458
15454,15458,19244,19245,15459
15455,15459,19245,19246,15460
15456,15460,19246,19247,15461
15457,15461,19247,19248,15462
15458,15462,19248,19249,15463
15459,15463,19249,19250,15464
15460,15464,19250,19251,15465
15461,15465,19251,19252,15466
15462,15466,19252,19253,15467
15463,15467,19253,19254,15468
15464,15468,19254,19255,15469
15465,15469,19255,19256,15470
15466,15470,19256,19257,15471
15467,15471,19257,19258,15472
15468,15472,19258,19259,15473
15469,15473,19259,19260,15474
15470,15474,19260,19261,15475
15471,15475,19261,19262,15476
15472,15476,19262,19263,15477
15473,15477,19263,19264,15478
15474,15478,19264,19265,15479
15475,15479,19265,19266,15480
15476,15480,19266,19267,15481
15477,15481,19267,19268,15482
15478,15482,19268,19269,15483
15479,15483,19269,19270,15484
15480,15484,19270,19271,15485
15481,15485,19271,19272,15486
15482,15486,19272,19273,15487
15483,15487,19273,19274,15488
15484,15488,19274,19275,15489
15485,15489,19275,19276,15490
15486,15490,19276,19277,15491
15487,15491,19277,19278,15492
15488,15492,19278,19279,15493
15489,15493,19279,19280,15494
15490,15494,19280,19281,15495
15491,15495,19281,19282,15496
15492,15496,19282,19283,15497
15493,15497,19283,19284,15498
15494,15498,19284,19285,15499
15495,15499,19285,19286,15500
15496,15500,19286,19287,15501
15497,15501,19287,19288,15502
15498,15502,19288,19289,15503
15499,15503,19289,19290,15504
15500,15504,19290,19291,15505
15501,15505,19291,19292,15506
15502,15506,19292,19293,15507
15503,15507,19293,19294,15508
15504,15508,19294,19295,15509
15505,15509,19295,19296,15510
15506,15510,19296,19297,15511
15507,15511,19297,19298,15512
15508,15512,19298,19299,15513
15509,15513,19299,19300,15514
15510,15514,19300,19301,15515
15511,15515,19301,19302,15516
15512,15516,19302,19303,15517
15513,15517,19303,19304,15518
15514,15518,19304,19305,15519
15515,15519,19305,19306,15520
15516,15520,19306,19307,15521
15517,15521,19307,19308,15522
15518,15522,19308,19309,15523
15519,15523,19309,19310,15524
15520,15524,19310,19311,15525
15521,15525,19311,19312,15526
15522,15526,19312,19313,15527
15523,15527,19313,19314,15528
15524,15528,19314,19315,15529
15525,15529,19315,19316,15530
15526,15530,19316,19317,15531
15527,15531,19317,19318,15532
15528,15532,19318,19319,15533
15529,15533,19319,19320,15534
15530,15534,19320,19321,15535
15531,15535,19321,19322,15536
15532,15536,19322,19323,15537
15533,15537,19323,19324,15538
15534,15538,19324,19325,15539
15535,15539,19325,19326,15540
15536,15540,19326,19327,15541
15537,15541,19327,19328,15542
15538,15542,19328,19329,15543
15539,15543,19329,19330,15544
15540,15544,19330,19331,15545
15541,15545,19331,19332,15546
15542,15546,19332,19333,15547
15543,15547,19333,19334,15548
15544,15548,19334,19335,15549
15545,15549,19335,19336,15550
15546,15550,19336,19337,15551
15547,15551,19337,19338,15552
15548,15552,19338,19339,15553
15549,15553,19339,19340,15554
15550,15554,19340,19341,15555
15551,15555,19341,19342,15556
15552,15556,19342,19343,15557
15553,15557,19343,19344,15558
15554,15558,19344,19345,15559
15555,15559,19345,19346,15560
15556,15560,19346,19347,15561
15557,15561,19347,19348,15562
15558,15562,19348,19349,15563
15559,15563,19349,19350,15564
15560,15564,19350,19351,15565
15561,15565,19351,19352,15566
15562,15566,19352,19353,15567
15563,15567,19353,19354,15568
15564,15568,19354,19355,15569
15565,15569,19355,19356,15570
15566,15570,19356,19357,15571
15567,15571,19357,19358,15572
15568,15572,19358,19359,15573
15569,15573,19359,19360,15574
15570,15574,19360,19361,15575
15571,15575,19361,19362,15576
15572,15576,19362,19363,15577
15573,15577,19363,19364,15578
15574,15578,19364,19365,15579
15575,15579,19365,19366,15580
15576,15580,19366,19367,15581
15577,15581,19367,19368,15582
15578,15582,19368,19369,15583
15579,15583,19369,19370,15584
15580,15584,19370,19371,15585
15581,15585,19371,19372,15586
15582,15586,19372,19373,15587
15583,15587,19373,19374,15588
15584,15588,19374,19375,15589
15585,15589,19375,19376,15590
15586,15590,19376,19377,15591
15587,15591,19377,19378,15592
15588,15592,19378,19379,15593
15589,15593,19379,19380,15594
15590,15594,19380,19381,15595
15591,15595,19381,19382,15596
15592,15596,19382,19383,15597
15593,15597,19383,19384,15598
15594,15598,19384,19385,15599
15595,15599,19385,19386,15600
15596,15600,19386,19387,15601
15597,15601,19387,19388,15602
15598,15602,19388,19389,15603
15599,15603,19389,19390,15604
15600,15604,19390,19391,15605
15601,15605,19391,19392,15606
15602,15606,19392,19393,15607
15603,15607,19393,19394,15608
15604,15608,19394,19395,15609
15605,15609,19395,19396,15610
15606,15610,19396,19397,15611
15607,15611,19397,19398,15612
15608,15612,19398,19399,15613
15609,15613,19399,19400,15614
15610,15614,19400,19401,15615
15611,15615,19401,19402,15616
15612,15616,19402,19403,15617
15613,15617,19403,19404,15618
15614,15618,19404,19405,15619
15615,15619,19405,19406,15620
15616,15620,19406,19407,15621
15617,15621,19407,19408,15622
15618,15622,19408,19409,15623
15619,15623,19409,19410,15624
15620,15624,19410,19411,15625
15621,15625,19411,19412,15626
15622,15626,19412,19413,15627
15623,15627,19413,19414,15628
15624,15628,19414,19415,15629
15625,15629,19415,19416,15630
15626,15630,19416,19417,15631
15627,15631,19417,19418,15632
15628,15632,19418,19419,15633
15629,15633,19419,19420,15634
15630,15634,19420,19421,15635
15631,15635,19421,19422,15636
15632,15636,19422,19423,15637
15633,15637,19423,19424,15638
15634,15638,19424,19425,15639
15635,15639,19425,19426,15640
15636,15640,19426,19427,15641
15637,15641,19427,19428,15642
15638,15642,19428,19429,15643
15639,15643,19429,19430,15644
15640,15644,19430,19431,15645
15641,15645,19431,19432,15646
15642,15646,19432,19433,15647
15643,15647,19433,19434,15648
15644,15648,19434,19435,15649
15645,15649,19435,19436,15650
15646,15650,19436,19437,15651
15647,15651,19437,19438,15652
15648,15652,19438,19439,15653
15649,15653,19439,19440,15654
15650,15654,19440,19441,15655
15651,15655,19441,19442,15656
15652,15656,19442,19443,15657
15653,15657,19443,19444,15658
15654,15658,19444,19445,15659
15655,15659,19445,19446,15660
15656,15660,19446,19447,15661
15657,15661,19447,19448,15662
15658,15662,19448,19449,15663
15659,15663,19449,19450,15664
15660,15664,19450,19451,15665
15661,15665,19451,19452,15666
15662,15666,19452,19453,15667
15663,15667,19453,19454,15668
15664,15668,19454,19455,15669
15665,15669,19455,19456,15670
15666,15670,19456,19457,15671
15667,15671,19457,19458,15672
15668,15672,19458,19459,15673
15669,15673,19459,19460,15674
15670,15674,19460,19461,15675
15671,15675,19461,19462,15676
15672,15676,19462,19463,15677
15673,15677,19463,19464,15678
15674,15678,19464,19465,15679
15675,15679,19465,19466,15680
15676,15680,19466,19467,15681
15677,15681,19467,19468,15682
15678,15682,19468,19469,15683
15679,15683,19469,19470,15684
15680,15684,19470,19471,15685
15681,15685,19471,19472,15686
15682,15686,19472,19473,15687
15683,15687,19473,19474,15688
15684,15688,19474,19475,15689
15685,15689,19475,19476,15690
15686,15690,19476,19477,15691
15687,15691,19477,19478,15692
15688,15692,19478,19479,15693
15689,15693,19479,19480,15694
15690,15694,19480,19481,15695
15691,15695,19481,19482,15696
15692,15696,19482,19483,15697
15693,15697,19483,19484,15698
15694,15698,19484,19485,15699
15695,15699,19485,19486,15700
15696,15700,19486,19487,15701
15697,15701,19487,19488,15702
15698,15702,19488,19489,15703
15699,15703,19489,19490,15704
15700,15704,19490,19491,15705
15701,15705,19491,19492,15706
15702,15706,19492,19493,15707
15703,15707,19493,19494,15708
15704,15708,19494,19495,15709
15705,15709,19495,19496,15710
15706,15710,19496,19497,15711
15707,15711,19497,19498,15712
15708,15712,19498,19499,15713
15709,15713,19499,19500,15714
15710,15714,19500,19501,15715
15711,15715,19501,19502,15716
15712,15716,19502,19503,15717
15713,15717,19503,19504,15718
15714,15718,19504,19505,15719
15715,15719,19505,19506,15720
15716,15720,19506,19507,15721
15717,15721,19507,19508,15722
15718,15722,19508,19509,15723
15719,15723,19509,19510,15724
15720,15724,19510,19511,15725
15721,15725,19511,19512,15726
15722,15726,19512,19513,15727
15723,15727,19513,19514,15728
15724,15728,19514,19515,15729
15725,15729,19515,19516,15730
15726,15730,19516,19517,15731
15727,15731,19517,19518,15732
15728,15732,19518,19519,15733
15729,15733,19519,19520,15734
15730,15734,19520,19521,15735
15731,15735,19521,19522,15736
15732,15736,19522,19523,15737
15733,15737,19523,19524,15738
15734,15738,19524,19525,15739
15735,15739,19525,19526,15740
15736,15740,19526,19527,15741
15737,15741,19527,19528,15742
15738,15742,19528,19529,15743
15739,15743,19529,19530,15744
15740,15744,19530,19531,15745
15741,15745,19531,19532,15746
15742,15746,19532,19533,15747
15743,15747,19533,19534,15748
15744,15748,19534,19535,15749
15745,15749,19535,19536,15750
15746,15750,19536,19537,15751
15747,15751,19537,19538,15752
15748,15752,19538,19539,15753
15749,15753,19539,19540,15754
15750,15754,19540,19541,15755
15751,15755,19541,19542,15756
15752,15756,19542,19543,15757
15753,15757,19543,19544,15758
15754,15758,19544,19545,15759
15755,15759,19545,19546,15760
15756,15760,19546,19547,15761
15757,15761,19547,19548,15762
15758,15762,19548,19549,15763
15759,15763,19549,19550,15764
15760,15764,19550,19551,15765
15761,15765,19551,19552,15766
15762,15766,19552,19553,15767
15763,15767,19553,19554,15768
15764,15768,19554,19555,15769
15765,15769,19555,19556,15770
15766,15770,19556,19557,15771
15767,15771,19557,19558,15772
15768,15772,19558,19559,15773
15769,15773,19559,19560,15774
15770,15774,19560,19561,15775
15771,15775,19561,19562,15776
15772,15776,19562,19563,15777
15773,15777,19563,19564,15778
15774,15778,19564,19565,15779
15775,15779,19565,19566,15780
15776,15780,19566,19567,15781
15777,15781,19567,19568,15782
15778,15782,19568,19569,15783
15779,15783,19569,19570,15784
15780,15784,19570,19571,15785
15781,15785,19571,19572,15786
15782,15786,19572,19573,15787
15783,15787,19573,19574,15788
15784,15788,19574,19575,15789
15785,15789,19575,19576,15790
15786,15790,19576,19577,15791
15787,15791,19577,19578,15792
15788,15792,19578,19579,15793
15789,15793,19579,19580,15794
15790,15794,19580,19581,15795
15791,15795,19581,19582,15796
15792,15796,19582,19583,15797
15793,15797,19583,19584,15798
15794,15798,19584,19585,15799
15795,15799,19585,19586,15800
15796,15800,19586,19587,15801
15797,15801,19587,19588,15802
15798,15802,19588,19589,15803
15799,15803,19589,19590,15804
15800,15804,19590,19591,15805
15801,15805,19591,19592,15806
15802,15806,19592,19593,15807
15803,15807,19593,19594,15808
15804,15808,19594,19595,15809
15805,15809,19595,19596,15810
15806,15810,19596,19597,15811
15807,15811,19597,19598,15812
15808,15812,19598,19599,15813
15809,15813,19599,19600,15814
15810,15814,19600,19601,15815
15811,15815,19601,19602,15816
15812,15816,19602,19603,15817
15813,15817,19603,19604,15818
15814,15818,19604,19605,15819
15815,15819,19605,19606,15820
15816,15820,19606,19607,15821
15817,15821,19607,19608,15822
15818,15822,19608,19609,15823
15819,15823,19609,19610,15824
15820,15824,19610,19611,15825
15821,15825,19611,19612,15826
15822,15826,19612,19613,15827
15823,15827,19613,19614,15828
15824,15828,19614,19615,15829
15825,15829,19615,19616,15830
15826,15830,19616,19617,15831
15827,15831,19617,19618,15832
15828,15832,19618,19619,15833
15829,15833,19619,19620,15834
15830,15834,19620,19621,15835
15831,15835,19621,19622,15836
15832,15836,19622,19623,15837
15833,15837,19623,19624,15838
15834,15838,19624,19625,15839
15835,15839,19625,19626,15840
15836,15840,19626,19627,15841
15837,15841,19627,19628,15842
15838,15842,19628,19629,15843
15839,15843,19629,19630,15844
15840,15844,19630,19631,15845
15841,15845,19631,19632,15846
15842,15846,19632,19633,15847
15843,15847,19633,19634,15848
15844,15848,19634,19635,15849
15845,15849,19635,19636,15850
15846,15850,19636,19637,15851
15847,15851,19637,19638,15852
15848,15852,19638,19639,15853
15849,15853,19639,19640,15854
15850,15854,19640,19641,15855
15851,15855,19641,19642,15856
15852,15856,19642,19643,15857
15853,15857,19643,19644,15858
15854,15858,19644,19645,15859
15855,15859,19645,19646,15860
15856,15860,19646,19647,15861
15857,15861,19647,19648,15862
15858,15862,19648,19649,15863
15859,15863,19649,19650,15864
15860,15864,19650,19651,15865
15861,15865,19651,19652,15866
15862,15866,19652,19653,15867
15863,15867,19653,19654,15868
15864,15868,19654,19655,15869
15865,15869,19655,19656,15870
15866,15870,19656,19657,15871
15867,15871,19657,19658,15872
15868,15872,19658,19659,15873
15869,15873,19659,19660,15874
15870,15874,19660,19661,15875
15871,15875,19661,19662,15876
15872,15876,19662,19663,15877
15873,15877,19663,19664,15878
15874,15878,19664,19665,15879
15875,15879,19665,19666,15880
15876,15880,19666,19667,15881
15877,15881,19667,19668,15882
15878,15882,19668,19669,15883
15879,15883,19669,19670,15884
15880,15884,19670,19671,15885
15881,15885,19671,19672,15886
15882,15886,19672,19673,15887
15883,15887,19673,19674,15888
15884,15888,19674,19675,15889
15885,15889,19675,19676,15890
15886,15890,19676,19677,15891
15887,15891,19677,19678,15892
15888,15892,19678,19679,15893
15889,15893,19679,19680,15894
15890,15894,19680,19681,15895
15891,15895,19681,19682,15896
15892,15896,19682,19683,15897
15893,15897,19683,19684,15898
15894,15898,19684,19685,15899
15895,15899,19685,19686,15900
15896,15900,19686,19687,15901
15897,15901,19687,19688,15902
15898,15902,19688,19689,15903
15899,15903,19689,19690,15904
15900,15904,19690,19691,15905
15901,15905,19691,19692,15906
15902,15906,19692,19693,15907
15903,15907,19693,19694,15908
15904,15908,19694,19695,15909
15905,15909,19695,19696,15910
15906,15910,19696,19697,15911
15907,15911,19697,19698,15912
15908,15912,19698,19699,15913
15909,15913,19699,19700,15914
15910,15914,19700,19701,15915
15911,15915,19701,19702,15916
15912,15916,19702,19703,15917
15913,15917,19703,19704,15918
15914,15918,19704,19705,15919
15915,15919,19705,19706,15920
15916,15920,19706,19707,15921
15917,15921,19707,19708,15922
15918,15922,19708,19709,15923
15919,15923,19709,19710,15924
15920,15924,19710,19711,15925
15921,15925,19711,19712,15926
15922,15926,19712,19713,15927
15923,15927,19713,19714,15928
15924,15928,19714,19715,15929
15925,15929,19715,19716,15930
15926,15930,19716,19717,15931
15927,15931,19717,19718,15932
15928,15932,19718,19719,15933
15929,15933,19719,19720,15934
15930,15934,19720,19721,15935
15931,15935,19721,19722,15936
15932,15936,19722,19723,15937
15933,15937,19723,19724,15938
15934,15938,19724,19725,15939
15935,15939,19725,19726,15940
15936,15940,19726,19727,15941
15937,15941,19727,19728,15942
15938,15942,19728,19729,15943
15939,15943,19729,19730,15944
15940,15944,19730,19731,15945
15941,15945,19731,19732,15946
15942,15946,19732,19733,15947
15943,15947,19733,19734,15948
15944,15948,19734,19735,15949
15945,15949,19735,19736,15950
15946,15950,19736,19737,15951
15947,15951,19737,19738,15952
15948,15952,19738,19739,15953
15949,15953,19739,19740,15954
15950,15954,19740,19741,15955
15951,15955,19741,19742,15956
15952,15956,19742,19743,15957
15953,15957,19743,19744,15958
15954,15958,19744,19745,15959
15955,15959,19745,19746,15960
15956,15960,19746,19747,15961
15957,15961,19747,19748,15962
15958,15962,19748,19749,15963
15959,15963,19749,19750,15964
15960,15964,19750,19751,15965
15961,15965,19751,19752,15966
15962,15966,19752,19753,15967
15963,15967,19753,19754,15968
15964,15968,19754,19755,15969
15965,15969,19755,19756,15970
15966,15970,19756,19757,15971
15967,15971,19757,19758,15972
15968,15972,19758,19759,15973
15969,15973,19759,19760,15974
15970,15974,19760,19761,15975
15971,15975,19761,19762,15976
15972,15976,19762,19763,15977
15973,15977,19763,19764,15978
15974,15978,19764,19765,15979
15975,15979,19765,19766,15980
15976,15980,19766,19767,15981
15977,15981,19767,19768,15982
15978,15982,19768,19769,15983
15979,15983,19769,19770,15984
15980,15984,19770,19771,15985
15981,15985,19771,19772,15986
15982,15986,19772,19773,15987
15983,15987,19773,19774,15988
15984,15988,19774,19775,15989
15985,15989,19775,19776,15990
15986,15990,19776,19777,15991
15987,15991,19777,19778,15992
15988,15992,19778,19779,15993
15989,15993,19779,19780,15994
15990,15994,19780,19781,15995
15991,15995,19781,19782,15996
15992,15996,19782,19783,15997
15993,15997,19783,19784,15998
15994,15998,19784,19785,15999
15995,15999,19785,19786,16000
15996,16000,19786,19787,16001
15997,16001,19787,19788,16002
15998,16002,19788,19789,16003
15999,16003,19789,19790,16004
16000,16004,19790,19791,16005
16001,16005,19791,19792,16006
16002,16006,19792,19793,16007
16003,16007,19793,19794,16008
16004,16008,19794,19795,16009
16005,16009,19795,19796,16010
16006,16010,19796,19797,16011
16007,16011,19797,19798,16012
16008,16012,19798,19799,16013
16009,16013,19799,19800,16014
16010,16014,19800,19801,16015
16011,16015,19801,19802,16016
16012,16016,19802,19803,16017
16013,16017,19803,19804,16018
16014,16018,19804,19805,16019
16015,16019,19805,19806,16020
16016,16020,19806,19807,16021
16017,16021,19807,19808,16022
16018,16022,19808,19809,16023
16019,16023,19809,19810,16024
16020,16024,19810,19811,16025
16021,16025,19811,19812,16026
16022,16026,19812,19813,16027
16023,16027,19813,19814,16028
16024,16028,19814,19815,16029
16025,16029,19815,19816,16030
16026,16030,19816,19817,16031
16027,16031,19817,19818,16032
16028,16032,19818,19819,16033
16029,16033,19819,19820,16034
16030,16034,19820,19821,16035
16031,16035,19821,19822,16036
16032,16036,19822,19823,16037
16033,16037,19823,19824,16038
16034,16038,19824,19825,16039
16035,16039,19825,19826,16040
16036,16040,19826,19827,16041
16037,16041,19827,19828,16042
16038,16042,19828,19829,16043
16039,16043,19829,19830,16044
16040,16044,19830,19831,16045
16041,16045,19831,19832,16046
16042,16046,19832,19833,16047
16043,16047,19833,19834,16048
16044,16048,19834,19835,16049
16045,16049,19835,19836,16050
16046,16050,19836,19837,16051
16047,16051,19837,19838,16052
16048,16052,19838,19839,16053
16049,16053,19839,19840,16054
16050,16054,19840,19841,16055
16051,16055,19841,19842,16056
16052,16056,19842,19843,16057
16053,16057,19843,19844,16058
16054,16058,19844,19845,16059
16055,16059,19845,19846,16060
16056,16060,19846,19847,16061
16057,16061,19847,19848,16062
16058,16062,19848,19849,16063
16059,16063,19849,19850,16064
16060,16064,19850,19851,16065
16061,16065,19851,19852,16066
16062,16066,19852,19853,16067
16063,16067,19853,19854,16068
16064,16068,19854,19855,16069
16065,16069,19855,19856,16070
16066,16070,19856,19857,16071
16067,16071,19857,19858,16072
16068,16072,19858,19859,16073
16069,16073,19859,19860,16074
16070,16074,19860,19861,16075
16071,16075,19861,19862,16076
16072,16076,19862,19863,16077
16073,16077,19863,19864,16078
16074,16078,19864,19865,16079
16075,16079,19865,19866,16080
16076,16080,19866,19867,16081
16077,16081,19867,19868,16082
16078,16082,19868,19869,16083
16079,16083,19869,19870,16084
16080,16084,19870,19871,16085
16081,16085,19871,19872,16086
16082,16086,19872,19873,16087
16083,16087,19873,19874,16088
16084,16088,19874,19875,16089
16085,16089,19875,19876,16090
16086,16090,19876,19877,16091
16087,16091,19877,19878,16092
16088,16092,19878,19879,16093
16089,16093,19879,19880,16094
16090,16094,19880,19881,16095
16091,16095,19881,19882,16096
16092,16096,19882,19883,16097
16093,16097,19883,19884,16098
16094,16098,19884,19885,16099
16095,16099,19885,19886,16100
16096,16100,19886,19887,16101
16097,16101,19887,19888,16102
16098,16102,19888,19889,16103
16099,16103,19889,19890,16104
16100,16104,19890,19891,16105
16101,16105,19891,19892,16106
16102,16106,19892,19893,16107
16103,16107,19893,19894,16108
16104,16108,19894,19895,16109
16105,16109,19895,19896,16110
16106,16110,19896,19897,16111
16107,16111,19897,19898,16112
16108,16112,19898,19899,16113
16109,16113,19899,19900,16114
16110,16114,19900,19901,16115
16111,16115,19901,19902,16116
16112,16116,19902,19903,16117
16113,16117,19903,19904,16118
16114,16118,19904,19905,16119
16115,16119,19905,19906,16120
16116,16120,19906,19907,16121
16117,16121,19907,19908,16122
16118,16122,19908,19909,16123
16119,16123,19909,19910,16124
16120,16124,19910,19911,16125
16121,16125,19911,19912,16126
16122,16126,19912,19913,16127
16123,16127,19913,19914,16128
16124,16128,19914,19915,16129
16125,16129,19915,19916,16130
16126,16130,19916,19917,16131
16127,16131,19917,19918,16132
16128,16132,19918,19919,16133
16129,16133,19919,19920,16134
16130,16134,19920,19921,16135
16131,16135,19921,19922,16136
16132,16136,19922,19923,16137
16133,16137,19923,19924,16138
16134,16138,19924,19925,16139
16135,16139,19925,19926,16140
16136,16140,19926,19927,16141
16137,16141,19927,19928,16142
16138,16142,19928,19929,16143
16139,16143,19929,19930,16144
16140,16144,19930,19931,16145
16141,16145,19931,19932,16146
16142,16146,19932,19933,16147
16143,16147,19933,19934,16148
16144,16148,19934,19935,16149
16145,16149,19935,19936,16150
16146,16150,19936,19937,16151
16147,16151,19937,19938,16152
16148,16152,19938,19939,16153
16149,16153,19939,19940,16154
16150,16154,19940,19941,16155
16151,16155,19941,19942,16156
16152,16156,19942,19943,16157
16153,16157,19943,19944,16158
16154,16158,19944,19945,16159
16155,16159,19945,19946,16160
16156,16160,19946,19947,16161
16157,16161,19947,19948,16162
16158,16162,19948,19949,16163
16159,16163,19949,19950,16164
16160,16164,19950,19951,16165
16161,16165,19951,19952,16166
16162,16166,19952,19953,16167
16163,16167,19953,19954,16168
16164,16168,19954,19955,16169
16165,16169,19955,19956,16170
16166,16170,19956,19957,16171
16167,16171,19957,19958,16172
16168,16172,19958,19959,16173
16169,16173,19959,19960,16174
16170,16174,19960,19961,16175
16171,16175,19961,19962,16176
16172,16176,19962,19963,16177
16173,16177,19963,19964,16178
16174,16178,19964,19965,16179
16175,16179,19965,19966,16180
16176,16180,19966,19967,16181
16177,16181,19967,19968,16182
16178,16182,19968,19969,16183
16179,16183,19969,19970,16184
16180,16184,19970,19971,16185
16181,16185,19971,19972,16186
16182,16186,19972,19973,16187
16183,16187,19973,19974,16188
16184,16188,19974,19975,16189
16185,16189,19975,19976,16190
16186,16190,19976,19977,16191
16187,16191,19977,19978,16192
16188,16192,19978,19979,16193
16189,16193,19979,19980,16194
16190,16194,19980,19981,16195
16191,16195,19981,19982,16196
16192,16196,19982,19983,16197
16193,16197,19983,19984,16198
16194,16198,19984,19985,16199
16195,16199,19985,19986,16200
16196,16200,19986,19987,16201
16197,16201,19987,19988,16202
16198,16202,19988,19989,16203
16199,16203,19989,19990,16204
16200,16204,19990,19991,16205
16201,16205,19991,19992,16206
16202,16206,19992,19993,16207
16203,16207,19993,19994,16208
16204,16208,19994,19995,16209
16205,16209,19995,19996,16210
16206,16210,19996,19997,16211
16207,16211,19997,19998,16212
16208,16212,19998,19999,16213
16209,16213,19999,20000,16214
16210,16214,20000,20001,16215
16211,16215,20001,20002,16216
16212,16216,20002,20003,16217
16213,16217,20003,20004,16218
16214,16218,20004,20005,16219
16215,16219,20005,20006,16220
16216,16220,20006,20007,16221
16217,16221,20007,20008,16222
16218,16222,20008,20009,16223
16219,16223,20009,20010,16224
16220,16224,20010,20011,16225
16221,16225,20011,20012,16226
16222,16226,20012,20013,16227
16223,16227,20013,20014,16228
16224,16228,20014,20015,16229
16225,16229,20015,20016,16230
16226,16230,20016,20017,16231
16227,16231,20017,20018,16232
16228,16232,20018,20019,16233
16229,16233,20019,20020,16234
16230,16234,20020,20021,16235
16231,16235,20021,20022,16236
16232,16236,20022,20023,16237
16233,16237,20023,20024,16238
16234,16238,20024,20025,16239
16235,16239,20025,20026,16240
16236,16240,20026,20027,16241
16237,16241,20027,20028,16242
16238,16242,20028,20029,16243
16239,16243,20029,20030,16244
16240,16244,20030,20031,16245
16241,16245,20031,20032,16246
16242,16246,20032,20033,16247
16243,16247,20033,20034,16248
16244,16248,20034,20035,16249
16245,16249,20035,20036,16250
16246,16250,20036,20037,16251
16247,16251,20037,20038,16252
16248,16252,20038,20039,16253
16249,16253,20039,20040,16254
16250,16254,20040,20041,16255
16251,16255,20041,20042,16256
16252,16256,20042,20043,16257
16253,16257,20043,20044,16258
16254,16258,20044,20045,16259
16255,16259,20045,20046,16260
16256,16260,20046,20047,16261
16257,16261,20047,20048,16262
16258,16262,20048,20049,16263
16259,16263,20049,20050,16264
16260,16264,20050,20051,16265
16261,16265,20051,20052,16266
16262,16266,20052,20053,16267
16263,16267,20053,20054,16268
16264,16268,20054,20055,16269
16265,16269,20055,20056,16270
16266,16270,20056,20057,16271
16267,16271,20057,20058,16272
16268,16272,20058,20059,16273
16269,16273,20059,20060,16274
16270,16274,20060,20061,16275
16271,16275,20061,20062,16276
16272,16276,20062,20063,16277
16273,16277,20063,20064,16278
16274,16278,20064,20065,16279
16275,16279,20065,20066,16280
16276,16280,20066,20067,16281
16277,16281,20067,20068,16282
16278,16282,20068,20069,16283
16279,16283,20069,20070,16284
16280,16284,20070,20071,16285
16281,16285,20071,20072,16286
16282,16286,20072,20073,16287
16283,16287,20073,20074,16288
16284,16288,20074,20075,16289
16285,16289,20075,20076,16290
16286,16290,20076,20077,16291
16287,16291,20077,20078,16292
16288,16292,20078,20079,16293
16289,16293,20079,20080,16294
16290,16294,20080,20081,16295
16291,16295,20081,20082,16296
16292,16296,20082,20083,16297
16293,16297,20083,20084,16298
16294,16298,20084,20085,16299
16295,16299,20085,20086,16300
16296,16300,20086,20087,16301
16297,16301,20087,20088,16302
16298,16302,20088,20089,16303
16299,16303,20089,20090,16304
16300,16304,20090,20091,16305
16301,16305,20091,20092,16306
16302,16306,20092,20093,16307
16303,16307,20093,20094,16308
16304,16308,20094,20095,16309
16305,16309,20095,20096,16310
16306,16310,20096,20097,16311
16307,16311,20097,20098,16312
16308,16312,20098,20099,16313
16309,16313,20099,20100,16314
16310,16314,20100,20101,16315
16311,16315,20101,20102,16316
16312,16316,20102,20103,16317
16313,16317,20103,20104,16318
16314,16318,20104,20105,16319
16315,16319,20105,20106,16320
16316,16320,20106,20107,16321
16317,16321,20107,20108,16322
16318,16322,20108,20109,16323
16319,16323,20109,20110,16324
16320,16324,20110,20111,16325
16321,16325,20111,20112,16326
16322,16326,20112,20113,16327
16323,16327,20113,20114,16328
16324,16328,20114,20115,16329
16325,16329,20115,20116,16330
16326,16330,20116,20117,16331
16327,16331,20117,20118,16332
16328,16332,20118,20119,16333
16329,16333,20119,20120,16334
16330,16334,20120,20121,16335
16331,16335,20121,20122,16336
16332,16336,20122,20123,16337
16333,16337,20123,20124,16338
16334,16338,20124,20125,16339
16335,16339,20125,20126,16340
16336,16340,20126,20127,16341
16337,16341,20127,20128,16342
16338,16342,20128,20129,16343
16339,16343,20129,20130,16344
16340,16344,20130,20131,16345
16341,16345,20131,20132,16346
16342,16346,20132,20133,16347
16343,16347,20133,20134,16348
16344,16348,20134,20135,16349
16345,16349,20135,20136,16350
16346,16350,20136,20137,16351
16347,16351,20137,20138,16352
16348,16352,20138,20139,16353
16349,16353,20139,20140,16354
16350,16354,20140,20141,16355
16351,16355,20141,20142,16356
16352,16356,20142,20143,16357
16353,16357,20143,20144,16358
16354,16358,20144,20145,16359
16355,16359,20145,20146,16360
16356,16360,20146,20147,16361
16357,16361,20147,20148,16362
16358,16362,20148,20149,16363
16359,16363,20149,20150,16364
16360,16364,20150,20151,16365
16361,16365,20151,20152,16366
16362,16366,20152,20153,16367
16363,16367,20153,20154,16368
16364,16368,20154,20155,16369
16365,16369,20155,20156,16370
16366,16370,20156,20157,16371
16367,16371,20157,20158,16372
16368,16372,20158,20159,16373
16369,16373,20159,20160,16374
16370,16374,20160,20161,16375
16371,16375,20161,20162,16376
16372,16376,20162,20163,16377
16373,16377,20163,20164,16378
16374,16378,20164,20165,16379
16375,16379,20165,20166,16380
16376,16380,20166,20167,16381
16377,16381,20167,20168,16382
16378,16382,20168,20169,16383
16379,16383,20169,20170,16384
16380,16384,20170,20171,16385
16381,16385,20171,20172,16386
16382,16386,20172,20173,16387
16383,16387,20173,20174,16388
16384,16388,20174,20175,16389
16385,16389,20175,20176,16390
16386,16390,20176,20177,16391
16387,16391,20177,20178,16392
16388,16392,20178,20179,16393
16389,16393,20179,20180,16394
16390,16394,20180,20181,16395
16391,16395,20181,20182,16396
16392,16396,20182,20183,16397
16393,16397,20183,20184,16398
16394,16398,20184,20185,16399
16395,16399,20185,20186,16400
16396,16400,20186,20187,16401
16397,16401,20187,20188,16402
16398,16402,20188,20189,16403
16399,16403,20189,20190,16404
16400,16404,20190,20191,16405
16401,16405,20191,20192,16406
16402,16406,20192,20193,16407
16403,16407,20193,20194,16408
16404,16408,20194,20195,16409
16405,16409,20195,20196,16410
16406,16410,20196,20197,16411
16407,16411,20197,20198,16412
16408,16412,20198,20199,16413
16409,16413,20199,20200,16414
16410,16414,20200,20201,16415
16411,16415,20201,20202,16416
16412,16416,20202,20203,16417
16413,16417,20203,20204,16418
16414,16418,20204,20205,16419
16415,16419,20205,20206,16420
16416,16420,20206,20207,16421
16417,16421,20207,20208,16422
16418,16422,20208,20209,16423
16419,16423,20209,20210,16424
16420,16424,20210,20211,16425
16421,16425,20211,20212,16426
16422,16426,20212,20213,16427
16423,16427,20213,20214,16428
16424,16428,20214,20215,16429
16425,16429,20215,20216,16430
16426,16430,20216,20217,16431
16427,16431,20217,20218,16432
16428,16432,20218,20219,16433
16429,16433,20219,20220,16434
16430,16434,20220,20221,16435
16431,16435,20221,20222,16436
16432,16436,20222,20223,16437
16433,16437,20223,20224,16438
16434,16438,20224,20225,16439
16435,16439,20225,20226,16440
16436,16440,20226,20227,16441
16437,16441,20227,20228,16442
16438,16442,20228,20229,16443
16439,16443,20229,20230,16444
16440,16444,20230,20231,16445
16441,16445,20231,20232,16446
16442,16446,20232,20233,16447
16443,16447,20233,20234,16448
16444,16448,20234,20235,16449
16445,16449,20235,20236,16450
16446,16450,20236,20237,16451
16447,16451,20237,20238,16452
16448,16452,20238,20239,16453
16449,16453,20239,20240,16454
16450,16454,20240,20241,16455
16451,16455,20241,20242,16456
16452,16456,20242,20243,16457
16453,16457,20243,20244,16458
16454,16458,20244,20245,16459
16455,16459,20245,20246,16460
16456,16460,20246,20247,16461
16457,16461,20247,20248,16462
16458,16462,20248,20249,16463
16459,16463,20249,20250,16464
16460,16464,20250,20251,16465
16461,16465,20251,20252,16466
16462,16466,20252,20253,16467
16463,16467,20253,20254,16468
16464,16468,20254,20255,16469
16465,16469,20255,20256,16470
16466,16470,20256,20257,16471
16467,16471,20257,20258,16472
16468,16472,20258,20259,16473
16469,16473,20259,20260,16474
16470,16474,20260,20261,16475
16471,16475,20261,20262,16476
16472,16476,20262,20263,16477
16473,16477,20263,20264,16478
16474,16478,20264,20265,16479
16475,16479,20265,20266,16480
16476,16480,20266,20267,16481
16477,16481,20267,20268,16482
16478,16482,20268,20269,16483
16479,16483,20269,20270,16484
16480,16484,20270,20271,16485
16481,16485,20271,20272,16486
16482,16486,20272,20273,16487
16483,16487,20273,20274,16488
16484,16488,20274,20275,16489
16485,16489,20275,20276,16490
16486,16490,20276,20277,16491
16487,16491,20277,20278,16492
16488,16492,20278,20279,16493
16489,16493,20279,20280,16494
16490,16494,20280,20281,16495
16491,16495,20281,20282,16496
16492,16496,20282,20283,16497
16493,16497,20283,20284,16498
16494,16498,20284,20285,16499
16495,16499,20285,20286,16500
16496,16500,20286,20287,16501
16497,16501,20287,20288,16502
16498,16502,20288,20289,16503
16499,16503,20289,20290,16504
16500,16504,20290,20291,16505
16501,16505,20291,20292,16506
16502,16506,20292,20293,16507
16503,16507,20293,20294,16508
16504,16508,20294,20295,16509
16505,16509,20295,20296,16510
16506,16510,20296,20297,16511
16507,16511,20297,20298,16512
16508,16512,20298,20299,16513
16509,16513,20299,20300,16514
16510,16514,20300,20301,16515
16511,16515,20301,20302,16516
16512,16516,20302,20303,16517
16513,16517,20303,20304,16518
16514,16518,20304,20305,16519
16515,16519,20305,20306,16520
16516,16520,20306,20307,16521
16517,16521,20307,20308,16522
16518,16522,20308,20309,16523
16519,16523,20309,20310,16524
16520,16524,20310,20311,16525
16521,16525,20311,20312,16526
16522,16526,20312,20313,16527
16523,16527,20313,20314,16528
16524,16528,20314,20315,16529
16525,16529,20315,20316,16530
16526,16530,20316,20317,16531
16527,16531,20317,20318,16532
16528,16532,20318,20319,16533
16529,16533,20319,20320,16534
16530,16534,20320,20321,16535
16531,16535,20321,20322,16536
16532,16536,20322,20323,16537
16533,16537,20323,20324,16538
16534,16538,20324,20325,16539
16535,16539,20325,20326,16540
16536,16540,20326,20327,16541
16537,16541,20327,20328,16542
16538,16542,20328,20329,16543
16539,16543,20329,20330,16544
16540,16544,20330,20331,16545
16541,16545,20331,20332,16546
16542,16546,20332,20333,16547
16543,16547,20333,20334,16548
16544,16548,20334,20335,16549
16545,16549,20335,20336,16550
16546,16550,20336,20337,16551
16547,16551,20337,20338,16552
16548,16552,20338,20339,16553
16549,16553,20339,20340,16554
16550,16554,20340,20341,16555
16551,16555,20341,20342,16556
16552,16556,20342,20343,16557
16553,16557,20343,20344,16558
16554,16558,20344,20345,16559
16555,16559,20345,20346,16560
16556,16560,20346,20347,16561
16557,16561,20347,20348,16562
16558,16562,20348,20349,16563
16559,16563,20349,20350,16564
16560,16564,20350,20351,16565
16561,16565,20351,20352,16566
16562,16566,20352,20353,16567
16563,16567,20353,20354,16568
16564,16568,20354,20355,16569
16565,16569,20355,20356,16570
16566,16570,20356,20357,16571
16567,16571,20357,20358,16572
16568,16572,20358,20359,16573
16569,16573,20359,20360,16574
16570,16574,20360,20361,16575
16571,16575,20361,20362,16576
16572,16576,20362,20363,16577
16573,16577,20363,20364,16578
16574,16578,20364,20365,16579
16575,16579,20365,20366,16580
16576,16580,20366,20367,16581
16577,16581,20367,20368,16582
16578,16582,20368,20369,16583
16579,16583,20369,20370,16584
16580,16584,20370,20371,16585
16581,16585,20371,20372,16586
16582,16586,20372,20373,16587
16583,16587,20373,20374,16588
16584,16588,20374,20375,16589
16585,16589,20375,20376,16590
16586,16590,20376,20377,16591
16587,16591,20377,20378,16592
16588,16592,20378,20379,16593
16589,16593,20379,20380,16594
16590,16594,20380,20381,16595
16591,16595,20381,20382,16596
16592,16596,20382,20383,16597
16593,16597,20383,20384,16598
16594,16598,20384,20385,16599
16595,16599,20385,20386,16600
16596,16600,20386,20387,16601
16597,16601,20387,20388,16602
16598,16602,20388,20389,16603
16599,16603,20389,20390,16604
16600,16604,20390,20391,16605
16601,16605,20391,20392,16606
16602,16606,20392,20393,16607
16603,16607,20393,20394,16608
16604,16608,20394,20395,16609
16605,16609,20395,20396,16610
16606,16610,20396,20397,16611
16607,16611,20397,20398,16612
16608,16612,20398,20399,16613
16609,16613,20399,20400,16614
16610,16614,20400,20401,16615
16611,16615,20401,20402,16616
16612,16616,20402,20403,16617
16613,16617,20403,20404,16618
16614,16618,20404,20405,16619
16615,16619,20405,20406,16620
16616,16620,20406,20407,16621
16617,16621,20407,20408,16622
16618,16622,20408,20409,16623
16619,16623,20409,20410,16624
16620,16624,20410,20411,16625
16621,16625,20411,20412,16626
16622,16626,20412,20413,16627
16623,16627,20413,20414,16628
16624,16628,20414,20415,16629
16625,16629,20415,20416,16630
16626,16630,20416,20417,16631
16627,16631,20417,20418,16632
16628,16632,20418,20419,16633
16629,16633,20419,20420,16634
16630,16634,20420,20421,16635
16631,16635,20421,20422,16636
16632,16636,20422,20423,16637
16633,16637,20423,20424,16638
16634,16638,20424,20425,16639
16635,16639,20425,20426,16640
16636,16640,20426,20427,16641
16637,16641,20427,20428,16642
16638,16642,20428,20429,16643
16639,16643,20429,20430,16644
16640,16644,20430,20431,16645
16641,16645,20431,20432,16646
16642,16646,20432,20433,16647
16643,16647,20433,20434,16648
16644,16648,20434,20435,16649
16645,16649,20435,20436,16650
16646,16650,20436,20437,16651
16647,16651,20437,20438,16652
16648,16652,20438,20439,16653
16649,16653,20439,20440,16654
16650,16654,20440,20441,16655
16651,16655,20441,20442,16656
16652,16656,20442,20443,16657
16653,16657,20443,20444,16658
16654,16658,20444,20445,16659
16655,16659,20445,20446,16660
16656,16660,20446,20447,16661
16657,16661,20447,20448,16662
16658,16662,20448,20449,16663
16659,16663,20449,20450,16664
16660,16664,20450,20451,16665
16661,16665,20451,20452,16666
16662,16666,20452,20453,16667
16663,16667,20453,20454,16668
16664,16668,20454,20455,16669
16665,16669,20455,20456,16670
16666,16670,20456,20457,16671
16667,16671,20457,20458,16672
16668,16672,20458,20459,16673
16669,16673,20459,20460,16674
16670,16674,20460,20461,16675
16671,16675,20461,20462,16676
16672,16676,20462,20463,16677
16673,16677,20463,20464,16678
16674,16678,20464,20465,16679
16675,16679,20465,20466,16680
16676,16680,20466,20467,16681
16677,16681,20467,20468,16682
16678,16682,20468,20469,16683
16679,16683,20469,20470,16684
16680,16684,20470,20471,16685
16681,16685,20471,20472,16686
16682,16686,20472,20473,16687
16683,16687,20473,20474,16688
16684,16688,20474,20475,16689
16685,16689,20475,20476,16690
16686,16690,20476,20477,16691
16687,16691,20477,20478,16692
16688,16692,20478,20479,16693
16689,16693,20479,20480,16694
16690,16694,20480,20481,16695
16691,16695,20481,20482,16696
16692,16696,20482,20483,16697
16693,16697,20483,20484,16698
16694,16698,20484,20485,16699
16695,16699,20485,20486,16700
16696,16700,20486,20487,16701
16697,16701,20487,20488,16702
16698,16702,20488,20489,16703
16699,16703,20489,20490,16704
16700,16704,20490,20491,16705
16701,16705,20491,20492,16706
16702,16706,20492,20493,16707
16703,16707,20493,20494,16708
16704,16708,20494,20495,16709
16705,16709,20495,20496,16710
16706,16710,20496,20497,16711
16707,16711,20497,20498,16712
16708,16712,20498,20499,16713
16709,16713,20499,20500,16714
16710,16714,20500,20501,16715
16711,16715,20501,20502,16716
16712,16716,20502,20503,16717
16713,16717,20503,20504,16718
16714,16718,20504,20505,16719
16715,16719,20505,20506,16720
16716,16720,20506,20507,16721
16717,16721,20507,20508,16722
16718,16722,20508,20509,16723
16719,16723,20509,20510,16724
16720,16724,20510,20511,16725
16721,16725,20511,20512,16726
16722,16726,20512,20513,16727
16723,16727,20513,20514,16728
16724,16728,20514,20515,16729
16725,16729,20515,20516,16730
16726,16730,20516,20517,16731
16727,16731,20517,20518,16732
16728,16732,20518,20519,16733
16729,16733,20519,20520,16734
16730,16734,20520,20521,16735
16731,16735,20521,20522,16736
16732,16736,20522,20523,16737
16733,16737,20523,20524,16738
16734,16738,20524,20525,16739
16735,16739,20525,20526,16740
16736,16740,20526,20527,16741
16737,16741,20527,20528,16742
16738,16742,20528,20529,16743
16739,16743,20529,20530,16744
16740,16744,20530,20531,16745
16741,16745,20531,20532,16746
16742,16746,20532,20533,16747
16743,16747,20533,20534,16748
16744,16748,20534,20535,16749
16745,16749,20535,20536,16750
16746,16750,20536,20537,16751
16747,16751,20537,20538,16752
16748,16752,20538,20539,16753
16749,16753,20539,20540,16754
16750,16754,20540,20541,16755
16751,16755,20541,20542,16756
16752,16756,20542,20543,16757
16753,16757,20543,20544,16758
16754,16758,20544,20545,16759
16755,16759,20545,20546,16760
16756,16760,20546,20547,16761
16757,16761,20547,20548,16762
16758,16762,20548,20549,16763
16759,16763,20549,20550,16764
16760,16764,20550,20551,16765
16761,16765,20551,20552,16766
16762,16766,20552,20553,16767
16763,16767,20553,20554,16768
16764,16768,20554,20555,16769
16765,16769,20555,20556,16770
16766,16770,20556,20557,16771
16767,16771,20557,20558,16772
16768,16772,20558,20559,16773
16769,16773,20559,20560,16774
16770,16774,20560,20561,16775
16771,16775,20561,20562,16776
16772,16776,20562,20563,16777
16773,16777,20563,20564,16778
16774,16778,20564,20565,16779
16775,16779,20565,20566,16780
16776,16780,20566,20567,16781
16777,16781,20567,20568,16782
16778,16782,20568,20569,16783
16779,16783,20569,20570,16784
16780,16784,20570,20571,16785
16781,16785,20571,20572,16786
16782,16786,20572,20573,16787
16783,16787,20573,20574,16788
16784,16788,20574,20575,16789
16785,16789,20575,20576,16790
16786,16790,20576,20577,16791
16787,16791,20577,20578,16792
16788,16792,20578,20579,16793
16789,16793,20579,20580,16794
16790,16794,20580,20581,16795
16791,16795,20581,20582,16796
16792,16796,20582,20583,16797
16793,16797,20583,20584,16798
16794,16798,20584,20585,16799
16795,16799,20585,20586,16800
16796,16800,20586,20587,16801
16797,16801,20587,20588,16802
16798,16802,20588,20589,16803
16799,16803,20589,20590,16804
16800,16804,20590,20591,16805
16801,16805,20591,20592,16806
16802,16806,20592,20593,16807
16803,16807,20593,20594,16808
16804,16808,20594,20595,16809
16805,16809,20595,20596,16810
16806,16810,20596,20597,16811
16807,16811,20597,20598,16812
16808,16812,20598,20599,16813
16809,16813,20599,20600,16814
16810,16814,20600,20601,16815
16811,16815,20601,20602,16816
16812,16816,20602,20603,16817
16813,16817,20603,20604,16818
16814,16818,20604,20605,16819
16815,16819,20605,20606,16820
16816,16820,20606,20607,16821
16817,16821,20607,20608,16822
16818,16822,20608,20609,16823
16819,16823,20609,20610,16824
16820,16824,20610,20611,16825
16821,16825,20611,20612,16826
16822,16826,20612,20613,16827
16823,16827,20613,20614,16828
16824,16828,20614,20615,16829
16825,16829,20615,20616,16830
16826,16830,20616,20617,16831
16827,16831,20617,20618,16832
16828,16832,20618,20619,16833
16829,16833,20619,20620,16834
16830,16834,20620,20621,16835
16831,16835,20621,20622,16836
16832,16836,20622,20623,16837
16833,16837,20623,20624,16838
16834,16838,20624,20625,16839
16835,16839,20625,20626,16840
16836,16840,20626,20627,16841
16837,16841,20627,20628,16842
16838,16842,20628,20629,16843
16839,16843,20629,20630,16844
16840,16844,20630,20631,16845
16841,16845,20631,20632,16846
16842,16846,20632,20633,16847
16843,16847,20633,20634,16848
16844,16848,20634,20635,16849
16845,16849,20635,20636,16850
16846,16850,20636,20637,16851
16847,16851,20637,20638,16852
16848,16852,20638,20639,16853
16849,16853,20639,20640,16854
16850,16854,20640,20641,16855
16851,16855,20641,20642,16856
16852,16856,20642,20643,16857
16853,16857,20643,20644,16858
16854,16858,20644,20645,16859
16855,16859,20645,20646,16860
16856,16860,20646,20647,16861
16857,16861,20647,20648,16862
16858,16862,20648,20649,16863
16859,16863,20649,20650,16864
16860,16864,20650,20651,16865
16861,16865,20651,20652,16866
16862,16866,20652,20653,16867
16863,16867,20653,20654,16868
16864,16868,20654,20655,16869
16865,16869,20655,20656,16870
16866,16870,20656,20657,16871
16867,16871,20657,20658,16872
16868,16872,20658,20659,16873
16869,16873,20659,20660,16874
16870,16874,20660,20661,16875
16871,16875,20661,20662,16876
16872,16876,20662,20663,16877
16873,16877,20663,20664,16878
16874,16878,20664,20665,16879
16875,16879,20665,20666,16880
16876,16880,20666,20667,16881
16877,16881,20667,20668,16882
16878,16882,20668,20669,16883
16879,16883,20669,20670,16884
16880,16884,20670,20671,16885
16881,16885,20671,20672,16886
16882,16886,20672,20673,16887
16883,16887,20673,20674,16888
16884,16888,20674,20675,16889
16885,16889,20675,20676,16890
16886,16890,20676,20677,16891
16887,16891,20677,20678,16892
16888,16892,20678,20679,16893
16889,16893,20679,20680,16894
16890,16894,20680,20681,16895
16891,16895,20681,20682,16896
16892,16896,20682,20683,16897
16893,16897,20683,20684,16898
16894,16898,20684,20685,16899
16895,16899,20685,20686,16900
16896,16900,20686,20687,16901
16897,16901,20687,20688,16902
16898,16902,20688,20689,16903
16899,16903,20689,20690,16904
16900,16904,20690,20691,16905
16901,16905,20691,20692,16906
16902,16906,20692,20693,16907
16903,16907,20693,20694,16908
16904,16908,20694,20695,16909
16905,16909,20695,20696,16910
16906,16910,20696,20697,16911
16907,16911,20697,20698,16912
16908,16912,20698,20699,16913
16909,16913,20699,20700,16914
16910,16914,20700,20701,16915
16911,16915,20701,20702,16916
16912,16916,20702,20703,16917
16913,16917,20703,20704,16918
16914,16918,20704,20705,16919
16915,16919,20705,20706,16920
16916,16920,20706,20707,16921
16917,16921,20707,20708,16922
16918,16922,20708,20709,16923
16919,16923,20709,20710,16924
16920,16924,20710,20711,16925
16921,16925,20711,20712,16926
16922,16926,20712,20713,16927
16923,16927,20713,20714,16928
16924,16928,20714,20715,16929
16925,16929,20715,20716,16930
16926,16930,20716,20717,16931
16927,16931,20717,20718,16932
16928,16932,20718,20719,16933
16929,16933,20719,20720,16934
16930,16934,20720,20721,16935
16931,16935,20721,20722,16936
16932,16936,20722,20723,16937
16933,16937,20723,20724,16938
16934,16938,20724,20725,16939
16935,16939,20725,20726,16940
16936,16940,20726,20727,16941
16937,16941,20727,20728,16942
16938,16942,20728,20729,16943
16939,16943,20729,20730,16944
16940,16944,20730,20731,16945
16941,16945,20731,20732,16946
16942,16946,20732,20733,16947
16943,16947,20733,20734,16948
16944,16948,20734,20735,16949
16945,16949,20735,20736,16950
16946,16950,20736,20737,16951
16947,16951,20737,20738,16952
16948,16952,20738,20739,16953
16949,16953,20739,20740,16954
16950,16954,20740,20741,16955
16951,16955,20741,20742,16956
16952,16956,20742,20743,16957
16953,16957,20743,20744,16958
16954,16958,20744,20745,16959
16955,16959,20745,20746,16960
16956,16960,20746,20747,16961
16957,16961,20747,20748,16962
16958,16962,20748,20749,16963
16959,16963,20749,20750,16964
16960,16964,20750,20751,16965
16961,16965,20751,20752,16966
16962,16966,20752,20753,16967
16963,16967,20753,20754,16968
16964,16968,20754,20755,16969
16965,16969,20755,20756,16970
16966,16970,20756,20757,16971
16967,16971,20757,20758,16972
16968,16972,20758,20759,16973
16969,16973,20759,20760,16974
16970,16974,20760,20761,16975
16971,16975,20761,20762,16976
16972,16976,20762,20763,16977
16973,16977,20763,20764,16978
16974,16978,20764,20765,16979
16975,16979,20765,20766,16980
16976,16980,20766,20767,16981
16977,16981,20767,20768,16982
16978,16982,20768,20769,16983
16979,16983,20769,20770,16984
16980,16984,20770,20771,16985
16981,16985,20771,20772,16986
16982,16986,20772,20773,16987
16983,16987,20773,20774,16988
16984,16988,20774,20775,16989
16985,16989,20775,20776,16990
16986,16990,20776,20777,16991
16987,16991,20777,20778,16992
16988,16992,20778,20779,16993
16989,16993,20779,20780,16994
16990,16994,20780,20781,16995
16991,16995,20781,20782,16996
16992,16996,20782,20783,16997
16993,16997,20783,20784,16998
16994,16998,20784,20785,16999
16995,16999,20785,20786,17000
16996,17000,20786,20787,17001
16997,17001,20787,20788,17002
16998,17002,20788,20789,17003
16999,17003,20789,20790,17004
17000,17004,20790,20791,17005
17001,17005,20791,20792,17006
17002,17006,20792,20793,17007
17003,17007,20793,20794,17008
17004,17008,20794,20795,17009
17005,17009,20795,20796,17010
17006,17010,20796,20797,17011
17007,17011,20797,20798,17012
17008,17012,20798,20799,17013
17009,17013,20799,20800,17014
17010,17014,20800,20801,17015
17011,17015,20801,20802,17016
17012,17016,20802,20803,17017
17013,17017,20803,20804,17018
17014,17018,20804,20805,17019
17015,17019,20805,20806,17020
17016,17020,20806,20807,17021
17017,17021,20807,20808,17022
17018,17022,20808,20809,17023
17019,17023,20809,20810,17024
17020,17024,20810,20811,17025
17021,17025,20811,20812,17026
17022,17026,20812,20813,17027
17023,17027,20813,20814,17028
17024,17028,20814,20815,17029
17025,17029,20815,20816,17030
17026,17030,20816,20817,17031
17027,17031,20817,20818,17032
17028,17032,20818,20819,17033
17029,17033,20819,20820,17034
17030,17034,20820,20821,17035
17031,17035,20821,20822,17036
17032,17036,20822,20823,17037
17033,17037,20823,20824,17038
17034,17038,20824,20825,17039
17035,17039,20825,20826,17040
17036,17040,20826,20827,17041
17037,17041,20827,20828,17042
17038,17042,20828,20829,17043
17039,17043,20829,20830,17044
17040,17044,20830,20831,17045
17041,17045,20831,20832,17046
17042,17046,20832,20833,17047
17043,17047,20833,20834,17048
17044,17048,20834,20835,17049
17045,17049,20835,20836,17050
17046,17050,20836,20837,17051
17047,17051,20837,20838,17052
17048,17052,20838,20839,17053
17049,17053,20839,20840,17054
17050,17054,20840,20841,17055
17051,17055,20841,20842,17056
17052,17056,20842,20843,17057
17053,17057,20843,20844,17058
17054,17058,20844,20845,17059
17055,17059,20845,20846,17060
17056,17060,20846,20847,17061
17057,17061,20847,20848,17062
17058,17062,20848,20849,17063
17059,17063,20849,20850,17064
17060,17064,20850,20851,17065
17061,17065,20851,20852,17066
17062,17066,20852,20853,17067
17063,17067,20853,20854,17068
17064,17068,20854,20855,17069
17065,17069,20855,20856,17070
17066,17070,20856,20857,17071
17067,17071,20857,20858,17072
17068,17072,20858,20859,17073
17069,17073,20859,20860,17074
17070,17074,20860,20861,17075
17071,17075,20861,20862,17076
17072,17076,20862,20863,17077
17073,17077,20863,20864,17078
17074,17078,20864,20865,17079
17075,17079,20865,20866,17080
17076,17080,20866,20867,17081
17077,17081,20867,20868,17082
17078,17082,20868,20869,17083
17079,17083,20869,20870,17084
17080,17084,20870,20871,17085
17081,17085,20871,20872,17086
17082,17086,20872,20873,17087
17083,17087,20873,20874,17088
17084,17088,20874,20875,17089
17085,17089,20875,20876,17090
17086,17090,20876,20877,17091
17087,17091,20877,20878,17092
17088,17092,20878,20879,17093
17089,17093,20879,20880,17094
17090,17094,20880,20881,17095
17091,17095,20881,20882,17096
17092,17096,20882,20883,17097
17093,17097,20883,20884,17098
17094,17098,20884,20885,17099
17095,17099,20885,20886,17100
17096,17100,20886,20887,17101
17097,17101,20887,20888,17102
17098,17102,20888,20889,17103
17099,17103,20889,20890,17104
17100,17104,20890,20891,17105
17101,17105,20891,20892,17106
17102,17106,20892,20893,17107
17103,17107,20893,20894,17108
17104,17108,20894,20895,17109
17105,17109,20895,20896,17110
17106,17110,20896,20897,17111
17107,17111,20897,20898,17112
17108,17112,20898,20899,17113
17109,17113,20899,20900,17114
17110,17114,20900,20901,17115
17111,17115,20901,20902,17116
17112,17116,20902,20903,17117
17113,17117,20903,20904,17118
17114,17118,20904,20905,17119
17115,17119,20905,20906,17120
17116,17120,20906,20907,17121
17117,17121,20907,20908,17122
17118,17122,20908,20909,17123
17119,17123,20909,20910,17124
17120,17124,20910,20911,17125
17121,17125,20911,20912,17126
17122,17126,20912,20913,17127
17123,17127,20913,20914,17128
17124,17128,20914,20915,17129
17125,17129,20915,20916,17130
17126,17130,20916,20917,17131
17127,17131,20917,20918,17132
17128,17132,20918,20919,17133
17129,17133,20919,20920,17134
17130,17134,20920,20921,17135
17131,17135,20921,20922,17136
17132,17136,20922,20923,17137
17133,17137,20923,20924,17138
17134,17138,20924,20925,17139
17135,17139,20925,20926,17140
17136,17140,20926,20927,17141
17137,17141,20927,20928,17142
17138,17142,20928,20929,17143
17139,17143,20929,20930,17144
17140,17144,20930,20931,17145
17141,17145,20931,20932,17146
17142,17146,20932,20933,17147
17143,17147,20933,20934,17148
17144,17148,20934,20935,17149
17145,17149,20935,20936,17150
17146,17150,20936,20937,17151
17147,17151,20937,20938,17152
17148,17152,20938,20939,17153
17149,17153,20939,20940,17154
17150,17154,20940,20941,17155
17151,17155,20941,20942,17156
17152,17156,20942,20943,17157
17153,17157,20943,20944,17158
17154,17158,20944,20945,17159
17155,17159,20945,20946,17160
17156,17160,20946,20947,17161
17157,17161,20947,20948,17162
17158,17162,20948,20949,17163
17159,17163,20949,20950,17164
17160,17164,20950,20951,17165
17161,17165,20951,20952,17166
17162,17166,20952,20953,17167
17163,17167,20953,20954,17168
17164,17168,20954,20955,17169
17165,17169,20955,20956,17170
17166,17170,20956,20957,17171
17167,17171,20957,20958,17172
17168,17172,20958,20959,17173
17169,17173,20959,20960,17174
17170,17174,20960,20961,17175
17171,17175,20961,20962,17176
17172,17176,20962,20963,17177
17173,17177,20963,20964,17178
17174,17178,20964,20965,17179
17175,17179,20965,20966,17180
17176,17180,20966,20967,17181
17177,17181,20967,20968,17182
17178,17182,20968,20969,17183
17179,17183,20969,20970,17184
17180,17184,20970,20971,17185
17181,17185,20971,20972,17186
17182,17186,20972,20973,17187
17183,17187,20973,20974,17188
17184,17188,20974,20975,17189
17185,17189,20975,20976,17190
17186,17190,20976,20977,17191
17187,17191,20977,20978,17192
17188,17192,20978,20979,17193
17189,17193,20979,20980,17194
17190,17194,20980,20981,17195
17191,17195,20981,20982,17196
17192,17196,20982,20983,17197
17193,17197,20983,20984,17198
17194,17198,20984,20985,17199
17195,17199,20985,20986,17200
17196,17200,20986,20987,17201
17197,17201,20987,20988,17202
17198,17202,20988,20989,17203
17199,17203,20989,20990,17204
17200,17204,20990,20991,17205
17201,17205,20991,20992,17206
17202,17206,20992,20993,17207
17203,17207,20993,20994,17208
17204,17208,20994,20995,17209
17205,17209,20995,20996,17210
17206,17210,20996,20997,17211
17207,17211,20997,20998,17212
17208,17212,20998,20999,17213
17209,17213,20999,21000,17214
17210,17214,21000,21001,17215
17211,17215,21001,21002,17216
17212,17216,21002,21003,17217
17213,17217,21003,21004,17218
17214,17218,21004,21005,17219
17215,17219,21005,21006,17220
17216,17220,21006,21007,17221
17217,17221,21007,21008,17222
17218,17222,21008,21009,17223
17219,17223,21009,21010,17224
17220,17224,21010,21011,17225
17221,17225,21011,21012,17226
17222,17226,21012,21013,17227
17223,17227,21013,21014,17228
17224,17228,21014,21015,17229
17225,17229,21015,21016,17230
17226,17230,21016,21017,17231
17227,17231,21017,21018,17232
17228,17232,21018,21019,17233
17229,17233,21019,21020,17234
17230,17234,21020,21021,17235
17231,17235,21021,21022,17236
17232,17236,21022,21023,17237
17233,17237,21023,21024,17238
17234,17238,21024,21025,17239
17235,17239,21025,21026,17240
17236,17240,21026,21027,17241
17237,17241,21027,21028,17242
17238,17242,21028,21029,17243
17239,17243,21029,21030,17244
17240,17244,21030,21031,17245
17241,17245,21031,21032,17246
17242,17246,21032,21033,17247
17243,17247,21033,21034,17248
17244,17248,21034,21035,17249
17245,17249,21035,21036,17250
17246,17250,21036,21037,17251
17247,17251,21037,21038,17252
17248,17252,21038,21039,17253
17249,17253,21039,21040,17254
17250,17254,21040,21041,17255
17251,17255,21041,21042,17256
17252,17256,21042,21043,17257
17253,17257,21043,21044,17258
17254,17258,21044,21045,17259
17255,17259,21045,21046,17260
17256,17260,21046,21047,17261
17257,17261,21047,21048,17262
17258,17262,21048,21049,17263
17259,17263,21049,21050,17264
17260,17264,21050,21051,17265
17261,17265,21051,21052,17266
17262,17266,21052,21053,17267
17263,17267,21053,21054,17268
17264,17268,21054,21055,17269
17265,17269,21055,21056,17270
17266,17270,21056,21057,17271
17267,17271,21057,21058,17272
17268,17272,21058,21059,17273
17269,17273,21059,21060,17274
17270,17274,21060,21061,17275
17271,17275,21061,21062,17276
17272,17276,21062,21063,17277
17273,17277,21063,21064,17278
17274,17278,21064,21065,17279
17275,17279,21065,21066,17280
17276,17280,21066,21067,17281
17277,17281,21067,21068,17282
17278,17282,21068,21069,17283
17279,17283,21069,21070,17284
17280,17284,21070,21071,17285
17281,17285,21071,21072,17286
17282,17286,21072,21073,17287
17283,17287,21073,21074,17288
17284,17288,21074,21075,17289
17285,17289,21075,21076,17290
17286,17290,21076,21077,17291
17287,17291,21077,21078,17292
17288,17292,21078,21079,17293
17289,17293,21079,21080,17294
17290,17294,21080,21081,17295
17291,17295,21081,21082,17296
17292,17296,21082,21083,17297
17293,17297,21083,21084,17298
17294,17298,21084,21085,17299
17295,17299,21085,21086,17300
17296,17300,21086,21087,17301
17297,17301,21087,21088,17302
17298,17302,21088,21089,17303
17299,17303,21089,21090,17304
17300,17304,21090,21091,17305
17301,17305,21091,21092,17306
17302,17306,21092,21093,17307
17303,17307,21093,21094,17308
17304,17308,21094,21095,17309
17305,17309,21095,21096,17310
17306,17310,21096,21097,17311
17307,17311,21097,21098,17312
17308,17312,21098,21099,17313
17309,17313,21099,21100,17314
17310,17314,21100,21101,17315
17311,17315,21101,21102,17316
17312,17316,21102,21103,17317
17313,17317,21103,21104,17318
17314,17318,21104,21105,17319
17315,17319,21105,21106,17320
17316,17320,21106,21107,17321
17317,17321,21107,21108,17322
17318,17322,21108,21109,17323
17319,17323,21109,21110,17324
17320,17324,21110,21111,17325
17321,17325,21111,21112,17326
17322,17326,21112,21113,17327
17323,17327,21113,21114,17328
17324,17328,21114,21115,17329
17325,17329,21115,21116,17330
17326,17330,21116,21117,17331
17327,17331,21117,21118,17332
17328,17332,21118,21119,17333
17329,17333,21119,21120,17334
17330,17334,21120,21121,17335
17331,17335,21121,21122,17336
17332,17336,21122,21123,17337
17333,17337,21123,21124,17338
17334,17338,21124,21125,17339
17335,17339,21125,21126,17340
17336,17340,21126,21127,17341
17337,17341,21127,21128,17342
17338,17342,21128,21129,17343
17339,17343,21129,21130,17344
17340,17344,21130,21131,17345
17341,17345,21131,21132,17346
17342,17346,21132,21133,17347
17343,17347,21133,21134,17348
17344,17348,21134,21135,17349
17345,17349,21135,21136,17350
17346,17350,21136,21137,17351
17347,17351,21137,21138,17352
17348,17352,21138,21139,17353
17349,17353,21139,21140,17354
17350,17354,21140,21141,17355
17351,17355,21141,21142,17356
17352,17356,21142,21143,17357
17353,17357,21143,21144,17358
17354,17358,21144,21145,17359
17355,17359,21145,21146,17360
17356,17360,21146,21147,17361
17357,17361,21147,21148,17362
17358,17362,21148,21149,17363
17359,17363,21149,21150,17364
17360,17364,21150,21151,17365
17361,17365,21151,21152,17366
17362,17366,21152,21153,17367
17363,17367,21153,21154,17368
17364,17368,21154,21155,17369
17365,17369,21155,21156,17370
17366,17370,21156,21157,17371
17367,17371,21157,21158,17372
17368,17372,21158,21159,17373
17369,17373,21159,21160,17374
17370,17374,21160,21161,17375
17371,17375,21161,21162,17376
17372,17376,21162,21163,17377
17373,17377,21163,21164,17378
17374,17378,21164,21165,17379
17375,17379,21165,21166,17380
17376,17380,21166,21167,17381
17377,17381,21167,21168,17382
17378,17382,21168,21169,17383
17379,17383,21169,21170,17384
17380,17384,21170,21171,17385
17381,17385,21171,21172,17386
17382,17386,21172,21173,17387
17383,17387,21173,21174,17388
17384,17388,21174,21175,17389
17385,17389,21175,21176,17390
17386,17390,21176,21177,17391
17387,17391,21177,21178,17392
17388,17392,21178,21179,17393
17389,17393,21179,21180,17394
17390,17394,21180,21181,17395
17391,17395,21181,21182,17396
17392,17396,21182,21183,17397
17393,17397,21183,21184,17398
17394,17398,21184,21185,17399
17395,17399,21185,21186,17400
17396,17400,21186,21187,17401
17397,17401,21187,21188,17402
17398,17402,21188,21189,17403
17399,17403,21189,21190,17404
17400,17404,21190,21191,17405
17401,17405,21191,21192,17406
17402,17406,21192,21193,17407
17403,17407,21193,21194,17408
17404,17408,21194,21195,17409
17405,17409,21195,21196,17410
17406,17410,21196,21197,17411
17407,17411,21197,21198,17412
17408,17412,21198,21199,17413
17409,17413,21199,21200,17414
17410,17414,21200,21201,17415
17411,17415,21201,21202,17416
17412,17416,21202,21203,17417
17413,17417,21203,21204,17418
17414,17418,21204,21205,17419
17415,17419,21205,21206,17420
17416,17420,21206,21207,17421
17417,17421,21207,21208,17422
17418,17422,21208,21209,17423
17419,17423,21209,21210,17424
17420,17424,21210,21211,17425
17421,17425,21211,21212,17426
17422,17426,21212,21213,17427
17423,17427,21213,21214,17428
17424,17428,21214,21215,17429
17425,17429,21215,21216,17430
17426,17430,21216,21217,17431
17427,17431,21217,21218,17432
17428,17432,21218,21219,17433
17429,17433,21219,21220,17434
17430,17434,21220,21221,17435
17431,17435,21221,21222,17436
17432,17436,21222,21223,17437
17433,17437,21223,21224,17438
17434,17438,21224,21225,17439
17435,17439,21225,21226,17440
17436,17440,21226,21227,17441
17437,17441,21227,21228,17442
17438,17442,21228,21229,17443
17439,17443,21229,21230,17444
17440,17444,21230,21231,17445
17441,17445,21231,21232,17446
17442,17446,21232,21233,17447
17443,17447,21233,21234,17448
17444,17448,21234,21235,17449
17445,17449,21235,21236,17450
17446,17450,21236,21237,17451
17447,17451,21237,21238,17452
17448,17452,21238,21239,17453
17449,17453,21239,21240,17454
17450,17454,21240,21241,17455
17451,17455,21241,21242,17456
17452,17456,21242,21243,17457
17453,17457,21243,21244,17458
17454,17458,21244,21245,17459
17455,17459,21245,21246,17460
17456,17460,21246,21247,17461
17457,17461,21247,21248,17462
17458,17462,21248,21249,17463
17459,17463,21249,21250,17464
17460,17464,21250,21251,17465
17461,17465,21251,21252,17466
17462,17466,21252,21253,17467
17463,17467,21253,21254,17468
17464,17468,21254,21255,17469
17465,17469,21255,21256,17470
17466,17470,21256,21257,17471
17467,17471,21257,21258,17472
17468,17472,21258,21259,17473
17469,17473,21259,21260,17474
17470,17474,21260,21261,17475
17471,17475,21261,21262,17476
17472,17476,21262,21263,17477
17473,17477,21263,21264,17478
17474,17478,21264,21265,17479
17475,17479,21265,21266,17480
17476,17480,21266,21267,17481
17477,17481,21267,21268,17482
17478,17482,21268,21269,17483
17479,17483,21269,21270,17484
17480,17484,21270,21271,17485
17481,17485,21271,21272,17486
17482,17486,21272,21273,17487
17483,17487,21273,21274,17488
17484,17488,21274,21275,17489
17485,17489,21275,21276,17490
17486,17490,21276,21277,17491
17487,17491,21277,21278,17492
17488,17492,21278,21279,17493
17489,17493,21279,21280,17494
17490,17494,21280,21281,17495
17491,17495,21281,21282,17496
17492,17496,21282,21283,17497
17493,17497,21283,21284,17498
17494,17498,21284,21285,17499
17495,17499,21285,21286,17500
17496,17500,21286,21287,17501
17497,17501,21287,21288,17502
17498,17502,21288,21289,17503
17499,17503,21289,21290,17504
17500,17504,21290,21291,17505
17501,17505,21291,21292,17506
17502,17506,21292,21293,17507
17503,17507,21293,21294,17508
17504,17508,21294,21295,17509
17505,17509,21295,21296,17510
17506,17510,21296,21297,17511
17507,17511,21297,21298,17512
17508,17512,21298,21299,17513
17509,17513,21299,21300,17514
17510,17514,21300,21301,17515
17511,17515,21301,21302,17516
17512,17516,21302,21303,17517
17513,17517,21303,21304,17518
17514,17518,21304,21305,17519
17515,17519,21305,21306,17520
17516,17520,21306,21307,17521
17517,17521,21307,21308,17522
17518,17522,21308,21309,17523
17519,17523,21309,21310,17524
17520,17524,21310,21311,17525
17521,17525,21311,21312,17526
17522,17526,21312,21313,17527
17523,17527,21313,21314,17528
17524,17528,21314,21315,17529
17525,17529,21315,21316,17530
17526,17530,21316,21317,17531
17527,17531,21317,21318,17532
17528,17532,21318,21319,17533
17529,17533,21319,21320,17534
17530,17534,21320,21321,17535
17531,17535,21321,21322,17536
17532,17536,21322,21323,17537
17533,17537,21323,21324,17538
17534,17538,21324,21325,17539
17535,17539,21325,21326,17540
17536,17540,21326,21327,17541
17537,17541,21327,21328,17542
17538,17542,21328,21329,17543
17539,17543,21329,21330,17544
17540,17544,21330,21331,17545
17541,17545,21331,21332,17546
17542,17546,21332,21333,17547
17543,17547,21333,21334,17548
17544,17548,21334,21335,17549
17545,17549,21335,21336,17550
17546,17550,21336,21337,17551
17547,17551,21337,21338,17552
17548,17552,21338,21339,17553
17549,17553,21339,21340,17554
17550,17554,21340,21341,17555
17551,17555,21341,21342,17556
17552,17556,21342,21343,17557
17553,17557,21343,21344,17558
17554,17558,21344,21345,17559
17555,17559,21345,21346,17560
17556,17560,21346,21347,17561
17557,17561,21347,21348,17562
17558,17562,21348,21349,17563
17559,17563,21349,21350,17564
17560,17564,21350,21351,17565
17561,17565,21351,21352,17566
17562,17566,21352,21353,17567
17563,17567,21353,21354,17568
17564,17568,21354,21355,17569
17565,17569,21355,21356,17570
17566,17570,21356,21357,17571
17567,17571,21357,21358,17572
17568,17572,21358,21359,17573
17569,17573,21359,21360,17574
17570,17574,21360,21361,17575
17571,17575,21361,21362,17576
17572,17576,21362,21363,17577
17573,17577,21363,21364,17578
17574,17578,21364,21365,17579
17575,17579,21365,21366,17580
17576,17580,21366,21367,17581
17577,17581,21367,21368,17582
17578,17582,21368,21369,17583
17579,17583,21369,21370,17584
17580,17584,21370,21371,17585
17581,17585,21371,21372,17586
17582,17586,21372,21373,17587
17583,17587,21373,21374,17588
17584,17588,21374,21375,17589
17585,17589,21375,21376,17590
17586,17590,21376,21377,17591
17587,17591,21377,21378,17592
17588,17592,21378,21379,17593
17589,17593,21379,21380,17594
17590,17594,21380,21381,17595
17591,17595,21381,21382,17596
17592,17596,21382,21383,17597
17593,17597,21383,21384,17598
17594,17598,21384,21385,17599
17595,17599,21385,21386,17600
17596,17600,21386,21387,17601
17597,17601,21387,21388,17602
17598,17602,21388,21389,17603
17599,17603,21389,21390,17604
17600,17604,21390,21391,17605
17601,17605,21391,21392,17606
17602,17606,21392,21393,17607
17603,17607,21393,21394,17608
17604,17608,21394,21395,17609
17605,17609,21395,21396,17610
17606,17610,21396,21397,17611
17607,17611,21397,21398,17612
17608,17612,21398,21399,17613
17609,17613,21399,21400,17614
17610,17614,21400,21401,17615
17611,17615,21401,21402,17616
17612,17616,21402,21403,17617
17613,17617,21403,21404,17618
17614,17618,21404,21405,17619
17615,17619,21405,21406,17620
17616,17620,21406,21407,17621
17617,17621,21407,21408,17622
17618,17622,21408,21409,17623
17619,17623,21409,21410,17624
17620,17624,21410,21411,17625
17621,17625,21411,21412,17626
17622,17626,21412,21413,17627
17623,17627,21413,21414,17628
17624,17628,21414,21415,17629
17625,17629,21415,21416,17630
17626,17630,21416,21417,17631
17627,17631,21417,21418,17632
17628,17632,21418,21419,17633
17629,17633,21419,21420,17634
17630,17634,21420,21421,17635
17631,17635,21421,21422,17636
17632,17636,21422,21423,17637
17633,17637,21423,21424,17638
17634,17638,21424,21425,17639
17635,17639,21425,21426,17640
17636,17640,21426,21427,17641
17637,17641,21427,21428,17642
17638,17642,21428,21429,17643
17639,17643,21429,21430,17644
17640,17644,21430,21431,17645
17641,17645,21431,21432,17646
17642,17646,21432,21433,17647
17643,17647,21433,21434,17648
17644,17648,21434,21435,17649
17645,17649,21435,21436,17650
17646,17650,21436,21437,17651
17647,17651,21437,21438,17652
17648,17652,21438,21439,17653
17649,17653,21439,21440,17654
17650,17654,21440,21441,17655
17651,17655,21441,21442,17656
17652,17656,21442,21443,17657
17653,17657,21443,21444,17658
17654,17658,21444,21445,17659
17655,17659,21445,21446,17660
17656,17660,21446,21447,17661
17657,17661,21447,21448,17662
17658,17662,21448,21449,17663
17659,17663,21449,21450,17664
17660,17664,21450,21451,17665
17661,17665,21451,21452,17666
17662,17666,21452,21453,17667
17663,17667,21453,21454,17668
17664,17668,21454,21455,17669
17665,17669,21455,21456,17670
17666,17670,21456,21457,17671
17667,17671,21457,21458,17672
17668,17672,21458,21459,17673
17669,17673,21459,21460,17674
17670,17674,21460,21461,17675
17671,17675,21461,21462,17676
17672,17676,21462,21463,17677
17673,17677,21463,21464,17678
17674,17678,21464,21465,17679
17675,17679,21465,21466,17680
17676,17680,21466,21467,17681
17677,17681,21467,21468,17682
17678,17682,21468,21469,17683
17679,17683,21469,21470,17684
17680,17684,21470,21471,17685
17681,17685,21471,21472,17686
17682,17686,21472,21473,17687
17683,17687,21473,21474,17688
17684,17688,21474,21475,17689
17685,17689,21475,21476,17690
17686,17690,21476,21477,17691
17687,17691,21477,21478,17692
17688,17692,21478,21479,17693
17689,17693,21479,21480,17694
17690,17694,21480,21481,17695
17691,17695,21481,21482,17696
17692,17696,21482,21483,17697
17693,17697,21483,21484,17698
17694,17698,21484,21485,17699
17695,17699,21485,21486,17700
17696,17700,21486,21487,17701
17697,17701,21487,21488,17702
17698,17702,21488,21489,17703
17699,17703,21489,21490,17704
17700,17704,21490,21491,17705
17701,17705,21491,21492,17706
17702,17706,21492,21493,17707
17703,17707,21493,21494,17708
17704,17708,21494,21495,17709
17705,17709,21495,21496,17710
17706,17710,21496,21497,17711
17707,17711,21497,21498,17712
17708,17712,21498,21499,17713
17709,17713,21499,21500,17714
17710,17714,21500,21501,17715
17711,17715,21501,21502,17716
17712,17716,21502,21503,17717
17713,17717,21503,21504,17718
17714,17718,21504,21505,17719
17715,17719,21505,21506,17720
17716,17720,21506,21507,17721
17717,17721,21507,21508,17722
17718,17722,21508,21509,17723
17719,17723,21509,21510,17724
17720,17724,21510,21511,17725
17721,17725,21511,21512,17726
17722,17726,21512,21513,17727
17723,17727,21513,21514,17728
17724,17728,21514,21515,17729
17725,17729,21515,21516,17730
17726,17730,21516,21517,17731
17727,17731,21517,21518,17732
17728,17732,21518,21519,17733
17729,17733,21519,21520,17734
17730,17734,21520,21521,17735
17731,17735,21521,21522,17736
17732,17736,21522,21523,17737
17733,17737,21523,21524,17738
17734,17738,21524,21525,17739
17735,17739,21525,21526,17740
17736,17740,21526,21527,17741
17737,17741,21527,21528,17742
17738,17742,21528,21529,17743
17739,17743,21529,21530,17744
17740,17744,21530,21531,17745
17741,17745,21531,21532,17746
17742,17746,21532,21533,17747
17743,17747,21533,21534,17748
17744,17748,21534,21535,17749
17745,17749,21535,21536,17750
17746,17750,21536,21537,17751
17747,17751,21537,21538,17752
17748,17752,21538,21539,17753
17749,17753,21539,21540,17754
17750,17754,21540,21541,17755
17751,17755,21541,21542,17756
17752,17756,21542,21543,17757
17753,17757,21543,21544,17758
17754,17758,21544,21545,17759
17755,17759,21545,21546,17760
17756,17760,21546,21547,17761
17757,17761,21547,21548,17762
17758,17762,21548,21549,17763
17759,17763,21549,21550,17764
17760,17764,21550,21551,17765
17761,17765,21551,21552,17766
17762,17766,21552,21553,17767
17763,17767,21553,21554,17768
17764,17768,21554,21555,17769
17765,17769,21555,21556,17770
17766,17770,21556,21557,17771
17767,17771,21557,21558,17772
17768,17772,21558,21559,17773
17769,17773,21559,21560,17774
17770,17774,21560,21561,17775
17771,17775,21561,21562,17776
17772,17776,21562,21563,17777
17773,17777,21563,21564,17778
17774,17778,21564,21565,17779
17775,17779,21565,21566,17780
17776,17780,21566,21567,17781
17777,17781,21567,21568,17782
17778,17782,21568,21569,17783
17779,17783,21569,21570,17784
17780,17784,21570,21571,17785
17781,17785,21571,21572,17786
17782,17786,21572,21573,17787
17783,17787,21573,21574,17788
17784,17788,21574,21575,17789
17785,17789,21575,21576,17790
17786,17790,21576,21577,17791
17787,17791,21577,21578,17792
17788,17792,21578,21579,17793
17789,17793,21579,21580,17794
17790,17794,21580,21581,17795
17791,17795,21581,21582,17796
17792,17796,21582,21583,17797
17793,17797,21583,21584,17798
17794,17798,21584,21585,17799
17795,17799,21585,21586,17800
17796,17800,21586,21587,17801
17797,17801,21587,21588,17802
17798,17802,21588,21589,17803
17799,17803,21589,21590,17804
17800,17804,21590,21591,17805
17801,17805,21591,21592,17806
17802,17806,21592,21593,17807
17803,17807,21593,21594,17808
17804,17808,21594,21595,17809
17805,17809,21595,21596,17810
17806,17810,21596,21597,17811
17807,17811,21597,21598,17812
17808,17812,21598,21599,17813
17809,17813,21599,21600,17814
17810,17814,21600,21601,17815
17811,17815,21601,21602,17816
17812,17816,21602,21603,17817
17813,17817,21603,21604,17818
17814,17818,21604,21605,17819
17815,17819,21605,21606,17820
17816,17820,21606,21607,17821
17817,17821,21607,21608,17822
17818,17822,21608,21609,17823
17819,17823,21609,21610,17824
17820,17824,21610,21611,17825
17821,17825,21611,21612,17826
17822,17826,21612,21613,17827
17823,17827,21613,21614,17828
17824,17828,21614,21615,17829
17825,17829,21615,21616,17830
17826,17830,21616,21617,17831
17827,17831,21617,21618,17832
17828,17832,21618,21619,17833
17829,17833,21619,21620,17834
17830,17834,21620,21621,17835
17831,17835,21621,21622,17836
17832,17836,21622,21623,17837
17833,17837,21623,21624,17838
17834,17838,21624,21625,17839
17835,17839,21625,21626,17840
17836,17840,21626,21627,17841
17837,17841,21627,21628,17842
17838,17842,21628,21629,17843
17839,17843,21629,21630,17844
17840,17844,21630,21631,17845
17841,17845,21631,21632,17846
17842,17846,21632,21633,17847
17843,17847,21633,21634,17848
17844,17848,21634,21635,17849
17845,17849,21635,21636,17850
17846,17850,21636,21637,17851
17847,17851,21637,21638,17852
17848,17852,21638,21639,17853
17849,17853,21639,21640,17854
17850,17854,21640,21641,17855
17851,17855,21641,21642,17856
17852,17856,21642,21643,17857
17853,17857,21643,21644,17858
17854,17858,21644,21645,17859
17855,17859,21645,21646,17860
17856,17860,21646,21647,17861
17857,17861,21647,21648,17862
17858,17862,21648,21649,17863
17859,17863,21649,21650,17864
17860,17864,21650,21651,17865
17861,17865,21651,21652,17866
17862,17866,21652,21653,17867
17863,17867,21653,21654,17868
17864,17868,21654,21655,17869
17865,17869,21655,21656,17870
17866,17870,21656,21657,17871
17867,17871,21657,21658,17872
17868,17872,21658,21659,17873
17869,17873,21659,21660,17874
17870,17874,21660,21661,17875
17871,17875,21661,21662,17876
17872,17876,21662,21663,17877
17873,17877,21663,21664,17878
17874,17878,21664,21665,17879
17875,17879,21665,21666,17880
17876,17880,21666,21667,17881
17877,17881,21667,21668,17882
17878,17882,21668,21669,17883
17879,17883,21669,21670,17884
17880,17884,21670,21671,17885
17881,17885,21671,21672,17886
17882,17886,21672,21673,17887
17883,17887,21673,21674,17888
17884,17888,21674,21675,17889
17885,17889,21675,21676,17890
17886,17890,21676,21677,17891
17887,17891,21677,21678,17892
17888,17892,21678,21679,17893
17889,17893,21679,21680,17894
17890,17894,21680,21681,17895
17891,17895,21681,21682,17896
17892,17896,21682,21683,17897
17893,17897,21683,21684,17898
17894,17898,21684,21685,17899
17895,17899,21685,21686,17900
17896,17900,21686,21687,17901
17897,17901,21687,21688,17902
17898,17902,21688,21689,17903
17899,17903,21689,21690,17904
17900,17904,21690,21691,17905
17901,17905,21691,21692,17906
17902,17906,21692,21693,17907
17903,17907,21693,21694,17908
17904,17908,21694,21695,17909
17905,17909,21695,21696,17910
17906,17910,21696,21697,17911
17907,17911,21697,21698,17912
17908,17912,21698,21699,17913
17909,17913,21699,21700,17914
17910,17914,21700,21701,17915
17911,17915,21701,21702,17916
17912,17916,21702,21703,17917
17913,17917,21703,21704,17918
17914,17918,21704,21705,17919
17915,17919,21705,21706,17920
17916,17920,21706,21707,17921
17917,17921,21707,21708,17922
17918,17922,21708,21709,17923
17919,17923,21709,21710,17924
17920,17924,21710,21711,17925
17921,17925,21711,21712,17926
17922,17926,21712,21713,17927
17923,17927,21713,21714,17928
17924,17928,21714,21715,17929
17925,17929,21715,21716,17930
17926,17930,21716,21717,17931
17927,17931,21717,21718,17932
17928,17932,21718,21719,17933
17929,17933,21719,21720,17934
17930,17934,21720,21721,17935
17931,17935,21721,21722,17936
17932,17936,21722,21723,17937
17933,17937,21723,21724,17938
17934,17938,21724,21725,17939
17935,17939,21725,21726,17940
17936,17940,21726,21727,17941
17937,17941,21727,21728,17942
17938,17942,21728,21729,17943
17939,17943,21729,21730,17944
17940,17944,21730,21731,17945
17941,17945,21731,21732,17946
17942,17946,21732,21733,17947
17943,17947,21733,21734,17948
17944,17948,21734,21735,17949
17945,17949,21735,21736,17950
17946,17950,21736,21737,17951
17947,17951,21737,21738,17952
17948,17952,21738,21739,17953
17949,17953,21739,21740,17954
17950,17954,21740,21741,17955
17951,17955,21741,21742,17956
17952,17956,21742,21743,17957
17953,17957,21743,21744,17958
17954,17958,21744,21745,17959
17955,17959,21745,21746,17960
17956,17960,21746,21747,17961
17957,17961,21747,21748,17962
17958,17962,21748,21749,17963
17959,17963,21749,21750,17964
17960,17964,21750,21751,17965
17961,17965,21751,21752,17966
17962,17966,21752,21753,17967
17963,17967,21753,21754,17968
17964,17968,21754,21755,17969
17965,17969,21755,21756,17970
17966,17970,21756,21757,17971
17967,17971,21757,21758,17972
17968,17972,21758,21759,17973
17969,17973,21759,21760,17974
17970,17974,21760,21761,17975
17971,17975,21761,21762,17976
17972,17976,21762,21763,17977
17973,17977,21763,21764,17978
17974,17978,21764,21765,17979
17975,17979,21765,21766,17980
17976,17980,21766,21767,17981
17977,17981,21767,21768,17982
17978,17982,21768,21769,17983
17979,17983,21769,21770,17984
17980,17984,21770,21771,17985
17981,17985,21771,21772,17986
17982,17986,21772,21773,17987
17983,17987,21773,21774,17988
17984,17988,21774,21775,17989
17985,17989,21775,21776,17990
17986,17990,21776,21777,17991
17987,17991,21777,21778,17992
17988,17992,21778,21779,17993
17989,17993,21779,21780,17994
17990,17994,21780,21781,17995
17991,17995,21781,21782,17996
17992,17996,21782,21783,17997
17993,17997,21783,21784,17998
17994,17998,21784,21785,17999
17995,17999,21785,21786,18000
17996,18000,21786,21787,18001
17997,18001,21787,21788,18002
17998,18002,21788,21789,18003
17999,18003,21789,21790,18004
18000,18004,21790,21791,18005
18001,18005,21791,21792,18006
18002,18006,21792,21793,18007
18003,18007,21793,21794,18008
18004,18008,21794,21795,18009
18005,18009,21795,21796,18010
18006,18010,21796,21797,18011
18007,18011,21797,21798,18012
18008,18012,21798,21799,18013
18009,18013,21799,21800,18014
18010,18014,21800,21801,18015
18011,18015,21801,21802,18016
18012,18016,21802,21803,18017
18013,18017,21803,21804,18018
18014,18018,21804,21805,18019
18015,18019,21805,21806,18020
18016,18020,21806,21807,18021
18017,18021,21807,21808,18022
18018,18022,21808,21809,18023
18019,18023,21809,21810,18024
18020,18024,21810,21811,18025
18021,18025,21811,21812,18026
18022,18026,21812,21813,18027
18023,18027,21813,21814,18028
18024,18028,21814,21815,18029
18025,18029,21815,21816,18030
18026,18030,21816,21817,18031
18027,18031,21817,21818,18032
18028,18032,21818,21819,18033
18029,18033,21819,21820,18034
18030,18034,21820,21821,18035
18031,18035,21821,21822,18036
18032,18036,21822,21823,18037
18033,18037,21823,21824,18038
18034,18038,21824,21825,18039
18035,18039,21825,21826,18040
18036,18040,21826,21827,18041
18037,18041,21827,21828,18042
18038,18042,21828,21829,18043
18039,18043,21829,21830,18044
18040,18044,21830,21831,18045
18041,18045,21831,21832,18046
18042,18046,21832,21833,18047
18043,18047,21833,21834,18048
18044,18048,21834,21835,18049
18045,18049,21835,21836,18050
18046,18050,21836,21837,18051
18047,18051,21837,21838,18052
18048,18052,21838,21839,18053
18049,18053,21839,21840,18054
18050,18054,21840,21841,18055
18051,18055,21841,21842,18056
18052,18056,21842,21843,18057
18053,18057,21843,21844,18058
18054,18058,21844,21845,18059
18055,18059,21845,21846,18060
18056,18060,21846,21847,18061
18057,18061,21847,21848,18062
18058,18062,21848,21849,18063
18059,18063,21849,21850,18064
18060,18064,21850,21851,18065
18061,18065,21851,21852,18066
18062,18066,21852,21853,18067
18063,18067,21853,21854,18068
18064,18068,21854,21855,18069
18065,18069,21855,21856,18070
18066,18070,21856,21857,18071
18067,18071,21857,21858,18072
18068,18072,21858,21859,18073
18069,18073,21859,21860,18074
18070,18074,21860,21861,18075
18071,18075,21861,21862,18076
18072,18076,21862,21863,18077
18073,18077,21863,21864,18078
18074,18078,21864,21865,18079
18075,18079,21865,21866,18080
18076,18080,21866,21867,18081
18077,18081,21867,21868,18082
18078,18082,21868,21869,18083
18079,18083,21869,21870,18084
18080,18084,21870,21871,18085
18081,18085,21871,21872,18086
18082,18086,21872,21873,18087
18083,18087,21873,21874,18088
18084,18088,21874,21875,18089
18085,18089,21875,21876,18090
18086,18090,21876,21877,18091
18087,18091,21877,21878,18092
18088,18092,21878,21879,18093
18089,18093,21879,21880,18094
18090,18094,21880,21881,18095
18091,18095,21881,21882,18096
18092,18096,21882,21883,18097
18093,18097,21883,21884,18098
18094,18098,21884,21885,18099
18095,18099,21885,21886,18100
18096,18100,21886,21887,18101
18097,18101,21887,21888,18102
18098,18102,21888,21889,18103
18099,18103,21889,21890,18104
18100,18104,21890,21891,18105
18101,18105,21891,21892,18106
18102,18106,21892,21893,18107
18103,18107,21893,21894,18108
18104,18108,21894,21895,18109
18105,18109,21895,21896,18110
18106,18110,21896,21897,18111
18107,18111,21897,21898,18112
18108,18112,21898,21899,18113
18109,18113,21899,21900,18114
18110,18114,21900,21901,18115
18111,18115,21901,21902,18116
18112,18116,21902,21903,18117
18113,18117,21903,21904,18118
18114,18118,21904,21905,18119
18115,18119,21905,21906,18120
18116,18120,21906,21907,18121
18117,18121,21907,21908,18122
18118,18122,21908,21909,18123
18119,18123,21909,21910,18124
18120,18124,21910,21911,18125
18121,18125,21911,21912,18126
18122,18126,21912,21913,18127
18123,18127,21913,21914,18128
18124,18128,21914,21915,18129
18125,18129,21915,21916,18130
18126,18130,21916,21917,18131
18127,18131,21917,21918,18132
18128,18132,21918,21919,18133
18129,18133,21919,21920,18134
18130,18134,21920,21921,18135
18131,18135,21921,21922,18136
18132,18136,21922,21923,18137
18133,18137,21923,21924,18138
18134,18138,21924,21925,18139
18135,18139,21925,21926,18140
18136,18140,21926,21927,18141
18137,18141,21927,21928,18142
18138,18142,21928,21929,18143
18139,18143,21929,21930,18144
18140,18144,21930,21931,18145
18141,18145,21931,21932,18146
18142,18146,21932,21933,18147
18143,18147,21933,21934,18148
18144,18148,21934,21935,18149
18145,18149,21935,21936,18150
18146,18150,21936,21937,18151
18147,18151,21937,21938,18152
18148,18152,21938,21939,18153
18149,18153,21939,21940,18154
18150,18154,21940,21941,18155
18151,18155,21941,21942,18156
18152,18156,21942,21943,18157
18153,18157,21943,21944,18158
18154,18158,21944,21945,18159
18155,18159,21945,21946,18160
18156,18160,21946,21947,18161
18157,18161,21947,21948,18162
18158,18162,21948,21949,18163
18159,18163,21949,21950,18164
18160,18164,21950,21951,18165
18161,18165,21951,21952,18166
18162,18166,21952,21953,18167
18163,18167,21953,21954,18168
18164,18168,21954,21955,18169
18165,18169,21955,21956,18170
18166,18170,21956,21957,18171
18167,18171,21957,21958,18172
18168,18172,21958,21959,18173
18169,18173,21959,21960,18174
18170,18174,21960,21961,18175
18171,18175,21961,21962,18176
18172,18176,21962,21963,18177
18173,18177,21963,21964,18178
18174,18178,21964,21965,18179
18175,18179,21965,21966,18180
18176,18180,21966,21967,18181
18177,18181,21967,21968,18182
18178,18182,21968,21969,18183
18179,18183,21969,21970,18184
18180,18184,21970,21971,18185
18181,18185,21971,21972,18186
18182,18186,21972,21973,18187
18183,18187,21973,21974,18188
18184,18188,21974,21975,18189
18185,18189,21975,21976,18190
18186,18190,21976,21977,18191
18187,18191,21977,21978,18192
18188,18192,21978,21979,18193
18189,18193,21979,21980,18194
18190,18194,21980,21981,18195
18191,18195,21981,21982,18196
18192,18196,21982,21983,18197
18193,18197,21983,21984,18198
18194,18198,21984,21985,18199
18195,18199,21985,21986,18200
18196,18200,21986,21987,18201
18197,18201,21987,21988,18202
18198,18202,21988,21989,18203
18199,18203,21989,21990,18204
18200,18204,21990,21991,18205
18201,18205,21991,21992,18206
18202,18206,21992,21993,18207
18203,18207,21993,21994,18208
18204,18208,21994,21995,18209
18205,18209,21995,21996,18210
18206,18210,21996,21997,18211
18207,18211,21997,21998,18212
18208,18212,21998,21999,18213
18209,18213,21999,22000,18214
18210,18214,22000,22001,18215
18211,18215,22001,22002,18216
18212,18216,22002,22003,18217
18213,18217,22003,22004,18218
18214,18218,22004,22005,18219
18215,18219,22005,22006,18220
18216,18220,22006,22007,18221
18217,18221,22007,22008,18222
18218,18222,22008,22009,18223
18219,18223,22009,22010,18224
18220,18224,22010,22011,18225
18221,18225,22011,22012,18226
18222,18226,22012,22013,18227
18223,18227,22013,22014,18228
18224,18228,22014,22015,18229
18225,18229,22015,22016,18230
18226,18230,22016,22017,18231
18227,18231,22017,22018,18232
18228,18232,22018,22019,18233
18229,18233,22019,22020,18234
18230,18234,22020,22021,18235
18231,18235,22021,22022,18236
18232,18236,22022,22023,18237
18233,18237,22023,22024,18238
18234,18238,22024,22025,18239
18235,18239,22025,22026,18240
18236,18240,22026,22027,18241
18237,18241,22027,22028,18242
18238,18242,22028,22029,18243
18239,18243,22029,22030,18244
18240,18244,22030,22031,18245
18241,18245,22031,22032,18246
18242,18246,22032,22033,18247
18243,18247,22033,22034,18248
18244,18248,22034,22035,18249
18245,18249,22035,22036,18250
18246,18250,22036,22037,18251
18247,18251,22037,22038,18252
18248,18252,22038,22039,18253
18249,18253,22039,22040,18254
18250,18254,22040,22041,18255
18251,18255,22041,22042,18256
18252,18256,22042,22043,18257
18253,18257,22043,22044,18258
18254,18258,22044,22045,18259
18255,18259,22045,22046,18260
18256,18260,22046,22047,18261
18257,18261,22047,22048,18262
18258,18262,22048,22049,18263
18259,18263,22049,22050,18264
18260,18264,22050,22051,18265
18261,18265,22051,22052,18266
18262,18266,22052,22053,18267
18263,18267,22053,22054,18268
18264,18268,22054,22055,18269
18265,18269,22055,22056,18270
18266,18270,22056,22057,18271
18267,18271,22057,22058,18272
18268,18272,22058,22059,18273
18269,18273,22059,22060,18274
18270,18274,22060,22061,18275
18271,18275,22061,22062,18276
18272,18276,22062,22063,18277
18273,18277,22063,22064,18278
18274,18278,22064,22065,18279
18275,18279,22065,22066,18280
18276,18280,22066,22067,18281
18277,18281,22067,22068,18282
18278,18282,22068,22069,18283
18279,18283,22069,22070,18284
18280,18284,22070,22071,18285
18281,18285,22071,22072,18286
18282,18286,22072,22073,18287
18283,18287,22073,22074,18288
18284,18288,22074,22075,18289
18285,18289,22075,22076,18290
18286,18290,22076,22077,18291
18287,18291,22077,22078,18292
18288,18292,22078,22079,18293
18289,18293,22079,22080,18294
18290,18294,22080,22081,18295
18291,18295,22081,22082,18296
18292,18296,22082,22083,18297
18293,18297,22083,22084,18298
18294,18298,22084,22085,18299
18295,18299,22085,22086,18300
18296,18300,22086,22087,18301
18297,18301,22087,22088,18302
18298,18302,22088,22089,18303
18299,18303,22089,22090,18304
18300,18304,22090,22091,18305
18301,18305,22091,22092,18306
18302,18306,22092,22093,18307
18303,18307,22093,22094,18308
18304,18308,22094,22095,18309
18305,18309,22095,22096,18310
18306,18310,22096,22097,18311
18307,18311,22097,22098,18312
18308,18312,22098,22099,18313
18309,18313,22099,22100,18314
18310,18314,22100,22101,18315
18311,18315,22101,22102,18316
18312,18316,22102,22103,18317
18313,18317,22103,22104,18318
18314,18318,22104,22105,18319
18315,18319,22105,22106,18320
18316,18320,22106,22107,18321
18317,18321,22107,22108,18322
18318,18322,22108,22109,18323
18319,18323,22109,22110,18324
18320,18324,22110,22111,18325
18321,18325,22111,22112,18326
18322,18326,22112,22113,18327
18323,18327,22113,22114,18328
18324,18328,22114,22115,18329
18325,18329,22115,22116,18330
18326,18330,22116,22117,18331
18327,18331,22117,22118,18332
18328,18332,22118,22119,18333
18329,18333,22119,22120,18334
18330,18334,22120,22121,18335
18331,18335,22121,22122,18336
18332,18336,22122,22123,18337
18333,18337,22123,22124,18338
18334,18338,22124,22125,18339
18335,18339,22125,22126,18340
18336,18340,22126,22127,18341
18337,18341,22127,22128,18342
18338,18342,22128,22129,18343
18339,18343,22129,22130,18344
18340,18344,22130,22131,18345
18341,18345,22131,22132,18346
18342,18346,22132,22133,18347
18343,18347,22133,22134,18348
18344,18348,22134,22135,18349
18345,18349,22135,22136,18350
18346,18350,22136,22137,18351
18347,18351,22137,22138,18352
18348,18352,22138,22139,18353
18349,18353,22139,22140,18354
18350,18354,22140,22141,18355
18351,18355,22141,22142,18356
18352,18356,22142,22143,18357
18353,18357,22143,22144,18358
18354,18358,22144,22145,18359
18355,18359,22145,22146,18360
18356,18360,22146,22147,18361
18357,18361,22147,22148,18362
18358,18362,22148,22149,18363
18359,18363,22149,22150,18364
18360,18364,22150,22151,18365
18361,18365,22151,22152,18366
18362,18366,22152,22153,18367
18363,18367,22153,22154,18368
18364,18368,22154,22155,18369
18365,18369,22155,22156,18370
18366,18370,22156,22157,18371
18367,18371,22157,22158,18372
18368,18372,22158,22159,18373
18369,18373,22159,22160,18374
18370,18374,22160,22161,18375
18371,18375,22161,22162,18376
18372,18376,22162,22163,18377
18373,18377,22163,22164,18378
18374,18378,22164,22165,18379
18375,18379,22165,22166,18380
18376,18380,22166,22167,18381
18377,18381,22167,22168,18382
18378,18382,22168,22169,18383
18379,18383,22169,22170,18384
18380,18384,22170,22171,18385
18381,18385,22171,22172,18386
18382,18386,22172,22173,18387
18383,18387,22173,22174,18388
18384,18388,22174,22175,18389
18385,18389,22175,22176,18390
18386,18390,22176,22177,18391
18387,18391,22177,22178,18392
18388,18392,22178,22179,18393
18389,18393,22179,22180,18394
18390,18394,22180,22181,18395
18391,18395,22181,22182,18396
18392,18396,22182,22183,18397
18393,18397,22183,22184,18398
18394,18398,22184,22185,18399
18395,18399,22185,22186,18400
18396,18400,22186,22187,18401
18397,18401,22187,22188,18402
18398,18402,22188,22189,18403
18399,18403,22189,22190,18404
18400,18404,22190,22191,18405
18401,18405,22191,22192,18406
18402,18406,22192,22193,18407
18403,18407,22193,22194,18408
18404,18408,22194,22195,18409
18405,18409,22195,22196,18410
18406,18410,22196,22197,18411
18407,18411,22197,22198,18412
18408,18412,22198,22199,18413
18409,18413,22199,22200,18414
18410,18414,22200,22201,18415
18411,18415,22201,22202,18416
18412,18416,22202,22203,18417
18413,18417,22203,22204,18418
18414,18418,22204,22205,18419
18415,18419,22205,22206,18420
18416,18420,22206,22207,18421
18417,18421,22207,22208,18422
18418,18422,22208,22209,18423
18419,18423,22209,22210,18424
18420,18424,22210,22211,18425
18421,18425,22211,22212,18426
18422,18426,22212,22213,18427
18423,18427,22213,22214,18428
18424,18428,22214,22215,18429
18425,18429,22215,22216,18430
18426,18430,22216,22217,18431
18427,18431,22217,22218,18432
18428,18432,22218,22219,18433
18429,18433,22219,22220,18434
18430,18434,22220,22221,18435
18431,18435,22221,22222,18436
18432,18436,22222,22223,18437
18433,18437,22223,22224,18438
18434,18438,22224,22225,18439
18435,18439,22225,22226,18440
18436,18440,22226,22227,18441
18437,18441,22227,22228,18442
18438,18442,22228,22229,18443
18439,18443,22229,22230,18444
18440,18444,22230,22231,18445
18441,18445,22231,22232,18446
18442,18446,22232,22233,18447
18443,18447,22233,22234,18448
18444,18448,22234,22235,18449
18445,18449,22235,22236,18450
18446,18450,22236,22237,18451
18447,18451,22237,22238,18452
18448,18452,22238,22239,18453
18449,18453,22239,22240,18454
18450,18454,22240,22241,18455
18451,18455,22241,22242,18456
18452,18456,22242,22243,18457
18453,18457,22243,22244,18458
18454,18458,22244,22245,18459
18455,18459,22245,22246,18460
18456,18460,22246,22247,18461
18457,18461,22247,22248,18462
18458,18462,22248,22249,18463
18459,18463,22249,22250,18464
18460,18464,22250,22251,18465
18461,18465,22251,22252,18466
18462,18466,22252,22253,18467
18463,18467,22253,22254,18468
18464,18468,22254,22255,18469
18465,18469,22255,22256,18470
18466,18470,22256,22257,18471
18467,18471,22257,22258,18472
18468,18472,22258,22259,18473
18469,18473,22259,22260,18474
18470,18474,22260,22261,18475
18471,18475,22261,22262,18476
18472,18476,22262,22263,18477
18473,18477,22263,22264,18478
18474,18478,22264,22265,18479
18475,18479,22265,22266,18480
18476,18480,22266,22267,18481
18477,18481,22267,22268,18482
18478,18482,22268,22269,18483
18479,18483,22269,22270,18484
18480,18484,22270,22271,18485
18481,18485,22271,22272,18486
18482,18486,22272,22273,18487
18483,18487,22273,22274,18488
18484,18488,22274,22275,18489
18485,18489,22275,22276,18490
18486,18490,22276,22277,18491
18487,18491,22277,22278,18492
18488,18492,22278,22279,18493
18489,18493,22279,22280,18494
18490,18494,22280,22281,18495
18491,18495,22281,22282,18496
18492,18496,22282,22283,18497
18493,18497,22283,22284,18498
18494,18498,22284,22285,18499
18495,18499,22285,22286,18500
18496,18500,22286,22287,18501
18497,18501,22287,22288,18502
18498,18502,22288,22289,18503
18499,18503,22289,22290,18504
18500,18504,22290,22291,18505
18501,18505,22291,22292,18506
18502,18506,22292,22293,18507
18503,18507,22293,22294,18508
18504,18508,22294,22295,18509
18505,18509,22295,22296,18510
18506,18510,22296,22297,18511
18507,18511,22297,22298,18512
18508,18512,22298,22299,18513
18509,18513,22299,22300,18514
18510,18514,22300,22301,18515
18511,18515,22301,22302,18516
18512,18516,22302,22303,18517
18513,18517,22303,22304,18518
18514,18518,22304,22305,18519
18515,18519,22305,22306,18520
18516,18520,22306,22307,18521
18517,18521,22307,22308,18522
18518,18522,22308,22309,18523
18519,18523,22309,22310,18524
18520,18524,22310,22311,18525
18521,18525,22311,22312,18526
18522,18526,22312,22313,18527
18523,18527,22313,22314,18528
18524,18528,22314,22315,18529
18525,18529,22315,22316,18530
18526,18530,22316,22317,18531
18527,18531,22317,22318,18532
18528,18532,22318,22319,18533
18529,18533,22319,22320,18534
18530,18534,22320,22321,18535
18531,18535,22321,22322,18536
18532,18536,22322,22323,18537
18533,18537,22323,22324,18538
18534,18538,22324,22325,18539
18535,18539,22325,22326,18540
18536,18540,22326,22327,18541
18537,18541,22327,22328,18542
18538,18542,22328,22329,18543
18539,18543,22329,22330,18544
18540,18544,22330,22331,18545
18541,18545,22331,22332,18546
18542,18546,22332,22333,18547
18543,18547,22333,22334,18548
18544,18548,22334,22335,18549
18545,18549,22335,22336,18550
18546,18550,22336,22337,18551
18547,18551,22337,22338,18552
18548,18552,22338,22339,18553
18549,18553,22339,22340,18554
18550,18554,22340,22341,18555
18551,18555,22341,22342,18556
18552,18556,22342,22343,18557
18553,18557,22343,22344,18558
18554,18558,22344,22345,18559
18555,18559,22345,22346,18560
18556,18560,22346,22347,18561
18557,18561,22347,22348,18562
18558,18562,22348,22349,18563
18559,18563,22349,22350,18564
18560,18564,22350,22351,18565
18561,18565,22351,22352,18566
18562,18566,22352,22353,18567
18563,18567,22353,22354,18568
18564,18568,22354,22355,18569
18565,18569,22355,22356,18570
18566,18570,22356,22357,18571
18567,18571,22357,22358,18572
18568,18572,22358,22359,18573
18569,18573,22359,22360,18574
18570,18574,22360,22361,18575
18571,18575,22361,22362,18576
18572,18576,22362,22363,18577
18573,18577,22363,22364,18578
18574,18578,22364,22365,18579
18575,18579,22365,22366,18580
18576,18580,22366,22367,18581
18577,18581,22367,22368,18582
18578,18582,22368,22369,18583
18579,18583,22369,22370,18584
18580,18584,22370,22371,18585
18581,18585,22371,22372,18586
18582,18586,22372,22373,18587
18583,18587,22373,22374,18588
18584,18588,22374,22375,18589
18585,18589,22375,22376,18590
18586,18590,22376,22377,18591
18587,18591,22377,22378,18592
18588,18592,22378,22379,18593
18589,18593,22379,22380,18594
18590,18594,22380,22381,18595
18591,18595,22381,22382,18596
18592,18596,22382,22383,18597
18593,18597,22383,22384,18598
18594,18598,22384,22385,18599
18595,18599,22385,22386,18600
18596,18600,22386,22387,18601
18597,18601,22387,22388,18602
18598,18602,22388,22389,18603
18599,18603,22389,22390,18604
18600,18604,22390,22391,18605
18601,18605,22391,22392,18606
18602,18606,22392,22393,18607
18603,18607,22393,22394,18608
18604,18608,22394,22395,18609
18605,18609,22395,22396,18610
18606,18610,22396,22397,18611
18607,18611,22397,22398,18612
18608,18612,22398,22399,18613
18609,18613,22399,22400,18614
18610,18614,22400,22401,18615
18611,18615,22401,22402,18616
18612,18616,22402,22403,18617
18613,18617,22403,22404,18618
18614,18618,22404,22405,18619
18615,18619,22405,22406,18620
18616,18620,22406,22407,18621
18617,18621,22407,22408,18622
18618,18622,22408,22409,18623
18619,18623,22409,22410,18624
18620,18624,22410,22411,18625
18621,18625,22411,22412,18626
18622,18626,22412,22413,18627
18623,18627,22413,22414,18628
18624,18628,22414,22415,18629
18625,18629,22415,22416,18630
18626,18630,22416,22417,18631
18627,18631,22417,22418,18632
18628,18632,22418,22419,18633
18629,18633,22419,22420,18634
18630,18634,22420,22421,18635
18631,18635,22421,22422,18636
18632,18636,22422,22423,18637
18633,18637,22423,22424,18638
18634,18638,22424,22425,18639
18635,18639,22425,22426,18640
18636,18640,22426,22427,18641
18637,18641,22427,22428,18642
18638,18642,22428,22429,18643
18639,18643,22429,22430,18644
18640,18644,22430,22431,18645
18641,18645,22431,22432,18646
18642,18646,22432,22433,18647
18643,18647,22433,22434,18648
18644,18648,22434,22435,18649
18645,18649,22435,22436,18650
18646,18650,22436,22437,18651
18647,18651,22437,22438,18652
18648,18652,22438,22439,18653
18649,18653,22439,22440,18654
18650,18654,22440,22441,18655
18651,18655,22441,22442,18656
18652,18656,22442,22443,18657
18653,18657,22443,22444,18658
18654,18658,22444,22445,18659
18655,18659,22445,22446,18660
18656,18660,22446,22447,18661
18657,18661,22447,22448,18662
18658,18662,22448,22449,18663
18659,18663,22449,22450,18664
18660,18664,22450,22451,18665
18661,18665,22451,22452,18666
18662,18666,22452,22453,18667
18663,18667,22453,22454,18668
18664,18668,22454,22455,18669
18665,18669,22455,22456,18670
18666,18670,22456,22457,18671
18667,18671,22457,22458,18672
18668,18672,22458,22459,18673
18669,18673,22459,22460,18674
18670,18674,22460,22461,18675
18671,18675,22461,22462,18676
18672,18676,22462,22463,18677
18673,18677,22463,22464,18678
18674,18678,22464,22465,18679
18675,18679,22465,22466,18680
18676,18680,22466,22467,18681
18677,18681,22467,22468,18682
18678,18682,22468,22469,18683
18679,18683,22469,22470,18684
18680,18684,22470,22471,18685
18681,18685,22471,22472,18686
18682,18686,22472,22473,18687
18683,18687,22473,22474,18688
18684,18688,22474,22475,18689
18685,18689,22475,22476,18690
18686,18690,22476,22477,18691
18687,18691,22477,22478,18692
18688,18692,22478,22479,18693
18689,18693,22479,22480,18694
18690,18694,22480,22481,18695
18691,18695,22481,22482,18696
18692,18696,22482,22483,18697
18693,18697,22483,22484,18698
18694,18698,22484,22485,18699
18695,18699,22485,22486,18700
18696,18700,22486,22487,18701
18697,18701,22487,22488,18702
18698,18702,22488,22489,18703
18699,18703,22489,22490,18704
18700,18704,22490,22491,18705
18701,18705,22491,22492,18706
18702,18706,22492,22493,18707
18703,18707,22493,22494,18708
18704,18708,22494,22495,18709
18705,18709,22495,22496,18710
18706,18710,22496,22497,18711
18707,18711,22497,22498,18712
18708,18712,22498,22499,18713
18709,18713,22499,22500,18714
18710,18714,22500,22501,18715
18711,18715,22501,22502,18716
18712,18716,22502,22503,18717
18713,18717,22503,22504,18718
18714,18718,22504,22505,18719
18715,18719,22505,22506,18720
18716,18720,22506,22507,18721
18717,18721,22507,22508,18722
18718,18722,22508,22509,18723
18719,18723,22509,22510,18724
18720,18724,22510,22511,18725
18721,18725,22511,22512,18726
18722,18726,22512,22513,18727
18723,18727,22513,22514,18728
18724,18728,22514,22515,18729
18725,18729,22515,22516,18730
18726,18730,22516,22517,18731
18727,18731,22517,22518,18732
18728,18732,22518,22519,18733
18729,18733,22519,22520,18734
18730,18734,22520,22521,18735
18731,18735,22521,22522,18736
18732,18736,22522,22523,18737
18733,18737,22523,22524,18738
18734,18738,22524,22525,18739
18735,18739,22525,22526,18740
18736,18740,22526,22527,18741
18737,18741,22527,22528,18742
18738,18742,22528,22529,18743
18739,18743,22529,22530,18744
18740,18744,22530,22531,18745
18741,18745,22531,22532,18746
18742,18746,22532,22533,18747
18743,18747,22533,22534,18748
18744,18748,22534,22535,18749
18745,18749,22535,22536,18750
18746,18750,22536,22537,18751
18747,18751,22537,22538,18752
18748,18752,22538,22539,18753
18749,18753,22539,22540,18754
18750,18754,22540,22541,18755
18751,18755,22541,22542,18756
18752,18756,22542,22543,18757
18753,18757,22543,22544,18758
18754,18758,22544,22545,18759
18755,18759,22545,22546,18760
18756,18760,22546,22547,18761
18757,18761,22547,22548,18762
18758,18762,22548,22549,18763
18759,18763,22549,22550,18764
18760,18764,22550,22551,18765
18761,18765,22551,22552,18766
18762,18766,22552,22553,18767
18763,18767,22553,22554,18768
18764,18768,22554,22555,18769
18765,18769,22555,22556,18770
18766,18770,22556,22557,18771
18767,18771,22557,22558,18772
18768,18772,22558,22559,18773
18769,18773,22559,22560,18774
18770,18774,22560,22561,18775
18771,18775,22561,22562,18776
18772,18776,22562,22563,18777
18773,18777,22563,22564,18778
18774,18778,22564,22565,18779
18775,18779,22565,22566,18780
18776,18780,22566,22567,18781
18777,18781,22567,22568,18782
18778,18782,22568,22569,18783
18779,18783,22569,22570,18784
18780,18784,22570,22571,18785
18781,18785,22571,22572,18786
18782,18786,22572,22573,18787
18783,18787,22573,22574,18788
18784,18788,22574,22575,18789
18785,18789,22575,22576,18790
18786,18790,22576,22577,18791
18787,18791,22577,22578,18792
18788,18792,22578,22579,18793
18789,18793,22579,22580,18794
18790,18794,22580,22581,18795
18791,18795,22581,22582,18796
18792,18796,22582,22583,18797
18793,18797,22583,22584,18798
18794,18798,22584,22585,18799
18795,18799,22585,22586,18800
18796,18800,22586,22587,18801
18797,18801,22587,22588,18802
18798,18802,22588,22589,18803
18799,18803,22589,22590,18804
18800,18804,22590,22591,18805
18801,18805,22591,22592,18806
18802,18806,22592,22593,18807
18803,18807,22593,22594,18808
18804,18808,22594,22595,18809
18805,18809,22595,22596,18810
18806,18810,22596,22597,18811
18807,18811,22597,22598,18812
18808,18812,22598,22599,18813
18809,18813,22599,22600,18814
18810,18814,22600,22601,18815
18811,18815,22601,22602,18816
18812,18816,22602,22603,18817
18813,18817,22603,22604,18818
18814,18818,22604,22605,18819
18815,18819,22605,22606,18820
18816,18820,22606,22607,18821
18817,18821,22607,22608,18822
18818,18822,22608,22609,18823
18819,18823,22609,22610,18824
18820,18824,22610,22611,18825
18821,18825,22611,22612,18826
18822,18826,22612,22613,18827
18823,18827,22613,22614,18828
18824,18828,22614,22615,18829
18825,18829,22615,22616,18830
18826,18830,22616,22617,18831
18827,18831,22617,22618,18832
18828,18832,22618,22619,18833
18829,18833,22619,22620,18834
18830,18834,22620,22621,18835
18831,18835,22621,22622,18836
18832,18836,22622,22623,18837
18833,18837,22623,22624,18838
18834,18838,22624,22625,18839
18835,18839,22625,22626,18840
18836,18840,22626,22627,18841
18837,18841,22627,22628,18842
18838,18842,22628,22629,18843
18839,18843,22629,22630,18844
18840,18844,22630,22631,18845
18841,18845,22631,22632,18846
18842,18846,22632,22633,18847
18843,18847,22633,22634,18848
18844,18848,22634,22635,18849
18845,18849,22635,22636,18850
18846,18850,22636,22637,18851
18847,18851,22637,22638,18852
18848,18852,22638,22639,18853
18849,18853,22639,22640,18854
18850,18854,22640,22641,18855
18851,18855,22641,22642,18856
18852,18856,22642,22643,18857
18853,18857,22643,22644,18858
18854,18858,22644,22645,18859
18855,18859,22645,22646,18860
18856,18860,22646,22647,18861
18857,18861,22647,22648,18862
18858,18862,22648,22649,18863
18859,18863,22649,22650,18864
18860,18864,22650,22651,18865
18861,18865,22651,22652,18866
18862,18866,22652,22653,18867
18863,18867,22653,22654,18868
18864,18868,22654,22655,18869
18865,18869,22655,22656,18870
18866,18870,22656,22657,18871
18867,18871,22657,22658,18872
18868,18872,22658,22659,18873
18869,18873,22659,22660,18874
18870,18874,22660,22661,18875
18871,18875,22661,22662,18876
18872,18876,22662,22663,18877
18873,18877,22663,22664,18878
18874,18878,22664,22665,18879
18875,18879,22665,22666,18880
18876,18880,22666,22667,18881
18877,18881,22667,22668,18882
18878,18882,22668,22669,18883
18879,18883,22669,22670,18884
18880,18884,22670,22671,18885
18881,18885,22671,22672,18886
18882,18886,22672,22673,18887
18883,18887,22673,22674,18888
18884,18888,22674,22675,18889
18885,18889,22675,22676,18890
18886,18890,22676,22677,18891
18887,18891,22677,22678,18892
18888,18892,22678,22679,18893
18889,18893,22679,22680,18894
18890,18894,22680,22681,18895
18891,18895,22681,22682,18896
18892,18896,22682,22683,18897
18893,18897,22683,22684,18898
18894,18898,22684,22685,18899
18895,18899,22685,22686,18900
18896,18900,22686,22687,18901
18897,18901,22687,22688,18902
18898,18902,22688,22689,18903
18899,18903,22689,22690,18904
18900,18904,22690,22691,18905
18901,18905,22691,22692,18906
18902,18906,22692,22693,18907
18903,18907,22693,22694,18908
18904,18908,22694,22695,18909
18905,18909,22695,22696,18910
18906,18910,22696,22697,18911
18907,18911,22697,22698,18912
18908,18912,22698,22699,18913
18909,18913,22699,22700,18914
18910,18914,22700,22701,18915
18911,18915,22701,22702,18916
18912,18916,22702,22703,18917
18913,18917,22703,22704,18918
18914,18918,22704,22705,18919
18915,18919,22705,22706,18920
18916,18920,22706,22707,18921
18917,18921,22707,22708,18922
18918,18922,22708,22709,18923
18919,18923,22709,22710,18924
18920,18924,22710,22711,18925
18921,18925,22711,22712,18926
18922,18926,22712,22713,18927
18923,18927,22713,22714,18928
18924,18928,22714,22715,18929
18925,18929,22715,22716,18930
18926,41647,22717,22718,41648
18927,41648,22718,22719,41649
18928,41649,22719,22720,41650
18929,41650,22720,22721,41651
18930,41651,22721,22722,41652
18931,41652,22722,22723,41653
18932,41653,22723,22724,41654
18933,41654,22724,22725,41655
18934,41655,22725,22726,41656
18935,41656,22726,22727,41657
18936,41657,22727,22728,41658
18937,41658,22728,22729,41659
18938,41659,22729,22730,41660
18939,41660,22730,22731,41661
18940,41661,22731,22732,41662
18941,41662,22732,22733,41663
18942,41663,22733,22734,41664
18943,41664,22734,22735,41665
18944,41665,22735,22736,41666
18945,41666,22736,22737,41667
18946,41667,22737,22738,41668
18947,41668,22738,22739,41669
18948,41669,22739,22740,41670
18949,41670,22740,22741,41671
18950,41671,22741,22742,41672
18951,41672,22742,22743,41673
18952,41673,22743,22744,41674
18953,41674,22744,22745,41675
18954,41675,22745,22746,41676
18955,41676,22746,22747,41677
18956,41677,22747,22748,41678
18957,41678,22748,22749,41679
18958,41679,22749,22750,41680
18959,41680,22750,22751,41681
18960,41681,22751,22752,41682
18961,41682,22752,22753,41683
18962,41683,22753,22754,41684
18963,41684,22754,22755,41685
18964,41685,22755,22756,41686
18965,41686,22756,22757,41687
18966,41687,22757,22758,41688
18967,41688,22758,22759,41689
18968,41689,22759,22760,41690
18969,41690,22760,22761,41691
18970,41691,22761,22762,41692
18971,41692,22762,22763,41693
18972,41693,22763,22764,41694
18973,41694,22764,22765,41695
18974,41695,22765,22766,41696
18975,41696,22766,22767,41697
18976,41697,22767,22768,41698
18977,41698,22768,22769,41699
18978,41699,22769,22770,41700
18979,41700,22770,22771,41701
18980,41701,22771,22772,41702
18981,41702,22772,22773,41703
18982,41703,22773,22774,41704
18983,41704,22774,22775,41705
18984,41705,22775,22776,41706
18985,41706,22776,22777,41707
18986,41707,22777,22778,41708
18987,41708,22778,22779,41709
18988,41709,22779,22780,41710
18989,41710,22780,22781,41711
18990,41711,22781,22782,41712
18991,41712,22782,22783,41713
18992,41713,22783,22784,41714
18993,41714,22784,22785,41715
18994,41715,22785,22786,41716
18995,41716,22786,22787,41717
18996,41717,22787,22788,41718
18997,41718,22788,22789,41719
18998,41719,22789,22790,41720
18999,41720,22790,22791,41721
19000,41721,22791,22792,41722
19001,41722,22792,22793,41723
19002,41723,22793,22794,41724
19003,41724,22794,22795,41725
19004,41725,22795,22796,41726
19005,41726,22796,22797,41727
19006,41727,22797,22798,41728
19007,41728,22798,22799,41729
19008,41729,22799,22800,41730
19009,41730,22800,22801,41731
19010,41731,22801,22802,41732
19011,41732,22802,22803,41733
19012,41733,22803,22804,41734
19013,41734,22804,22805,41735
19014,41735,22805,22806,41736
19015,41736,22806,22807,41737
19016,41737,22807,22808,41738
19017,41738,22808,22809,41739
19018,41739,22809,22810,41740
19019,41740,22810,22811,41741
19020,41741,22811,22812,41742
19021,41742,22812,22813,41743
19022,41743,22813,22814,41744
19023,41744,22814,22815,41745
19024,41745,22815,22816,41746
19025,41746,22816,22817,41747
19026,41747,22817,22818,41748
19027,41748,22818,22819,41749
19028,41749,22819,22820,41750
19029,41750,22820,22821,41751
19030,41751,22821,22822,41752
19031,41752,22822,22823,41753
19032,41753,22823,22824,41754
19033,41754,22824,22825,41755
19034,41755,22825,22826,41756
19035,41756,22826,22827,41757
19036,41757,22827,22828,41758
19037,41758,22828,22829,41759
19038,41759,22829,22830,41760
19039,41760,22830,22831,41761
19040,41761,22831,22832,41762
19041,41762,22832,22833,41763
19042,41763,22833,22834,41764
19043,41764,22834,22835,41765
19044,41765,22835,22836,41766
19045,41766,22836,22837,41767
19046,41767,22837,22838,41768
19047,41768,22838,22839,41769
19048,41769,22839,22840,41770
19049,41770,22840,22841,41771
19050,41771,22841,22842,41772
19051,41772,22842,22843,41773
19052,41773,22843,22844,41774
19053,41774,22844,22845,41775
19054,41775,22845,22846,41776
19055,41776,22846,22847,41777
19056,41777,22847,22848,41778
19057,41778,22848,22849,41779
19058,41779,22849,22850,41780
19059,41780,22850,22851,41781
19060,41781,22851,22852,41782
19061,41782,22852,22853,41783
19062,41783,22853,22854,41784
19063,41784,22854,22855,41785
19064,41785,22855,22856,41786
19065,41786,22856,22857,41787
19066,41787,22857,22858,41788
19067,41788,22858,22859,41789
19068,41789,22859,22860,41790
19069,41790,22860,22861,41791
19070,41791,22861,22862,41792
19071,41792,22862,22863,41793
19072,41793,22863,22864,41794
19073,41794,22864,22865,41795
19074,41795,22865,22866,41796
19075,41796,22866,22867,41797
19076,41797,22867,22868,41798
19077,41798,22868,22869,41799
19078,41799,22869,22870,41800
19079,41800,22870,22871,41801
19080,41801,22871,22872,41802
19081,41802,22872,22873,41803
19082,41803,22873,22874,41804
19083,41804,22874,22875,41805
19084,41805,22875,22876,41806
19085,41806,22876,22877,41807
19086,41807,22877,22878,41808
19087,41808,22878,22879,41809
19088,41809,22879,22880,41810
19089,41810,22880,22881,41811
19090,41811,22881,22882,41812
19091,41812,22882,22883,41813
19092,41813,22883,22884,41814
19093,41814,22884,22885,41815
19094,41815,22885,22886,41816
19095,41816,22886,22887,41817
19096,41817,22887,22888,41818
19097,41818,22888,22889,41819
19098,41819,22889,22890,41820
19099,41820,22890,22891,41821
19100,41821,22891,22892,41822
19101,41822,22892,22893,41823
19102,41823,22893,22894,41824
19103,41824,22894,22895,41825
19104,41825,22895,22896,41826
19105,41826,22896,22897,41827
19106,41827,22897,22898,41828
19107,41828,22898,22899,41829
19108,41829,22899,22900,41830
19109,41830,22900,22901,41831
19110,41831,22901,22902,41832
19111,41832,22902,22903,41833
19112,41833,22903,22904,41834
19113,41834,22904,22905,41835
19114,41835,22905,22906,41836
19115,41836,22906,22907,41837
19116,41837,22907,22908,41838
19117,41838,22908,22909,41839
19118,41839,22909,22910,41840
19119,41840,22910,22911,41841
19120,41841,22911,22912,41842
19121,41842,22912,22913,41843
19122,41843,22913,22914,41844
19123,41844,22914,22915,41845
19124,41845,22915,22916,41846
19125,41846,22916,22917,41847
19126,41847,22917,22918,41848
19127,41848,22918,22919,41849
19128,41849,22919,22920,41850
19129,41850,22920,22921,41851
19130,41851,22921,22922,41852
19131,41852,22922,22923,41853
19132,41853,22923,22924,41854
19133,41854,22924,22925,41855
19134,41855,22925,22926,41856
19135,41856,22926,22927,41857
19136,41857,22927,22928,41858
19137,41858,22928,22929,41859
19138,41859,22929,22930,41860
19139,41860,22930,22931,41861
19140,41861,22931,22932,41862
19141,41862,22932,22933,41863
19142,41863,22933,22934,41864
19143,41864,22934,22935,41865
19144,41865,22935,22936,41866
19145,41866,22936,22937,41867
19146,41867,22937,22938,41868
19147,41868,22938,22939,41869
19148,41869,22939,22940,41870
19149,41870,22940,22941,41871
19150,41871,22941,22942,41872
19151,41872,22942,22943,41873
19152,41873,22943,22944,41874
19153,41874,22944,22945,41875
19154,41875,22945,22946,41876
19155,41876,22946,22947,41877
19156,41877,22947,22948,41878
19157,41878,22948,22949,41879
19158,41879,22949,22950,41880
19159,41880,22950,22951,41881
19160,41881,22951,22952,41882
19161,41882,22952,22953,41883
19162,41883,22953,22954,41884
19163,41884,22954,22955,41885
19164,41885,22955,22956,41886
19165,41886,22956,22957,41887
19166,41887,22957,22958,41888
19167,41888,22958,22959,41889
19168,41889,22959,22960,41890
19169,41890,22960,22961,41891
19170,41891,22961,22962,41892
19171,41892,22962,22963,41893
19172,41893,22963,22964,41894
19173,41894,22964,22965,41895
19174,41895,22965,22966,41896
19175,41896,22966,22967,41897
19176,41897,22967,22968,41898
19177,41898,22968,22969,41899
19178,41899,22969,22970,41900
19179,41900,22970,22971,41901
19180,41901,22971,22972,41902
19181,41902,22972,22973,41903
19182,41903,22973,22974,41904
19183,41904,22974,22975,41905
19184,41905,22975,22976,41906
19185,41906,22976,22977,41907
19186,41907,22977,22978,41908
19187,41908,22978,22979,41909
19188,41909,22979,22980,41910
19189,41910,22980,22981,41911
19190,41911,22981,22982,41912
19191,41912,22982,22983,41913
19192,41913,22983,22984,41914
19193,41914,22984,22985,41915
19194,41915,22985,22986,41916
19195,41916,22986,22987,41917
19196,41917,22987,22988,41918
19197,41918,22988,22989,41919
19198,41919,22989,22990,41920
19199,41920,22990,22991,41921
19200,41921,22991,22992,41922
19201,41922,22992,22993,41923
19202,41923,22993,22994,41924
19203,41924,22994,22995,41925
19204,41925,22995,22996,41926
19205,41926,22996,22997,41927
19206,41927,22997,22998,41928
19207,41928,22998,22999,41929
19208,41929,22999,23000,41930
19209,41930,23000,23001,41931
19210,41931,23001,23002,41932
19211,41932,23002,23003,41933
19212,41933,23003,23004,41934
19213,41934,23004,23005,41935
19214,41935,23005,23006,41936
19215,41936,23006,23007,41937
19216,41937,23007,23008,41938
19217,41938,23008,23009,41939
19218,41939,23009,23010,41940
19219,41940,23010,23011,41941
19220,41941,23011,23012,41942
19221,41942,23012,23013,41943
19222,41943,23013,23014,41944
19223,41944,23014,23015,41945
19224,41945,23015,23016,41946
19225,41946,23016,23017,41947
19226,41947,23017,23018,41948
19227,41948,23018,23019,41949
19228,41949,23019,23020,41950
19229,41950,23020,23021,41951
19230,41951,23021,23022,41952
19231,41952,23022,23023,41953
19232,41953,23023,23024,41954
19233,41954,23024,23025,41955
19234,41955,23025,23026,41956
19235,41956,23026,23027,41957
19236,41957,23027,23028,41958
19237,41958,23028,23029,41959
19238,41959,23029,23030,41960
19239,41960,23030,23031,41961
19240,41961,23031,23032,41962
19241,41962,23032,23033,41963
19242,41963,23033,23034,41964
19243,41964,23034,23035,41965
19244,41965,23035,23036,41966
19245,41966,23036,23037,41967
19246,41967,23037,23038,41968
19247,41968,23038,23039,41969
19248,41969,23039,23040,41970
19249,41970,23040,23041,41971
19250,41971,23041,23042,41972
19251,41972,23042,23043,41973
19252,41973,23043,23044,41974
19253,41974,23044,23045,41975
19254,41975,23045,23046,41976
19255,41976,23046,23047,41977
19256,41977,23047,23048,41978
19257,41978,23048,23049,41979
19258,41979,23049,23050,41980
19259,41980,23050,23051,41981
19260,41981,23051,23052,41982
19261,41982,23052,23053,41983
19262,41983,23053,23054,41984
19263,41984,23054,23055,41985
19264,41985,23055,23056,41986
19265,41986,23056,23057,41987
19266,41987,23057,23058,41988
19267,41988,23058,23059,41989
19268,41989,23059,23060,41990
19269,41990,23060,23061,41991
19270,41991,23061,23062,41992
19271,41992,23062,23063,41993
19272,41993,23063,23064,41994
19273,41994,23064,23065,41995
19274,41995,23065,23066,41996
19275,41996,23066,23067,41997
19276,41997,23067,23068,41998
19277,41998,23068,23069,41999
19278,41999,23069,23070,42000
19279,42000,23070,23071,42001
19280,42001,23071,23072,42002
19281,42002,23072,23073,42003
19282,42003,23073,23074,42004
19283,42004,23074,23075,42005
19284,42005,23075,23076,42006
19285,42006,23076,23077,42007
19286,42007,23077,23078,42008
19287,42008,23078,23079,42009
19288,42009,23079,23080,42010
19289,42010,23080,23081,42011
19290,42011,23081,23082,42012
19291,42012,23082,23083,42013
19292,42013,23083,23084,42014
19293,42014,23084,23085,42015
19294,42015,23085,23086,42016
19295,42016,23086,23087,42017
19296,42017,23087,23088,42018
19297,42018,23088,23089,42019
19298,42019,23089,23090,42020
19299,42020,23090,23091,42021
19300,42021,23091,23092,42022
19301,42022,23092,23093,42023
19302,42023,23093,23094,42024
19303,42024,23094,23095,42025
19304,42025,23095,23096,42026
19305,42026,23096,23097,42027
19306,42027,23097,23098,42028
19307,42028,23098,23099,42029
19308,42029,23099,23100,42030
19309,42030,23100,23101,42031
19310,42031,23101,23102,42032
19311,42032,23102,23103,42033
19312,42033,23103,23104,42034
19313,42034,23104,23105,42035
19314,42035,23105,23106,42036
19315,42036,23106,23107,42037
19316,42037,23107,23108,42038
19317,42038,23108,23109,42039
19318,42039,23109,23110,42040
19319,42040,23110,23111,42041
19320,42041,23111,23112,42042
19321,42042,23112,23113,42043
19322,42043,23113,23114,42044
19323,42044,23114,23115,42045
19324,42045,23115,23116,42046
19325,42046,23116,23117,42047
19326,42047,23117,23118,42048
19327,42048,23118,23119,42049
19328,42049,23119,23120,42050
19329,42050,23120,23121,42051
19330,42051,23121,23122,42052
19331,42052,23122,23123,42053
19332,42053,23123,23124,42054
19333,42054,23124,23125,42055
19334,42055,23125,23126,42056
19335,42056,23126,23127,42057
19336,42057,23127,23128,42058
19337,42058,23128,23129,42059
19338,42059,23129,23130,42060
19339,42060,23130,23131,42061
19340,42061,23131,23132,42062
19341,42062,23132,23133,42063
19342,42063,23133,23134,42064
19343,42064,23134,23135,42065
19344,42065,23135,23136,42066
19345,42066,23136,23137,42067
19346,42067,23137,23138,42068
19347,42068,23138,23139,42069
19348,42069,23139,23140,42070
19349,42070,23140,23141,42071
19350,42071,23141,23142,42072
19351,42072,23142,23143,42073
19352,42073,23143,23144,42074
19353,42074,23144,23145,42075
19354,42075,23145,23146,42076
19355,42076,23146,23147,42077
19356,42077,23147,23148,42078
19357,42078,23148,23149,42079
19358,42079,23149,23150,42080
19359,42080,23150,23151,42081
19360,42081,23151,23152,42082
19361,42082,23152,23153,42083
19362,42083,23153,23154,42084
19363,42084,23154,23155,42085
19364,42085,23155,23156,42086
19365,42086,23156,23157,42087
19366,42087,23157,23158,42088
19367,42088,23158,23159,42089
19368,42089,23159,23160,42090
19369,42090,23160,23161,42091
19370,42091,23161,23162,42092
19371,42092,23162,23163,42093
19372,42093,23163,23164,42094
19373,42094,23164,23165,42095
19374,42095,23165,23166,42096
19375,42096,23166,23167,42097
19376,42097,23167,23168,42098
19377,42098,23168,23169,42099
19378,42099,23169,23170,42100
19379,42100,23170,23171,42101
19380,42101,23171,23172,42102
19381,42102,23172,23173,42103
19382,42103,23173,23174,42104
19383,42104,23174,23175,42105
19384,42105,23175,23176,42106
19385,42106,23176,23177,42107
19386,42107,23177,23178,42108
19387,42108,23178,23179,42109
19388,42109,23179,23180,42110
19389,42110,23180,23181,42111
19390,42111,23181,23182,42112
19391,42112,23182,23183,42113
19392,42113,23183,23184,42114
19393,42114,23184,23185,42115
19394,42115,23185,23186,42116
19395,42116,23186,23187,42117
19396,42117,23187,23188,42118
19397,42118,23188,23189,42119
19398,42119,23189,23190,42120
19399,42120,23190,23191,42121
19400,42121,23191,23192,42122
19401,42122,23192,23193,42123
19402,42123,23193,23194,42124
19403,42124,23194,23195,42125
19404,42125,23195,23196,42126
19405,42126,23196,23197,42127
19406,42127,23197,23198,42128
19407,42128,23198,23199,42129
19408,42129,23199,23200,42130
19409,42130,23200,23201,42131
19410,42131,23201,23202,42132
19411,42132,23202,23203,42133
19412,42133,23203,23204,42134
19413,42134,23204,23205,42135
19414,42135,23205,23206,42136
19415,42136,23206,23207,42137
19416,42137,23207,23208,42138
19417,42138,23208,23209,42139
19418,42139,23209,23210,42140
19419,42140,23210,23211,42141
19420,42141,23211,23212,42142
19421,42142,23212,23213,42143
19422,42143,23213,23214,42144
19423,42144,23214,23215,42145
19424,42145,23215,23216,42146
19425,42146,23216,23217,42147
19426,42147,23217,23218,42148
19427,42148,23218,23219,42149
19428,42149,23219,23220,42150
19429,42150,23220,23221,42151
19430,42151,23221,23222,42152
19431,42152,23222,23223,42153
19432,42153,23223,23224,42154
19433,42154,23224,23225,42155
19434,42155,23225,23226,42156
19435,42156,23226,23227,42157
19436,42157,23227,23228,42158
19437,42158,23228,23229,42159
19438,42159,23229,23230,42160
19439,42160,23230,23231,42161
19440,42161,23231,23232,42162
19441,42162,23232,23233,42163
19442,42163,23233,23234,42164
19443,42164,23234,23235,42165
19444,42165,23235,23236,42166
19445,42166,23236,23237,42167
19446,42167,23237,23238,42168
19447,42168,23238,23239,42169
19448,42169,23239,23240,42170
19449,42170,23240,23241,42171
19450,42171,23241,23242,42172
19451,42172,23242,23243,42173
19452,42173,23243,23244,42174
19453,42174,23244,23245,42175
19454,42175,23245,23246,42176
19455,42176,23246,23247,42177
19456,42177,23247,23248,42178
19457,42178,23248,23249,42179
19458,42179,23249,23250,42180
19459,42180,23250,23251,42181
19460,42181,23251,23252,42182
19461,42182,23252,23253,42183
19462,42183,23253,23254,42184
19463,42184,23254,23255,42185
19464,42185,23255,23256,42186
19465,42186,23256,23257,42187
19466,42187,23257,23258,42188
19467,42188,23258,23259,42189
19468,42189,23259,23260,42190
19469,42190,23260,23261,42191
19470,42191,23261,23262,42192
19471,42192,23262,23263,42193
19472,42193,23263,23264,42194
19473,42194,23264,23265,42195
19474,42195,23265,23266,42196
19475,42196,23266,23267,42197
19476,42197,23267,23268,42198
19477,42198,23268,23269,42199
19478,42199,23269,23270,42200
19479,42200,23270,23271,42201
19480,42201,23271,23272,42202
19481,42202,23272,23273,42203
19482,42203,23273,23274,42204
19483,42204,23274,23275,42205
19484,42205,23275,23276,42206
19485,42206,23276,23277,42207
19486,42207,23277,23278,42208
19487,42208,23278,23279,42209
19488,42209,23279,23280,42210
19489,42210,23280,23281,42211
19490,42211,23281,23282,42212
19491,42212,23282,23283,42213
19492,42213,23283,23284,42214
19493,42214,23284,23285,42215
19494,42215,23285,23286,42216
19495,42216,23286,23287,42217
19496,42217,23287,23288,42218
19497,42218,23288,23289,42219
19498,42219,23289,23290,42220
19499,42220,23290,23291,42221
19500,42221,23291,23292,42222
19501,42222,23292,23293,42223
19502,42223,23293,23294,42224
19503,42224,23294,23295,42225
19504,42225,23295,23296,42226
19505,42226,23296,23297,42227
19506,42227,23297,23298,42228
19507,42228,23298,23299,42229
19508,42229,23299,23300,42230
19509,42230,23300,23301,42231
19510,42231,23301,23302,42232
19511,42232,23302,23303,42233
19512,42233,23303,23304,42234
19513,42234,23304,23305,42235
19514,42235,23305,23306,42236
19515,42236,23306,23307,42237
19516,42237,23307,23308,42238
19517,42238,23308,23309,42239
19518,42239,23309,23310,42240
19519,42240,23310,23311,42241
19520,42241,23311,23312,42242
19521,42242,23312,23313,42243
19522,42243,23313,23314,42244
19523,42244,23314,23315,42245
19524,42245,23315,23316,42246
19525,42246,23316,23317,42247
19526,42247,23317,23318,42248
19527,42248,23318,23319,42249
19528,42249,23319,23320,42250
19529,42250,23320,23321,42251
19530,42251,23321,23322,42252
19531,42252,23322,23323,42253
19532,42253,23323,23324,42254
19533,42254,23324,23325,42255
19534,42255,23325,23326,42256
19535,42256,23326,23327,42257
19536,42257,23327,23328,42258
19537,42258,23328,23329,42259
19538,42259,23329,23330,42260
19539,42260,23330,23331,42261
19540,42261,23331,23332,42262
19541,42262,23332,23333,42263
19542,42263,23333,23334,42264
19543,42264,23334,23335,42265
19544,42265,23335,23336,42266
19545,42266,23336,23337,42267
19546,42267,23337,23338,42268
19547,42268,23338,23339,42269
19548,42269,23339,23340,42270
19549,42270,23340,23341,42271
19550,42271,23341,23342,42272
19551,42272,23342,23343,42273
19552,42273,23343,23344,42274
19553,42274,23344,23345,42275
19554,42275,23345,23346,42276
19555,42276,23346,23347,42277
19556,42277,23347,23348,42278
19557,42278,23348,23349,42279
19558,42279,23349,23350,42280
19559,42280,23350,23351,42281
19560,42281,23351,23352,42282
19561,42282,23352,23353,42283
19562,42283,23353,23354,42284
19563,42284,23354,23355,42285
19564,42285,23355,23356,42286
19565,42286,23356,23357,42287
19566,42287,23357,23358,42288
19567,42288,23358,23359,42289
19568,42289,23359,23360,42290
19569,42290,23360,23361,42291
19570,42291,23361,23362,42292
19571,42292,23362,23363,42293
19572,42293,23363,23364,42294
19573,42294,23364,23365,42295
19574,42295,23365,23366,42296
19575,42296,23366,23367,42297
19576,42297,23367,23368,42298
19577,42298,23368,23369,42299
19578,42299,23369,23370,42300
19579,42300,23370,23371,42301
19580,42301,23371,23372,42302
19581,42302,23372,23373,42303
19582,42303,23373,23374,42304
19583,42304,23374,23375,42305
19584,42305,23375,23376,42306
19585,42306,23376,23377,42307
19586,42307,23377,23378,42308
19587,42308,23378,23379,42309
19588,42309,23379,23380,42310
19589,42310,23380,23381,42311
19590,42311,23381,23382,42312
19591,42312,23382,23383,42313
19592,42313,23383,23384,42314
19593,42314,23384,23385,42315
19594,42315,23385,23386,42316
19595,42316,23386,23387,42317
19596,42317,23387,23388,42318
19597,42318,23388,23389,42319
19598,42319,23389,23390,42320
19599,42320,23390,23391,42321
19600,42321,23391,23392,42322
19601,42322,23392,23393,42323
19602,42323,23393,23394,42324
19603,42324,23394,23395,42325
19604,42325,23395,23396,42326
19605,42326,23396,23397,42327
19606,42327,23397,23398,42328
19607,42328,23398,23399,42329
19608,42329,23399,23400,42330
19609,42330,23400,23401,42331
19610,42331,23401,23402,42332
19611,42332,23402,23403,42333
19612,42333,23403,23404,42334
19613,42334,23404,23405,42335
19614,42335,23405,23406,42336
19615,42336,23406,23407,42337
19616,42337,23407,23408,42338
19617,42338,23408,23409,42339
19618,42339,23409,23410,42340
19619,42340,23410,23411,42341
19620,42341,23411,23412,42342
19621,42342,23412,23413,42343
19622,42343,23413,23414,42344
19623,42344,23414,23415,42345
19624,42345,23415,23416,42346
19625,42346,23416,23417,42347
19626,42347,23417,23418,42348
19627,42348,23418,23419,42349
19628,42349,23419,23420,42350
19629,42350,23420,23421,42351
19630,42351,23421,23422,42352
19631,42352,23422,23423,42353
19632,42353,23423,23424,42354
19633,42354,23424,23425,42355
19634,42355,23425,23426,42356
19635,42356,23426,23427,42357
19636,42357,23427,23428,42358
19637,42358,23428,23429,42359
19638,42359,23429,23430,42360
19639,42360,23430,23431,42361
19640,42361,23431,23432,42362
19641,42362,23432,23433,42363
19642,42363,23433,23434,42364
19643,42364,23434,23435,42365
19644,42365,23435,23436,42366
19645,42366,23436,23437,42367
19646,42367,23437,23438,42368
19647,42368,23438,23439,42369
19648,42369,23439,23440,42370
19649,42370,23440,23441,42371
19650,42371,23441,23442,42372
19651,42372,23442,23443,42373
19652,42373,23443,23444,42374
19653,42374,23444,23445,42375
19654,42375,23445,23446,42376
19655,42376,23446,23447,42377
19656,42377,23447,23448,42378
19657,42378,23448,23449,42379
19658,42379,23449,23450,42380
19659,42380,23450,23451,42381
19660,42381,23451,23452,42382
19661,42382,23452,23453,42383
19662,42383,23453,23454,42384
19663,42384,23454,23455,42385
19664,42385,23455,23456,42386
19665,42386,23456,23457,42387
19666,42387,23457,23458,42388
19667,42388,23458,23459,42389
19668,42389,23459,23460,42390
19669,42390,23460,23461,42391
19670,42391,23461,23462,42392
19671,42392,23462,23463,42393
19672,42393,23463,23464,42394
19673,42394,23464,23465,42395
19674,42395,23465,23466,42396
19675,42396,23466,23467,42397
19676,42397,23467,23468,42398
19677,42398,23468,23469,42399
19678,42399,23469,23470,42400
19679,42400,23470,23471,42401
19680,42401,23471,23472,42402
19681,42402,23472,23473,42403
19682,42403,23473,23474,42404
19683,42404,23474,23475,42405
19684,42405,23475,23476,42406
19685,42406,23476,23477,42407
19686,42407,23477,23478,42408
19687,42408,23478,23479,42409
19688,42409,23479,23480,42410
19689,42410,23480,23481,42411
19690,42411,23481,23482,42412
19691,42412,23482,23483,42413
19692,42413,23483,23484,42414
19693,42414,23484,23485,42415
19694,42415,23485,23486,42416
19695,42416,23486,23487,42417
19696,42417,23487,23488,42418
19697,42418,23488,23489,42419
19698,42419,23489,23490,42420
19699,42420,23490,23491,42421
19700,42421,23491,23492,42422
19701,42422,23492,23493,42423
19702,42423,23493,23494,42424
19703,42424,23494,23495,42425
19704,42425,23495,23496,42426
19705,42426,23496,23497,42427
19706,42427,23497,23498,42428
19707,42428,23498,23499,42429
19708,42429,23499,23500,42430
19709,42430,23500,23501,42431
19710,42431,23501,23502,42432
19711,42432,23502,23503,42433
19712,42433,23503,23504,42434
19713,42434,23504,23505,42435
19714,42435,23505,23506,42436
19715,42436,23506,23507,42437
19716,42437,23507,23508,42438
19717,42438,23508,23509,42439
19718,42439,23509,23510,42440
19719,42440,23510,23511,42441
19720,42441,23511,23512,42442
19721,42442,23512,23513,42443
19722,42443,23513,23514,42444
19723,42444,23514,23515,42445
19724,42445,23515,23516,42446
19725,42446,23516,23517,42447
19726,42447,23517,23518,42448
19727,42448,23518,23519,42449
19728,42449,23519,23520,42450
19729,42450,23520,23521,42451
19730,42451,23521,23522,42452
19731,42452,23522,23523,42453
19732,42453,23523,23524,42454
19733,42454,23524,23525,42455
19734,42455,23525,23526,42456
19735,42456,23526,23527,42457
19736,42457,23527,23528,42458
19737,42458,23528,23529,42459
19738,42459,23529,23530,42460
19739,42460,23530,23531,42461
19740,42461,23531,23532,42462
19741,42462,23532,23533,42463
19742,42463,23533,23534,42464
19743,42464,23534,23535,42465
19744,42465,23535,23536,42466
19745,42466,23536,23537,42467
19746,42467,23537,23538,42468
19747,42468,23538,23539,42469
19748,42469,23539,23540,42470
19749,42470,23540,23541,42471
19750,42471,23541,23542,42472
19751,42472,23542,23543,42473
19752,42473,23543,23544,42474
19753,42474,23544,23545,42475
19754,42475,23545,23546,42476
19755,42476,23546,23547,42477
19756,42477,23547,23548,42478
19757,42478,23548,23549,42479
19758,42479,23549,23550,42480
19759,42480,23550,23551,42481
19760,42481,23551,23552,42482
19761,42482,23552,23553,42483
19762,42483,23553,23554,42484
19763,42484,23554,23555,42485
19764,42485,23555,23556,42486
19765,42486,23556,23557,42487
19766,42487,23557,23558,42488
19767,42488,23558,23559,42489
19768,42489,23559,23560,42490
19769,42490,23560,23561,42491
19770,42491,23561,23562,42492
19771,42492,23562,23563,42493
19772,42493,23563,23564,42494
19773,42494,23564,23565,42495
19774,42495,23565,23566,42496
19775,42496,23566,23567,42497
19776,42497,23567,23568,42498
19777,42498,23568,23569,42499
19778,42499,23569,23570,42500
19779,42500,23570,23571,42501
19780,42501,23571,23572,42502
19781,42502,23572,23573,42503
19782,42503,23573,23574,42504
19783,42504,23574,23575,42505
19784,42505,23575,23576,42506
19785,42506,23576,23577,42507
19786,42507,23577,23578,42508
19787,42508,23578,23579,42509
19788,42509,23579,23580,42510
19789,42510,23580,23581,42511
19790,42511,23581,23582,42512
19791,42512,23582,23583,42513
19792,42513,23583,23584,42514
19793,42514,23584,23585,42515
19794,42515,23585,23586,42516
19795,42516,23586,23587,42517
19796,42517,23587,23588,42518
19797,42518,23588,23589,42519
19798,42519,23589,23590,42520
19799,42520,23590,23591,42521
19800,42521,23591,23592,42522
19801,42522,23592,23593,42523
19802,42523,23593,23594,42524
19803,42524,23594,23595,42525
19804,42525,23595,23596,42526
19805,42526,23596,23597,42527
19806,42527,23597,23598,42528
19807,42528,23598,23599,42529
19808,42529,23599,23600,42530
19809,42530,23600,23601,42531
19810,42531,23601,23602,42532
19811,42532,23602,23603,42533
19812,42533,23603,23604,42534
19813,42534,23604,23605,42535
19814,42535,23605,23606,42536
19815,42536,23606,23607,42537
19816,42537,23607,23608,42538
19817,42538,23608,23609,42539
19818,42539,23609,23610,42540
19819,42540,23610,23611,42541
19820,42541,23611,23612,42542
19821,42542,23612,23613,42543
19822,42543,23613,23614,42544
19823,42544,23614,23615,42545
19824,42545,23615,23616,42546
19825,42546,23616,23617,42547
19826,42547,23617,23618,42548
19827,42548,23618,23619,42549
19828,42549,23619,23620,42550
19829,42550,23620,23621,42551
19830,42551,23621,23622,42552
19831,42552,23622,23623,42553
19832,42553,23623,23624,42554
19833,42554,23624,23625,42555
19834,42555,23625,23626,42556
19835,42556,23626,23627,42557
19836,42557,23627,23628,42558
19837,42558,23628,23629,42559
19838,42559,23629,23630,42560
19839,42560,23630,23631,42561
19840,42561,23631,23632,42562
19841,42562,23632,23633,42563
19842,42563,23633,23634,42564
19843,42564,23634,23635,42565
19844,42565,23635,23636,42566
19845,42566,23636,23637,42567
19846,42567,23637,23638,42568
19847,42568,23638,23639,42569
19848,42569,23639,23640,42570
19849,42570,23640,23641,42571
19850,42571,23641,23642,42572
19851,42572,23642,23643,42573
19852,42573,23643,23644,42574
19853,42574,23644,23645,42575
19854,42575,23645,23646,42576
19855,42576,23646,23647,42577
19856,42577,23647,23648,42578
19857,42578,23648,23649,42579
19858,42579,23649,23650,42580
19859,42580,23650,23651,42581
19860,42581,23651,23652,42582
19861,42582,23652,23653,42583
19862,42583,23653,23654,42584
19863,42584,23654,23655,42585
19864,42585,23655,23656,42586
19865,42586,23656,23657,42587
19866,42587,23657,23658,42588
19867,42588,23658,23659,42589
19868,42589,23659,23660,42590
19869,42590,23660,23661,42591
19870,42591,23661,23662,42592
19871,42592,23662,23663,42593
19872,42593,23663,23664,42594
19873,42594,23664,23665,42595
19874,42595,23665,23666,42596
19875,42596,23666,23667,42597
19876,42597,23667,23668,42598
19877,42598,23668,23669,42599
19878,42599,23669,23670,42600
19879,42600,23670,23671,42601
19880,42601,23671,23672,42602
19881,42602,23672,23673,42603
19882,42603,23673,23674,42604
19883,42604,23674,23675,42605
19884,42605,23675,23676,42606
19885,42606,23676,23677,42607
19886,42607,23677,23678,42608
19887,42608,23678,23679,42609
19888,42609,23679,23680,42610
19889,42610,23680,23681,42611
19890,42611,23681,23682,42612
19891,42612,23682,23683,42613
19892,42613,23683,23684,42614
19893,42614,23684,23685,42615
19894,42615,23685,23686,42616
19895,42616,23686,23687,42617
19896,42617,23687,23688,42618
19897,42618,23688,23689,42619
19898,42619,23689,23690,42620
19899,42620,23690,23691,42621
19900,42621,23691,23692,42622
19901,42622,23692,23693,42623
19902,42623,23693,23694,42624
19903,42624,23694,23695,42625
19904,42625,23695,23696,42626
19905,42626,23696,23697,42627
19906,42627,23697,23698,42628
19907,42628,23698,23699,42629
19908,42629,23699,23700,42630
19909,42630,23700,23701,42631
19910,42631,23701,23702,42632
19911,42632,23702,23703,42633
19912,42633,23703,23704,42634
19913,42634,23704,23705,42635
19914,42635,23705,23706,42636
19915,42636,23706,23707,42637
19916,42637,23707,23708,42638
19917,42638,23708,23709,42639
19918,42639,23709,23710,42640
19919,42640,23710,23711,42641
19920,42641,23711,23712,42642
19921,42642,23712,23713,42643
19922,42643,23713,23714,42644
19923,42644,23714,23715,42645
19924,42645,23715,23716,42646
19925,42646,23716,23717,42647
19926,42647,23717,23718,42648
19927,42648,23718,23719,42649
19928,42649,23719,23720,42650
19929,42650,23720,23721,42651
19930,42651,23721,23722,42652
19931,42652,23722,23723,42653
19932,42653,23723,23724,42654
19933,42654,23724,23725,42655
19934,42655,23725,23726,42656
19935,42656,23726,23727,42657
19936,42657,23727,23728,42658
19937,42658,23728,23729,42659
19938,42659,23729,23730,42660
19939,42660,23730,23731,42661
19940,42661,23731,23732,42662
19941,42662,23732,23733,42663
19942,42663,23733,23734,42664
19943,42664,23734,23735,42665
19944,42665,23735,23736,42666
19945,42666,23736,23737,42667
19946,42667,23737,23738,42668
19947,42668,23738,23739,42669
19948,42669,23739,23740,42670
19949,42670,23740,23741,42671
19950,42671,23741,23742,42672
19951,42672,23742,23743,42673
19952,42673,23743,23744,42674
19953,42674,23744,23745,42675
19954,42675,23745,23746,42676
19955,42676,23746,23747,42677
19956,42677,23747,23748,42678
19957,42678,23748,23749,42679
19958,42679,23749,23750,42680
19959,42680,23750,23751,42681
19960,42681,23751,23752,42682
19961,42682,23752,23753,42683
19962,42683,23753,23754,42684
19963,42684,23754,23755,42685
19964,42685,23755,23756,42686
19965,42686,23756,23757,42687
19966,42687,23757,23758,42688
19967,42688,23758,23759,42689
19968,42689,23759,23760,42690
19969,42690,23760,23761,42691
19970,42691,23761,23762,42692
19971,42692,23762,23763,42693
19972,42693,23763,23764,42694
19973,42694,23764,23765,42695
19974,42695,23765,23766,42696
19975,42696,23766,23767,42697
19976,42697,23767,23768,42698
19977,42698,23768,23769,42699
19978,42699,23769,23770,42700
19979,42700,23770,23771,42701
19980,42701,23771,23772,42702
19981,42702,23772,23773,42703
19982,42703,23773,23774,42704
19983,42704,23774,23775,42705
19984,42705,23775,23776,42706
19985,42706,23776,23777,42707
19986,42707,23777,23778,42708
19987,42708,23778,23779,42709
19988,42709,23779,23780,42710
19989,42710,23780,23781,42711
19990,42711,23781,23782,42712
19991,42712,23782,23783,42713
19992,42713,23783,23784,42714
19993,42714,23784,23785,42715
19994,42715,23785,23786,42716
19995,42716,23786,23787,42717
19996,42717,23787,23788,42718
19997,42718,23788,23789,42719
19998,42719,23789,23790,42720
19999,42720,23790,23791,42721
20000,42721,23791,23792,42722
20001,42722,23792,23793,42723
20002,42723,23793,23794,42724
20003,42724,23794,23795,42725
20004,42725,23795,23796,42726
20005,42726,23796,23797,42727
20006,42727,23797,23798,42728
20007,42728,23798,23799,42729
20008,42729,23799,23800,42730
20009,42730,23800,23801,42731
20010,42731,23801,23802,42732
20011,42732,23802,23803,42733
20012,42733,23803,23804,42734
20013,42734,23804,23805,42735
20014,42735,23805,23806,42736
20015,42736,23806,23807,42737
20016,42737,23807,23808,42738
20017,42738,23808,23809,42739
20018,42739,23809,23810,42740
20019,42740,23810,23811,42741
20020,42741,23811,23812,42742
20021,42742,23812,23813,42743
20022,42743,23813,23814,42744
20023,42744,23814,23815,42745
20024,42745,23815,23816,42746
20025,42746,23816,23817,42747
20026,42747,23817,23818,42748
20027,42748,23818,23819,42749
20028,42749,23819,23820,42750
20029,42750,23820,23821,42751
20030,42751,23821,23822,42752
20031,42752,23822,23823,42753
20032,42753,23823,23824,42754
20033,42754,23824,23825,42755
20034,42755,23825,23826,42756
20035,42756,23826,23827,42757
20036,42757,23827,23828,42758
20037,42758,23828,23829,42759
20038,42759,23829,23830,42760
20039,42760,23830,23831,42761
20040,42761,23831,23832,42762
20041,42762,23832,23833,42763
20042,42763,23833,23834,42764
20043,42764,23834,23835,42765
20044,42765,23835,23836,42766
20045,42766,23836,23837,42767
20046,42767,23837,23838,42768
20047,42768,23838,23839,42769
20048,42769,23839,23840,42770
20049,42770,23840,23841,42771
20050,42771,23841,23842,42772
20051,42772,23842,23843,42773
20052,42773,23843,23844,42774
20053,42774,23844,23845,42775
20054,42775,23845,23846,42776
20055,42776,23846,23847,42777
20056,42777,23847,23848,42778
20057,42778,23848,23849,42779
20058,42779,23849,23850,42780
20059,42780,23850,23851,42781
20060,42781,23851,23852,42782
20061,42782,23852,23853,42783
20062,42783,23853,23854,42784
20063,42784,23854,23855,42785
20064,42785,23855,23856,42786
20065,42786,23856,23857,42787
20066,42787,23857,23858,42788
20067,42788,23858,23859,42789
20068,42789,23859,23860,42790
20069,42790,23860,23861,42791
20070,42791,23861,23862,42792
20071,42792,23862,23863,42793
20072,42793,23863,23864,42794
20073,42794,23864,23865,42795
20074,42795,23865,23866,42796
20075,42796,23866,23867,42797
20076,42797,23867,23868,42798
20077,42798,23868,23869,42799
20078,42799,23869,23870,42800
20079,42800,23870,23871,42801
20080,42801,23871,23872,42802
20081,42802,23872,23873,42803
20082,42803,23873,23874,42804
20083,42804,23874,23875,42805
20084,42805,23875,23876,42806
20085,42806,23876,23877,42807
20086,42807,23877,23878,42808
20087,42808,23878,23879,42809
20088,42809,23879,23880,42810
20089,42810,23880,23881,42811
20090,42811,23881,23882,42812
20091,42812,23882,23883,42813
20092,42813,23883,23884,42814
20093,42814,23884,23885,42815
20094,42815,23885,23886,42816
20095,42816,23886,23887,42817
20096,42817,23887,23888,42818
20097,42818,23888,23889,42819
20098,42819,23889,23890,42820
20099,42820,23890,23891,42821
20100,42821,23891,23892,42822
20101,42822,23892,23893,42823
20102,42823,23893,23894,42824
20103,42824,23894,23895,42825
20104,42825,23895,23896,42826
20105,42826,23896,23897,42827
20106,42827,23897,23898,42828
20107,42828,23898,23899,42829
20108,42829,23899,23900,42830
20109,42830,23900,23901,42831
20110,42831,23901,23902,42832
20111,42832,23902,23903,42833
20112,42833,23903,23904,42834
20113,42834,23904,23905,42835
20114,42835,23905,23906,42836
20115,42836,23906,23907,42837
20116,42837,23907,23908,42838
20117,42838,23908,23909,42839
20118,42839,23909,23910,42840
20119,42840,23910,23911,42841
20120,42841,23911,23912,42842
20121,42842,23912,23913,42843
20122,42843,23913,23914,42844
20123,42844,23914,23915,42845
20124,42845,23915,23916,42846
20125,42846,23916,23917,42847
20126,42847,23917,23918,42848
20127,42848,23918,23919,42849
20128,42849,23919,23920,42850
20129,42850,23920,23921,42851
20130,42851,23921,23922,42852
20131,42852,23922,23923,42853
20132,42853,23923,23924,42854
20133,42854,23924,23925,42855
20134,42855,23925,23926,42856
20135,42856,23926,23927,42857
20136,42857,23927,23928,42858
20137,42858,23928,23929,42859
20138,42859,23929,23930,42860
20139,42860,23930,23931,42861
20140,42861,23931,23932,42862
20141,42862,23932,23933,42863
20142,42863,23933,23934,42864
20143,42864,23934,23935,42865
20144,42865,23935,23936,42866
20145,42866,23936,23937,42867
20146,42867,23937,23938,42868
20147,42868,23938,23939,42869
20148,42869,23939,23940,42870
20149,42870,23940,23941,42871
20150,42871,23941,23942,42872
20151,42872,23942,23943,42873
20152,42873,23943,23944,42874
20153,42874,23944,23945,42875
20154,42875,23945,23946,42876
20155,42876,23946,23947,42877
20156,42877,23947,23948,42878
20157,42878,23948,23949,42879
20158,42879,23949,23950,42880
20159,42880,23950,23951,42881
20160,42881,23951,23952,42882
20161,42882,23952,23953,42883
20162,42883,23953,23954,42884
20163,42884,23954,23955,42885
20164,42885,23955,23956,42886
20165,42886,23956,23957,42887
20166,42887,23957,23958,42888
20167,42888,23958,23959,42889
20168,42889,23959,23960,42890
20169,42890,23960,23961,42891
20170,42891,23961,23962,42892
20171,42892,23962,23963,42893
20172,42893,23963,23964,42894
20173,42894,23964,23965,42895
20174,42895,23965,23966,42896
20175,42896,23966,23967,42897
20176,42897,23967,23968,42898
20177,42898,23968,23969,42899
20178,42899,23969,23970,42900
20179,42900,23970,23971,42901
20180,42901,23971,23972,42902
20181,42902,23972,23973,42903
20182,42903,23973,23974,42904
20183,42904,23974,23975,42905
20184,42905,23975,23976,42906
20185,42906,23976,23977,42907
20186,42907,23977,23978,42908
20187,42908,23978,23979,42909
20188,42909,23979,23980,42910
20189,42910,23980,23981,42911
20190,42911,23981,23982,42912
20191,42912,23982,23983,42913
20192,42913,23983,23984,42914
20193,42914,23984,23985,42915
20194,42915,23985,23986,42916
20195,42916,23986,23987,42917
20196,42917,23987,23988,42918
20197,42918,23988,23989,42919
20198,42919,23989,23990,42920
20199,42920,23990,23991,42921
20200,42921,23991,23992,42922
20201,42922,23992,23993,42923
20202,42923,23993,23994,42924
20203,42924,23994,23995,42925
20204,42925,23995,23996,42926
20205,42926,23996,23997,42927
20206,42927,23997,23998,42928
20207,42928,23998,23999,42929
20208,42929,23999,24000,42930
20209,42930,24000,24001,42931
20210,42931,24001,24002,42932
20211,42932,24002,24003,42933
20212,42933,24003,24004,42934
20213,42934,24004,24005,42935
20214,42935,24005,24006,42936
20215,42936,24006,24007,42937
20216,42937,24007,24008,42938
20217,42938,24008,24009,42939
20218,42939,24009,24010,42940
20219,42940,24010,24011,42941
20220,42941,24011,24012,42942
20221,42942,24012,24013,42943
20222,42943,24013,24014,42944
20223,42944,24014,24015,42945
20224,42945,24015,24016,42946
20225,42946,24016,24017,42947
20226,42947,24017,24018,42948
20227,42948,24018,24019,42949
20228,42949,24019,24020,42950
20229,42950,24020,24021,42951
20230,42951,24021,24022,42952
20231,42952,24022,24023,42953
20232,42953,24023,24024,42954
20233,42954,24024,24025,42955
20234,42955,24025,24026,42956
20235,42956,24026,24027,42957
20236,42957,24027,24028,42958
20237,42958,24028,24029,42959
20238,42959,24029,24030,42960
20239,42960,24030,24031,42961
20240,42961,24031,24032,42962
20241,42962,24032,24033,42963
20242,42963,24033,24034,42964
20243,42964,24034,24035,42965
20244,42965,24035,24036,42966
20245,42966,24036,24037,42967
20246,42967,24037,24038,42968
20247,42968,24038,24039,42969
20248,42969,24039,24040,42970
20249,42970,24040,24041,42971
20250,42971,24041,24042,42972
20251,42972,24042,24043,42973
20252,42973,24043,24044,42974
20253,42974,24044,24045,42975
20254,42975,24045,24046,42976
20255,42976,24046,24047,42977
20256,42977,24047,24048,42978
20257,42978,24048,24049,42979
20258,42979,24049,24050,42980
20259,42980,24050,24051,42981
20260,42981,24051,24052,42982
20261,42982,24052,24053,42983
20262,42983,24053,24054,42984
20263,42984,24054,24055,42985
20264,42985,24055,24056,42986
20265,42986,24056,24057,42987
20266,42987,24057,24058,42988
20267,42988,24058,24059,42989
20268,42989,24059,24060,42990
20269,42990,24060,24061,42991
20270,42991,24061,24062,42992
20271,42992,24062,24063,42993
20272,42993,24063,24064,42994
20273,42994,24064,24065,42995
20274,42995,24065,24066,42996
20275,42996,24066,24067,42997
20276,42997,24067,24068,42998
20277,42998,24068,24069,42999
20278,42999,24069,24070,43000
20279,43000,24070,24071,43001
20280,43001,24071,24072,43002
20281,43002,24072,24073,43003
20282,43003,24073,24074,43004
20283,43004,24074,24075,43005
20284,43005,24075,24076,43006
20285,43006,24076,24077,43007
20286,43007,24077,24078,43008
20287,43008,24078,24079,43009
20288,43009,24079,24080,43010
20289,43010,24080,24081,43011
20290,43011,24081,24082,43012
20291,43012,24082,24083,43013
20292,43013,24083,24084,43014
20293,43014,24084,24085,43015
20294,43015,24085,24086,43016
20295,43016,24086,24087,43017
20296,43017,24087,24088,43018
20297,43018,24088,24089,43019
20298,43019,24089,24090,43020
20299,43020,24090,24091,43021
20300,43021,24091,24092,43022
20301,43022,24092,24093,43023
20302,43023,24093,24094,43024
20303,43024,24094,24095,43025
20304,43025,24095,24096,43026
20305,43026,24096,24097,43027
20306,43027,24097,24098,43028
20307,43028,24098,24099,43029
20308,43029,24099,24100,43030
20309,43030,24100,24101,43031
20310,43031,24101,24102,43032
20311,43032,24102,24103,43033
20312,43033,24103,24104,43034
20313,43034,24104,24105,43035
20314,43035,24105,24106,43036
20315,43036,24106,24107,43037
20316,43037,24107,24108,43038
20317,43038,24108,24109,43039
20318,43039,24109,24110,43040
20319,43040,24110,24111,43041
20320,43041,24111,24112,43042
20321,43042,24112,24113,43043
20322,43043,24113,24114,43044
20323,43044,24114,24115,43045
20324,43045,24115,24116,43046
20325,43046,24116,24117,43047
20326,43047,24117,24118,43048
20327,43048,24118,24119,43049
20328,43049,24119,24120,43050
20329,43050,24120,24121,43051
20330,43051,24121,24122,43052
20331,43052,24122,24123,43053
20332,43053,24123,24124,43054
20333,43054,24124,24125,43055
20334,43055,24125,24126,43056
20335,43056,24126,24127,43057
20336,43057,24127,24128,43058
20337,43058,24128,24129,43059
20338,43059,24129,24130,43060
20339,43060,24130,24131,43061
20340,43061,24131,24132,43062
20341,43062,24132,24133,43063
20342,43063,24133,24134,43064
20343,43064,24134,24135,43065
20344,43065,24135,24136,43066
20345,43066,24136,24137,43067
20346,43067,24137,24138,43068
20347,43068,24138,24139,43069
20348,43069,24139,24140,43070
20349,43070,24140,24141,43071
20350,43071,24141,24142,43072
20351,43072,24142,24143,43073
20352,43073,24143,24144,43074
20353,43074,24144,24145,43075
20354,43075,24145,24146,43076
20355,43076,24146,24147,43077
20356,43077,24147,24148,43078
20357,43078,24148,24149,43079
20358,43079,24149,24150,43080
20359,43080,24150,24151,43081
20360,43081,24151,24152,43082
20361,43082,24152,24153,43083
20362,43083,24153,24154,43084
20363,43084,24154,24155,43085
20364,43085,24155,24156,43086
20365,43086,24156,24157,43087
20366,43087,24157,24158,43088
20367,43088,24158,24159,43089
20368,43089,24159,24160,43090
20369,43090,24160,24161,43091
20370,43091,24161,24162,43092
20371,43092,24162,24163,43093
20372,43093,24163,24164,43094
20373,43094,24164,24165,43095
20374,43095,24165,24166,43096
20375,43096,24166,24167,43097
20376,43097,24167,24168,43098
20377,43098,24168,24169,43099
20378,43099,24169,24170,43100
20379,43100,24170,24171,43101
20380,43101,24171,24172,43102
20381,43102,24172,24173,43103
20382,43103,24173,24174,43104
20383,43104,24174,24175,43105
20384,43105,24175,24176,43106
20385,43106,24176,24177,43107
20386,43107,24177,24178,43108
20387,43108,24178,24179,43109
20388,43109,24179,24180,43110
20389,43110,24180,24181,43111
20390,43111,24181,24182,43112
20391,43112,24182,24183,43113
20392,43113,24183,24184,43114
20393,43114,24184,24185,43115
20394,43115,24185,24186,43116
20395,43116,24186,24187,43117
20396,43117,24187,24188,43118
20397,43118,24188,24189,43119
20398,43119,24189,24190,43120
20399,43120,24190,24191,43121
20400,43121,24191,24192,43122
20401,43122,24192,24193,43123
20402,43123,24193,24194,43124
20403,43124,24194,24195,43125
20404,43125,24195,24196,43126
20405,43126,24196,24197,43127
20406,43127,24197,24198,43128
20407,43128,24198,24199,43129
20408,43129,24199,24200,43130
20409,43130,24200,24201,43131
20410,43131,24201,24202,43132
20411,43132,24202,24203,43133
20412,43133,24203,24204,43134
20413,43134,24204,24205,43135
20414,43135,24205,24206,43136
20415,43136,24206,24207,43137
20416,43137,24207,24208,43138
20417,43138,24208,24209,43139
20418,43139,24209,24210,43140
20419,43140,24210,24211,43141
20420,43141,24211,24212,43142
20421,43142,24212,24213,43143
20422,43143,24213,24214,43144
20423,43144,24214,24215,43145
20424,43145,24215,24216,43146
20425,43146,24216,24217,43147
20426,43147,24217,24218,43148
20427,43148,24218,24219,43149
20428,43149,24219,24220,43150
20429,43150,24220,24221,43151
20430,43151,24221,24222,43152
20431,43152,24222,24223,43153
20432,43153,24223,24224,43154
20433,43154,24224,24225,43155
20434,43155,24225,24226,43156
20435,43156,24226,24227,43157
20436,43157,24227,24228,43158
20437,43158,24228,24229,43159
20438,43159,24229,24230,43160
20439,43160,24230,24231,43161
20440,43161,24231,24232,43162
20441,43162,24232,24233,43163
20442,43163,24233,24234,43164
20443,43164,24234,24235,43165
20444,43165,24235,24236,43166
20445,43166,24236,24237,43167
20446,43167,24237,24238,43168
20447,43168,24238,24239,43169
20448,43169,24239,24240,43170
20449,43170,24240,24241,43171
20450,43171,24241,24242,43172
20451,43172,24242,24243,43173
20452,43173,24243,24244,43174
20453,43174,24244,24245,43175
20454,43175,24245,24246,43176
20455,43176,24246,24247,43177
20456,43177,24247,24248,43178
20457,43178,24248,24249,43179
20458,43179,24249,24250,43180
20459,43180,24250,24251,43181
20460,43181,24251,24252,43182
20461,43182,24252,24253,43183
20462,43183,24253,24254,43184
20463,43184,24254,24255,43185
20464,43185,24255,24256,43186
20465,43186,24256,24257,43187
20466,43187,24257,24258,43188
20467,43188,24258,24259,43189
20468,43189,24259,24260,43190
20469,43190,24260,24261,43191
20470,43191,24261,24262,43192
20471,43192,24262,24263,43193
20472,43193,24263,24264,43194
20473,43194,24264,24265,43195
20474,43195,24265,24266,43196
20475,43196,24266,24267,43197
20476,43197,24267,24268,43198
20477,43198,24268,24269,43199
20478,43199,24269,24270,43200
20479,43200,24270,24271,43201
20480,43201,24271,24272,43202
20481,43202,24272,24273,43203
20482,43203,24273,24274,43204
20483,43204,24274,24275,43205
20484,43205,24275,24276,43206
20485,43206,24276,24277,43207
20486,43207,24277,24278,43208
20487,43208,24278,24279,43209
20488,43209,24279,24280,43210
20489,43210,24280,24281,43211
20490,43211,24281,24282,43212
20491,43212,24282,24283,43213
20492,43213,24283,24284,43214
20493,43214,24284,24285,43215
20494,43215,24285,24286,43216
20495,43216,24286,24287,43217
20496,43217,24287,24288,43218
20497,43218,24288,24289,43219
20498,43219,24289,24290,43220
20499,43220,24290,24291,43221
20500,43221,24291,24292,43222
20501,43222,24292,24293,43223
20502,43223,24293,24294,43224
20503,43224,24294,24295,43225
20504,43225,24295,24296,43226
20505,43226,24296,24297,43227
20506,43227,24297,24298,43228
20507,43228,24298,24299,43229
20508,43229,24299,24300,43230
20509,43230,24300,24301,43231
20510,43231,24301,24302,43232
20511,43232,24302,24303,43233
20512,43233,24303,24304,43234
20513,43234,24304,24305,43235
20514,43235,24305,24306,43236
20515,43236,24306,24307,43237
20516,43237,24307,24308,43238
20517,43238,24308,24309,43239
20518,43239,24309,24310,43240
20519,43240,24310,24311,43241
20520,43241,24311,24312,43242
20521,43242,24312,24313,43243
20522,43243,24313,24314,43244
20523,43244,24314,24315,43245
20524,43245,24315,24316,43246
20525,43246,24316,24317,43247
20526,43247,24317,24318,43248
20527,43248,24318,24319,43249
20528,43249,24319,24320,43250
20529,43250,24320,24321,43251
20530,43251,24321,24322,43252
20531,43252,24322,24323,43253
20532,43253,24323,24324,43254
20533,43254,24324,24325,43255
20534,43255,24325,24326,43256
20535,43256,24326,24327,43257
20536,43257,24327,24328,43258
20537,43258,24328,24329,43259
20538,43259,24329,24330,43260
20539,43260,24330,24331,43261
20540,43261,24331,24332,43262
20541,43262,24332,24333,43263
20542,43263,24333,24334,43264
20543,43264,24334,24335,43265
20544,43265,24335,24336,43266
20545,43266,24336,24337,43267
20546,43267,24337,24338,43268
20547,43268,24338,24339,43269
20548,43269,24339,24340,43270
20549,43270,24340,24341,43271
20550,43271,24341,24342,43272
20551,43272,24342,24343,43273
20552,43273,24343,24344,43274
20553,43274,24344,24345,43275
20554,43275,24345,24346,43276
20555,43276,24346,24347,43277
20556,43277,24347,24348,43278
20557,43278,24348,24349,43279
20558,43279,24349,24350,43280
20559,43280,24350,24351,43281
20560,43281,24351,24352,43282
20561,43282,24352,24353,43283
20562,43283,24353,24354,43284
20563,43284,24354,24355,43285
20564,43285,24355,24356,43286
20565,43286,24356,24357,43287
20566,43287,24357,24358,43288
20567,43288,24358,24359,43289
20568,43289,24359,24360,43290
20569,43290,24360,24361,43291
20570,43291,24361,24362,43292
20571,43292,24362,24363,43293
20572,43293,24363,24364,43294
20573,43294,24364,24365,43295
20574,43295,24365,24366,43296
20575,43296,24366,24367,43297
20576,43297,24367,24368,43298
20577,43298,24368,24369,43299
20578,43299,24369,24370,43300
20579,43300,24370,24371,43301
20580,43301,24371,24372,43302
20581,43302,24372,24373,43303
20582,43303,24373,24374,43304
20583,43304,24374,24375,43305
20584,43305,24375,24376,43306
20585,43306,24376,24377,43307
20586,43307,24377,24378,43308
20587,43308,24378,24379,43309
20588,43309,24379,24380,43310
20589,43310,24380,24381,43311
20590,43311,24381,24382,43312
20591,43312,24382,24383,43313
20592,43313,24383,24384,43314
20593,43314,24384,24385,43315
20594,43315,24385,24386,43316
20595,43316,24386,24387,43317
20596,43317,24387,24388,43318
20597,43318,24388,24389,43319
20598,43319,24389,24390,43320
20599,43320,24390,24391,43321
20600,43321,24391,24392,43322
20601,43322,24392,24393,43323
20602,43323,24393,24394,43324
20603,43324,24394,24395,43325
20604,43325,24395,24396,43326
20605,43326,24396,24397,43327
20606,43327,24397,24398,43328
20607,43328,24398,24399,43329
20608,43329,24399,24400,43330
20609,43330,24400,24401,43331
20610,43331,24401,24402,43332
20611,43332,24402,24403,43333
20612,43333,24403,24404,43334
20613,43334,24404,24405,43335
20614,43335,24405,24406,43336
20615,43336,24406,24407,43337
20616,43337,24407,24408,43338
20617,43338,24408,24409,43339
20618,43339,24409,24410,43340
20619,43340,24410,24411,43341
20620,43341,24411,24412,43342
20621,43342,24412,24413,43343
20622,43343,24413,24414,43344
20623,43344,24414,24415,43345
20624,43345,24415,24416,43346
20625,43346,24416,24417,43347
20626,43347,24417,24418,43348
20627,43348,24418,24419,43349
20628,43349,24419,24420,43350
20629,43350,24420,24421,43351
20630,43351,24421,24422,43352
20631,43352,24422,24423,43353
20632,43353,24423,24424,43354
20633,43354,24424,24425,43355
20634,43355,24425,24426,43356
20635,43356,24426,24427,43357
20636,43357,24427,24428,43358
20637,43358,24428,24429,43359
20638,43359,24429,24430,43360
20639,43360,24430,24431,43361
20640,43361,24431,24432,43362
20641,43362,24432,24433,43363
20642,43363,24433,24434,43364
20643,43364,24434,24435,43365
20644,43365,24435,24436,43366
20645,43366,24436,24437,43367
20646,43367,24437,24438,43368
20647,43368,24438,24439,43369
20648,43369,24439,24440,43370
20649,43370,24440,24441,43371
20650,43371,24441,24442,43372
20651,43372,24442,24443,43373
20652,43373,24443,24444,43374
20653,43374,24444,24445,43375
20654,43375,24445,24446,43376
20655,43376,24446,24447,43377
20656,43377,24447,24448,43378
20657,43378,24448,24449,43379
20658,43379,24449,24450,43380
20659,43380,24450,24451,43381
20660,43381,24451,24452,43382
20661,43382,24452,24453,43383
20662,43383,24453,24454,43384
20663,43384,24454,24455,43385
20664,43385,24455,24456,43386
20665,43386,24456,24457,43387
20666,43387,24457,24458,43388
20667,43388,24458,24459,43389
20668,43389,24459,24460,43390
20669,43390,24460,24461,43391
20670,43391,24461,24462,43392
20671,43392,24462,24463,43393
20672,43393,24463,24464,43394
20673,43394,24464,24465,43395
20674,43395,24465,24466,43396
20675,43396,24466,24467,43397
20676,43397,24467,24468,43398
20677,43398,24468,24469,43399
20678,43399,24469,24470,43400
20679,43400,24470,24471,43401
20680,43401,24471,24472,43402
20681,43402,24472,24473,43403
20682,43403,24473,24474,43404
20683,43404,24474,24475,43405
20684,43405,24475,24476,43406
20685,43406,24476,24477,43407
20686,43407,24477,24478,43408
20687,43408,24478,24479,43409
20688,43409,24479,24480,43410
20689,43410,24480,24481,43411
20690,43411,24481,24482,43412
20691,43412,24482,24483,43413
20692,43413,24483,24484,43414
20693,43414,24484,24485,43415
20694,43415,24485,24486,43416
20695,43416,24486,24487,43417
20696,43417,24487,24488,43418
20697,43418,24488,24489,43419
20698,43419,24489,24490,43420
20699,43420,24490,24491,43421
20700,43421,24491,24492,43422
20701,43422,24492,24493,43423
20702,43423,24493,24494,43424
20703,43424,24494,24495,43425
20704,43425,24495,24496,43426
20705,43426,24496,24497,43427
20706,43427,24497,24498,43428
20707,43428,24498,24499,43429
20708,43429,24499,24500,43430
20709,43430,24500,24501,43431
20710,43431,24501,24502,43432
20711,43432,24502,24503,43433
20712,43433,24503,24504,43434
20713,43434,24504,24505,43435
20714,43435,24505,24506,43436
20715,43436,24506,24507,43437
20716,43437,24507,24508,43438
20717,43438,24508,24509,43439
20718,43439,24509,24510,43440
20719,43440,24510,24511,43441
20720,43441,24511,24512,43442
20721,43442,24512,24513,43443
20722,43443,24513,24514,43444
20723,43444,24514,24515,43445
20724,43445,24515,24516,43446
20725,43446,24516,24517,43447
20726,43447,24517,24518,43448
20727,43448,24518,24519,43449
20728,43449,24519,24520,43450
20729,43450,24520,24521,43451
20730,43451,24521,24522,43452
20731,43452,24522,24523,43453
20732,43453,24523,24524,43454
20733,43454,24524,24525,43455
20734,43455,24525,24526,43456
20735,43456,24526,24527,43457
20736,43457,24527,24528,43458
20737,43458,24528,24529,43459
20738,43459,24529,24530,43460
20739,43460,24530,24531,43461
20740,43461,24531,24532,43462
20741,43462,24532,24533,43463
20742,43463,24533,24534,43464
20743,43464,24534,24535,43465
20744,43465,24535,24536,43466
20745,43466,24536,24537,43467
20746,43467,24537,24538,43468
20747,43468,24538,24539,43469
20748,43469,24539,24540,43470
20749,43470,24540,24541,43471
20750,43471,24541,24542,43472
20751,43472,24542,24543,43473
20752,43473,24543,24544,43474
20753,43474,24544,24545,43475
20754,43475,24545,24546,43476
20755,43476,24546,24547,43477
20756,43477,24547,24548,43478
20757,43478,24548,24549,43479
20758,43479,24549,24550,43480
20759,43480,24550,24551,43481
20760,43481,24551,24552,43482
20761,43482,24552,24553,43483
20762,43483,24553,24554,43484
20763,43484,24554,24555,43485
20764,43485,24555,24556,43486
20765,43486,24556,24557,43487
20766,43487,24557,24558,43488
20767,43488,24558,24559,43489
20768,43489,24559,24560,43490
20769,43490,24560,24561,43491
20770,43491,24561,24562,43492
20771,43492,24562,24563,43493
20772,43493,24563,24564,43494
20773,43494,24564,24565,43495
20774,43495,24565,24566,43496
20775,43496,24566,24567,43497
20776,43497,24567,24568,43498
20777,43498,24568,24569,43499
20778,43499,24569,24570,43500
20779,43500,24570,24571,43501
20780,43501,24571,24572,43502
20781,43502,24572,24573,43503
20782,43503,24573,24574,43504
20783,43504,24574,24575,43505
20784,43505,24575,24576,43506
20785,43506,24576,24577,43507
20786,43507,24577,24578,43508
20787,43508,24578,24579,43509
20788,43509,24579,24580,43510
20789,43510,24580,24581,43511
20790,43511,24581,24582,43512
20791,43512,24582,24583,43513
20792,43513,24583,24584,43514
20793,43514,24584,24585,43515
20794,43515,24585,24586,43516
20795,43516,24586,24587,43517
20796,43517,24587,24588,43518
20797,43518,24588,24589,43519
20798,43519,24589,24590,43520
20799,43520,24590,24591,43521
20800,43521,24591,24592,43522
20801,43522,24592,24593,43523
20802,43523,24593,24594,43524
20803,43524,24594,24595,43525
20804,43525,24595,24596,43526
20805,43526,24596,24597,43527
20806,43527,24597,24598,43528
20807,43528,24598,24599,43529
20808,43529,24599,24600,43530
20809,43530,24600,24601,43531
20810,43531,24601,24602,43532
20811,43532,24602,24603,43533
20812,43533,24603,24604,43534
20813,43534,24604,24605,43535
20814,43535,24605,24606,43536
20815,43536,24606,24607,43537
20816,43537,24607,24608,43538
20817,43538,24608,24609,43539
20818,43539,24609,24610,43540
20819,43540,24610,24611,43541
20820,43541,24611,24612,43542
20821,43542,24612,24613,43543
20822,43543,24613,24614,43544
20823,43544,24614,24615,43545
20824,43545,24615,24616,43546
20825,43546,24616,24617,43547
20826,43547,24617,24618,43548
20827,43548,24618,24619,43549
20828,43549,24619,24620,43550
20829,43550,24620,24621,43551
20830,43551,24621,24622,43552
20831,43552,24622,24623,43553
20832,43553,24623,24624,43554
20833,43554,24624,24625,43555
20834,43555,24625,24626,43556
20835,43556,24626,24627,43557
20836,43557,24627,24628,43558
20837,43558,24628,24629,43559
20838,43559,24629,24630,43560
20839,43560,24630,24631,43561
20840,43561,24631,24632,43562
20841,43562,24632,24633,43563
20842,43563,24633,24634,43564
20843,43564,24634,24635,43565
20844,43565,24635,24636,43566
20845,43566,24636,24637,43567
20846,43567,24637,24638,43568
20847,43568,24638,24639,43569
20848,43569,24639,24640,43570
20849,43570,24640,24641,43571
20850,43571,24641,24642,43572
20851,43572,24642,24643,43573
20852,43573,24643,24644,43574
20853,43574,24644,24645,43575
20854,43575,24645,24646,43576
20855,43576,24646,24647,43577
20856,43577,24647,24648,43578
20857,43578,24648,24649,43579
20858,43579,24649,24650,43580
20859,43580,24650,24651,43581
20860,43581,24651,24652,43582
20861,43582,24652,24653,43583
20862,43583,24653,24654,43584
20863,43584,24654,24655,43585
20864,43585,24655,24656,43586
20865,43586,24656,24657,43587
20866,43587,24657,24658,43588
20867,43588,24658,24659,43589
20868,43589,24659,24660,43590
20869,43590,24660,24661,43591
20870,43591,24661,24662,43592
20871,43592,24662,24663,43593
20872,43593,24663,24664,43594
20873,43594,24664,24665,43595
20874,43595,24665,24666,43596
20875,43596,24666,24667,43597
20876,43597,24667,24668,43598
20877,43598,24668,24669,43599
20878,43599,24669,24670,43600
20879,43600,24670,24671,43601
20880,43601,24671,24672,43602
20881,43602,24672,24673,43603
20882,43603,24673,24674,43604
20883,43604,24674,24675,43605
20884,43605,24675,24676,43606
20885,43606,24676,24677,43607
20886,43607,24677,24678,43608
20887,43608,24678,24679,43609
20888,43609,24679,24680,43610
20889,43610,24680,24681,43611
20890,43611,24681,24682,43612
20891,43612,24682,24683,43613
20892,43613,24683,24684,43614
20893,43614,24684,24685,43615
20894,43615,24685,24686,43616
20895,43616,24686,24687,43617
20896,43617,24687,24688,43618
20897,43618,24688,24689,43619
20898,43619,24689,24690,43620
20899,43620,24690,24691,43621
20900,43621,24691,24692,43622
20901,43622,24692,24693,43623
20902,43623,24693,24694,43624
20903,43624,24694,24695,43625
20904,43625,24695,24696,43626
20905,43626,24696,24697,43627
20906,43627,24697,24698,43628
20907,43628,24698,24699,43629
20908,43629,24699,24700,43630
20909,43630,24700,24701,43631
20910,43631,24701,24702,43632
20911,43632,24702,24703,43633
20912,43633,24703,24704,43634
20913,43634,24704,24705,43635
20914,43635,24705,24706,43636
20915,43636,24706,24707,43637
20916,43637,24707,24708,43638
20917,43638,24708,24709,43639
20918,43639,24709,24710,43640
20919,43640,24710,24711,43641
20920,43641,24711,24712,43642
20921,43642,24712,24713,43643
20922,43643,24713,24714,43644
20923,43644,24714,24715,43645
20924,43645,24715,24716,43646
20925,43646,24716,24717,43647
20926,43647,24717,24718,43648
20927,43648,24718,24719,43649
20928,43649,24719,24720,43650
20929,43650,24720,24721,43651
20930,43651,24721,24722,43652
20931,43652,24722,24723,43653
20932,43653,24723,24724,43654
20933,43654,24724,24725,43655
20934,43655,24725,24726,43656
20935,43656,24726,24727,43657
20936,43657,24727,24728,43658
20937,43658,24728,24729,43659
20938,43659,24729,24730,43660
20939,43660,24730,24731,43661
20940,43661,24731,24732,43662
20941,43662,24732,24733,43663
20942,43663,24733,24734,43664
20943,43664,24734,24735,43665
20944,43665,24735,24736,43666
20945,43666,24736,24737,43667
20946,43667,24737,24738,43668
20947,43668,24738,24739,43669
20948,43669,24739,24740,43670
20949,43670,24740,24741,43671
20950,43671,24741,24742,43672
20951,43672,24742,24743,43673
20952,43673,24743,24744,43674
20953,43674,24744,24745,43675
20954,43675,24745,24746,43676
20955,43676,24746,24747,43677
20956,43677,24747,24748,43678
20957,43678,24748,24749,43679
20958,43679,24749,24750,43680
20959,43680,24750,24751,43681
20960,43681,24751,24752,43682
20961,43682,24752,24753,43683
20962,43683,24753,24754,43684
20963,43684,24754,24755,43685
20964,43685,24755,24756,43686
20965,43686,24756,24757,43687
20966,43687,24757,24758,43688
20967,43688,24758,24759,43689
20968,43689,24759,24760,43690
20969,43690,24760,24761,43691
20970,43691,24761,24762,43692
20971,43692,24762,24763,43693
20972,43693,24763,24764,43694
20973,43694,24764,24765,43695
20974,43695,24765,24766,43696
20975,43696,24766,24767,43697
20976,43697,24767,24768,43698
20977,43698,24768,24769,43699
20978,43699,24769,24770,43700
20979,43700,24770,24771,43701
20980,43701,24771,24772,43702
20981,43702,24772,24773,43703
20982,43703,24773,24774,43704
20983,43704,24774,24775,43705
20984,43705,24775,24776,43706
20985,43706,24776,24777,43707
20986,43707,24777,24778,43708
20987,43708,24778,24779,43709
20988,43709,24779,24780,43710
20989,43710,24780,24781,43711
20990,43711,24781,24782,43712
20991,43712,24782,24783,43713
20992,43713,24783,24784,43714
20993,43714,24784,24785,43715
20994,43715,24785,24786,43716
20995,43716,24786,24787,43717
20996,43717,24787,24788,43718
20997,43718,24788,24789,43719
20998,43719,24789,24790,43720
20999,43720,24790,24791,43721
21000,43721,24791,24792,43722
21001,43722,24792,24793,43723
21002,43723,24793,24794,43724
21003,43724,24794,24795,43725
21004,43725,24795,24796,43726
21005,43726,24796,24797,43727
21006,43727,24797,24798,43728
21007,43728,24798,24799,43729
21008,43729,24799,24800,43730
21009,43730,24800,24801,43731
21010,43731,24801,24802,43732
21011,43732,24802,24803,43733
21012,43733,24803,24804,43734
21013,43734,24804,24805,43735
21014,43735,24805,24806,43736
21015,43736,24806,24807,43737
21016,43737,24807,24808,43738
21017,43738,24808,24809,43739
21018,43739,24809,24810,43740
21019,43740,24810,24811,43741
21020,43741,24811,24812,43742
21021,43742,24812,24813,43743
21022,43743,24813,24814,43744
21023,43744,24814,24815,43745
21024,43745,24815,24816,43746
21025,43746,24816,24817,43747
21026,43747,24817,24818,43748
21027,43748,24818,24819,43749
21028,43749,24819,24820,43750
21029,43750,24820,24821,43751
21030,43751,24821,24822,43752
21031,43752,24822,24823,43753
21032,43753,24823,24824,43754
21033,43754,24824,24825,43755
21034,43755,24825,24826,43756
21035,43756,24826,24827,43757
21036,43757,24827,24828,43758
21037,43758,24828,24829,43759
21038,43759,24829,24830,43760
21039,43760,24830,24831,43761
21040,43761,24831,24832,43762
21041,43762,24832,24833,43763
21042,43763,24833,24834,43764
21043,43764,24834,24835,43765
21044,43765,24835,24836,43766
21045,43766,24836,24837,43767
21046,43767,24837,24838,43768
21047,43768,24838,24839,43769
21048,43769,24839,24840,43770
21049,43770,24840,24841,43771
21050,43771,24841,24842,43772
21051,43772,24842,24843,43773
21052,43773,24843,24844,43774
21053,43774,24844,24845,43775
21054,43775,24845,24846,43776
21055,43776,24846,24847,43777
21056,43777,24847,24848,43778
21057,43778,24848,24849,43779
21058,43779,24849,24850,43780
21059,43780,24850,24851,43781
21060,43781,24851,24852,43782
21061,43782,24852,24853,43783
21062,43783,24853,24854,43784
21063,43784,24854,24855,43785
21064,43785,24855,24856,43786
21065,43786,24856,24857,43787
21066,43787,24857,24858,43788
21067,43788,24858,24859,43789
21068,43789,24859,24860,43790
21069,43790,24860,24861,43791
21070,43791,24861,24862,43792
21071,43792,24862,24863,43793
21072,43793,24863,24864,43794
21073,43794,24864,24865,43795
21074,43795,24865,24866,43796
21075,43796,24866,24867,43797
21076,43797,24867,24868,43798
21077,43798,24868,24869,43799
21078,43799,24869,24870,43800
21079,43800,24870,24871,43801
21080,43801,24871,24872,43802
21081,43802,24872,24873,43803
21082,43803,24873,24874,43804
21083,43804,24874,24875,43805
21084,43805,24875,24876,43806
21085,43806,24876,24877,43807
21086,43807,24877,24878,43808
21087,43808,24878,24879,43809
21088,43809,24879,24880,43810
21089,43810,24880,24881,43811
21090,43811,24881,24882,43812
21091,43812,24882,24883,43813
21092,43813,24883,24884,43814
21093,43814,24884,24885,43815
21094,43815,24885,24886,43816
21095,43816,24886,24887,43817
21096,43817,24887,24888,43818
21097,43818,24888,24889,43819
21098,43819,24889,24890,43820
21099,43820,24890,24891,43821
21100,43821,24891,24892,43822
21101,43822,24892,24893,43823
21102,43823,24893,24894,43824
21103,43824,24894,24895,43825
21104,43825,24895,24896,43826
21105,43826,24896,24897,43827
21106,43827,24897,24898,43828
21107,43828,24898,24899,43829
21108,43829,24899,24900,43830
21109,43830,24900,24901,43831
21110,43831,24901,24902,43832
21111,43832,24902,24903,43833
21112,43833,24903,24904,43834
21113,43834,24904,24905,43835
21114,43835,24905,24906,43836
21115,43836,24906,24907,43837
21116,43837,24907,24908,43838
21117,43838,24908,24909,43839
21118,43839,24909,24910,43840
21119,43840,24910,24911,43841
21120,43841,24911,24912,43842
21121,43842,24912,24913,43843
21122,43843,24913,24914,43844
21123,43844,24914,24915,43845
21124,43845,24915,24916,43846
21125,43846,24916,24917,43847
21126,43847,24917,24918,43848
21127,43848,24918,24919,43849
21128,43849,24919,24920,43850
21129,43850,24920,24921,43851
21130,43851,24921,24922,43852
21131,43852,24922,24923,43853
21132,43853,24923,24924,43854
21133,43854,24924,24925,43855
21134,43855,24925,24926,43856
21135,43856,24926,24927,43857
21136,43857,24927,24928,43858
21137,43858,24928,24929,43859
21138,43859,24929,24930,43860
21139,43860,24930,24931,43861
21140,43861,24931,24932,43862
21141,43862,24932,24933,43863
21142,43863,24933,24934,43864
21143,43864,24934,24935,43865
21144,43865,24935,24936,43866
21145,43866,24936,24937,43867
21146,43867,24937,24938,43868
21147,43868,24938,24939,43869
21148,43869,24939,24940,43870
21149,43870,24940,24941,43871
21150,43871,24941,24942,43872
21151,43872,24942,24943,43873
21152,43873,24943,24944,43874
21153,43874,24944,24945,43875
21154,43875,24945,24946,43876
21155,43876,24946,24947,43877
21156,43877,24947,24948,43878
21157,43878,24948,24949,43879
21158,43879,24949,24950,43880
21159,43880,24950,24951,43881
21160,43881,24951,24952,43882
21161,43882,24952,24953,43883
21162,43883,24953,24954,43884
21163,43884,24954,24955,43885
21164,43885,24955,24956,43886
21165,43886,24956,24957,43887
21166,43887,24957,24958,43888
21167,43888,24958,24959,43889
21168,43889,24959,24960,43890
21169,43890,24960,24961,43891
21170,43891,24961,24962,43892
21171,43892,24962,24963,43893
21172,43893,24963,24964,43894
21173,43894,24964,24965,43895
21174,43895,24965,24966,43896
21175,43896,24966,24967,43897
21176,43897,24967,24968,43898
21177,43898,24968,24969,43899
21178,43899,24969,24970,43900
21179,43900,24970,24971,43901
21180,43901,24971,24972,43902
21181,43902,24972,24973,43903
21182,43903,24973,24974,43904
21183,43904,24974,24975,43905
21184,43905,24975,24976,43906
21185,43906,24976,24977,43907
21186,43907,24977,24978,43908
21187,43908,24978,24979,43909
21188,43909,24979,24980,43910
21189,43910,24980,24981,43911
21190,43911,24981,24982,43912
21191,43912,24982,24983,43913
21192,43913,24983,24984,43914
21193,43914,24984,24985,43915
21194,43915,24985,24986,43916
21195,43916,24986,24987,43917
21196,43917,24987,24988,43918
21197,43918,24988,24989,43919
21198,43919,24989,24990,43920
21199,43920,24990,24991,43921
21200,43921,24991,24992,43922
21201,43922,24992,24993,43923
21202,43923,24993,24994,43924
21203,43924,24994,24995,43925
21204,43925,24995,24996,43926
21205,43926,24996,24997,43927
21206,43927,24997,24998,43928
21207,43928,24998,24999,43929
21208,43929,24999,25000,43930
21209,43930,25000,25001,43931
21210,43931,25001,25002,43932
21211,43932,25002,25003,43933
21212,43933,25003,25004,43934
21213,43934,25004,25005,43935
21214,43935,25005,25006,43936
21215,43936,25006,25007,43937
21216,43937,25007,25008,43938
21217,43938,25008,25009,43939
21218,43939,25009,25010,43940
21219,43940,25010,25011,43941
21220,43941,25011,25012,43942
21221,43942,25012,25013,43943
21222,43943,25013,25014,43944
21223,43944,25014,25015,43945
21224,43945,25015,25016,43946
21225,43946,25016,25017,43947
21226,43947,25017,25018,43948
21227,43948,25018,25019,43949
21228,43949,25019,25020,43950
21229,43950,25020,25021,43951
21230,43951,25021,25022,43952
21231,43952,25022,25023,43953
21232,43953,25023,25024,43954
21233,43954,25024,25025,43955
21234,43955,25025,25026,43956
21235,43956,25026,25027,43957
21236,43957,25027,25028,43958
21237,43958,25028,25029,43959
21238,43959,25029,25030,43960
21239,43960,25030,25031,43961
21240,43961,25031,25032,43962
21241,43962,25032,25033,43963
21242,43963,25033,25034,43964
21243,43964,25034,25035,43965
21244,43965,25035,25036,43966
21245,43966,25036,25037,43967
21246,43967,25037,25038,43968
21247,43968,25038,25039,43969
21248,43969,25039,25040,43970
21249,43970,25040,25041,43971
21250,43971,25041,25042,43972
21251,43972,25042,25043,43973
21252,43973,25043,25044,43974
21253,43974,25044,25045,43975
21254,43975,25045,25046,43976
21255,43976,25046,25047,43977
21256,43977,25047,25048,43978
21257,43978,25048,25049,43979
21258,43979,25049,25050,43980
21259,43980,25050,25051,43981
21260,43981,25051,25052,43982
21261,43982,25052,25053,43983
21262,43983,25053,25054,43984
21263,43984,25054,25055,43985
21264,43985,25055,25056,43986
21265,43986,25056,25057,43987
21266,43987,25057,25058,43988
21267,43988,25058,25059,43989
21268,43989,25059,25060,43990
21269,43990,25060,25061,43991
21270,43991,25061,25062,43992
21271,43992,25062,25063,43993
21272,43993,25063,25064,43994
21273,43994,25064,25065,43995
21274,43995,25065,25066,43996
21275,43996,25066,25067,43997
21276,43997,25067,25068,43998
21277,43998,25068,25069,43999
21278,43999,25069,25070,44000
21279,44000,25070,25071,44001
21280,44001,25071,25072,44002
21281,44002,25072,25073,44003
21282,44003,25073,25074,44004
21283,44004,25074,25075,44005
21284,44005,25075,25076,44006
21285,44006,25076,25077,44007
21286,44007,25077,25078,44008
21287,44008,25078,25079,44009
21288,44009,25079,25080,44010
21289,44010,25080,25081,44011
21290,44011,25081,25082,44012
21291,44012,25082,25083,44013
21292,44013,25083,25084,44014
21293,44014,25084,25085,44015
21294,44015,25085,25086,44016
21295,44016,25086,25087,44017
21296,44017,25087,25088,44018
21297,44018,25088,25089,44019
21298,44019,25089,25090,44020
21299,44020,25090,25091,44021
21300,44021,25091,25092,44022
21301,44022,25092,25093,44023
21302,44023,25093,25094,44024
21303,44024,25094,25095,44025
21304,44025,25095,25096,44026
21305,44026,25096,25097,44027
21306,44027,25097,25098,44028
21307,44028,25098,25099,44029
21308,44029,25099,25100,44030
21309,44030,25100,25101,44031
21310,44031,25101,25102,44032
21311,44032,25102,25103,44033
21312,44033,25103,25104,44034
21313,44034,25104,25105,44035
21314,44035,25105,25106,44036
21315,44036,25106,25107,44037
21316,44037,25107,25108,44038
21317,44038,25108,25109,44039
21318,44039,25109,25110,44040
21319,44040,25110,25111,44041
21320,44041,25111,25112,44042
21321,44042,25112,25113,44043
21322,44043,25113,25114,44044
21323,44044,25114,25115,44045
21324,44045,25115,25116,44046
21325,44046,25116,25117,44047
21326,44047,25117,25118,44048
21327,44048,25118,25119,44049
21328,44049,25119,25120,44050
21329,44050,25120,25121,44051
21330,44051,25121,25122,44052
21331,44052,25122,25123,44053
21332,44053,25123,25124,44054
21333,44054,25124,25125,44055
21334,44055,25125,25126,44056
21335,44056,25126,25127,44057
21336,44057,25127,25128,44058
21337,44058,25128,25129,44059
21338,44059,25129,25130,44060
21339,44060,25130,25131,44061
21340,44061,25131,25132,44062
21341,44062,25132,25133,44063
21342,44063,25133,25134,44064
21343,44064,25134,25135,44065
21344,44065,25135,25136,44066
21345,44066,25136,25137,44067
21346,44067,25137,25138,44068
21347,44068,25138,25139,44069
21348,44069,25139,25140,44070
21349,44070,25140,25141,44071
21350,44071,25141,25142,44072
21351,44072,25142,25143,44073
21352,44073,25143,25144,44074
21353,44074,25144,25145,44075
21354,44075,25145,25146,44076
21355,44076,25146,25147,44077
21356,44077,25147,25148,44078
21357,44078,25148,25149,44079
21358,44079,25149,25150,44080
21359,44080,25150,25151,44081
21360,44081,25151,25152,44082
21361,44082,25152,25153,44083
21362,44083,25153,25154,44084
21363,44084,25154,25155,44085
21364,44085,25155,25156,44086
21365,44086,25156,25157,44087
21366,44087,25157,25158,44088
21367,44088,25158,25159,44089
21368,44089,25159,25160,44090
21369,44090,25160,25161,44091
21370,44091,25161,25162,44092
21371,44092,25162,25163,44093
21372,44093,25163,25164,44094
21373,44094,25164,25165,44095
21374,44095,25165,25166,44096
21375,44096,25166,25167,44097
21376,44097,25167,25168,44098
21377,44098,25168,25169,44099
21378,44099,25169,25170,44100
21379,44100,25170,25171,44101
21380,44101,25171,25172,44102
21381,44102,25172,25173,44103
21382,44103,25173,25174,44104
21383,44104,25174,25175,44105
21384,44105,25175,25176,44106
21385,44106,25176,25177,44107
21386,44107,25177,25178,44108
21387,44108,25178,25179,44109
21388,44109,25179,25180,44110
21389,44110,25180,25181,44111
21390,44111,25181,25182,44112
21391,44112,25182,25183,44113
21392,44113,25183,25184,44114
21393,44114,25184,25185,44115
21394,44115,25185,25186,44116
21395,44116,25186,25187,44117
21396,44117,25187,25188,44118
21397,44118,25188,25189,44119
21398,44119,25189,25190,44120
21399,44120,25190,25191,44121
21400,44121,25191,25192,44122
21401,44122,25192,25193,44123
21402,44123,25193,25194,44124
21403,44124,25194,25195,44125
21404,44125,25195,25196,44126
21405,44126,25196,25197,44127
21406,44127,25197,25198,44128
21407,44128,25198,25199,44129
21408,44129,25199,25200,44130
21409,44130,25200,25201,44131
21410,44131,25201,25202,44132
21411,44132,25202,25203,44133
21412,44133,25203,25204,44134
21413,44134,25204,25205,44135
21414,44135,25205,25206,44136
21415,44136,25206,25207,44137
21416,44137,25207,25208,44138
21417,44138,25208,25209,44139
21418,44139,25209,25210,44140
21419,44140,25210,25211,44141
21420,44141,25211,25212,44142
21421,44142,25212,25213,44143
21422,44143,25213,25214,44144
21423,44144,25214,25215,44145
21424,44145,25215,25216,44146
21425,44146,25216,25217,44147
21426,44147,25217,25218,44148
21427,44148,25218,25219,44149
21428,44149,25219,25220,44150
21429,44150,25220,25221,44151
21430,44151,25221,25222,44152
21431,44152,25222,25223,44153
21432,44153,25223,25224,44154
21433,44154,25224,25225,44155
21434,44155,25225,25226,44156
21435,44156,25226,25227,44157
21436,44157,25227,25228,44158
21437,44158,25228,25229,44159
21438,44159,25229,25230,44160
21439,44160,25230,25231,44161
21440,44161,25231,25232,44162
21441,44162,25232,25233,44163
21442,44163,25233,25234,44164
21443,44164,25234,25235,44165
21444,44165,25235,25236,44166
21445,44166,25236,25237,44167
21446,44167,25237,25238,44168
21447,44168,25238,25239,44169
21448,44169,25239,25240,44170
21449,44170,25240,25241,44171
21450,44171,25241,25242,44172
21451,44172,25242,25243,44173
21452,44173,25243,25244,44174
21453,44174,25244,25245,44175
21454,44175,25245,25246,44176
21455,44176,25246,25247,44177
21456,44177,25247,25248,44178
21457,44178,25248,25249,44179
21458,44179,25249,25250,44180
21459,44180,25250,25251,44181
21460,44181,25251,25252,44182
21461,44182,25252,25253,44183
21462,44183,25253,25254,44184
21463,44184,25254,25255,44185
21464,44185,25255,25256,44186
21465,44186,25256,25257,44187
21466,44187,25257,25258,44188
21467,44188,25258,25259,44189
21468,44189,25259,25260,44190
21469,44190,25260,25261,44191
21470,44191,25261,25262,44192
21471,44192,25262,25263,44193
21472,44193,25263,25264,44194
21473,44194,25264,25265,44195
21474,44195,25265,25266,44196
21475,44196,25266,25267,44197
21476,44197,25267,25268,44198
21477,44198,25268,25269,44199
21478,44199,25269,25270,44200
21479,44200,25270,25271,44201
21480,44201,25271,25272,44202
21481,44202,25272,25273,44203
21482,44203,25273,25274,44204
21483,44204,25274,25275,44205
21484,44205,25275,25276,44206
21485,44206,25276,25277,44207
21486,44207,25277,25278,44208
21487,44208,25278,25279,44209
21488,44209,25279,25280,44210
21489,44210,25280,25281,44211
21490,44211,25281,25282,44212
21491,44212,25282,25283,44213
21492,44213,25283,25284,44214
21493,44214,25284,25285,44215
21494,44215,25285,25286,44216
21495,44216,25286,25287,44217
21496,44217,25287,25288,44218
21497,44218,25288,25289,44219
21498,44219,25289,25290,44220
21499,44220,25290,25291,44221
21500,44221,25291,25292,44222
21501,44222,25292,25293,44223
21502,44223,25293,25294,44224
21503,44224,25294,25295,44225
21504,44225,25295,25296,44226
21505,44226,25296,25297,44227
21506,44227,25297,25298,44228
21507,44228,25298,25299,44229
21508,44229,25299,25300,44230
21509,44230,25300,25301,44231
21510,44231,25301,25302,44232
21511,44232,25302,25303,44233
21512,44233,25303,25304,44234
21513,44234,25304,25305,44235
21514,44235,25305,25306,44236
21515,44236,25306,25307,44237
21516,44237,25307,25308,44238
21517,44238,25308,25309,44239
21518,44239,25309,25310,44240
21519,44240,25310,25311,44241
21520,44241,25311,25312,44242
21521,44242,25312,25313,44243
21522,44243,25313,25314,44244
21523,44244,25314,25315,44245
21524,44245,25315,25316,44246
21525,44246,25316,25317,44247
21526,44247,25317,25318,44248
21527,44248,25318,25319,44249
21528,44249,25319,25320,44250
21529,44250,25320,25321,44251
21530,44251,25321,25322,44252
21531,44252,25322,25323,44253
21532,44253,25323,25324,44254
21533,44254,25324,25325,44255
21534,44255,25325,25326,44256
21535,44256,25326,25327,44257
21536,44257,25327,25328,44258
21537,44258,25328,25329,44259
21538,44259,25329,25330,44260
21539,44260,25330,25331,44261
21540,44261,25331,25332,44262
21541,44262,25332,25333,44263
21542,44263,25333,25334,44264
21543,44264,25334,25335,44265
21544,44265,25335,25336,44266
21545,44266,25336,25337,44267
21546,44267,25337,25338,44268
21547,44268,25338,25339,44269
21548,44269,25339,25340,44270
21549,44270,25340,25341,44271
21550,44271,25341,25342,44272
21551,44272,25342,25343,44273
21552,44273,25343,25344,44274
21553,44274,25344,25345,44275
21554,44275,25345,25346,44276
21555,44276,25346,25347,44277
21556,44277,25347,25348,44278
21557,44278,25348,25349,44279
21558,44279,25349,25350,44280
21559,44280,25350,25351,44281
21560,44281,25351,25352,44282
21561,44282,25352,25353,44283
21562,44283,25353,25354,44284
21563,44284,25354,25355,44285
21564,44285,25355,25356,44286
21565,44286,25356,25357,44287
21566,44287,25357,25358,44288
21567,44288,25358,25359,44289
21568,44289,25359,25360,44290
21569,44290,25360,25361,44291
21570,44291,25361,25362,44292
21571,44292,25362,25363,44293
21572,44293,25363,25364,44294
21573,44294,25364,25365,44295
21574,44295,25365,25366,44296
21575,44296,25366,25367,44297
21576,44297,25367,25368,44298
21577,44298,25368,25369,44299
21578,44299,25369,25370,44300
21579,44300,25370,25371,44301
21580,44301,25371,25372,44302
21581,44302,25372,25373,44303
21582,44303,25373,25374,44304
21583,44304,25374,25375,44305
21584,44305,25375,25376,44306
21585,44306,25376,25377,44307
21586,44307,25377,25378,44308
21587,44308,25378,25379,44309
21588,44309,25379,25380,44310
21589,44310,25380,25381,44311
21590,44311,25381,25382,44312
21591,44312,25382,25383,44313
21592,44313,25383,25384,44314
21593,44314,25384,25385,44315
21594,44315,25385,25386,44316
21595,44316,25386,25387,44317
21596,44317,25387,25388,44318
21597,44318,25388,25389,44319
21598,44319,25389,25390,44320
21599,44320,25390,25391,44321
21600,44321,25391,25392,44322
21601,44322,25392,25393,44323
21602,44323,25393,25394,44324
21603,44324,25394,25395,44325
21604,44325,25395,25396,44326
21605,44326,25396,25397,44327
21606,44327,25397,25398,44328
21607,44328,25398,25399,44329
21608,44329,25399,25400,44330
21609,44330,25400,25401,44331
21610,44331,25401,25402,44332
21611,44332,25402,25403,44333
21612,44333,25403,25404,44334
21613,44334,25404,25405,44335
21614,44335,25405,25406,44336
21615,44336,25406,25407,44337
21616,44337,25407,25408,44338
21617,44338,25408,25409,44339
21618,44339,25409,25410,44340
21619,44340,25410,25411,44341
21620,44341,25411,25412,44342
21621,44342,25412,25413,44343
21622,44343,25413,25414,44344
21623,44344,25414,25415,44345
21624,44345,25415,25416,44346
21625,44346,25416,25417,44347
21626,44347,25417,25418,44348
21627,44348,25418,25419,44349
21628,44349,25419,25420,44350
21629,44350,25420,25421,44351
21630,44351,25421,25422,44352
21631,44352,25422,25423,44353
21632,44353,25423,25424,44354
21633,44354,25424,25425,44355
21634,44355,25425,25426,44356
21635,44356,25426,25427,44357
21636,44357,25427,25428,44358
21637,44358,25428,25429,44359
21638,44359,25429,25430,44360
21639,44360,25430,25431,44361
21640,44361,25431,25432,44362
21641,44362,25432,25433,44363
21642,44363,25433,25434,44364
21643,44364,25434,25435,44365
21644,44365,25435,25436,44366
21645,44366,25436,25437,44367
21646,44367,25437,25438,44368
21647,44368,25438,25439,44369
21648,44369,25439,25440,44370
21649,44370,25440,25441,44371
21650,44371,25441,25442,44372
21651,44372,25442,25443,44373
21652,44373,25443,25444,44374
21653,44374,25444,25445,44375
21654,44375,25445,25446,44376
21655,44376,25446,25447,44377
21656,44377,25447,25448,44378
21657,44378,25448,25449,44379
21658,44379,25449,25450,44380
21659,44380,25450,25451,44381
21660,44381,25451,25452,44382
21661,44382,25452,25453,44383
21662,44383,25453,25454,44384
21663,44384,25454,25455,44385
21664,44385,25455,25456,44386
21665,44386,25456,25457,44387
21666,44387,25457,25458,44388
21667,44388,25458,25459,44389
21668,44389,25459,25460,44390
21669,44390,25460,25461,44391
21670,44391,25461,25462,44392
21671,44392,25462,25463,44393
21672,44393,25463,25464,44394
21673,44394,25464,25465,44395
21674,44395,25465,25466,44396
21675,44396,25466,25467,44397
21676,44397,25467,25468,44398
21677,44398,25468,25469,44399
21678,44399,25469,25470,44400
21679,44400,25470,25471,44401
21680,44401,25471,25472,44402
21681,44402,25472,25473,44403
21682,44403,25473,25474,44404
21683,44404,25474,25475,44405
21684,44405,25475,25476,44406
21685,44406,25476,25477,44407
21686,44407,25477,25478,44408
21687,44408,25478,25479,44409
21688,44409,25479,25480,44410
21689,44410,25480,25481,44411
21690,44411,25481,25482,44412
21691,44412,25482,25483,44413
21692,44413,25483,25484,44414
21693,44414,25484,25485,44415
21694,44415,25485,25486,44416
21695,44416,25486,25487,44417
21696,44417,25487,25488,44418
21697,44418,25488,25489,44419
21698,44419,25489,25490,44420
21699,44420,25490,25491,44421
21700,44421,25491,25492,44422
21701,44422,25492,25493,44423
21702,44423,25493,25494,44424
21703,44424,25494,25495,44425
21704,44425,25495,25496,44426
21705,44426,25496,25497,44427
21706,44427,25497,25498,44428
21707,44428,25498,25499,44429
21708,44429,25499,25500,44430
21709,44430,25500,25501,44431
21710,44431,25501,25502,44432
21711,44432,25502,25503,44433
21712,44433,25503,25504,44434
21713,44434,25504,25505,44435
21714,44435,25505,25506,44436
21715,44436,25506,25507,44437
21716,44437,25507,25508,44438
21717,44438,25508,25509,44439
21718,44439,25509,25510,44440
21719,44440,25510,25511,44441
21720,44441,25511,25512,44442
21721,44442,25512,25513,44443
21722,44443,25513,25514,44444
21723,44444,25514,25515,44445
21724,44445,25515,25516,44446
21725,44446,25516,25517,44447
21726,44447,25517,25518,44448
21727,44448,25518,25519,44449
21728,44449,25519,25520,44450
21729,44450,25520,25521,44451
21730,44451,25521,25522,44452
21731,44452,25522,25523,44453
21732,44453,25523,25524,44454
21733,44454,25524,25525,44455
21734,44455,25525,25526,44456
21735,44456,25526,25527,44457
21736,44457,25527,25528,44458
21737,44458,25528,25529,44459
21738,44459,25529,25530,44460
21739,44460,25530,25531,44461
21740,44461,25531,25532,44462
21741,44462,25532,25533,44463
21742,44463,25533,25534,44464
21743,44464,25534,25535,44465
21744,44465,25535,25536,44466
21745,44466,25536,25537,44467
21746,44467,25537,25538,44468
21747,44468,25538,25539,44469
21748,44469,25539,25540,44470
21749,44470,25540,25541,44471
21750,44471,25541,25542,44472
21751,44472,25542,25543,44473
21752,44473,25543,25544,44474
21753,44474,25544,25545,44475
21754,44475,25545,25546,44476
21755,44476,25546,25547,44477
21756,44477,25547,25548,44478
21757,44478,25548,25549,44479
21758,44479,25549,25550,44480
21759,44480,25550,25551,44481
21760,44481,25551,25552,44482
21761,44482,25552,25553,44483
21762,44483,25553,25554,44484
21763,44484,25554,25555,44485
21764,44485,25555,25556,44486
21765,44486,25556,25557,44487
21766,44487,25557,25558,44488
21767,44488,25558,25559,44489
21768,44489,25559,25560,44490
21769,44490,25560,25561,44491
21770,44491,25561,25562,44492
21771,44492,25562,25563,44493
21772,44493,25563,25564,44494
21773,44494,25564,25565,44495
21774,44495,25565,25566,44496
21775,44496,25566,25567,44497
21776,44497,25567,25568,44498
21777,44498,25568,25569,44499
21778,44499,25569,25570,44500
21779,44500,25570,25571,44501
21780,44501,25571,25572,44502
21781,44502,25572,25573,44503
21782,44503,25573,25574,44504
21783,44504,25574,25575,44505
21784,44505,25575,25576,44506
21785,44506,25576,25577,44507
21786,44507,25577,25578,44508
21787,44508,25578,25579,44509
21788,44509,25579,25580,44510
21789,44510,25580,25581,44511
21790,44511,25581,25582,44512
21791,44512,25582,25583,44513
21792,44513,25583,25584,44514
21793,44514,25584,25585,44515
21794,44515,25585,25586,44516
21795,44516,25586,25587,44517
21796,44517,25587,25588,44518
21797,44518,25588,25589,44519
21798,44519,25589,25590,44520
21799,44520,25590,25591,44521
21800,44521,25591,25592,44522
21801,44522,25592,25593,44523
21802,44523,25593,25594,44524
21803,44524,25594,25595,44525
21804,44525,25595,25596,44526
21805,44526,25596,25597,44527
21806,44527,25597,25598,44528
21807,44528,25598,25599,44529
21808,44529,25599,25600,44530
21809,44530,25600,25601,44531
21810,44531,25601,25602,44532
21811,44532,25602,25603,44533
21812,44533,25603,25604,44534
21813,44534,25604,25605,44535
21814,44535,25605,25606,44536
21815,44536,25606,25607,44537
21816,44537,25607,25608,44538
21817,44538,25608,25609,44539
21818,44539,25609,25610,44540
21819,44540,25610,25611,44541
21820,44541,25611,25612,44542
21821,44542,25612,25613,44543
21822,44543,25613,25614,44544
21823,44544,25614,25615,44545
21824,44545,25615,25616,44546
21825,44546,25616,25617,44547
21826,44547,25617,25618,44548
21827,44548,25618,25619,44549
21828,44549,25619,25620,44550
21829,44550,25620,25621,44551
21830,44551,25621,25622,44552
21831,44552,25622,25623,44553
21832,44553,25623,25624,44554
21833,44554,25624,25625,44555
21834,44555,25625,25626,44556
21835,44556,25626,25627,44557
21836,44557,25627,25628,44558
21837,44558,25628,25629,44559
21838,44559,25629,25630,44560
21839,44560,25630,25631,44561
21840,44561,25631,25632,44562
21841,44562,25632,25633,44563
21842,44563,25633,25634,44564
21843,44564,25634,25635,44565
21844,44565,25635,25636,44566
21845,44566,25636,25637,44567
21846,44567,25637,25638,44568
21847,44568,25638,25639,44569
21848,44569,25639,25640,44570
21849,44570,25640,25641,44571
21850,44571,25641,25642,44572
21851,44572,25642,25643,44573
21852,44573,25643,25644,44574
21853,44574,25644,25645,44575
21854,44575,25645,25646,44576
21855,44576,25646,25647,44577
21856,44577,25647,25648,44578
21857,44578,25648,25649,44579
21858,44579,25649,25650,44580
21859,44580,25650,25651,44581
21860,44581,25651,25652,44582
21861,44582,25652,25653,44583
21862,44583,25653,25654,44584
21863,44584,25654,25655,44585
21864,44585,25655,25656,44586
21865,44586,25656,25657,44587
21866,44587,25657,25658,44588
21867,44588,25658,25659,44589
21868,44589,25659,25660,44590
21869,44590,25660,25661,44591
21870,44591,25661,25662,44592
21871,44592,25662,25663,44593
21872,44593,25663,25664,44594
21873,44594,25664,25665,44595
21874,44595,25665,25666,44596
21875,44596,25666,25667,44597
21876,44597,25667,25668,44598
21877,44598,25668,25669,44599
21878,44599,25669,25670,44600
21879,44600,25670,25671,44601
21880,44601,25671,25672,44602
21881,44602,25672,25673,44603
21882,44603,25673,25674,44604
21883,44604,25674,25675,44605
21884,44605,25675,25676,44606
21885,44606,25676,25677,44607
21886,44607,25677,25678,44608
21887,44608,25678,25679,44609
21888,44609,25679,25680,44610
21889,44610,25680,25681,44611
21890,44611,25681,25682,44612
21891,44612,25682,25683,44613
21892,44613,25683,25684,44614
21893,44614,25684,25685,44615
21894,44615,25685,25686,44616
21895,44616,25686,25687,44617
21896,44617,25687,25688,44618
21897,44618,25688,25689,44619
21898,44619,25689,25690,44620
21899,44620,25690,25691,44621
21900,44621,25691,25692,44622
21901,44622,25692,25693,44623
21902,44623,25693,25694,44624
21903,44624,25694,25695,44625
21904,44625,25695,25696,44626
21905,44626,25696,25697,44627
21906,44627,25697,25698,44628
21907,44628,25698,25699,44629
21908,44629,25699,25700,44630
21909,44630,25700,25701,44631
21910,44631,25701,25702,44632
21911,44632,25702,25703,44633
21912,44633,25703,25704,44634
21913,44634,25704,25705,44635
21914,44635,25705,25706,44636
21915,44636,25706,25707,44637
21916,44637,25707,25708,44638
21917,44638,25708,25709,44639
21918,44639,25709,25710,44640
21919,44640,25710,25711,44641
21920,44641,25711,25712,44642
21921,44642,25712,25713,44643
21922,44643,25713,25714,44644
21923,44644,25714,25715,44645
21924,44645,25715,25716,44646
21925,44646,25716,25717,44647
21926,44647,25717,25718,44648
21927,44648,25718,25719,44649
21928,44649,25719,25720,44650
21929,44650,25720,25721,44651
21930,44651,25721,25722,44652
21931,44652,25722,25723,44653
21932,44653,25723,25724,44654
21933,44654,25724,25725,44655
21934,44655,25725,25726,44656
21935,44656,25726,25727,44657
21936,44657,25727,25728,44658
21937,44658,25728,25729,44659
21938,44659,25729,25730,44660
21939,44660,25730,25731,44661
21940,44661,25731,25732,44662
21941,44662,25732,25733,44663
21942,44663,25733,25734,44664
21943,44664,25734,25735,44665
21944,44665,25735,25736,44666
21945,44666,25736,25737,44667
21946,44667,25737,25738,44668
21947,44668,25738,25739,44669
21948,44669,25739,25740,44670
21949,44670,25740,25741,44671
21950,44671,25741,25742,44672
21951,44672,25742,25743,44673
21952,44673,25743,25744,44674
21953,44674,25744,25745,44675
21954,44675,25745,25746,44676
21955,44676,25746,25747,44677
21956,44677,25747,25748,44678
21957,44678,25748,25749,44679
21958,44679,25749,25750,44680
21959,44680,25750,25751,44681
21960,44681,25751,25752,44682
21961,44682,25752,25753,44683
21962,44683,25753,25754,44684
21963,44684,25754,25755,44685
21964,44685,25755,25756,44686
21965,44686,25756,25757,44687
21966,44687,25757,25758,44688
21967,44688,25758,25759,44689
21968,44689,25759,25760,44690
21969,44690,25760,25761,44691
21970,44691,25761,25762,44692
21971,44692,25762,25763,44693
21972,44693,25763,25764,44694
21973,44694,25764,25765,44695
21974,44695,25765,25766,44696
21975,44696,25766,25767,44697
21976,44697,25767,25768,44698
21977,44698,25768,25769,44699
21978,44699,25769,25770,44700
21979,44700,25770,25771,44701
21980,44701,25771,25772,44702
21981,44702,25772,25773,44703
21982,44703,25773,25774,44704
21983,44704,25774,25775,44705
21984,44705,25775,25776,44706
21985,44706,25776,25777,44707
21986,44707,25777,25778,44708
21987,44708,25778,25779,44709
21988,44709,25779,25780,44710
21989,44710,25780,25781,44711
21990,44711,25781,25782,44712
21991,44712,25782,25783,44713
21992,44713,25783,25784,44714
21993,44714,25784,25785,44715
21994,44715,25785,25786,44716
21995,44716,25786,25787,44717
21996,44717,25787,25788,44718
21997,44718,25788,25789,44719
21998,44719,25789,25790,44720
21999,44720,25790,25791,44721
22000,44721,25791,25792,44722
22001,44722,25792,25793,44723
22002,44723,25793,25794,44724
22003,44724,25794,25795,44725
22004,44725,25795,25796,44726
22005,44726,25796,25797,44727
22006,44727,25797,25798,44728
22007,44728,25798,25799,44729
22008,44729,25799,25800,44730
22009,44730,25800,25801,44731
22010,44731,25801,25802,44732
22011,44732,25802,25803,44733
22012,44733,25803,25804,44734
22013,44734,25804,25805,44735
22014,44735,25805,25806,44736
22015,44736,25806,25807,44737
22016,44737,25807,25808,44738
22017,44738,25808,25809,44739
22018,44739,25809,25810,44740
22019,44740,25810,25811,44741
22020,44741,25811,25812,44742
22021,44742,25812,25813,44743
22022,44743,25813,25814,44744
22023,44744,25814,25815,44745
22024,44745,25815,25816,44746
22025,44746,25816,25817,44747
22026,44747,25817,25818,44748
22027,44748,25818,25819,44749
22028,44749,25819,25820,44750
22029,44750,25820,25821,44751
22030,44751,25821,25822,44752
22031,44752,25822,25823,44753
22032,44753,25823,25824,44754
22033,44754,25824,25825,44755
22034,44755,25825,25826,44756
22035,44756,25826,25827,44757
22036,44757,25827,25828,44758
22037,44758,25828,25829,44759
22038,44759,25829,25830,44760
22039,44760,25830,25831,44761
22040,44761,25831,25832,44762
22041,44762,25832,25833,44763
22042,44763,25833,25834,44764
22043,44764,25834,25835,44765
22044,44765,25835,25836,44766
22045,44766,25836,25837,44767
22046,44767,25837,25838,44768
22047,44768,25838,25839,44769
22048,44769,25839,25840,44770
22049,44770,25840,25841,44771
22050,44771,25841,25842,44772
22051,44772,25842,25843,44773
22052,44773,25843,25844,44774
22053,44774,25844,25845,44775
22054,44775,25845,25846,44776
22055,44776,25846,25847,44777
22056,44777,25847,25848,44778
22057,44778,25848,25849,44779
22058,44779,25849,25850,44780
22059,44780,25850,25851,44781
22060,44781,25851,25852,44782
22061,44782,25852,25853,44783
22062,44783,25853,25854,44784
22063,44784,25854,25855,44785
22064,44785,25855,25856,44786
22065,44786,25856,25857,44787
22066,44787,25857,25858,44788
22067,44788,25858,25859,44789
22068,44789,25859,25860,44790
22069,44790,25860,25861,44791
22070,44791,25861,25862,44792
22071,44792,25862,25863,44793
22072,44793,25863,25864,44794
22073,44794,25864,25865,44795
22074,44795,25865,25866,44796
22075,44796,25866,25867,44797
22076,44797,25867,25868,44798
22077,44798,25868,25869,44799
22078,44799,25869,25870,44800
22079,44800,25870,25871,44801
22080,44801,25871,25872,44802
22081,44802,25872,25873,44803
22082,44803,25873,25874,44804
22083,44804,25874,25875,44805
22084,44805,25875,25876,44806
22085,44806,25876,25877,44807
22086,44807,25877,25878,44808
22087,44808,25878,25879,44809
22088,44809,25879,25880,44810
22089,44810,25880,25881,44811
22090,44811,25881,25882,44812
22091,44812,25882,25883,44813
22092,44813,25883,25884,44814
22093,44814,25884,25885,44815
22094,44815,25885,25886,44816
22095,44816,25886,25887,44817
22096,44817,25887,25888,44818
22097,44818,25888,25889,44819
22098,44819,25889,25890,44820
22099,44820,25890,25891,44821
22100,44821,25891,25892,44822
22101,44822,25892,25893,44823
22102,44823,25893,25894,44824
22103,44824,25894,25895,44825
22104,44825,25895,25896,44826
22105,44826,25896,25897,44827
22106,44827,25897,25898,44828
22107,44828,25898,25899,44829
22108,44829,25899,25900,44830
22109,44830,25900,25901,44831
22110,44831,25901,25902,44832
22111,44832,25902,25903,44833
22112,44833,25903,25904,44834
22113,44834,25904,25905,44835
22114,44835,25905,25906,44836
22115,44836,25906,25907,44837
22116,44837,25907,25908,44838
22117,44838,25908,25909,44839
22118,44839,25909,25910,44840
22119,44840,25910,25911,44841
22120,44841,25911,25912,44842
22121,44842,25912,25913,44843
22122,44843,25913,25914,44844
22123,44844,25914,25915,44845
22124,44845,25915,25916,44846
22125,44846,25916,25917,44847
22126,44847,25917,25918,44848
22127,44848,25918,25919,44849
22128,44849,25919,25920,44850
22129,44850,25920,25921,44851
22130,44851,25921,25922,44852
22131,44852,25922,25923,44853
22132,44853,25923,25924,44854
22133,44854,25924,25925,44855
22134,44855,25925,25926,44856
22135,44856,25926,25927,44857
22136,44857,25927,25928,44858
22137,44858,25928,25929,44859
22138,44859,25929,25930,44860
22139,44860,25930,25931,44861
22140,44861,25931,25932,44862
22141,44862,25932,25933,44863
22142,44863,25933,25934,44864
22143,44864,25934,25935,44865
22144,44865,25935,25936,44866
22145,44866,25936,25937,44867
22146,44867,25937,25938,44868
22147,44868,25938,25939,44869
22148,44869,25939,25940,44870
22149,44870,25940,25941,44871
22150,44871,25941,25942,44872
22151,44872,25942,25943,44873
22152,44873,25943,25944,44874
22153,44874,25944,25945,44875
22154,44875,25945,25946,44876
22155,44876,25946,25947,44877
22156,44877,25947,25948,44878
22157,44878,25948,25949,44879
22158,44879,25949,25950,44880
22159,44880,25950,25951,44881
22160,44881,25951,25952,44882
22161,44882,25952,25953,44883
22162,44883,25953,25954,44884
22163,44884,25954,25955,44885
22164,44885,25955,25956,44886
22165,44886,25956,25957,44887
22166,44887,25957,25958,44888
22167,44888,25958,25959,44889
22168,44889,25959,25960,44890
22169,44890,25960,25961,44891
22170,44891,25961,25962,44892
22171,44892,25962,25963,44893
22172,44893,25963,25964,44894
22173,44894,25964,25965,44895
22174,44895,25965,25966,44896
22175,44896,25966,25967,44897
22176,44897,25967,25968,44898
22177,44898,25968,25969,44899
22178,44899,25969,25970,44900
22179,44900,25970,25971,44901
22180,44901,25971,25972,44902
22181,44902,25972,25973,44903
22182,44903,25973,25974,44904
22183,44904,25974,25975,44905
22184,44905,25975,25976,44906
22185,44906,25976,25977,44907
22186,44907,25977,25978,44908
22187,44908,25978,25979,44909
22188,44909,25979,25980,44910
22189,44910,25980,25981,44911
22190,44911,25981,25982,44912
22191,44912,25982,25983,44913
22192,44913,25983,25984,44914
22193,44914,25984,25985,44915
22194,44915,25985,25986,44916
22195,44916,25986,25987,44917
22196,44917,25987,25988,44918
22197,44918,25988,25989,44919
22198,44919,25989,25990,44920
22199,44920,25990,25991,44921
22200,44921,25991,25992,44922
22201,44922,25992,25993,44923
22202,44923,25993,25994,44924
22203,44924,25994,25995,44925
22204,44925,25995,25996,44926
22205,44926,25996,25997,44927
22206,44927,25997,25998,44928
22207,44928,25998,25999,44929
22208,44929,25999,26000,44930
22209,44930,26000,26001,44931
22210,44931,26001,26002,44932
22211,44932,26002,26003,44933
22212,44933,26003,26004,44934
22213,44934,26004,26005,44935
22214,44935,26005,26006,44936
22215,44936,26006,26007,44937
22216,44937,26007,26008,44938
22217,44938,26008,26009,44939
22218,44939,26009,26010,44940
22219,44940,26010,26011,44941
22220,44941,26011,26012,44942
22221,44942,26012,26013,44943
22222,44943,26013,26014,44944
22223,44944,26014,26015,44945
22224,44945,26015,26016,44946
22225,44946,26016,26017,44947
22226,44947,26017,26018,44948
22227,44948,26018,26019,44949
22228,44949,26019,26020,44950
22229,44950,26020,26021,44951
22230,44951,26021,26022,44952
22231,44952,26022,26023,44953
22232,44953,26023,26024,44954
22233,44954,26024,26025,44955
22234,44955,26025,26026,44956
22235,44956,26026,26027,44957
22236,44957,26027,26028,44958
22237,44958,26028,26029,44959
22238,44959,26029,26030,44960
22239,44960,26030,26031,44961
22240,44961,26031,26032,44962
22241,44962,26032,26033,44963
22242,44963,26033,26034,44964
22243,44964,26034,26035,44965
22244,44965,26035,26036,44966
22245,44966,26036,26037,44967
22246,44967,26037,26038,44968
22247,44968,26038,26039,44969
22248,44969,26039,26040,44970
22249,44970,26040,26041,44971
22250,44971,26041,26042,44972
22251,44972,26042,26043,44973
22252,44973,26043,26044,44974
22253,44974,26044,26045,44975
22254,44975,26045,26046,44976
22255,44976,26046,26047,44977
22256,44977,26047,26048,44978
22257,44978,26048,26049,44979
22258,44979,26049,26050,44980
22259,44980,26050,26051,44981
22260,44981,26051,26052,44982
22261,44982,26052,26053,44983
22262,44983,26053,26054,44984
22263,44984,26054,26055,44985
22264,44985,26055,26056,44986
22265,44986,26056,26057,44987
22266,44987,26057,26058,44988
22267,44988,26058,26059,44989
22268,44989,26059,26060,44990
22269,44990,26060,26061,44991
22270,44991,26061,26062,44992
22271,44992,26062,26063,44993
22272,44993,26063,26064,44994
22273,44994,26064,26065,44995
22274,44995,26065,26066,44996
22275,44996,26066,26067,44997
22276,44997,26067,26068,44998
22277,44998,26068,26069,44999
22278,44999,26069,26070,45000
22279,45000,26070,26071,45001
22280,45001,26071,26072,45002
22281,45002,26072,26073,45003
22282,45003,26073,26074,45004
22283,45004,26074,26075,45005
22284,45005,26075,26076,45006
22285,45006,26076,26077,45007
22286,45007,26077,26078,45008
22287,45008,26078,26079,45009
22288,45009,26079,26080,45010
22289,45010,26080,26081,45011
22290,45011,26081,26082,45012
22291,45012,26082,26083,45013
22292,45013,26083,26084,45014
22293,45014,26084,26085,45015
22294,45015,26085,26086,45016
22295,45016,26086,26087,45017
22296,45017,26087,26088,45018
22297,45018,26088,26089,45019
22298,45019,26089,26090,45020
22299,45020,26090,26091,45021
22300,45021,26091,26092,45022
22301,45022,26092,26093,45023
22302,45023,26093,26094,45024
22303,45024,26094,26095,45025
22304,45025,26095,26096,45026
22305,45026,26096,26097,45027
22306,45027,26097,26098,45028
22307,45028,26098,26099,45029
22308,45029,26099,26100,45030
22309,45030,26100,26101,45031
22310,45031,26101,26102,45032
22311,45032,26102,26103,45033
22312,45033,26103,26104,45034
22313,45034,26104,26105,45035
22314,45035,26105,26106,45036
22315,45036,26106,26107,45037
22316,45037,26107,26108,45038
22317,45038,26108,26109,45039
22318,45039,26109,26110,45040
22319,45040,26110,26111,45041
22320,45041,26111,26112,45042
22321,45042,26112,26113,45043
22322,45043,26113,26114,45044
22323,45044,26114,26115,45045
22324,45045,26115,26116,45046
22325,45046,26116,26117,45047
22326,45047,26117,26118,45048
22327,45048,26118,26119,45049
22328,45049,26119,26120,45050
22329,45050,26120,26121,45051
22330,45051,26121,26122,45052
22331,45052,26122,26123,45053
22332,45053,26123,26124,45054
22333,45054,26124,26125,45055
22334,45055,26125,26126,45056
22335,45056,26126,26127,45057
22336,45057,26127,26128,45058
22337,45058,26128,26129,45059
22338,45059,26129,26130,45060
22339,45060,26130,26131,45061
22340,45061,26131,26132,45062
22341,45062,26132,26133,45063
22342,45063,26133,26134,45064
22343,45064,26134,26135,45065
22344,45065,26135,26136,45066
22345,45066,26136,26137,45067
22346,45067,26137,26138,45068
22347,45068,26138,26139,45069
22348,45069,26139,26140,45070
22349,45070,26140,26141,45071
22350,45071,26141,26142,45072
22351,45072,26142,26143,45073
22352,45073,26143,26144,45074
22353,45074,26144,26145,45075
22354,45075,26145,26146,45076
22355,45076,26146,26147,45077
22356,45077,26147,26148,45078
22357,45078,26148,26149,45079
22358,45079,26149,26150,45080
22359,45080,26150,26151,45081
22360,45081,26151,26152,45082
22361,45082,26152,26153,45083
22362,45083,26153,26154,45084
22363,45084,26154,26155,45085
22364,45085,26155,26156,45086
22365,45086,26156,26157,45087
22366,45087,26157,26158,45088
22367,45088,26158,26159,45089
22368,45089,26159,26160,45090
22369,45090,26160,26161,45091
22370,45091,26161,26162,45092
22371,45092,26162,26163,45093
22372,45093,26163,26164,45094
22373,45094,26164,26165,45095
22374,45095,26165,26166,45096
22375,45096,26166,26167,45097
22376,45097,26167,26168,45098
22377,45098,26168,26169,45099
22378,45099,26169,26170,45100
22379,45100,26170,26171,45101
22380,45101,26171,26172,45102
22381,45102,26172,26173,45103
22382,45103,26173,26174,45104
22383,45104,26174,26175,45105
22384,45105,26175,26176,45106
22385,45106,26176,26177,45107
22386,45107,26177,26178,45108
22387,45108,26178,26179,45109
22388,45109,26179,26180,45110
22389,45110,26180,26181,45111
22390,45111,26181,26182,45112
22391,45112,26182,26183,45113
22392,45113,26183,26184,45114
22393,45114,26184,26185,45115
22394,45115,26185,26186,45116
22395,45116,26186,26187,45117
22396,45117,26187,26188,45118
22397,45118,26188,26189,45119
22398,45119,26189,26190,45120
22399,45120,26190,26191,45121
22400,45121,26191,26192,45122
22401,45122,26192,26193,45123
22402,45123,26193,26194,45124
22403,45124,26194,26195,45125
22404,45125,26195,26196,45126
22405,45126,26196,26197,45127
22406,45127,26197,26198,45128
22407,45128,26198,26199,45129
22408,45129,26199,26200,45130
22409,45130,26200,26201,45131
22410,45131,26201,26202,45132
22411,45132,26202,26203,45133
22412,45133,26203,26204,45134
22413,45134,26204,26205,45135
22414,45135,26205,26206,45136
22415,45136,26206,26207,45137
22416,45137,26207,26208,45138
22417,45138,26208,26209,45139
22418,45139,26209,26210,45140
22419,45140,26210,26211,45141
22420,45141,26211,26212,45142
22421,45142,26212,26213,45143
22422,45143,26213,26214,45144
22423,45144,26214,26215,45145
22424,45145,26215,26216,45146
22425,45146,26216,26217,45147
22426,45147,26217,26218,45148
22427,45148,26218,26219,45149
22428,45149,26219,26220,45150
22429,45150,26220,26221,45151
22430,45151,26221,26222,45152
22431,45152,26222,26223,45153
22432,45153,26223,26224,45154
22433,45154,26224,26225,45155
22434,45155,26225,26226,45156
22435,45156,26226,26227,45157
22436,45157,26227,26228,45158
22437,45158,26228,26229,45159
22438,45159,26229,26230,45160
22439,45160,26230,26231,45161
22440,45161,26231,26232,45162
22441,45162,26232,26233,45163
22442,45163,26233,26234,45164
22443,45164,26234,26235,45165
22444,45165,26235,26236,45166
22445,45166,26236,26237,45167
22446,45167,26237,26238,45168
22447,45168,26238,26239,45169
22448,45169,26239,26240,45170
22449,45170,26240,26241,45171
22450,45171,26241,26242,45172
22451,45172,26242,26243,45173
22452,45173,26243,26244,45174
22453,45174,26244,26245,45175
22454,45175,26245,26246,45176
22455,45176,26246,26247,45177
22456,45177,26247,26248,45178
22457,45178,26248,26249,45179
22458,45179,26249,26250,45180
22459,45180,26250,26251,45181
22460,45181,26251,26252,45182
22461,45182,26252,26253,45183
22462,45183,26253,26254,45184
22463,45184,26254,26255,45185
22464,45185,26255,26256,45186
22465,45186,26256,26257,45187
22466,45187,26257,26258,45188
22467,45188,26258,26259,45189
22468,45189,26259,26260,45190
22469,45190,26260,26261,45191
22470,45191,26261,26262,45192
22471,45192,26262,26263,45193
22472,45193,26263,26264,45194
22473,45194,26264,26265,45195
22474,45195,26265,26266,45196
22475,45196,26266,26267,45197
22476,45197,26267,26268,45198
22477,45198,26268,26269,45199
22478,45199,26269,26270,45200
22479,45200,26270,26271,45201
22480,45201,26271,26272,45202
22481,45202,26272,26273,45203
22482,45203,26273,26274,45204
22483,45204,26274,26275,45205
22484,45205,26275,26276,45206
22485,45206,26276,26277,45207
22486,45207,26277,26278,45208
22487,45208,26278,26279,45209
22488,45209,26279,26280,45210
22489,45210,26280,26281,45211
22490,45211,26281,26282,45212
22491,45212,26282,26283,45213
22492,45213,26283,26284,45214
22493,45214,26284,26285,45215
22494,45215,26285,26286,45216
22495,45216,26286,26287,45217
22496,45217,26287,26288,45218
22497,45218,26288,26289,45219
22498,45219,26289,26290,45220
22499,45220,26290,26291,45221
22500,45221,26291,26292,45222
22501,45222,26292,26293,45223
22502,45223,26293,26294,45224
22503,45224,26294,26295,45225
22504,45225,26295,26296,45226
22505,45226,26296,26297,45227
22506,45227,26297,26298,45228
22507,45228,26298,26299,45229
22508,45229,26299,26300,45230
22509,45230,26300,26301,45231
22510,45231,26301,26302,45232
22511,45232,26302,26303,45233
22512,45233,26303,26304,45234
22513,45234,26304,26305,45235
22514,45235,26305,26306,45236
22515,45236,26306,26307,45237
22516,45237,26307,26308,45238
22517,45238,26308,26309,45239
22518,45239,26309,26310,45240
22519,45240,26310,26311,45241
22520,45241,26311,26312,45242
22521,45242,26312,26313,45243
22522,45243,26313,26314,45244
22523,45244,26314,26315,45245
22524,45245,26315,26316,45246
22525,45246,26316,26317,45247
22526,45247,26317,26318,45248
22527,45248,26318,26319,45249
22528,45249,26319,26320,45250
22529,45250,26320,26321,45251
22530,45251,26321,26322,45252
22531,45252,26322,26323,45253
22532,45253,26323,26324,45254
22533,45254,26324,26325,45255
22534,45255,26325,26326,45256
22535,45256,26326,26327,45257
22536,45257,26327,26328,45258
22537,45258,26328,26329,45259
22538,45259,26329,26330,45260
22539,45260,26330,26331,45261
22540,45261,26331,26332,45262
22541,45262,26332,26333,45263
22542,45263,26333,26334,45264
22543,45264,26334,26335,45265
22544,45265,26335,26336,45266
22545,45266,26336,26337,45267
22546,45267,26337,26338,45268
22547,45268,26338,26339,45269
22548,45269,26339,26340,45270
22549,45270,26340,26341,45271
22550,45271,26341,26342,45272
22551,45272,26342,26343,45273
22552,45273,26343,26344,45274
22553,45274,26344,26345,45275
22554,45275,26345,26346,45276
22555,45276,26346,26347,45277
22556,45277,26347,26348,45278
22557,45278,26348,26349,45279
22558,45279,26349,26350,45280
22559,45280,26350,26351,45281
22560,45281,26351,26352,45282
22561,45282,26352,26353,45283
22562,45283,26353,26354,45284
22563,45284,26354,26355,45285
22564,45285,26355,26356,45286
22565,45286,26356,26357,45287
22566,45287,26357,26358,45288
22567,45288,26358,26359,45289
22568,45289,26359,26360,45290
22569,45290,26360,26361,45291
22570,45291,26361,26362,45292
22571,45292,26362,26363,45293
22572,45293,26363,26364,45294
22573,45294,26364,26365,45295
22574,45295,26365,26366,45296
22575,45296,26366,26367,45297
22576,45297,26367,26368,45298
22577,45298,26368,26369,45299
22578,45299,26369,26370,45300
22579,45300,26370,26371,45301
22580,45301,26371,26372,45302
22581,45302,26372,26373,45303
22582,45303,26373,26374,45304
22583,45304,26374,26375,45305
22584,45305,26375,26376,45306
22585,45306,26376,26377,45307
22586,45307,26377,26378,45308
22587,45308,26378,26379,45309
22588,45309,26379,26380,45310
22589,45310,26380,26381,45311
22590,45311,26381,26382,45312
22591,45312,26382,26383,45313
22592,45313,26383,26384,45314
22593,45314,26384,26385,45315
22594,45315,26385,26386,45316
22595,45316,26386,26387,45317
22596,45317,26387,26388,45318
22597,45318,26388,26389,45319
22598,45319,26389,26390,45320
22599,45320,26390,26391,45321
22600,45321,26391,26392,45322
22601,45322,26392,26393,45323
22602,45323,26393,26394,45324
22603,45324,26394,26395,45325
22604,45325,26395,26396,45326
22605,45326,26396,26397,45327
22606,45327,26397,26398,45328
22607,45328,26398,26399,45329
22608,45329,26399,26400,45330
22609,45330,26400,26401,45331
22610,45331,26401,26402,45332
22611,45332,26402,26403,45333
22612,45333,26403,26404,45334
22613,45334,26404,26405,45335
22614,45335,26405,26406,45336
22615,45336,26406,26407,45337
22616,45337,26407,26408,45338
22617,45338,26408,26409,45339
22618,45339,26409,26410,45340
22619,45340,26410,26411,45341
22620,45341,26411,26412,45342
22621,45342,26412,26413,45343
22622,45343,26413,26414,45344
22623,45344,26414,26415,45345
22624,45345,26415,26416,45346
22625,45346,26416,26417,45347
22626,45347,26417,26418,45348
22627,45348,26418,26419,45349
22628,45349,26419,26420,45350
22629,45350,26420,26421,45351
22630,45351,26421,26422,45352
22631,45352,26422,26423,45353
22632,45353,26423,26424,45354
22633,45354,26424,26425,45355
22634,45355,26425,26426,45356
22635,45356,26426,26427,45357
22636,45357,26427,26428,45358
22637,45358,26428,26429,45359
22638,45359,26429,26430,45360
22639,45360,26430,26431,45361
22640,45361,26431,26432,45362
22641,45362,26432,26433,45363
22642,45363,26433,26434,45364
22643,45364,26434,26435,45365
22644,45365,26435,26436,45366
22645,45366,26436,26437,45367
22646,45367,26437,26438,45368
22647,45368,26438,26439,45369
22648,45369,26439,26440,45370
22649,45370,26440,26441,45371
22650,45371,26441,26442,45372
22651,45372,26442,26443,45373
22652,45373,26443,26444,45374
22653,45374,26444,26445,45375
22654,45375,26445,26446,45376
22655,45376,26446,26447,45377
22656,45377,26447,26448,45378
22657,45378,26448,26449,45379
22658,45379,26449,26450,45380
22659,45380,26450,26451,45381
22660,45381,26451,26452,45382
22661,45382,26452,26453,45383
22662,45383,26453,26454,45384
22663,45384,26454,26455,45385
22664,45385,26455,26456,45386
22665,45386,26456,26457,45387
22666,45387,26457,26458,45388
22667,45388,26458,26459,45389
22668,45389,26459,26460,45390
22669,45390,26460,26461,45391
22670,45391,26461,26462,45392
22671,45392,26462,26463,45393
22672,45393,26463,26464,45394
22673,45394,26464,26465,45395
22674,45395,26465,26466,45396
22675,45396,26466,26467,45397
22676,45397,26467,26468,45398
22677,45398,26468,26469,45399
22678,45399,26469,26470,45400
22679,45400,26470,26471,45401
22680,45401,26471,26472,45402
22681,45402,26472,26473,45403
22682,45403,26473,26474,45404
22683,45404,26474,26475,45405
22684,45405,26475,26476,45406
22685,45406,26476,26477,45407
22686,45407,26477,26478,45408
22687,45408,26478,26479,45409
22688,45409,26479,26480,45410
22689,45410,26480,26481,45411
22690,45411,26481,26482,45412
22691,45412,26482,26483,45413
22692,45413,26483,26484,45414
22693,45414,26484,26485,45415
22694,45415,26485,26486,45416
22695,45416,26486,26487,45417
22696,45417,26487,26488,45418
22697,45418,26488,26489,45419
22698,45419,26489,26490,45420
22699,45420,26490,26491,45421
22700,45421,26491,26492,45422
22701,45422,26492,26493,45423
22702,45423,26493,26494,45424
22703,45424,26494,26495,45425
22704,45425,26495,26496,45426
22705,45426,26496,26497,45427
22706,45427,26497,26498,45428
22707,45428,26498,26499,45429
22708,45429,26499,26500,45430
22709,45430,26500,26501,45431
22710,45431,26501,26502,45432
22711,45433,26503,26504,45434
22712,45434,26504,26505,45435
22713,45435,26505,26506,45436
22714,45436,26506,26507,45437
22715,45437,26507,26508,45438
22716,45438,26508,26509,45439
22717,45439,26509,26510,45440
22718,45440,26510,26511,45441
22719,45441,26511,26512,45442
22720,45442,26512,26513,45443
22721,45443,26513,26514,45444
22722,45444,26514,26515,45445
22723,45445,26515,26516,45446
22724,45446,26516,26517,45447
22725,45447,26517,26518,45448
22726,45448,26518,26519,45449
22727,45449,26519,26520,45450
22728,45450,26520,26521,45451
22729,45451,26521,26522,45452
22730,45452,26522,26523,45453
22731,45453,26523,26524,45454
22732,45454,26524,26525,45455
22733,45455,26525,26526,45456
22734,45456,26526,26527,45457
22735,45457,26527,26528,45458
22736,45458,26528,26529,45459
22737,45459,26529,26530,45460
22738,45460,26530,26531,45461
22739,45461,26531,26532,45462
22740,45462,26532,26533,45463
22741,45463,26533,26534,45464
22742,45464,26534,26535,45465
22743,45465,26535,26536,45466
22744,45466,26536,26537,45467
22745,45467,26537,26538,45468
22746,45468,26538,26539,45469
22747,45469,26539,26540,45470
22748,45470,26540,26541,45471
22749,45471,26541,26542,45472
22750,45472,26542,26543,45473
22751,45473,26543,26544,45474
22752,45474,26544,26545,45475
22753,45475,26545,26546,45476
22754,45476,26546,26547,45477
22755,45477,26547,26548,45478
22756,45478,26548,26549,45479
22757,45479,26549,26550,45480
22758,45480,26550,26551,45481
22759,45481,26551,26552,45482
22760,45482,26552,26553,45483
22761,45483,26553,26554,45484
22762,45484,26554,26555,45485
22763,45485,26555,26556,45486
22764,45486,26556,26557,45487
22765,45487,26557,26558,45488
22766,45488,26558,26559,45489
22767,45489,26559,26560,45490
22768,45490,26560,26561,45491
22769,45491,26561,26562,45492
22770,45492,26562,26563,45493
22771,45493,26563,26564,45494
22772,45494,26564,26565,45495
22773,45495,26565,26566,45496
22774,45496,26566,26567,45497
22775,45497,26567,26568,45498
22776,45498,26568,26569,45499
22777,45499,26569,26570,45500
22778,45500,26570,26571,45501
22779,45501,26571,26572,45502
22780,45502,26572,26573,45503
22781,45503,26573,26574,45504
22782,45504,26574,26575,45505
22783,45505,26575,26576,45506
22784,45506,26576,26577,45507
22785,45507,26577,26578,45508
22786,45508,26578,26579,45509
22787,45509,26579,26580,45510
22788,45510,26580,26581,45511
22789,45511,26581,26582,45512
22790,45512,26582,26583,45513
22791,45513,26583,26584,45514
22792,45514,26584,26585,45515
22793,45515,26585,26586,45516
22794,45516,26586,26587,45517
22795,45517,26587,26588,45518
22796,45518,26588,26589,45519
22797,45519,26589,26590,45520
22798,45520,26590,26591,45521
22799,45521,26591,26592,45522
22800,45522,26592,26593,45523
22801,45523,26593,26594,45524
22802,45524,26594,26595,45525
22803,45525,26595,26596,45526
22804,45526,26596,26597,45527
22805,45527,26597,26598,45528
22806,45528,26598,26599,45529
22807,45529,26599,26600,45530
22808,45530,26600,26601,45531
22809,45531,26601,26602,45532
22810,45532,26602,26603,45533
22811,45533,26603,26604,45534
22812,45534,26604,26605,45535
22813,45535,26605,26606,45536
22814,45536,26606,26607,45537
22815,45537,26607,26608,45538
22816,45538,26608,26609,45539
22817,45539,26609,26610,45540
22818,45540,26610,26611,45541
22819,45541,26611,26612,45542
22820,45542,26612,26613,45543
22821,45543,26613,26614,45544
22822,45544,26614,26615,45545
22823,45545,26615,26616,45546
22824,45546,26616,26617,45547
22825,45547,26617,26618,45548
22826,45548,26618,26619,45549
22827,45549,26619,26620,45550
22828,45550,26620,26621,45551
22829,45551,26621,26622,45552
22830,45552,26622,26623,45553
22831,45553,26623,26624,45554
22832,45554,26624,26625,45555
22833,45555,26625,26626,45556
22834,45556,26626,26627,45557
22835,45557,26627,26628,45558
22836,45558,26628,26629,45559
22837,45559,26629,26630,45560
22838,45560,26630,26631,45561
22839,45561,26631,26632,45562
22840,45562,26632,26633,45563
22841,45563,26633,26634,45564
22842,45564,26634,26635,45565
22843,45565,26635,26636,45566
22844,45566,26636,26637,45567
22845,45567,26637,26638,45568
22846,45568,26638,26639,45569
22847,45569,26639,26640,45570
22848,45570,26640,26641,45571
22849,45571,26641,26642,45572
22850,45572,26642,26643,45573
22851,45573,26643,26644,45574
22852,45574,26644,26645,45575
22853,45575,26645,26646,45576
22854,45576,26646,26647,45577
22855,45577,26647,26648,45578
22856,45578,26648,26649,45579
22857,45579,26649,26650,45580
22858,45580,26650,26651,45581
22859,45581,26651,26652,45582
22860,45582,26652,26653,45583
22861,45583,26653,26654,45584
22862,45584,26654,26655,45585
22863,45585,26655,26656,45586
22864,45586,26656,26657,45587
22865,45587,26657,26658,45588
22866,45588,26658,26659,45589
22867,45589,26659,26660,45590
22868,45590,26660,26661,45591
22869,45591,26661,26662,45592
22870,45592,26662,26663,45593
22871,45593,26663,26664,45594
22872,45594,26664,26665,45595
22873,45595,26665,26666,45596
22874,45596,26666,26667,45597
22875,45597,26667,26668,45598
22876,45598,26668,26669,45599
22877,45599,26669,26670,45600
22878,45600,26670,26671,45601
22879,45601,26671,26672,45602
22880,45602,26672,26673,45603
22881,45603,26673,26674,45604
22882,45604,26674,26675,45605
22883,45605,26675,26676,45606
22884,45606,26676,26677,45607
22885,45607,26677,26678,45608
22886,45608,26678,26679,45609
22887,45609,26679,26680,45610
22888,45610,26680,26681,45611
22889,45611,26681,26682,45612
22890,45612,26682,26683,45613
22891,45613,26683,26684,45614
22892,45614,26684,26685,45615
22893,45615,26685,26686,45616
22894,45616,26686,26687,45617
22895,45617,26687,26688,45618
22896,45618,26688,26689,45619
22897,45619,26689,26690,45620
22898,45620,26690,26691,45621
22899,45621,26691,26692,45622
22900,45622,26692,26693,45623
22901,45623,26693,26694,45624
22902,45624,26694,26695,45625
22903,45625,26695,26696,45626
22904,45626,26696,26697,45627
22905,45627,26697,26698,45628
22906,45628,26698,26699,45629
22907,45629,26699,26700,45630
22908,45630,26700,26701,45631
22909,45631,26701,26702,45632
22910,45632,26702,26703,45633
22911,45633,26703,26704,45634
22912,45634,26704,26705,45635
22913,45635,26705,26706,45636
22914,45636,26706,26707,45637
22915,45637,26707,26708,45638
22916,45638,26708,26709,45639
22917,45639,26709,26710,45640
22918,45640,26710,26711,45641
22919,45641,26711,26712,45642
22920,45642,26712,26713,45643
22921,45643,26713,26714,45644
22922,45644,26714,26715,45645
22923,45645,26715,26716,45646
22924,45646,26716,26717,45647
22925,45647,26717,26718,45648
22926,45648,26718,26719,45649
22927,45649,26719,26720,45650
22928,45650,26720,26721,45651
22929,45651,26721,26722,45652
22930,45652,26722,26723,45653
22931,45653,26723,26724,45654
22932,45654,26724,26725,45655
22933,45655,26725,26726,45656
22934,45656,26726,26727,45657
22935,45657,26727,26728,45658
22936,45658,26728,26729,45659
22937,45659,26729,26730,45660
22938,45660,26730,26731,45661
22939,45661,26731,26732,45662
22940,45662,26732,26733,45663
22941,45663,26733,26734,45664
22942,45664,26734,26735,45665
22943,45665,26735,26736,45666
22944,45666,26736,26737,45667
22945,45667,26737,26738,45668
22946,45668,26738,26739,45669
22947,45669,26739,26740,45670
22948,45670,26740,26741,45671
22949,45671,26741,26742,45672
22950,45672,26742,26743,45673
22951,45673,26743,26744,45674
22952,45674,26744,26745,45675
22953,45675,26745,26746,45676
22954,45676,26746,26747,45677
22955,45677,26747,26748,45678
22956,45678,26748,26749,45679
22957,45679,26749,26750,45680
22958,45680,26750,26751,45681
22959,45681,26751,26752,45682
22960,45682,26752,26753,45683
22961,45683,26753,26754,45684
22962,45684,26754,26755,45685
22963,45685,26755,26756,45686
22964,45686,26756,26757,45687
22965,45687,26757,26758,45688
22966,45688,26758,26759,45689
22967,45689,26759,26760,45690
22968,45690,26760,26761,45691
22969,45691,26761,26762,45692
22970,45692,26762,26763,45693
22971,45693,26763,26764,45694
22972,45694,26764,26765,45695
22973,45695,26765,26766,45696
22974,45696,26766,26767,45697
22975,45697,26767,26768,45698
22976,45698,26768,26769,45699
22977,45699,26769,26770,45700
22978,45700,26770,26771,45701
22979,45701,26771,26772,45702
22980,45702,26772,26773,45703
22981,45703,26773,26774,45704
22982,45704,26774,26775,45705
22983,45705,26775,26776,45706
22984,45706,26776,26777,45707
22985,45707,26777,26778,45708
22986,45708,26778,26779,45709
22987,45709,26779,26780,45710
22988,45710,26780,26781,45711
22989,45711,26781,26782,45712
22990,45712,26782,26783,45713
22991,45713,26783,26784,45714
22992,45714,26784,26785,45715
22993,45715,26785,26786,45716
22994,45716,26786,26787,45717
22995,45717,26787,26788,45718
22996,45718,26788,26789,45719
22997,45719,26789,26790,45720
22998,45720,26790,26791,45721
22999,45721,26791,26792,45722
23000,45722,26792,26793,45723
23001,45723,26793,26794,45724
23002,45724,26794,26795,45725
23003,45725,26795,26796,45726
23004,45726,26796,26797,45727
23005,45727,26797,26798,45728
23006,45728,26798,26799,45729
23007,45729,26799,26800,45730
23008,45730,26800,26801,45731
23009,45731,26801,26802,45732
23010,45732,26802,26803,45733
23011,45733,26803,26804,45734
23012,45734,26804,26805,45735
23013,45735,26805,26806,45736
23014,45736,26806,26807,45737
23015,45737,26807,26808,45738
23016,45738,26808,26809,45739
23017,45739,26809,26810,45740
23018,45740,26810,26811,45741
23019,45741,26811,26812,45742
23020,45742,26812,26813,45743
23021,45743,26813,26814,45744
23022,45744,26814,26815,45745
23023,45745,26815,26816,45746
23024,45746,26816,26817,45747
23025,45747,26817,26818,45748
23026,45748,26818,26819,45749
23027,45749,26819,26820,45750
23028,45750,26820,26821,45751
23029,45751,26821,26822,45752
23030,45752,26822,26823,45753
23031,45753,26823,26824,45754
23032,45754,26824,26825,45755
23033,45755,26825,26826,45756
23034,45756,26826,26827,45757
23035,45757,26827,26828,45758
23036,45758,26828,26829,45759
23037,45759,26829,26830,45760
23038,45760,26830,26831,45761
23039,45761,26831,26832,45762
23040,45762,26832,26833,45763
23041,45763,26833,26834,45764
23042,45764,26834,26835,45765
23043,45765,26835,26836,45766
23044,45766,26836,26837,45767
23045,45767,26837,26838,45768
23046,45768,26838,26839,45769
23047,45769,26839,26840,45770
23048,45770,26840,26841,45771
23049,45771,26841,26842,45772
23050,45772,26842,26843,45773
23051,45773,26843,26844,45774
23052,45774,26844,26845,45775
23053,45775,26845,26846,45776
23054,45776,26846,26847,45777
23055,45777,26847,26848,45778
23056,45778,26848,26849,45779
23057,45779,26849,26850,45780
23058,45780,26850,26851,45781
23059,45781,26851,26852,45782
23060,45782,26852,26853,45783
23061,45783,26853,26854,45784
23062,45784,26854,26855,45785
23063,45785,26855,26856,45786
23064,45786,26856,26857,45787
23065,45787,26857,26858,45788
23066,45788,26858,26859,45789
23067,45789,26859,26860,45790
23068,45790,26860,26861,45791
23069,45791,26861,26862,45792
23070,45792,26862,26863,45793
23071,45793,26863,26864,45794
23072,45794,26864,26865,45795
23073,45795,26865,26866,45796
23074,45796,26866,26867,45797
23075,45797,26867,26868,45798
23076,45798,26868,26869,45799
23077,45799,26869,26870,45800
23078,45800,26870,26871,45801
23079,45801,26871,26872,45802
23080,45802,26872,26873,45803
23081,45803,26873,26874,45804
23082,45804,26874,26875,45805
23083,45805,26875,26876,45806
23084,45806,26876,26877,45807
23085,45807,26877,26878,45808
23086,45808,26878,26879,45809
23087,45809,26879,26880,45810
23088,45810,26880,26881,45811
23089,45811,26881,26882,45812
23090,45812,26882,26883,45813
23091,45813,26883,26884,45814
23092,45814,26884,26885,45815
23093,45815,26885,26886,45816
23094,45816,26886,26887,45817
23095,45817,26887,26888,45818
23096,45818,26888,26889,45819
23097,45819,26889,26890,45820
23098,45820,26890,26891,45821
23099,45821,26891,26892,45822
23100,45822,26892,26893,45823
23101,45823,26893,26894,45824
23102,45824,26894,26895,45825
23103,45825,26895,26896,45826
23104,45826,26896,26897,45827
23105,45827,26897,26898,45828
23106,45828,26898,26899,45829
23107,45829,26899,26900,45830
23108,45830,26900,26901,45831
23109,45831,26901,26902,45832
23110,45832,26902,26903,45833
23111,45833,26903,26904,45834
23112,45834,26904,26905,45835
23113,45835,26905,26906,45836
23114,45836,26906,26907,45837
23115,45837,26907,26908,45838
23116,45838,26908,26909,45839
23117,45839,26909,26910,45840
23118,45840,26910,26911,45841
23119,45841,26911,26912,45842
23120,45842,26912,26913,45843
23121,45843,26913,26914,45844
23122,45844,26914,26915,45845
23123,45845,26915,26916,45846
23124,45846,26916,26917,45847
23125,45847,26917,26918,45848
23126,45848,26918,26919,45849
23127,45849,26919,26920,45850
23128,45850,26920,26921,45851
23129,45851,26921,26922,45852
23130,45852,26922,26923,45853
23131,45853,26923,26924,45854
23132,45854,26924,26925,45855
23133,45855,26925,26926,45856
23134,45856,26926,26927,45857
23135,45857,26927,26928,45858
23136,45858,26928,26929,45859
23137,45859,26929,26930,45860
23138,45860,26930,26931,45861
23139,45861,26931,26932,45862
23140,45862,26932,26933,45863
23141,45863,26933,26934,45864
23142,45864,26934,26935,45865
23143,45865,26935,26936,45866
23144,45866,26936,26937,45867
23145,45867,26937,26938,45868
23146,45868,26938,26939,45869
23147,45869,26939,26940,45870
23148,45870,26940,26941,45871
23149,45871,26941,26942,45872
23150,45872,26942,26943,45873
23151,45873,26943,26944,45874
23152,45874,26944,26945,45875
23153,45875,26945,26946,45876
23154,45876,26946,26947,45877
23155,45877,26947,26948,45878
23156,45878,26948,26949,45879
23157,45879,26949,26950,45880
23158,45880,26950,26951,45881
23159,45881,26951,26952,45882
23160,45882,26952,26953,45883
23161,45883,26953,26954,45884
23162,45884,26954,26955,45885
23163,45885,26955,26956,45886
23164,45886,26956,26957,45887
23165,45887,26957,26958,45888
23166,45888,26958,26959,45889
23167,45889,26959,26960,45890
23168,45890,26960,26961,45891
23169,45891,26961,26962,45892
23170,45892,26962,26963,45893
23171,45893,26963,26964,45894
23172,45894,26964,26965,45895
23173,45895,26965,26966,45896
23174,45896,26966,26967,45897
23175,45897,26967,26968,45898
23176,45898,26968,26969,45899
23177,45899,26969,26970,45900
23178,45900,26970,26971,45901
23179,45901,26971,26972,45902
23180,45902,26972,26973,45903
23181,45903,26973,26974,45904
23182,45904,26974,26975,45905
23183,45905,26975,26976,45906
23184,45906,26976,26977,45907
23185,45907,26977,26978,45908
23186,45908,26978,26979,45909
23187,45909,26979,26980,45910
23188,45910,26980,26981,45911
23189,45911,26981,26982,45912
23190,45912,26982,26983,45913
23191,45913,26983,26984,45914
23192,45914,26984,26985,45915
23193,45915,26985,26986,45916
23194,45916,26986,26987,45917
23195,45917,26987,26988,45918
23196,45918,26988,26989,45919
23197,45919,26989,26990,45920
23198,45920,26990,26991,45921
23199,45921,26991,26992,45922
23200,45922,26992,26993,45923
23201,45923,26993,26994,45924
23202,45924,26994,26995,45925
23203,45925,26995,26996,45926
23204,45926,26996,26997,45927
23205,45927,26997,26998,45928
23206,45928,26998,26999,45929
23207,45929,26999,27000,45930
23208,45930,27000,27001,45931
23209,45931,27001,27002,45932
23210,45932,27002,27003,45933
23211,45933,27003,27004,45934
23212,45934,27004,27005,45935
23213,45935,27005,27006,45936
23214,45936,27006,27007,45937
23215,45937,27007,27008,45938
23216,45938,27008,27009,45939
23217,45939,27009,27010,45940
23218,45940,27010,27011,45941
23219,45941,27011,27012,45942
23220,45942,27012,27013,45943
23221,45943,27013,27014,45944
23222,45944,27014,27015,45945
23223,45945,27015,27016,45946
23224,45946,27016,27017,45947
23225,45947,27017,27018,45948
23226,45948,27018,27019,45949
23227,45949,27019,27020,45950
23228,45950,27020,27021,45951
23229,45951,27021,27022,45952
23230,45952,27022,27023,45953
23231,45953,27023,27024,45954
23232,45954,27024,27025,45955
23233,45955,27025,27026,45956
23234,45956,27026,27027,45957
23235,45957,27027,27028,45958
23236,45958,27028,27029,45959
23237,45959,27029,27030,45960
23238,45960,27030,27031,45961
23239,45961,27031,27032,45962
23240,45962,27032,27033,45963
23241,45963,27033,27034,45964
23242,45964,27034,27035,45965
23243,45965,27035,27036,45966
23244,45966,27036,27037,45967
23245,45967,27037,27038,45968
23246,45968,27038,27039,45969
23247,45969,27039,27040,45970
23248,45970,27040,27041,45971
23249,45971,27041,27042,45972
23250,45972,27042,27043,45973
23251,45973,27043,27044,45974
23252,45974,27044,27045,45975
23253,45975,27045,27046,45976
23254,45976,27046,27047,45977
23255,45977,27047,27048,45978
23256,45978,27048,27049,45979
23257,45979,27049,27050,45980
23258,45980,27050,27051,45981
23259,45981,27051,27052,45982
23260,45982,27052,27053,45983
23261,45983,27053,27054,45984
23262,45984,27054,27055,45985
23263,45985,27055,27056,45986
23264,45986,27056,27057,45987
23265,45987,27057,27058,45988
23266,45988,27058,27059,45989
23267,45989,27059,27060,45990
23268,45990,27060,27061,45991
23269,45991,27061,27062,45992
23270,45992,27062,27063,45993
23271,45993,27063,27064,45994
23272,45994,27064,27065,45995
23273,45995,27065,27066,45996
23274,45996,27066,27067,45997
23275,45997,27067,27068,45998
23276,45998,27068,27069,45999
23277,45999,27069,27070,46000
23278,46000,27070,27071,46001
23279,46001,27071,27072,46002
23280,46002,27072,27073,46003
23281,46003,27073,27074,46004
23282,46004,27074,27075,46005
23283,46005,27075,27076,46006
23284,46006,27076,27077,46007
23285,46007,27077,27078,46008
23286,46008,27078,27079,46009
23287,46009,27079,27080,46010
23288,46010,27080,27081,46011
23289,46011,27081,27082,46012
23290,46012,27082,27083,46013
23291,46013,27083,27084,46014
23292,46014,27084,27085,46015
23293,46015,27085,27086,46016
23294,46016,27086,27087,46017
23295,46017,27087,27088,46018
23296,46018,27088,27089,46019
23297,46019,27089,27090,46020
23298,46020,27090,27091,46021
23299,46021,27091,27092,46022
23300,46022,27092,27093,46023
23301,46023,27093,27094,46024
23302,46024,27094,27095,46025
23303,46025,27095,27096,46026
23304,46026,27096,27097,46027
23305,46027,27097,27098,46028
23306,46028,27098,27099,46029
23307,46029,27099,27100,46030
23308,46030,27100,27101,46031
23309,46031,27101,27102,46032
23310,46032,27102,27103,46033
23311,46033,27103,27104,46034
23312,46034,27104,27105,46035
23313,46035,27105,27106,46036
23314,46036,27106,27107,46037
23315,46037,27107,27108,46038
23316,46038,27108,27109,46039
23317,46039,27109,27110,46040
23318,46040,27110,27111,46041
23319,46041,27111,27112,46042
23320,46042,27112,27113,46043
23321,46043,27113,27114,46044
23322,46044,27114,27115,46045
23323,46045,27115,27116,46046
23324,46046,27116,27117,46047
23325,46047,27117,27118,46048
23326,46048,27118,27119,46049
23327,46049,27119,27120,46050
23328,46050,27120,27121,46051
23329,46051,27121,27122,46052
23330,46052,27122,27123,46053
23331,46053,27123,27124,46054
23332,46054,27124,27125,46055
23333,46055,27125,27126,46056
23334,46056,27126,27127,46057
23335,46057,27127,27128,46058
23336,46058,27128,27129,46059
23337,46059,27129,27130,46060
23338,46060,27130,27131,46061
23339,46061,27131,27132,46062
23340,46062,27132,27133,46063
23341,46063,27133,27134,46064
23342,46064,27134,27135,46065
23343,46065,27135,27136,46066
23344,46066,27136,27137,46067
23345,46067,27137,27138,46068
23346,46068,27138,27139,46069
23347,46069,27139,27140,46070
23348,46070,27140,27141,46071
23349,46071,27141,27142,46072
23350,46072,27142,27143,46073
23351,46073,27143,27144,46074
23352,46074,27144,27145,46075
23353,46075,27145,27146,46076
23354,46076,27146,27147,46077
23355,46077,27147,27148,46078
23356,46078,27148,27149,46079
23357,46079,27149,27150,46080
23358,46080,27150,27151,46081
23359,46081,27151,27152,46082
23360,46082,27152,27153,46083
23361,46083,27153,27154,46084
23362,46084,27154,27155,46085
23363,46085,27155,27156,46086
23364,46086,27156,27157,46087
23365,46087,27157,27158,46088
23366,46088,27158,27159,46089
23367,46089,27159,27160,46090
23368,46090,27160,27161,46091
23369,46091,27161,27162,46092
23370,46092,27162,27163,46093
23371,46093,27163,27164,46094
23372,46094,27164,27165,46095
23373,46095,27165,27166,46096
23374,46096,27166,27167,46097
23375,46097,27167,27168,46098
23376,46098,27168,27169,46099
23377,46099,27169,27170,46100
23378,46100,27170,27171,46101
23379,46101,27171,27172,46102
23380,46102,27172,27173,46103
23381,46103,27173,27174,46104
23382,46104,27174,27175,46105
23383,46105,27175,27176,46106
23384,46106,27176,27177,46107
23385,46107,27177,27178,46108
23386,46108,27178,27179,46109
23387,46109,27179,27180,46110
23388,46110,27180,27181,46111
23389,46111,27181,27182,46112
23390,46112,27182,27183,46113
23391,46113,27183,27184,46114
23392,46114,27184,27185,46115
23393,46115,27185,27186,46116
23394,46116,27186,27187,46117
23395,46117,27187,27188,46118
23396,46118,27188,27189,46119
23397,46119,27189,27190,46120
23398,46120,27190,27191,46121
23399,46121,27191,27192,46122
23400,46122,27192,27193,46123
23401,46123,27193,27194,46124
23402,46124,27194,27195,46125
23403,46125,27195,27196,46126
23404,46126,27196,27197,46127
23405,46127,27197,27198,46128
23406,46128,27198,27199,46129
23407,46129,27199,27200,46130
23408,46130,27200,27201,46131
23409,46131,27201,27202,46132
23410,46132,27202,27203,46133
23411,46133,27203,27204,46134
23412,46134,27204,27205,46135
23413,46135,27205,27206,46136
23414,46136,27206,27207,46137
23415,46137,27207,27208,46138
23416,46138,27208,27209,46139
23417,46139,27209,27210,46140
23418,46140,27210,27211,46141
23419,46141,27211,27212,46142
23420,46142,27212,27213,46143
23421,46143,27213,27214,46144
23422,46144,27214,27215,46145
23423,46145,27215,27216,46146
23424,46146,27216,27217,46147
23425,46147,27217,27218,46148
23426,46148,27218,27219,46149
23427,46149,27219,27220,46150
23428,46150,27220,27221,46151
23429,46151,27221,27222,46152
23430,46152,27222,27223,46153
23431,46153,27223,27224,46154
23432,46154,27224,27225,46155
23433,46155,27225,27226,46156
23434,46156,27226,27227,46157
23435,46157,27227,27228,46158
23436,46158,27228,27229,46159
23437,46159,27229,27230,46160
23438,46160,27230,27231,46161
23439,46161,27231,27232,46162
23440,46162,27232,27233,46163
23441,46163,27233,27234,46164
23442,46164,27234,27235,46165
23443,46165,27235,27236,46166
23444,46166,27236,27237,46167
23445,46167,27237,27238,46168
23446,46168,27238,27239,46169
23447,46169,27239,27240,46170
23448,46170,27240,27241,46171
23449,46171,27241,27242,46172
23450,46172,27242,27243,46173
23451,46173,27243,27244,46174
23452,46174,27244,27245,46175
23453,46175,27245,27246,46176
23454,46176,27246,27247,46177
23455,46177,27247,27248,46178
23456,46178,27248,27249,46179
23457,46179,27249,27250,46180
23458,46180,27250,27251,46181
23459,46181,27251,27252,46182
23460,46182,27252,27253,46183
23461,46183,27253,27254,46184
23462,46184,27254,27255,46185
23463,46185,27255,27256,46186
23464,46186,27256,27257,46187
23465,46187,27257,27258,46188
23466,46188,27258,27259,46189
23467,46189,27259,27260,46190
23468,46190,27260,27261,46191
23469,46191,27261,27262,46192
23470,46192,27262,27263,46193
23471,46193,27263,27264,46194
23472,46194,27264,27265,46195
23473,46195,27265,27266,46196
23474,46196,27266,27267,46197
23475,46197,27267,27268,46198
23476,46198,27268,27269,46199
23477,46199,27269,27270,46200
23478,46200,27270,27271,46201
23479,46201,27271,27272,46202
23480,46202,27272,27273,46203
23481,46203,27273,27274,46204
23482,46204,27274,27275,46205
23483,46205,27275,27276,46206
23484,46206,27276,27277,46207
23485,46207,27277,27278,46208
23486,46208,27278,27279,46209
23487,46209,27279,27280,46210
23488,46210,27280,27281,46211
23489,46211,27281,27282,46212
23490,46212,27282,27283,46213
23491,46213,27283,27284,46214
23492,46214,27284,27285,46215
23493,46215,27285,27286,46216
23494,46216,27286,27287,46217
23495,46217,27287,27288,46218
23496,46218,27288,27289,46219
23497,46219,27289,27290,46220
23498,46220,27290,27291,46221
23499,46221,27291,27292,46222
23500,46222,27292,27293,46223
23501,46223,27293,27294,46224
23502,46224,27294,27295,46225
23503,46225,27295,27296,46226
23504,46226,27296,27297,46227
23505,46227,27297,27298,46228
23506,46228,27298,27299,46229
23507,46229,27299,27300,46230
23508,46230,27300,27301,46231
23509,46231,27301,27302,46232
23510,46232,27302,27303,46233
23511,46233,27303,27304,46234
23512,46234,27304,27305,46235
23513,46235,27305,27306,46236
23514,46236,27306,27307,46237
23515,46237,27307,27308,46238
23516,46238,27308,27309,46239
23517,46239,27309,27310,46240
23518,46240,27310,27311,46241
23519,46241,27311,27312,46242
23520,46242,27312,27313,46243
23521,46243,27313,27314,46244
23522,46244,27314,27315,46245
23523,46245,27315,27316,46246
23524,46246,27316,27317,46247
23525,46247,27317,27318,46248
23526,46248,27318,27319,46249
23527,46249,27319,27320,46250
23528,46250,27320,27321,46251
23529,46251,27321,27322,46252
23530,46252,27322,27323,46253
23531,46253,27323,27324,46254
23532,46254,27324,27325,46255
23533,46255,27325,27326,46256
23534,46256,27326,27327,46257
23535,46257,27327,27328,46258
23536,46258,27328,27329,46259
23537,46259,27329,27330,46260
23538,46260,27330,27331,46261
23539,46261,27331,27332,46262
23540,46262,27332,27333,46263
23541,46263,27333,27334,46264
23542,46264,27334,27335,46265
23543,46265,27335,27336,46266
23544,46266,27336,27337,46267
23545,46267,27337,27338,46268
23546,46268,27338,27339,46269
23547,46269,27339,27340,46270
23548,46270,27340,27341,46271
23549,46271,27341,27342,46272
23550,46272,27342,27343,46273
23551,46273,27343,27344,46274
23552,46274,27344,27345,46275
23553,46275,27345,27346,46276
23554,46276,27346,27347,46277
23555,46277,27347,27348,46278
23556,46278,27348,27349,46279
23557,46279,27349,27350,46280
23558,46280,27350,27351,46281
23559,46281,27351,27352,46282
23560,46282,27352,27353,46283
23561,46283,27353,27354,46284
23562,46284,27354,27355,46285
23563,46285,27355,27356,46286
23564,46286,27356,27357,46287
23565,46287,27357,27358,46288
23566,46288,27358,27359,46289
23567,46289,27359,27360,46290
23568,46290,27360,27361,46291
23569,46291,27361,27362,46292
23570,46292,27362,27363,46293
23571,46293,27363,27364,46294
23572,46294,27364,27365,46295
23573,46295,27365,27366,46296
23574,46296,27366,27367,46297
23575,46297,27367,27368,46298
23576,46298,27368,27369,46299
23577,46299,27369,27370,46300
23578,46300,27370,27371,46301
23579,46301,27371,27372,46302
23580,46302,27372,27373,46303
23581,46303,27373,27374,46304
23582,46304,27374,27375,46305
23583,46305,27375,27376,46306
23584,46306,27376,27377,46307
23585,46307,27377,27378,46308
23586,46308,27378,27379,46309
23587,46309,27379,27380,46310
23588,46310,27380,27381,46311
23589,46311,27381,27382,46312
23590,46312,27382,27383,46313
23591,46313,27383,27384,46314
23592,46314,27384,27385,46315
23593,46315,27385,27386,46316
23594,46316,27386,27387,46317
23595,46317,27387,27388,46318
23596,46318,27388,27389,46319
23597,46319,27389,27390,46320
23598,46320,27390,27391,46321
23599,46321,27391,27392,46322
23600,46322,27392,27393,46323
23601,46323,27393,27394,46324
23602,46324,27394,27395,46325
23603,46325,27395,27396,46326
23604,46326,27396,27397,46327
23605,46327,27397,27398,46328
23606,46328,27398,27399,46329
23607,46329,27399,27400,46330
23608,46330,27400,27401,46331
23609,46331,27401,27402,46332
23610,46332,27402,27403,46333
23611,46333,27403,27404,46334
23612,46334,27404,27405,46335
23613,46335,27405,27406,46336
23614,46336,27406,27407,46337
23615,46337,27407,27408,46338
23616,46338,27408,27409,46339
23617,46339,27409,27410,46340
23618,46340,27410,27411,46341
23619,46341,27411,27412,46342
23620,46342,27412,27413,46343
23621,46343,27413,27414,46344
23622,46344,27414,27415,46345
23623,46345,27415,27416,46346
23624,46346,27416,27417,46347
23625,46347,27417,27418,46348
23626,46348,27418,27419,46349
23627,46349,27419,27420,46350
23628,46350,27420,27421,46351
23629,46351,27421,27422,46352
23630,46352,27422,27423,46353
23631,46353,27423,27424,46354
23632,46354,27424,27425,46355
23633,46355,27425,27426,46356
23634,46356,27426,27427,46357
23635,46357,27427,27428,46358
23636,46358,27428,27429,46359
23637,46359,27429,27430,46360
23638,46360,27430,27431,46361
23639,46361,27431,27432,46362
23640,46362,27432,27433,46363
23641,46363,27433,27434,46364
23642,46364,27434,27435,46365
23643,46365,27435,27436,46366
23644,46366,27436,27437,46367
23645,46367,27437,27438,46368
23646,46368,27438,27439,46369
23647,46369,27439,27440,46370
23648,46370,27440,27441,46371
23649,46371,27441,27442,46372
23650,46372,27442,27443,46373
23651,46373,27443,27444,46374
23652,46374,27444,27445,46375
23653,46375,27445,27446,46376
23654,46376,27446,27447,46377
23655,46377,27447,27448,46378
23656,46378,27448,27449,46379
23657,46379,27449,27450,46380
23658,46380,27450,27451,46381
23659,46381,27451,27452,46382
23660,46382,27452,27453,46383
23661,46383,27453,27454,46384
23662,46384,27454,27455,46385
23663,46385,27455,27456,46386
23664,46386,27456,27457,46387
23665,46387,27457,27458,46388
23666,46388,27458,27459,46389
23667,46389,27459,27460,46390
23668,46390,27460,27461,46391
23669,46391,27461,27462,46392
23670,46392,27462,27463,46393
23671,46393,27463,27464,46394
23672,46394,27464,27465,46395
23673,46395,27465,27466,46396
23674,46396,27466,27467,46397
23675,46397,27467,27468,46398
23676,46398,27468,27469,46399
23677,46399,27469,27470,46400
23678,46400,27470,27471,46401
23679,46401,27471,27472,46402
23680,46402,27472,27473,46403
23681,46403,27473,27474,46404
23682,46404,27474,27475,46405
23683,46405,27475,27476,46406
23684,46406,27476,27477,46407
23685,46407,27477,27478,46408
23686,46408,27478,27479,46409
23687,46409,27479,27480,46410
23688,46410,27480,27481,46411
23689,46411,27481,27482,46412
23690,46412,27482,27483,46413
23691,46413,27483,27484,46414
23692,46414,27484,27485,46415
23693,46415,27485,27486,46416
23694,46416,27486,27487,46417
23695,46417,27487,27488,46418
23696,46418,27488,27489,46419
23697,46419,27489,27490,46420
23698,46420,27490,27491,46421
23699,46421,27491,27492,46422
23700,46422,27492,27493,46423
23701,46423,27493,27494,46424
23702,46424,27494,27495,46425
23703,46425,27495,27496,46426
23704,46426,27496,27497,46427
23705,46427,27497,27498,46428
23706,46428,27498,27499,46429
23707,46429,27499,27500,46430
23708,46430,27500,27501,46431
23709,46431,27501,27502,46432
23710,46432,27502,27503,46433
23711,46433,27503,27504,46434
23712,46434,27504,27505,46435
23713,46435,27505,27506,46436
23714,46436,27506,27507,46437
23715,46437,27507,27508,46438
23716,46438,27508,27509,46439
23717,46439,27509,27510,46440
23718,46440,27510,27511,46441
23719,46441,27511,27512,46442
23720,46442,27512,27513,46443
23721,46443,27513,27514,46444
23722,46444,27514,27515,46445
23723,46445,27515,27516,46446
23724,46446,27516,27517,46447
23725,46447,27517,27518,46448
23726,46448,27518,27519,46449
23727,46449,27519,27520,46450
23728,46450,27520,27521,46451
23729,46451,27521,27522,46452
23730,46452,27522,27523,46453
23731,46453,27523,27524,46454
23732,46454,27524,27525,46455
23733,46455,27525,27526,46456
23734,46456,27526,27527,46457
23735,46457,27527,27528,46458
23736,46458,27528,27529,46459
23737,46459,27529,27530,46460
23738,46460,27530,27531,46461
23739,46461,27531,27532,46462
23740,46462,27532,27533,46463
23741,46463,27533,27534,46464
23742,46464,27534,27535,46465
23743,46465,27535,27536,46466
23744,46466,27536,27537,46467
23745,46467,27537,27538,46468
23746,46468,27538,27539,46469
23747,46469,27539,27540,46470
23748,46470,27540,27541,46471
23749,46471,27541,27542,46472
23750,46472,27542,27543,46473
23751,46473,27543,27544,46474
23752,46474,27544,27545,46475
23753,46475,27545,27546,46476
23754,46476,27546,27547,46477
23755,46477,27547,27548,46478
23756,46478,27548,27549,46479
23757,46479,27549,27550,46480
23758,46480,27550,27551,46481
23759,46481,27551,27552,46482
23760,46482,27552,27553,46483
23761,46483,27553,27554,46484
23762,46484,27554,27555,46485
23763,46485,27555,27556,46486
23764,46486,27556,27557,46487
23765,46487,27557,27558,46488
23766,46488,27558,27559,46489
23767,46489,27559,27560,46490
23768,46490,27560,27561,46491
23769,46491,27561,27562,46492
23770,46492,27562,27563,46493
23771,46493,27563,27564,46494
23772,46494,27564,27565,46495
23773,46495,27565,27566,46496
23774,46496,27566,27567,46497
23775,46497,27567,27568,46498
23776,46498,27568,27569,46499
23777,46499,27569,27570,46500
23778,46500,27570,27571,46501
23779,46501,27571,27572,46502
23780,46502,27572,27573,46503
23781,46503,27573,27574,46504
23782,46504,27574,27575,46505
23783,46505,27575,27576,46506
23784,46506,27576,27577,46507
23785,46507,27577,27578,46508
23786,46508,27578,27579,46509
23787,46509,27579,27580,46510
23788,46510,27580,27581,46511
23789,46511,27581,27582,46512
23790,46512,27582,27583,46513
23791,46513,27583,27584,46514
23792,46514,27584,27585,46515
23793,46515,27585,27586,46516
23794,46516,27586,27587,46517
23795,46517,27587,27588,46518
23796,46518,27588,27589,46519
23797,46519,27589,27590,46520
23798,46520,27590,27591,46521
23799,46521,27591,27592,46522
23800,46522,27592,27593,46523
23801,46523,27593,27594,46524
23802,46524,27594,27595,46525
23803,46525,27595,27596,46526
23804,46526,27596,27597,46527
23805,46527,27597,27598,46528
23806,46528,27598,27599,46529
23807,46529,27599,27600,46530
23808,46530,27600,27601,46531
23809,46531,27601,27602,46532
23810,46532,27602,27603,46533
23811,46533,27603,27604,46534
23812,46534,27604,27605,46535
23813,46535,27605,27606,46536
23814,46536,27606,27607,46537
23815,46537,27607,27608,46538
23816,46538,27608,27609,46539
23817,46539,27609,27610,46540
23818,46540,27610,27611,46541
23819,46541,27611,27612,46542
23820,46542,27612,27613,46543
23821,46543,27613,27614,46544
23822,46544,27614,27615,46545
23823,46545,27615,27616,46546
23824,46546,27616,27617,46547
23825,46547,27617,27618,46548
23826,46548,27618,27619,46549
23827,46549,27619,27620,46550
23828,46550,27620,27621,46551
23829,46551,27621,27622,46552
23830,46552,27622,27623,46553
23831,46553,27623,27624,46554
23832,46554,27624,27625,46555
23833,46555,27625,27626,46556
23834,46556,27626,27627,46557
23835,46557,27627,27628,46558
23836,46558,27628,27629,46559
23837,46559,27629,27630,46560
23838,46560,27630,27631,46561
23839,46561,27631,27632,46562
23840,46562,27632,27633,46563
23841,46563,27633,27634,46564
23842,46564,27634,27635,46565
23843,46565,27635,27636,46566
23844,46566,27636,27637,46567
23845,46567,27637,27638,46568
23846,46568,27638,27639,46569
23847,46569,27639,27640,46570
23848,46570,27640,27641,46571
23849,46571,27641,27642,46572
23850,46572,27642,27643,46573
23851,46573,27643,27644,46574
23852,46574,27644,27645,46575
23853,46575,27645,27646,46576
23854,46576,27646,27647,46577
23855,46577,27647,27648,46578
23856,46578,27648,27649,46579
23857,46579,27649,27650,46580
23858,46580,27650,27651,46581
23859,46581,27651,27652,46582
23860,46582,27652,27653,46583
23861,46583,27653,27654,46584
23862,46584,27654,27655,46585
23863,46585,27655,27656,46586
23864,46586,27656,27657,46587
23865,46587,27657,27658,46588
23866,46588,27658,27659,46589
23867,46589,27659,27660,46590
23868,46590,27660,27661,46591
23869,46591,27661,27662,46592
23870,46592,27662,27663,46593
23871,46593,27663,27664,46594
23872,46594,27664,27665,46595
23873,46595,27665,27666,46596
23874,46596,27666,27667,46597
23875,46597,27667,27668,46598
23876,46598,27668,27669,46599
23877,46599,27669,27670,46600
23878,46600,27670,27671,46601
23879,46601,27671,27672,46602
23880,46602,27672,27673,46603
23881,46603,27673,27674,46604
23882,46604,27674,27675,46605
23883,46605,27675,27676,46606
23884,46606,27676,27677,46607
23885,46607,27677,27678,46608
23886,46608,27678,27679,46609
23887,46609,27679,27680,46610
23888,46610,27680,27681,46611
23889,46611,27681,27682,46612
23890,46612,27682,27683,46613
23891,46613,27683,27684,46614
23892,46614,27684,27685,46615
23893,46615,27685,27686,46616
23894,46616,27686,27687,46617
23895,46617,27687,27688,46618
23896,46618,27688,27689,46619
23897,46619,27689,27690,46620
23898,46620,27690,27691,46621
23899,46621,27691,27692,46622
23900,46622,27692,27693,46623
23901,46623,27693,27694,46624
23902,46624,27694,27695,46625
23903,46625,27695,27696,46626
23904,46626,27696,27697,46627
23905,46627,27697,27698,46628
23906,46628,27698,27699,46629
23907,46629,27699,27700,46630
23908,46630,27700,27701,46631
23909,46631,27701,27702,46632
23910,46632,27702,27703,46633
23911,46633,27703,27704,46634
23912,46634,27704,27705,46635
23913,46635,27705,27706,46636
23914,46636,27706,27707,46637
23915,46637,27707,27708,46638
23916,46638,27708,27709,46639
23917,46639,27709,27710,46640
23918,46640,27710,27711,46641
23919,46641,27711,27712,46642
23920,46642,27712,27713,46643
23921,46643,27713,27714,46644
23922,46644,27714,27715,46645
23923,46645,27715,27716,46646
23924,46646,27716,27717,46647
23925,46647,27717,27718,46648
23926,46648,27718,27719,46649
23927,46649,27719,27720,46650
23928,46650,27720,27721,46651
23929,46651,27721,27722,46652
23930,46652,27722,27723,46653
23931,46653,27723,27724,46654
23932,46654,27724,27725,46655
23933,46655,27725,27726,46656
23934,46656,27726,27727,46657
23935,46657,27727,27728,46658
23936,46658,27728,27729,46659
23937,46659,27729,27730,46660
23938,46660,27730,27731,46661
23939,46661,27731,27732,46662
23940,46662,27732,27733,46663
23941,46663,27733,27734,46664
23942,46664,27734,27735,46665
23943,46665,27735,27736,46666
23944,46666,27736,27737,46667
23945,46667,27737,27738,46668
23946,46668,27738,27739,46669
23947,46669,27739,27740,46670
23948,46670,27740,27741,46671
23949,46671,27741,27742,46672
23950,46672,27742,27743,46673
23951,46673,27743,27744,46674
23952,46674,27744,27745,46675
23953,46675,27745,27746,46676
23954,46676,27746,27747,46677
23955,46677,27747,27748,46678
23956,46678,27748,27749,46679
23957,46679,27749,27750,46680
23958,46680,27750,27751,46681
23959,46681,27751,27752,46682
23960,46682,27752,27753,46683
23961,46683,27753,27754,46684
23962,46684,27754,27755,46685
23963,46685,27755,27756,46686
23964,46686,27756,27757,46687
23965,46687,27757,27758,46688
23966,46688,27758,27759,46689
23967,46689,27759,27760,46690
23968,46690,27760,27761,46691
23969,46691,27761,27762,46692
23970,46692,27762,27763,46693
23971,46693,27763,27764,46694
23972,46694,27764,27765,46695
23973,46695,27765,27766,46696
23974,46696,27766,27767,46697
23975,46697,27767,27768,46698
23976,46698,27768,27769,46699
23977,46699,27769,27770,46700
23978,46700,27770,27771,46701
23979,46701,27771,27772,46702
23980,46702,27772,27773,46703
23981,46703,27773,27774,46704
23982,46704,27774,27775,46705
23983,46705,27775,27776,46706
23984,46706,27776,27777,46707
23985,46707,27777,27778,46708
23986,46708,27778,27779,46709
23987,46709,27779,27780,46710
23988,46710,27780,27781,46711
23989,46711,27781,27782,46712
23990,46712,27782,27783,46713
23991,46713,27783,27784,46714
23992,46714,27784,27785,46715
23993,46715,27785,27786,46716
23994,46716,27786,27787,46717
23995,46717,27787,27788,46718
23996,46718,27788,27789,46719
23997,46719,27789,27790,46720
23998,46720,27790,27791,46721
23999,46721,27791,27792,46722
24000,46722,27792,27793,46723
24001,46723,27793,27794,46724
24002,46724,27794,27795,46725
24003,46725,27795,27796,46726
24004,46726,27796,27797,46727
24005,46727,27797,27798,46728
24006,46728,27798,27799,46729
24007,46729,27799,27800,46730
24008,46730,27800,27801,46731
24009,46731,27801,27802,46732
24010,46732,27802,27803,46733
24011,46733,27803,27804,46734
24012,46734,27804,27805,46735
24013,46735,27805,27806,46736
24014,46736,27806,27807,46737
24015,46737,27807,27808,46738
24016,46738,27808,27809,46739
24017,46739,27809,27810,46740
24018,46740,27810,27811,46741
24019,46741,27811,27812,46742
24020,46742,27812,27813,46743
24021,46743,27813,27814,46744
24022,46744,27814,27815,46745
24023,46745,27815,27816,46746
24024,46746,27816,27817,46747
24025,46747,27817,27818,46748
24026,46748,27818,27819,46749
24027,46749,27819,27820,46750
24028,46750,27820,27821,46751
24029,46751,27821,27822,46752
24030,46752,27822,27823,46753
24031,46753,27823,27824,46754
24032,46754,27824,27825,46755
24033,46755,27825,27826,46756
24034,46756,27826,27827,46757
24035,46757,27827,27828,46758
24036,46758,27828,27829,46759
24037,46759,27829,27830,46760
24038,46760,27830,27831,46761
24039,46761,27831,27832,46762
24040,46762,27832,27833,46763
24041,46763,27833,27834,46764
24042,46764,27834,27835,46765
24043,46765,27835,27836,46766
24044,46766,27836,27837,46767
24045,46767,27837,27838,46768
24046,46768,27838,27839,46769
24047,46769,27839,27840,46770
24048,46770,27840,27841,46771
24049,46771,27841,27842,46772
24050,46772,27842,27843,46773
24051,46773,27843,27844,46774
24052,46774,27844,27845,46775
24053,46775,27845,27846,46776
24054,46776,27846,27847,46777
24055,46777,27847,27848,46778
24056,46778,27848,27849,46779
24057,46779,27849,27850,46780
24058,46780,27850,27851,46781
24059,46781,27851,27852,46782
24060,46782,27852,27853,46783
24061,46783,27853,27854,46784
24062,46784,27854,27855,46785
24063,46785,27855,27856,46786
24064,46786,27856,27857,46787
24065,46787,27857,27858,46788
24066,46788,27858,27859,46789
24067,46789,27859,27860,46790
24068,46790,27860,27861,46791
24069,46791,27861,27862,46792
24070,46792,27862,27863,46793
24071,46793,27863,27864,46794
24072,46794,27864,27865,46795
24073,46795,27865,27866,46796
24074,46796,27866,27867,46797
24075,46797,27867,27868,46798
24076,46798,27868,27869,46799
24077,46799,27869,27870,46800
24078,46800,27870,27871,46801
24079,46801,27871,27872,46802
24080,46802,27872,27873,46803
24081,46803,27873,27874,46804
24082,46804,27874,27875,46805
24083,46805,27875,27876,46806
24084,46806,27876,27877,46807
24085,46807,27877,27878,46808
24086,46808,27878,27879,46809
24087,46809,27879,27880,46810
24088,46810,27880,27881,46811
24089,46811,27881,27882,46812
24090,46812,27882,27883,46813
24091,46813,27883,27884,46814
24092,46814,27884,27885,46815
24093,46815,27885,27886,46816
24094,46816,27886,27887,46817
24095,46817,27887,27888,46818
24096,46818,27888,27889,46819
24097,46819,27889,27890,46820
24098,46820,27890,27891,46821
24099,46821,27891,27892,46822
24100,46822,27892,27893,46823
24101,46823,27893,27894,46824
24102,46824,27894,27895,46825
24103,46825,27895,27896,46826
24104,46826,27896,27897,46827
24105,46827,27897,27898,46828
24106,46828,27898,27899,46829
24107,46829,27899,27900,46830
24108,46830,27900,27901,46831
24109,46831,27901,27902,46832
24110,46832,27902,27903,46833
24111,46833,27903,27904,46834
24112,46834,27904,27905,46835
24113,46835,27905,27906,46836
24114,46836,27906,27907,46837
24115,46837,27907,27908,46838
24116,46838,27908,27909,46839
24117,46839,27909,27910,46840
24118,46840,27910,27911,46841
24119,46841,27911,27912,46842
24120,46842,27912,27913,46843
24121,46843,27913,27914,46844
24122,46844,27914,27915,46845
24123,46845,27915,27916,46846
24124,46846,27916,27917,46847
24125,46847,27917,27918,46848
24126,46848,27918,27919,46849
24127,46849,27919,27920,46850
24128,46850,27920,27921,46851
24129,46851,27921,27922,46852
24130,46852,27922,27923,46853
24131,46853,27923,27924,46854
24132,46854,27924,27925,46855
24133,46855,27925,27926,46856
24134,46856,27926,27927,46857
24135,46857,27927,27928,46858
24136,46858,27928,27929,46859
24137,46859,27929,27930,46860
24138,46860,27930,27931,46861
24139,46861,27931,27932,46862
24140,46862,27932,27933,46863
24141,46863,27933,27934,46864
24142,46864,27934,27935,46865
24143,46865,27935,27936,46866
24144,46866,27936,27937,46867
24145,46867,27937,27938,46868
24146,46868,27938,27939,46869
24147,46869,27939,27940,46870
24148,46870,27940,27941,46871
24149,46871,27941,27942,46872
24150,46872,27942,27943,46873
24151,46873,27943,27944,46874
24152,46874,27944,27945,46875
24153,46875,27945,27946,46876
24154,46876,27946,27947,46877
24155,46877,27947,27948,46878
24156,46878,27948,27949,46879
24157,46879,27949,27950,46880
24158,46880,27950,27951,46881
24159,46881,27951,27952,46882
24160,46882,27952,27953,46883
24161,46883,27953,27954,46884
24162,46884,27954,27955,46885
24163,46885,27955,27956,46886
24164,46886,27956,27957,46887
24165,46887,27957,27958,46888
24166,46888,27958,27959,46889
24167,46889,27959,27960,46890
24168,46890,27960,27961,46891
24169,46891,27961,27962,46892
24170,46892,27962,27963,46893
24171,46893,27963,27964,46894
24172,46894,27964,27965,46895
24173,46895,27965,27966,46896
24174,46896,27966,27967,46897
24175,46897,27967,27968,46898
24176,46898,27968,27969,46899
24177,46899,27969,27970,46900
24178,46900,27970,27971,46901
24179,46901,27971,27972,46902
24180,46902,27972,27973,46903
24181,46903,27973,27974,46904
24182,46904,27974,27975,46905
24183,46905,27975,27976,46906
24184,46906,27976,27977,46907
24185,46907,27977,27978,46908
24186,46908,27978,27979,46909
24187,46909,27979,27980,46910
24188,46910,27980,27981,46911
24189,46911,27981,27982,46912
24190,46912,27982,27983,46913
24191,46913,27983,27984,46914
24192,46914,27984,27985,46915
24193,46915,27985,27986,46916
24194,46916,27986,27987,46917
24195,46917,27987,27988,46918
24196,46918,27988,27989,46919
24197,46919,27989,27990,46920
24198,46920,27990,27991,46921
24199,46921,27991,27992,46922
24200,46922,27992,27993,46923
24201,46923,27993,27994,46924
24202,46924,27994,27995,46925
24203,46925,27995,27996,46926
24204,46926,27996,27997,46927
24205,46927,27997,27998,46928
24206,46928,27998,27999,46929
24207,46929,27999,28000,46930
24208,46930,28000,28001,46931
24209,46931,28001,28002,46932
24210,46932,28002,28003,46933
24211,46933,28003,28004,46934
24212,46934,28004,28005,46935
24213,46935,28005,28006,46936
24214,46936,28006,28007,46937
24215,46937,28007,28008,46938
24216,46938,28008,28009,46939
24217,46939,28009,28010,46940
24218,46940,28010,28011,46941
24219,46941,28011,28012,46942
24220,46942,28012,28013,46943
24221,46943,28013,28014,46944
24222,46944,28014,28015,46945
24223,46945,28015,28016,46946
24224,46946,28016,28017,46947
24225,46947,28017,28018,46948
24226,46948,28018,28019,46949
24227,46949,28019,28020,46950
24228,46950,28020,28021,46951
24229,46951,28021,28022,46952
24230,46952,28022,28023,46953
24231,46953,28023,28024,46954
24232,46954,28024,28025,46955
24233,46955,28025,28026,46956
24234,46956,28026,28027,46957
24235,46957,28027,28028,46958
24236,46958,28028,28029,46959
24237,46959,28029,28030,46960
24238,46960,28030,28031,46961
24239,46961,28031,28032,46962
24240,46962,28032,28033,46963
24241,46963,28033,28034,46964
24242,46964,28034,28035,46965
24243,46965,28035,28036,46966
24244,46966,28036,28037,46967
24245,46967,28037,28038,46968
24246,46968,28038,28039,46969
24247,46969,28039,28040,46970
24248,46970,28040,28041,46971
24249,46971,28041,28042,46972
24250,46972,28042,28043,46973
24251,46973,28043,28044,46974
24252,46974,28044,28045,46975
24253,46975,28045,28046,46976
24254,46976,28046,28047,46977
24255,46977,28047,28048,46978
24256,46978,28048,28049,46979
24257,46979,28049,28050,46980
24258,46980,28050,28051,46981
24259,46981,28051,28052,46982
24260,46982,28052,28053,46983
24261,46983,28053,28054,46984
24262,46984,28054,28055,46985
24263,46985,28055,28056,46986
24264,46986,28056,28057,46987
24265,46987,28057,28058,46988
24266,46988,28058,28059,46989
24267,46989,28059,28060,46990
24268,46990,28060,28061,46991
24269,46991,28061,28062,46992
24270,46992,28062,28063,46993
24271,46993,28063,28064,46994
24272,46994,28064,28065,46995
24273,46995,28065,28066,46996
24274,46996,28066,28067,46997
24275,46997,28067,28068,46998
24276,46998,28068,28069,46999
24277,46999,28069,28070,47000
24278,47000,28070,28071,47001
24279,47001,28071,28072,47002
24280,47002,28072,28073,47003
24281,47003,28073,28074,47004
24282,47004,28074,28075,47005
24283,47005,28075,28076,47006
24284,47006,28076,28077,47007
24285,47007,28077,28078,47008
24286,47008,28078,28079,47009
24287,47009,28079,28080,47010
24288,47010,28080,28081,47011
24289,47011,28081,28082,47012
24290,47012,28082,28083,47013
24291,47013,28083,28084,47014
24292,47014,28084,28085,47015
24293,47015,28085,28086,47016
24294,47016,28086,28087,47017
24295,47017,28087,28088,47018
24296,47018,28088,28089,47019
24297,47019,28089,28090,47020
24298,47020,28090,28091,47021
24299,47021,28091,28092,47022
24300,47022,28092,28093,47023
24301,47023,28093,28094,47024
24302,47024,28094,28095,47025
24303,47025,28095,28096,47026
24304,47026,28096,28097,47027
24305,47027,28097,28098,47028
24306,47028,28098,28099,47029
24307,47029,28099,28100,47030
24308,47030,28100,28101,47031
24309,47031,28101,28102,47032
24310,47032,28102,28103,47033
24311,47033,28103,28104,47034
24312,47034,28104,28105,47035
24313,47035,28105,28106,47036
24314,47036,28106,28107,47037
24315,47037,28107,28108,47038
24316,47038,28108,28109,47039
24317,47039,28109,28110,47040
24318,47040,28110,28111,47041
24319,47041,28111,28112,47042
24320,47042,28112,28113,47043
24321,47043,28113,28114,47044
24322,47044,28114,28115,47045
24323,47045,28115,28116,47046
24324,47046,28116,28117,47047
24325,47047,28117,28118,47048
24326,47048,28118,28119,47049
24327,47049,28119,28120,47050
24328,47050,28120,28121,47051
24329,47051,28121,28122,47052
24330,47052,28122,28123,47053
24331,47053,28123,28124,47054
24332,47054,28124,28125,47055
24333,47055,28125,28126,47056
24334,47056,28126,28127,47057
24335,47057,28127,28128,47058
24336,47058,28128,28129,47059
24337,47059,28129,28130,47060
24338,47060,28130,28131,47061
24339,47061,28131,28132,47062
24340,47062,28132,28133,47063
24341,47063,28133,28134,47064
24342,47064,28134,28135,47065
24343,47065,28135,28136,47066
24344,47066,28136,28137,47067
24345,47067,28137,28138,47068
24346,47068,28138,28139,47069
24347,47069,28139,28140,47070
24348,47070,28140,28141,47071
24349,47071,28141,28142,47072
24350,47072,28142,28143,47073
24351,47073,28143,28144,47074
24352,47074,28144,28145,47075
24353,47075,28145,28146,47076
24354,47076,28146,28147,47077
24355,47077,28147,28148,47078
24356,47078,28148,28149,47079
24357,47079,28149,28150,47080
24358,47080,28150,28151,47081
24359,47081,28151,28152,47082
24360,47082,28152,28153,47083
24361,47083,28153,28154,47084
24362,47084,28154,28155,47085
24363,47085,28155,28156,47086
24364,47086,28156,28157,47087
24365,47087,28157,28158,47088
24366,47088,28158,28159,47089
24367,47089,28159,28160,47090
24368,47090,28160,28161,47091
24369,47091,28161,28162,47092
24370,47092,28162,28163,47093
24371,47093,28163,28164,47094
24372,47094,28164,28165,47095
24373,47095,28165,28166,47096
24374,47096,28166,28167,47097
24375,47097,28167,28168,47098
24376,47098,28168,28169,47099
24377,47099,28169,28170,47100
24378,47100,28170,28171,47101
24379,47101,28171,28172,47102
24380,47102,28172,28173,47103
24381,47103,28173,28174,47104
24382,47104,28174,28175,47105
24383,47105,28175,28176,47106
24384,47106,28176,28177,47107
24385,47107,28177,28178,47108
24386,47108,28178,28179,47109
24387,47109,28179,28180,47110
24388,47110,28180,28181,47111
24389,47111,28181,28182,47112
24390,47112,28182,28183,47113
24391,47113,28183,28184,47114
24392,47114,28184,28185,47115
24393,47115,28185,28186,47116
24394,47116,28186,28187,47117
24395,47117,28187,28188,47118
24396,47118,28188,28189,47119
24397,47119,28189,28190,47120
24398,47120,28190,28191,47121
24399,47121,28191,28192,47122
24400,47122,28192,28193,47123
24401,47123,28193,28194,47124
24402,47124,28194,28195,47125
24403,47125,28195,28196,47126
24404,47126,28196,28197,47127
24405,47127,28197,28198,47128
24406,47128,28198,28199,47129
24407,47129,28199,28200,47130
24408,47130,28200,28201,47131
24409,47131,28201,28202,47132
24410,47132,28202,28203,47133
24411,47133,28203,28204,47134
24412,47134,28204,28205,47135
24413,47135,28205,28206,47136
24414,47136,28206,28207,47137
24415,47137,28207,28208,47138
24416,47138,28208,28209,47139
24417,47139,28209,28210,47140
24418,47140,28210,28211,47141
24419,47141,28211,28212,47142
24420,47142,28212,28213,47143
24421,47143,28213,28214,47144
24422,47144,28214,28215,47145
24423,47145,28215,28216,47146
24424,47146,28216,28217,47147
24425,47147,28217,28218,47148
24426,47148,28218,28219,47149
24427,47149,28219,28220,47150
24428,47150,28220,28221,47151
24429,47151,28221,28222,47152
24430,47152,28222,28223,47153
24431,47153,28223,28224,47154
24432,47154,28224,28225,47155
24433,47155,28225,28226,47156
24434,47156,28226,28227,47157
24435,47157,28227,28228,47158
24436,47158,28228,28229,47159
24437,47159,28229,28230,47160
24438,47160,28230,28231,47161
24439,47161,28231,28232,47162
24440,47162,28232,28233,47163
24441,47163,28233,28234,47164
24442,47164,28234,28235,47165
24443,47165,28235,28236,47166
24444,47166,28236,28237,47167
24445,47167,28237,28238,47168
24446,47168,28238,28239,47169
24447,47169,28239,28240,47170
24448,47170,28240,28241,47171
24449,47171,28241,28242,47172
24450,47172,28242,28243,47173
24451,47173,28243,28244,47174
24452,47174,28244,28245,47175
24453,47175,28245,28246,47176
24454,47176,28246,28247,47177
24455,47177,28247,28248,47178
24456,47178,28248,28249,47179
24457,47179,28249,28250,47180
24458,47180,28250,28251,47181
24459,47181,28251,28252,47182
24460,47182,28252,28253,47183
24461,47183,28253,28254,47184
24462,47184,28254,28255,47185
24463,47185,28255,28256,47186
24464,47186,28256,28257,47187
24465,47187,28257,28258,47188
24466,47188,28258,28259,47189
24467,47189,28259,28260,47190
24468,47190,28260,28261,47191
24469,47191,28261,28262,47192
24470,47192,28262,28263,47193
24471,47193,28263,28264,47194
24472,47194,28264,28265,47195
24473,47195,28265,28266,47196
24474,47196,28266,28267,47197
24475,47197,28267,28268,47198
24476,47198,28268,28269,47199
24477,47199,28269,28270,47200
24478,47200,28270,28271,47201
24479,47201,28271,28272,47202
24480,47202,28272,28273,47203
24481,47203,28273,28274,47204
24482,47204,28274,28275,47205
24483,47205,28275,28276,47206
24484,47206,28276,28277,47207
24485,47207,28277,28278,47208
24486,47208,28278,28279,47209
24487,47209,28279,28280,47210
24488,47210,28280,28281,47211
24489,47211,28281,28282,47212
24490,47212,28282,28283,47213
24491,47213,28283,28284,47214
24492,47214,28284,28285,47215
24493,47215,28285,28286,47216
24494,47216,28286,28287,47217
24495,47217,28287,28288,47218
24496,47218,28288,28289,47219
24497,47219,28289,28290,47220
24498,47220,28290,28291,47221
24499,47221,28291,28292,47222
24500,47222,28292,28293,47223
24501,47223,28293,28294,47224
24502,47224,28294,28295,47225
24503,47225,28295,28296,47226
24504,47226,28296,28297,47227
24505,47227,28297,28298,47228
24506,47228,28298,28299,47229
24507,47229,28299,28300,47230
24508,47230,28300,28301,47231
24509,47231,28301,28302,47232
24510,47232,28302,28303,47233
24511,47233,28303,28304,47234
24512,47234,28304,28305,47235
24513,47235,28305,28306,47236
24514,47236,28306,28307,47237
24515,47237,28307,28308,47238
24516,47238,28308,28309,47239
24517,47239,28309,28310,47240
24518,47240,28310,28311,47241
24519,47241,28311,28312,47242
24520,47242,28312,28313,47243
24521,47243,28313,28314,47244
24522,47244,28314,28315,47245
24523,47245,28315,28316,47246
24524,47246,28316,28317,47247
24525,47247,28317,28318,47248
24526,47248,28318,28319,47249
24527,47249,28319,28320,47250
24528,47250,28320,28321,47251
24529,47251,28321,28322,47252
24530,47252,28322,28323,47253
24531,47253,28323,28324,47254
24532,47254,28324,28325,47255
24533,47255,28325,28326,47256
24534,47256,28326,28327,47257
24535,47257,28327,28328,47258
24536,47258,28328,28329,47259
24537,47259,28329,28330,47260
24538,47260,28330,28331,47261
24539,47261,28331,28332,47262
24540,47262,28332,28333,47263
24541,47263,28333,28334,47264
24542,47264,28334,28335,47265
24543,47265,28335,28336,47266
24544,47266,28336,28337,47267
24545,47267,28337,28338,47268
24546,47268,28338,28339,47269
24547,47269,28339,28340,47270
24548,47270,28340,28341,47271
24549,47271,28341,28342,47272
24550,47272,28342,28343,47273
24551,47273,28343,28344,47274
24552,47274,28344,28345,47275
24553,47275,28345,28346,47276
24554,47276,28346,28347,47277
24555,47277,28347,28348,47278
24556,47278,28348,28349,47279
24557,47279,28349,28350,47280
24558,47280,28350,28351,47281
24559,47281,28351,28352,47282
24560,47282,28352,28353,47283
24561,47283,28353,28354,47284
24562,47284,28354,28355,47285
24563,47285,28355,28356,47286
24564,47286,28356,28357,47287
24565,47287,28357,28358,47288
24566,47288,28358,28359,47289
24567,47289,28359,28360,47290
24568,47290,28360,28361,47291
24569,47291,28361,28362,47292
24570,47292,28362,28363,47293
24571,47293,28363,28364,47294
24572,47294,28364,28365,47295
24573,47295,28365,28366,47296
24574,47296,28366,28367,47297
24575,47297,28367,28368,47298
24576,47298,28368,28369,47299
24577,47299,28369,28370,47300
24578,47300,28370,28371,47301
24579,47301,28371,28372,47302
24580,47302,28372,28373,47303
24581,47303,28373,28374,47304
24582,47304,28374,28375,47305
24583,47305,28375,28376,47306
24584,47306,28376,28377,47307
24585,47307,28377,28378,47308
24586,47308,28378,28379,47309
24587,47309,28379,28380,47310
24588,47310,28380,28381,47311
24589,47311,28381,28382,47312
24590,47312,28382,28383,47313
24591,47313,28383,28384,47314
24592,47314,28384,28385,47315
24593,47315,28385,28386,47316
24594,47316,28386,28387,47317
24595,47317,28387,28388,47318
24596,47318,28388,28389,47319
24597,47319,28389,28390,47320
24598,47320,28390,28391,47321
24599,47321,28391,28392,47322
24600,47322,28392,28393,47323
24601,47323,28393,28394,47324
24602,47324,28394,28395,47325
24603,47325,28395,28396,47326
24604,47326,28396,28397,47327
24605,47327,28397,28398,47328
24606,47328,28398,28399,47329
24607,47329,28399,28400,47330
24608,47330,28400,28401,47331
24609,47331,28401,28402,47332
24610,47332,28402,28403,47333
24611,47333,28403,28404,47334
24612,47334,28404,28405,47335
24613,47335,28405,28406,47336
24614,47336,28406,28407,47337
24615,47337,28407,28408,47338
24616,47338,28408,28409,47339
24617,47339,28409,28410,47340
24618,47340,28410,28411,47341
24619,47341,28411,28412,47342
24620,47342,28412,28413,47343
24621,47343,28413,28414,47344
24622,47344,28414,28415,47345
24623,47345,28415,28416,47346
24624,47346,28416,28417,47347
24625,47347,28417,28418,47348
24626,47348,28418,28419,47349
24627,47349,28419,28420,47350
24628,47350,28420,28421,47351
24629,47351,28421,28422,47352
24630,47352,28422,28423,47353
24631,47353,28423,28424,47354
24632,47354,28424,28425,47355
24633,47355,28425,28426,47356
24634,47356,28426,28427,47357
24635,47357,28427,28428,47358
24636,47358,28428,28429,47359
24637,47359,28429,28430,47360
24638,47360,28430,28431,47361
24639,47361,28431,28432,47362
24640,47362,28432,28433,47363
24641,47363,28433,28434,47364
24642,47364,28434,28435,47365
24643,47365,28435,28436,47366
24644,47366,28436,28437,47367
24645,47367,28437,28438,47368
24646,47368,28438,28439,47369
24647,47369,28439,28440,47370
24648,47370,28440,28441,47371
24649,47371,28441,28442,47372
24650,47372,28442,28443,47373
24651,47373,28443,28444,47374
24652,47374,28444,28445,47375
24653,47375,28445,28446,47376
24654,47376,28446,28447,47377
24655,47377,28447,28448,47378
24656,47378,28448,28449,47379
24657,47379,28449,28450,47380
24658,47380,28450,28451,47381
24659,47381,28451,28452,47382
24660,47382,28452,28453,47383
24661,47383,28453,28454,47384
24662,47384,28454,28455,47385
24663,47385,28455,28456,47386
24664,47386,28456,28457,47387
24665,47387,28457,28458,47388
24666,47388,28458,28459,47389
24667,47389,28459,28460,47390
24668,47390,28460,28461,47391
24669,47391,28461,28462,47392
24670,47392,28462,28463,47393
24671,47393,28463,28464,47394
24672,47394,28464,28465,47395
24673,47395,28465,28466,47396
24674,47396,28466,28467,47397
24675,47397,28467,28468,47398
24676,47398,28468,28469,47399
24677,47399,28469,28470,47400
24678,47400,28470,28471,47401
24679,47401,28471,28472,47402
24680,47402,28472,28473,47403
24681,47403,28473,28474,47404
24682,47404,28474,28475,47405
24683,47405,28475,28476,47406
24684,47406,28476,28477,47407
24685,47407,28477,28478,47408
24686,47408,28478,28479,47409
24687,47409,28479,28480,47410
24688,47410,28480,28481,47411
24689,47411,28481,28482,47412
24690,47412,28482,28483,47413
24691,47413,28483,28484,47414
24692,47414,28484,28485,47415
24693,47415,28485,28486,47416
24694,47416,28486,28487,47417
24695,47417,28487,28488,47418
24696,47418,28488,28489,47419
24697,47419,28489,28490,47420
24698,47420,28490,28491,47421
24699,47421,28491,28492,47422
24700,47422,28492,28493,47423
24701,47423,28493,28494,47424
24702,47424,28494,28495,47425
24703,47425,28495,28496,47426
24704,47426,28496,28497,47427
24705,47427,28497,28498,47428
24706,47428,28498,28499,47429
24707,47429,28499,28500,47430
24708,47430,28500,28501,47431
24709,47431,28501,28502,47432
24710,47432,28502,28503,47433
24711,47433,28503,28504,47434
24712,47434,28504,28505,47435
24713,47435,28505,28506,47436
24714,47436,28506,28507,47437
24715,47437,28507,28508,47438
24716,47438,28508,28509,47439
24717,47439,28509,28510,47440
24718,47440,28510,28511,47441
24719,47441,28511,28512,47442
24720,47442,28512,28513,47443
24721,47443,28513,28514,47444
24722,47444,28514,28515,47445
24723,47445,28515,28516,47446
24724,47446,28516,28517,47447
24725,47447,28517,28518,47448
24726,47448,28518,28519,47449
24727,47449,28519,28520,47450
24728,47450,28520,28521,47451
24729,47451,28521,28522,47452
24730,47452,28522,28523,47453
24731,47453,28523,28524,47454
24732,47454,28524,28525,47455
24733,47455,28525,28526,47456
24734,47456,28526,28527,47457
24735,47457,28527,28528,47458
24736,47458,28528,28529,47459
24737,47459,28529,28530,47460
24738,47460,28530,28531,47461
24739,47461,28531,28532,47462
24740,47462,28532,28533,47463
24741,47463,28533,28534,47464
24742,47464,28534,28535,47465
24743,47465,28535,28536,47466
24744,47466,28536,28537,47467
24745,47467,28537,28538,47468
24746,47468,28538,28539,47469
24747,47469,28539,28540,47470
24748,47470,28540,28541,47471
24749,47471,28541,28542,47472
24750,47472,28542,28543,47473
24751,47473,28543,28544,47474
24752,47474,28544,28545,47475
24753,47475,28545,28546,47476
24754,47476,28546,28547,47477
24755,47477,28547,28548,47478
24756,47478,28548,28549,47479
24757,47479,28549,28550,47480
24758,47480,28550,28551,47481
24759,47481,28551,28552,47482
24760,47482,28552,28553,47483
24761,47483,28553,28554,47484
24762,47484,28554,28555,47485
24763,47485,28555,28556,47486
24764,47486,28556,28557,47487
24765,47487,28557,28558,47488
24766,47488,28558,28559,47489
24767,47489,28559,28560,47490
24768,47490,28560,28561,47491
24769,47491,28561,28562,47492
24770,47492,28562,28563,47493
24771,47493,28563,28564,47494
24772,47494,28564,28565,47495
24773,47495,28565,28566,47496
24774,47496,28566,28567,47497
24775,47497,28567,28568,47498
24776,47498,28568,28569,47499
24777,47499,28569,28570,47500
24778,47500,28570,28571,47501
24779,47501,28571,28572,47502
24780,47502,28572,28573,47503
24781,47503,28573,28574,47504
24782,47504,28574,28575,47505
24783,47505,28575,28576,47506
24784,47506,28576,28577,47507
24785,47507,28577,28578,47508
24786,47508,28578,28579,47509
24787,47509,28579,28580,47510
24788,47510,28580,28581,47511
24789,47511,28581,28582,47512
24790,47512,28582,28583,47513
24791,47513,28583,28584,47514
24792,47514,28584,28585,47515
24793,47515,28585,28586,47516
24794,47516,28586,28587,47517
24795,47517,28587,28588,47518
24796,47518,28588,28589,47519
24797,47519,28589,28590,47520
24798,47520,28590,28591,47521
24799,47521,28591,28592,47522
24800,47522,28592,28593,47523
24801,47523,28593,28594,47524
24802,47524,28594,28595,47525
24803,47525,28595,28596,47526
24804,47526,28596,28597,47527
24805,47527,28597,28598,47528
24806,47528,28598,28599,47529
24807,47529,28599,28600,47530
24808,47530,28600,28601,47531
24809,47531,28601,28602,47532
24810,47532,28602,28603,47533
24811,47533,28603,28604,47534
24812,47534,28604,28605,47535
24813,47535,28605,28606,47536
24814,47536,28606,28607,47537
24815,47537,28607,28608,47538
24816,47538,28608,28609,47539
24817,47539,28609,28610,47540
24818,47540,28610,28611,47541
24819,47541,28611,28612,47542
24820,47542,28612,28613,47543
24821,47543,28613,28614,47544
24822,47544,28614,28615,47545
24823,47545,28615,28616,47546
24824,47546,28616,28617,47547
24825,47547,28617,28618,47548
24826,47548,28618,28619,47549
24827,47549,28619,28620,47550
24828,47550,28620,28621,47551
24829,47551,28621,28622,47552
24830,47552,28622,28623,47553
24831,47553,28623,28624,47554
24832,47554,28624,28625,47555
24833,47555,28625,28626,47556
24834,47556,28626,28627,47557
24835,47557,28627,28628,47558
24836,47558,28628,28629,47559
24837,47559,28629,28630,47560
24838,47560,28630,28631,47561
24839,47561,28631,28632,47562
24840,47562,28632,28633,47563
24841,47563,28633,28634,47564
24842,47564,28634,28635,47565
24843,47565,28635,28636,47566
24844,47566,28636,28637,47567
24845,47567,28637,28638,47568
24846,47568,28638,28639,47569
24847,47569,28639,28640,47570
24848,47570,28640,28641,47571
24849,47571,28641,28642,47572
24850,47572,28642,28643,47573
24851,47573,28643,28644,47574
24852,47574,28644,28645,47575
24853,47575,28645,28646,47576
24854,47576,28646,28647,47577
24855,47577,28647,28648,47578
24856,47578,28648,28649,47579
24857,47579,28649,28650,47580
24858,47580,28650,28651,47581
24859,47581,28651,28652,47582
24860,47582,28652,28653,47583
24861,47583,28653,28654,47584
24862,47584,28654,28655,47585
24863,47585,28655,28656,47586
24864,47586,28656,28657,47587
24865,47587,28657,28658,47588
24866,47588,28658,28659,47589
24867,47589,28659,28660,47590
24868,47590,28660,28661,47591
24869,47591,28661,28662,47592
24870,47592,28662,28663,47593
24871,47593,28663,28664,47594
24872,47594,28664,28665,47595
24873,47595,28665,28666,47596
24874,47596,28666,28667,47597
24875,47597,28667,28668,47598
24876,47598,28668,28669,47599
24877,47599,28669,28670,47600
24878,47600,28670,28671,47601
24879,47601,28671,28672,47602
24880,47602,28672,28673,47603
24881,47603,28673,28674,47604
24882,47604,28674,28675,47605
24883,47605,28675,28676,47606
24884,47606,28676,28677,47607
24885,47607,28677,28678,47608
24886,47608,28678,28679,47609
24887,47609,28679,28680,47610
24888,47610,28680,28681,47611
24889,47611,28681,28682,47612
24890,47612,28682,28683,47613
24891,47613,28683,28684,47614
24892,47614,28684,28685,47615
24893,47615,28685,28686,47616
24894,47616,28686,28687,47617
24895,47617,28687,28688,47618
24896,47618,28688,28689,47619
24897,47619,28689,28690,47620
24898,47620,28690,28691,47621
24899,47621,28691,28692,47622
24900,47622,28692,28693,47623
24901,47623,28693,28694,47624
24902,47624,28694,28695,47625
24903,47625,28695,28696,47626
24904,47626,28696,28697,47627
24905,47627,28697,28698,47628
24906,47628,28698,28699,47629
24907,47629,28699,28700,47630
24908,47630,28700,28701,47631
24909,47631,28701,28702,47632
24910,47632,28702,28703,47633
24911,47633,28703,28704,47634
24912,47634,28704,28705,47635
24913,47635,28705,28706,47636
24914,47636,28706,28707,47637
24915,47637,28707,28708,47638
24916,47638,28708,28709,47639
24917,47639,28709,28710,47640
24918,47640,28710,28711,47641
24919,47641,28711,28712,47642
24920,47642,28712,28713,47643
24921,47643,28713,28714,47644
24922,47644,28714,28715,47645
24923,47645,28715,28716,47646
24924,47646,28716,28717,47647
24925,47647,28717,28718,47648
24926,47648,28718,28719,47649
24927,47649,28719,28720,47650
24928,47650,28720,28721,47651
24929,47651,28721,28722,47652
24930,47652,28722,28723,47653
24931,47653,28723,28724,47654
24932,47654,28724,28725,47655
24933,47655,28725,28726,47656
24934,47656,28726,28727,47657
24935,47657,28727,28728,47658
24936,47658,28728,28729,47659
24937,47659,28729,28730,47660
24938,47660,28730,28731,47661
24939,47661,28731,28732,47662
24940,47662,28732,28733,47663
24941,47663,28733,28734,47664
24942,47664,28734,28735,47665
24943,47665,28735,28736,47666
24944,47666,28736,28737,47667
24945,47667,28737,28738,47668
24946,47668,28738,28739,47669
24947,47669,28739,28740,47670
24948,47670,28740,28741,47671
24949,47671,28741,28742,47672
24950,47672,28742,28743,47673
24951,47673,28743,28744,47674
24952,47674,28744,28745,47675
24953,47675,28745,28746,47676
24954,47676,28746,28747,47677
24955,47677,28747,28748,47678
24956,47678,28748,28749,47679
24957,47679,28749,28750,47680
24958,47680,28750,28751,47681
24959,47681,28751,28752,47682
24960,47682,28752,28753,47683
24961,47683,28753,28754,47684
24962,47684,28754,28755,47685
24963,47685,28755,28756,47686
24964,47686,28756,28757,47687
24965,47687,28757,28758,47688
24966,47688,28758,28759,47689
24967,47689,28759,28760,47690
24968,47690,28760,28761,47691
24969,47691,28761,28762,47692
24970,47692,28762,28763,47693
24971,47693,28763,28764,47694
24972,47694,28764,28765,47695
24973,47695,28765,28766,47696
24974,47696,28766,28767,47697
24975,47697,28767,28768,47698
24976,47698,28768,28769,47699
24977,47699,28769,28770,47700
24978,47700,28770,28771,47701
24979,47701,28771,28772,47702
24980,47702,28772,28773,47703
24981,47703,28773,28774,47704
24982,47704,28774,28775,47705
24983,47705,28775,28776,47706
24984,47706,28776,28777,47707
24985,47707,28777,28778,47708
24986,47708,28778,28779,47709
24987,47709,28779,28780,47710
24988,47710,28780,28781,47711
24989,47711,28781,28782,47712
24990,47712,28782,28783,47713
24991,47713,28783,28784,47714
24992,47714,28784,28785,47715
24993,47715,28785,28786,47716
24994,47716,28786,28787,47717
24995,47717,28787,28788,47718
24996,47718,28788,28789,47719
24997,47719,28789,28790,47720
24998,47720,28790,28791,47721
24999,47721,28791,28792,47722
25000,47722,28792,28793,47723
25001,47723,28793,28794,47724
25002,47724,28794,28795,47725
25003,47725,28795,28796,47726
25004,47726,28796,28797,47727
25005,47727,28797,28798,47728
25006,47728,28798,28799,47729
25007,47729,28799,28800,47730
25008,47730,28800,28801,47731
25009,47731,28801,28802,47732
25010,47732,28802,28803,47733
25011,47733,28803,28804,47734
25012,47734,28804,28805,47735
25013,47735,28805,28806,47736
25014,47736,28806,28807,47737
25015,47737,28807,28808,47738
25016,47738,28808,28809,47739
25017,47739,28809,28810,47740
25018,47740,28810,28811,47741
25019,47741,28811,28812,47742
25020,47742,28812,28813,47743
25021,47743,28813,28814,47744
25022,47744,28814,28815,47745
25023,47745,28815,28816,47746
25024,47746,28816,28817,47747
25025,47747,28817,28818,47748
25026,47748,28818,28819,47749
25027,47749,28819,28820,47750
25028,47750,28820,28821,47751
25029,47751,28821,28822,47752
25030,47752,28822,28823,47753
25031,47753,28823,28824,47754
25032,47754,28824,28825,47755
25033,47755,28825,28826,47756
25034,47756,28826,28827,47757
25035,47757,28827,28828,47758
25036,47758,28828,28829,47759
25037,47759,28829,28830,47760
25038,47760,28830,28831,47761
25039,47761,28831,28832,47762
25040,47762,28832,28833,47763
25041,47763,28833,28834,47764
25042,47764,28834,28835,47765
25043,47765,28835,28836,47766
25044,47766,28836,28837,47767
25045,47767,28837,28838,47768
25046,47768,28838,28839,47769
25047,47769,28839,28840,47770
25048,47770,28840,28841,47771
25049,47771,28841,28842,47772
25050,47772,28842,28843,47773
25051,47773,28843,28844,47774
25052,47774,28844,28845,47775
25053,47775,28845,28846,47776
25054,47776,28846,28847,47777
25055,47777,28847,28848,47778
25056,47778,28848,28849,47779
25057,47779,28849,28850,47780
25058,47780,28850,28851,47781
25059,47781,28851,28852,47782
25060,47782,28852,28853,47783
25061,47783,28853,28854,47784
25062,47784,28854,28855,47785
25063,47785,28855,28856,47786
25064,47786,28856,28857,47787
25065,47787,28857,28858,47788
25066,47788,28858,28859,47789
25067,47789,28859,28860,47790
25068,47790,28860,28861,47791
25069,47791,28861,28862,47792
25070,47792,28862,28863,47793
25071,47793,28863,28864,47794
25072,47794,28864,28865,47795
25073,47795,28865,28866,47796
25074,47796,28866,28867,47797
25075,47797,28867,28868,47798
25076,47798,28868,28869,47799
25077,47799,28869,28870,47800
25078,47800,28870,28871,47801
25079,47801,28871,28872,47802
25080,47802,28872,28873,47803
25081,47803,28873,28874,47804
25082,47804,28874,28875,47805
25083,47805,28875,28876,47806
25084,47806,28876,28877,47807
25085,47807,28877,28878,47808
25086,47808,28878,28879,47809
25087,47809,28879,28880,47810
25088,47810,28880,28881,47811
25089,47811,28881,28882,47812
25090,47812,28882,28883,47813
25091,47813,28883,28884,47814
25092,47814,28884,28885,47815
25093,47815,28885,28886,47816
25094,47816,28886,28887,47817
25095,47817,28887,28888,47818
25096,47818,28888,28889,47819
25097,47819,28889,28890,47820
25098,47820,28890,28891,47821
25099,47821,28891,28892,47822
25100,47822,28892,28893,47823
25101,47823,28893,28894,47824
25102,47824,28894,28895,47825
25103,47825,28895,28896,47826
25104,47826,28896,28897,47827
25105,47827,28897,28898,47828
25106,47828,28898,28899,47829
25107,47829,28899,28900,47830
25108,47830,28900,28901,47831
25109,47831,28901,28902,47832
25110,47832,28902,28903,47833
25111,47833,28903,28904,47834
25112,47834,28904,28905,47835
25113,47835,28905,28906,47836
25114,47836,28906,28907,47837
25115,47837,28907,28908,47838
25116,47838,28908,28909,47839
25117,47839,28909,28910,47840
25118,47840,28910,28911,47841
25119,47841,28911,28912,47842
25120,47842,28912,28913,47843
25121,47843,28913,28914,47844
25122,47844,28914,28915,47845
25123,47845,28915,28916,47846
25124,47846,28916,28917,47847
25125,47847,28917,28918,47848
25126,47848,28918,28919,47849
25127,47849,28919,28920,47850
25128,47850,28920,28921,47851
25129,47851,28921,28922,47852
25130,47852,28922,28923,47853
25131,47853,28923,28924,47854
25132,47854,28924,28925,47855
25133,47855,28925,28926,47856
25134,47856,28926,28927,47857
25135,47857,28927,28928,47858
25136,47858,28928,28929,47859
25137,47859,28929,28930,47860
25138,47860,28930,28931,47861
25139,47861,28931,28932,47862
25140,47862,28932,28933,47863
25141,47863,28933,28934,47864
25142,47864,28934,28935,47865
25143,47865,28935,28936,47866
25144,47866,28936,28937,47867
25145,47867,28937,28938,47868
25146,47868,28938,28939,47869
25147,47869,28939,28940,47870
25148,47870,28940,28941,47871
25149,47871,28941,28942,47872
25150,47872,28942,28943,47873
25151,47873,28943,28944,47874
25152,47874,28944,28945,47875
25153,47875,28945,28946,47876
25154,47876,28946,28947,47877
25155,47877,28947,28948,47878
25156,47878,28948,28949,47879
25157,47879,28949,28950,47880
25158,47880,28950,28951,47881
25159,47881,28951,28952,47882
25160,47882,28952,28953,47883
25161,47883,28953,28954,47884
25162,47884,28954,28955,47885
25163,47885,28955,28956,47886
25164,47886,28956,28957,47887
25165,47887,28957,28958,47888
25166,47888,28958,28959,47889
25167,47889,28959,28960,47890
25168,47890,28960,28961,47891
25169,47891,28961,28962,47892
25170,47892,28962,28963,47893
25171,47893,28963,28964,47894
25172,47894,28964,28965,47895
25173,47895,28965,28966,47896
25174,47896,28966,28967,47897
25175,47897,28967,28968,47898
25176,47898,28968,28969,47899
25177,47899,28969,28970,47900
25178,47900,28970,28971,47901
25179,47901,28971,28972,47902
25180,47902,28972,28973,47903
25181,47903,28973,28974,47904
25182,47904,28974,28975,47905
25183,47905,28975,28976,47906
25184,47906,28976,28977,47907
25185,47907,28977,28978,47908
25186,47908,28978,28979,47909
25187,47909,28979,28980,47910
25188,47910,28980,28981,47911
25189,47911,28981,28982,47912
25190,47912,28982,28983,47913
25191,47913,28983,28984,47914
25192,47914,28984,28985,47915
25193,47915,28985,28986,47916
25194,47916,28986,28987,47917
25195,47917,28987,28988,47918
25196,47918,28988,28989,47919
25197,47919,28989,28990,47920
25198,47920,28990,28991,47921
25199,47921,28991,28992,47922
25200,47922,28992,28993,47923
25201,47923,28993,28994,47924
25202,47924,28994,28995,47925
25203,47925,28995,28996,47926
25204,47926,28996,28997,47927
25205,47927,28997,28998,47928
25206,47928,28998,28999,47929
25207,47929,28999,29000,47930
25208,47930,29000,29001,47931
25209,47931,29001,29002,47932
25210,47932,29002,29003,47933
25211,47933,29003,29004,47934
25212,47934,29004,29005,47935
25213,47935,29005,29006,47936
25214,47936,29006,29007,47937
25215,47937,29007,29008,47938
25216,47938,29008,29009,47939
25217,47939,29009,29010,47940
25218,47940,29010,29011,47941
25219,47941,29011,29012,47942
25220,47942,29012,29013,47943
25221,47943,29013,29014,47944
25222,47944,29014,29015,47945
25223,47945,29015,29016,47946
25224,47946,29016,29017,47947
25225,47947,29017,29018,47948
25226,47948,29018,29019,47949
25227,47949,29019,29020,47950
25228,47950,29020,29021,47951
25229,47951,29021,29022,47952
25230,47952,29022,29023,47953
25231,47953,29023,29024,47954
25232,47954,29024,29025,47955
25233,47955,29025,29026,47956
25234,47956,29026,29027,47957
25235,47957,29027,29028,47958
25236,47958,29028,29029,47959
25237,47959,29029,29030,47960
25238,47960,29030,29031,47961
25239,47961,29031,29032,47962
25240,47962,29032,29033,47963
25241,47963,29033,29034,47964
25242,47964,29034,29035,47965
25243,47965,29035,29036,47966
25244,47966,29036,29037,47967
25245,47967,29037,29038,47968
25246,47968,29038,29039,47969
25247,47969,29039,29040,47970
25248,47970,29040,29041,47971
25249,47971,29041,29042,47972
25250,47972,29042,29043,47973
25251,47973,29043,29044,47974
25252,47974,29044,29045,47975
25253,47975,29045,29046,47976
25254,47976,29046,29047,47977
25255,47977,29047,29048,47978
25256,47978,29048,29049,47979
25257,47979,29049,29050,47980
25258,47980,29050,29051,47981
25259,47981,29051,29052,47982
25260,47982,29052,29053,47983
25261,47983,29053,29054,47984
25262,47984,29054,29055,47985
25263,47985,29055,29056,47986
25264,47986,29056,29057,47987
25265,47987,29057,29058,47988
25266,47988,29058,29059,47989
25267,47989,29059,29060,47990
25268,47990,29060,29061,47991
25269,47991,29061,29062,47992
25270,47992,29062,29063,47993
25271,47993,29063,29064,47994
25272,47994,29064,29065,47995
25273,47995,29065,29066,47996
25274,47996,29066,29067,47997
25275,47997,29067,29068,47998
25276,47998,29068,29069,47999
25277,47999,29069,29070,48000
25278,48000,29070,29071,48001
25279,48001,29071,29072,48002
25280,48002,29072,29073,48003
25281,48003,29073,29074,48004
25282,48004,29074,29075,48005
25283,48005,29075,29076,48006
25284,48006,29076,29077,48007
25285,48007,29077,29078,48008
25286,48008,29078,29079,48009
25287,48009,29079,29080,48010
25288,48010,29080,29081,48011
25289,48011,29081,29082,48012
25290,48012,29082,29083,48013
25291,48013,29083,29084,48014
25292,48014,29084,29085,48015
25293,48015,29085,29086,48016
25294,48016,29086,29087,48017
25295,48017,29087,29088,48018
25296,48018,29088,29089,48019
25297,48019,29089,29090,48020
25298,48020,29090,29091,48021
25299,48021,29091,29092,48022
25300,48022,29092,29093,48023
25301,48023,29093,29094,48024
25302,48024,29094,29095,48025
25303,48025,29095,29096,48026
25304,48026,29096,29097,48027
25305,48027,29097,29098,48028
25306,48028,29098,29099,48029
25307,48029,29099,29100,48030
25308,48030,29100,29101,48031
25309,48031,29101,29102,48032
25310,48032,29102,29103,48033
25311,48033,29103,29104,48034
25312,48034,29104,29105,48035
25313,48035,29105,29106,48036
25314,48036,29106,29107,48037
25315,48037,29107,29108,48038
25316,48038,29108,29109,48039
25317,48039,29109,29110,48040
25318,48040,29110,29111,48041
25319,48041,29111,29112,48042
25320,48042,29112,29113,48043
25321,48043,29113,29114,48044
25322,48044,29114,29115,48045
25323,48045,29115,29116,48046
25324,48046,29116,29117,48047
25325,48047,29117,29118,48048
25326,48048,29118,29119,48049
25327,48049,29119,29120,48050
25328,48050,29120,29121,48051
25329,48051,29121,29122,48052
25330,48052,29122,29123,48053
25331,48053,29123,29124,48054
25332,48054,29124,29125,48055
25333,48055,29125,29126,48056
25334,48056,29126,29127,48057
25335,48057,29127,29128,48058
25336,48058,29128,29129,48059
25337,48059,29129,29130,48060
25338,48060,29130,29131,48061
25339,48061,29131,29132,48062
25340,48062,29132,29133,48063
25341,48063,29133,29134,48064
25342,48064,29134,29135,48065
25343,48065,29135,29136,48066
25344,48066,29136,29137,48067
25345,48067,29137,29138,48068
25346,48068,29138,29139,48069
25347,48069,29139,29140,48070
25348,48070,29140,29141,48071
25349,48071,29141,29142,48072
25350,48072,29142,29143,48073
25351,48073,29143,29144,48074
25352,48074,29144,29145,48075
25353,48075,29145,29146,48076
25354,48076,29146,29147,48077
25355,48077,29147,29148,48078
25356,48078,29148,29149,48079
25357,48079,29149,29150,48080
25358,48080,29150,29151,48081
25359,48081,29151,29152,48082
25360,48082,29152,29153,48083
25361,48083,29153,29154,48084
25362,48084,29154,29155,48085
25363,48085,29155,29156,48086
25364,48086,29156,29157,48087
25365,48087,29157,29158,48088
25366,48088,29158,29159,48089
25367,48089,29159,29160,48090
25368,48090,29160,29161,48091
25369,48091,29161,29162,48092
25370,48092,29162,29163,48093
25371,48093,29163,29164,48094
25372,48094,29164,29165,48095
25373,48095,29165,29166,48096
25374,48096,29166,29167,48097
25375,48097,29167,29168,48098
25376,48098,29168,29169,48099
25377,48099,29169,29170,48100
25378,48100,29170,29171,48101
25379,48101,29171,29172,48102
25380,48102,29172,29173,48103
25381,48103,29173,29174,48104
25382,48104,29174,29175,48105
25383,48105,29175,29176,48106
25384,48106,29176,29177,48107
25385,48107,29177,29178,48108
25386,48108,29178,29179,48109
25387,48109,29179,29180,48110
25388,48110,29180,29181,48111
25389,48111,29181,29182,48112
25390,48112,29182,29183,48113
25391,48113,29183,29184,48114
25392,48114,29184,29185,48115
25393,48115,29185,29186,48116
25394,48116,29186,29187,48117
25395,48117,29187,29188,48118
25396,48118,29188,29189,48119
25397,48119,29189,29190,48120
25398,48120,29190,29191,48121
25399,48121,29191,29192,48122
25400,48122,29192,29193,48123
25401,48123,29193,29194,48124
25402,48124,29194,29195,48125
25403,48125,29195,29196,48126
25404,48126,29196,29197,48127
25405,48127,29197,29198,48128
25406,48128,29198,29199,48129
25407,48129,29199,29200,48130
25408,48130,29200,29201,48131
25409,48131,29201,29202,48132
25410,48132,29202,29203,48133
25411,48133,29203,29204,48134
25412,48134,29204,29205,48135
25413,48135,29205,29206,48136
25414,48136,29206,29207,48137
25415,48137,29207,29208,48138
25416,48138,29208,29209,48139
25417,48139,29209,29210,48140
25418,48140,29210,29211,48141
25419,48141,29211,29212,48142
25420,48142,29212,29213,48143
25421,48143,29213,29214,48144
25422,48144,29214,29215,48145
25423,48145,29215,29216,48146
25424,48146,29216,29217,48147
25425,48147,29217,29218,48148
25426,48148,29218,29219,48149
25427,48149,29219,29220,48150
25428,48150,29220,29221,48151
25429,48151,29221,29222,48152
25430,48152,29222,29223,48153
25431,48153,29223,29224,48154
25432,48154,29224,29225,48155
25433,48155,29225,29226,48156
25434,48156,29226,29227,48157
25435,48157,29227,29228,48158
25436,48158,29228,29229,48159
25437,48159,29229,29230,48160
25438,48160,29230,29231,48161
25439,48161,29231,29232,48162
25440,48162,29232,29233,48163
25441,48163,29233,29234,48164
25442,48164,29234,29235,48165
25443,48165,29235,29236,48166
25444,48166,29236,29237,48167
25445,48167,29237,29238,48168
25446,48168,29238,29239,48169
25447,48169,29239,29240,48170
25448,48170,29240,29241,48171
25449,48171,29241,29242,48172
25450,48172,29242,29243,48173
25451,48173,29243,29244,48174
25452,48174,29244,29245,48175
25453,48175,29245,29246,48176
25454,48176,29246,29247,48177
25455,48177,29247,29248,48178
25456,48178,29248,29249,48179
25457,48179,29249,29250,48180
25458,48180,29250,29251,48181
25459,48181,29251,29252,48182
25460,48182,29252,29253,48183
25461,48183,29253,29254,48184
25462,48184,29254,29255,48185
25463,48185,29255,29256,48186
25464,48186,29256,29257,48187
25465,48187,29257,29258,48188
25466,48188,29258,29259,48189
25467,48189,29259,29260,48190
25468,48190,29260,29261,48191
25469,48191,29261,29262,48192
25470,48192,29262,29263,48193
25471,48193,29263,29264,48194
25472,48194,29264,29265,48195
25473,48195,29265,29266,48196
25474,48196,29266,29267,48197
25475,48197,29267,29268,48198
25476,48198,29268,29269,48199
25477,48199,29269,29270,48200
25478,48200,29270,29271,48201
25479,48201,29271,29272,48202
25480,48202,29272,29273,48203
25481,48203,29273,29274,48204
25482,48204,29274,29275,48205
25483,48205,29275,29276,48206
25484,48206,29276,29277,48207
25485,48207,29277,29278,48208
25486,48208,29278,29279,48209
25487,48209,29279,29280,48210
25488,48210,29280,29281,48211
25489,48211,29281,29282,48212
25490,48212,29282,29283,48213
25491,48213,29283,29284,48214
25492,48214,29284,29285,48215
25493,48215,29285,29286,48216
25494,48216,29286,29287,48217
25495,48217,29287,29288,48218
25496,48218,29288,29289,48219
25497,48219,29289,29290,48220
25498,48220,29290,29291,48221
25499,48221,29291,29292,48222
25500,48222,29292,29293,48223
25501,48223,29293,29294,48224
25502,48224,29294,29295,48225
25503,48225,29295,29296,48226
25504,48226,29296,29297,48227
25505,48227,29297,29298,48228
25506,48228,29298,29299,48229
25507,48229,29299,29300,48230
25508,48230,29300,29301,48231
25509,48231,29301,29302,48232
25510,48232,29302,29303,48233
25511,48233,29303,29304,48234
25512,48234,29304,29305,48235
25513,48235,29305,29306,48236
25514,48236,29306,29307,48237
25515,48237,29307,29308,48238
25516,48238,29308,29309,48239
25517,48239,29309,29310,48240
25518,48240,29310,29311,48241
25519,48241,29311,29312,48242
25520,48242,29312,29313,48243
25521,48243,29313,29314,48244
25522,48244,29314,29315,48245
25523,48245,29315,29316,48246
25524,48246,29316,29317,48247
25525,48247,29317,29318,48248
25526,48248,29318,29319,48249
25527,48249,29319,29320,48250
25528,48250,29320,29321,48251
25529,48251,29321,29322,48252
25530,48252,29322,29323,48253
25531,48253,29323,29324,48254
25532,48254,29324,29325,48255
25533,48255,29325,29326,48256
25534,48256,29326,29327,48257
25535,48257,29327,29328,48258
25536,48258,29328,29329,48259
25537,48259,29329,29330,48260
25538,48260,29330,29331,48261
25539,48261,29331,29332,48262
25540,48262,29332,29333,48263
25541,48263,29333,29334,48264
25542,48264,29334,29335,48265
25543,48265,29335,29336,48266
25544,48266,29336,29337,48267
25545,48267,29337,29338,48268
25546,48268,29338,29339,48269
25547,48269,29339,29340,48270
25548,48270,29340,29341,48271
25549,48271,29341,29342,48272
25550,48272,29342,29343,48273
25551,48273,29343,29344,48274
25552,48274,29344,29345,48275
25553,48275,29345,29346,48276
25554,48276,29346,29347,48277
25555,48277,29347,29348,48278
25556,48278,29348,29349,48279
25557,48279,29349,29350,48280
25558,48280,29350,29351,48281
25559,48281,29351,29352,48282
25560,48282,29352,29353,48283
25561,48283,29353,29354,48284
25562,48284,29354,29355,48285
25563,48285,29355,29356,48286
25564,48286,29356,29357,48287
25565,48287,29357,29358,48288
25566,48288,29358,29359,48289
25567,48289,29359,29360,48290
25568,48290,29360,29361,48291
25569,48291,29361,29362,48292
25570,48292,29362,29363,48293
25571,48293,29363,29364,48294
25572,48294,29364,29365,48295
25573,48295,29365,29366,48296
25574,48296,29366,29367,48297
25575,48297,29367,29368,48298
25576,48298,29368,29369,48299
25577,48299,29369,29370,48300
25578,48300,29370,29371,48301
25579,48301,29371,29372,48302
25580,48302,29372,29373,48303
25581,48303,29373,29374,48304
25582,48304,29374,29375,48305
25583,48305,29375,29376,48306
25584,48306,29376,29377,48307
25585,48307,29377,29378,48308
25586,48308,29378,29379,48309
25587,48309,29379,29380,48310
25588,48310,29380,29381,48311
25589,48311,29381,29382,48312
25590,48312,29382,29383,48313
25591,48313,29383,29384,48314
25592,48314,29384,29385,48315
25593,48315,29385,29386,48316
25594,48316,29386,29387,48317
25595,48317,29387,29388,48318
25596,48318,29388,29389,48319
25597,48319,29389,29390,48320
25598,48320,29390,29391,48321
25599,48321,29391,29392,48322
25600,48322,29392,29393,48323
25601,48323,29393,29394,48324
25602,48324,29394,29395,48325
25603,48325,29395,29396,48326
25604,48326,29396,29397,48327
25605,48327,29397,29398,48328
25606,48328,29398,29399,48329
25607,48329,29399,29400,48330
25608,48330,29400,29401,48331
25609,48331,29401,29402,48332
25610,48332,29402,29403,48333
25611,48333,29403,29404,48334
25612,48334,29404,29405,48335
25613,48335,29405,29406,48336
25614,48336,29406,29407,48337
25615,48337,29407,29408,48338
25616,48338,29408,29409,48339
25617,48339,29409,29410,48340
25618,48340,29410,29411,48341
25619,48341,29411,29412,48342
25620,48342,29412,29413,48343
25621,48343,29413,29414,48344
25622,48344,29414,29415,48345
25623,48345,29415,29416,48346
25624,48346,29416,29417,48347
25625,48347,29417,29418,48348
25626,48348,29418,29419,48349
25627,48349,29419,29420,48350
25628,48350,29420,29421,48351
25629,48351,29421,29422,48352
25630,48352,29422,29423,48353
25631,48353,29423,29424,48354
25632,48354,29424,29425,48355
25633,48355,29425,29426,48356
25634,48356,29426,29427,48357
25635,48357,29427,29428,48358
25636,48358,29428,29429,48359
25637,48359,29429,29430,48360
25638,48360,29430,29431,48361
25639,48361,29431,29432,48362
25640,48362,29432,29433,48363
25641,48363,29433,29434,48364
25642,48364,29434,29435,48365
25643,48365,29435,29436,48366
25644,48366,29436,29437,48367
25645,48367,29437,29438,48368
25646,48368,29438,29439,48369
25647,48369,29439,29440,48370
25648,48370,29440,29441,48371
25649,48371,29441,29442,48372
25650,48372,29442,29443,48373
25651,48373,29443,29444,48374
25652,48374,29444,29445,48375
25653,48375,29445,29446,48376
25654,48376,29446,29447,48377
25655,48377,29447,29448,48378
25656,48378,29448,29449,48379
25657,48379,29449,29450,48380
25658,48380,29450,29451,48381
25659,48381,29451,29452,48382
25660,48382,29452,29453,48383
25661,48383,29453,29454,48384
25662,48384,29454,29455,48385
25663,48385,29455,29456,48386
25664,48386,29456,29457,48387
25665,48387,29457,29458,48388
25666,48388,29458,29459,48389
25667,48389,29459,29460,48390
25668,48390,29460,29461,48391
25669,48391,29461,29462,48392
25670,48392,29462,29463,48393
25671,48393,29463,29464,48394
25672,48394,29464,29465,48395
25673,48395,29465,29466,48396
25674,48396,29466,29467,48397
25675,48397,29467,29468,48398
25676,48398,29468,29469,48399
25677,48399,29469,29470,48400
25678,48400,29470,29471,48401
25679,48401,29471,29472,48402
25680,48402,29472,29473,48403
25681,48403,29473,29474,48404
25682,48404,29474,29475,48405
25683,48405,29475,29476,48406
25684,48406,29476,29477,48407
25685,48407,29477,29478,48408
25686,48408,29478,29479,48409
25687,48409,29479,29480,48410
25688,48410,29480,29481,48411
25689,48411,29481,29482,48412
25690,48412,29482,29483,48413
25691,48413,29483,29484,48414
25692,48414,29484,29485,48415
25693,48415,29485,29486,48416
25694,48416,29486,29487,48417
25695,48417,29487,29488,48418
25696,48418,29488,29489,48419
25697,48419,29489,29490,48420
25698,48420,29490,29491,48421
25699,48421,29491,29492,48422
25700,48422,29492,29493,48423
25701,48423,29493,29494,48424
25702,48424,29494,29495,48425
25703,48425,29495,29496,48426
25704,48426,29496,29497,48427
25705,48427,29497,29498,48428
25706,48428,29498,29499,48429
25707,48429,29499,29500,48430
25708,48430,29500,29501,48431
25709,48431,29501,29502,48432
25710,48432,29502,29503,48433
25711,48433,29503,29504,48434
25712,48434,29504,29505,48435
25713,48435,29505,29506,48436
25714,48436,29506,29507,48437
25715,48437,29507,29508,48438
25716,48438,29508,29509,48439
25717,48439,29509,29510,48440
25718,48440,29510,29511,48441
25719,48441,29511,29512,48442
25720,48442,29512,29513,48443
25721,48443,29513,29514,48444
25722,48444,29514,29515,48445
25723,48445,29515,29516,48446
25724,48446,29516,29517,48447
25725,48447,29517,29518,48448
25726,48448,29518,29519,48449
25727,48449,29519,29520,48450
25728,48450,29520,29521,48451
25729,48451,29521,29522,48452
25730,48452,29522,29523,48453
25731,48453,29523,29524,48454
25732,48454,29524,29525,48455
25733,48455,29525,29526,48456
25734,48456,29526,29527,48457
25735,48457,29527,29528,48458
25736,48458,29528,29529,48459
25737,48459,29529,29530,48460
25738,48460,29530,29531,48461
25739,48461,29531,29532,48462
25740,48462,29532,29533,48463
25741,48463,29533,29534,48464
25742,48464,29534,29535,48465
25743,48465,29535,29536,48466
25744,48466,29536,29537,48467
25745,48467,29537,29538,48468
25746,48468,29538,29539,48469
25747,48469,29539,29540,48470
25748,48470,29540,29541,48471
25749,48471,29541,29542,48472
25750,48472,29542,29543,48473
25751,48473,29543,29544,48474
25752,48474,29544,29545,48475
25753,48475,29545,29546,48476
25754,48476,29546,29547,48477
25755,48477,29547,29548,48478
25756,48478,29548,29549,48479
25757,48479,29549,29550,48480
25758,48480,29550,29551,48481
25759,48481,29551,29552,48482
25760,48482,29552,29553,48483
25761,48483,29553,29554,48484
25762,48484,29554,29555,48485
25763,48485,29555,29556,48486
25764,48486,29556,29557,48487
25765,48487,29557,29558,48488
25766,48488,29558,29559,48489
25767,48489,29559,29560,48490
25768,48490,29560,29561,48491
25769,48491,29561,29562,48492
25770,48492,29562,29563,48493
25771,48493,29563,29564,48494
25772,48494,29564,29565,48495
25773,48495,29565,29566,48496
25774,48496,29566,29567,48497
25775,48497,29567,29568,48498
25776,48498,29568,29569,48499
25777,48499,29569,29570,48500
25778,48500,29570,29571,48501
25779,48501,29571,29572,48502
25780,48502,29572,29573,48503
25781,48503,29573,29574,48504
25782,48504,29574,29575,48505
25783,48505,29575,29576,48506
25784,48506,29576,29577,48507
25785,48507,29577,29578,48508
25786,48508,29578,29579,48509
25787,48509,29579,29580,48510
25788,48510,29580,29581,48511
25789,48511,29581,29582,48512
25790,48512,29582,29583,48513
25791,48513,29583,29584,48514
25792,48514,29584,29585,48515
25793,48515,29585,29586,48516
25794,48516,29586,29587,48517
25795,48517,29587,29588,48518
25796,48518,29588,29589,48519
25797,48519,29589,29590,48520
25798,48520,29590,29591,48521
25799,48521,29591,29592,48522
25800,48522,29592,29593,48523
25801,48523,29593,29594,48524
25802,48524,29594,29595,48525
25803,48525,29595,29596,48526
25804,48526,29596,29597,48527
25805,48527,29597,29598,48528
25806,48528,29598,29599,48529
25807,48529,29599,29600,48530
25808,48530,29600,29601,48531
25809,48531,29601,29602,48532
25810,48532,29602,29603,48533
25811,48533,29603,29604,48534
25812,48534,29604,29605,48535
25813,48535,29605,29606,48536
25814,48536,29606,29607,48537
25815,48537,29607,29608,48538
25816,48538,29608,29609,48539
25817,48539,29609,29610,48540
25818,48540,29610,29611,48541
25819,48541,29611,29612,48542
25820,48542,29612,29613,48543
25821,48543,29613,29614,48544
25822,48544,29614,29615,48545
25823,48545,29615,29616,48546
25824,48546,29616,29617,48547
25825,48547,29617,29618,48548
25826,48548,29618,29619,48549
25827,48549,29619,29620,48550
25828,48550,29620,29621,48551
25829,48551,29621,29622,48552
25830,48552,29622,29623,48553
25831,48553,29623,29624,48554
25832,48554,29624,29625,48555
25833,48555,29625,29626,48556
25834,48556,29626,29627,48557
25835,48557,29627,29628,48558
25836,48558,29628,29629,48559
25837,48559,29629,29630,48560
25838,48560,29630,29631,48561
25839,48561,29631,29632,48562
25840,48562,29632,29633,48563
25841,48563,29633,29634,48564
25842,48564,29634,29635,48565
25843,48565,29635,29636,48566
25844,48566,29636,29637,48567
25845,48567,29637,29638,48568
25846,48568,29638,29639,48569
25847,48569,29639,29640,48570
25848,48570,29640,29641,48571
25849,48571,29641,29642,48572
25850,48572,29642,29643,48573
25851,48573,29643,29644,48574
25852,48574,29644,29645,48575
25853,48575,29645,29646,48576
25854,48576,29646,29647,48577
25855,48577,29647,29648,48578
25856,48578,29648,29649,48579
25857,48579,29649,29650,48580
25858,48580,29650,29651,48581
25859,48581,29651,29652,48582
25860,48582,29652,29653,48583
25861,48583,29653,29654,48584
25862,48584,29654,29655,48585
25863,48585,29655,29656,48586
25864,48586,29656,29657,48587
25865,48587,29657,29658,48588
25866,48588,29658,29659,48589
25867,48589,29659,29660,48590
25868,48590,29660,29661,48591
25869,48591,29661,29662,48592
25870,48592,29662,29663,48593
25871,48593,29663,29664,48594
25872,48594,29664,29665,48595
25873,48595,29665,29666,48596
25874,48596,29666,29667,48597
25875,48597,29667,29668,48598
25876,48598,29668,29669,48599
25877,48599,29669,29670,48600
25878,48600,29670,29671,48601
25879,48601,29671,29672,48602
25880,48602,29672,29673,48603
25881,48603,29673,29674,48604
25882,48604,29674,29675,48605
25883,48605,29675,29676,48606
25884,48606,29676,29677,48607
25885,48607,29677,29678,48608
25886,48608,29678,29679,48609
25887,48609,29679,29680,48610
25888,48610,29680,29681,48611
25889,48611,29681,29682,48612
25890,48612,29682,29683,48613
25891,48613,29683,29684,48614
25892,48614,29684,29685,48615
25893,48615,29685,29686,48616
25894,48616,29686,29687,48617
25895,48617,29687,29688,48618
25896,48618,29688,29689,48619
25897,48619,29689,29690,48620
25898,48620,29690,29691,48621
25899,48621,29691,29692,48622
25900,48622,29692,29693,48623
25901,48623,29693,29694,48624
25902,48624,29694,29695,48625
25903,48625,29695,29696,48626
25904,48626,29696,29697,48627
25905,48627,29697,29698,48628
25906,48628,29698,29699,48629
25907,48629,29699,29700,48630
25908,48630,29700,29701,48631
25909,48631,29701,29702,48632
25910,48632,29702,29703,48633
25911,48633,29703,29704,48634
25912,48634,29704,29705,48635
25913,48635,29705,29706,48636
25914,48636,29706,29707,48637
25915,48637,29707,29708,48638
25916,48638,29708,29709,48639
25917,48639,29709,29710,48640
25918,48640,29710,29711,48641
25919,48641,29711,29712,48642
25920,48642,29712,29713,48643
25921,48643,29713,29714,48644
25922,48644,29714,29715,48645
25923,48645,29715,29716,48646
25924,48646,29716,29717,48647
25925,48647,29717,29718,48648
25926,48648,29718,29719,48649
25927,48649,29719,29720,48650
25928,48650,29720,29721,48651
25929,48651,29721,29722,48652
25930,48652,29722,29723,48653
25931,48653,29723,29724,48654
25932,48654,29724,29725,48655
25933,48655,29725,29726,48656
25934,48656,29726,29727,48657
25935,48657,29727,29728,48658
25936,48658,29728,29729,48659
25937,48659,29729,29730,48660
25938,48660,29730,29731,48661
25939,48661,29731,29732,48662
25940,48662,29732,29733,48663
25941,48663,29733,29734,48664
25942,48664,29734,29735,48665
25943,48665,29735,29736,48666
25944,48666,29736,29737,48667
25945,48667,29737,29738,48668
25946,48668,29738,29739,48669
25947,48669,29739,29740,48670
25948,48670,29740,29741,48671
25949,48671,29741,29742,48672
25950,48672,29742,29743,48673
25951,48673,29743,29744,48674
25952,48674,29744,29745,48675
25953,48675,29745,29746,48676
25954,48676,29746,29747,48677
25955,48677,29747,29748,48678
25956,48678,29748,29749,48679
25957,48679,29749,29750,48680
25958,48680,29750,29751,48681
25959,48681,29751,29752,48682
25960,48682,29752,29753,48683
25961,48683,29753,29754,48684
25962,48684,29754,29755,48685
25963,48685,29755,29756,48686
25964,48686,29756,29757,48687
25965,48687,29757,29758,48688
25966,48688,29758,29759,48689
25967,48689,29759,29760,48690
25968,48690,29760,29761,48691
25969,48691,29761,29762,48692
25970,48692,29762,29763,48693
25971,48693,29763,29764,48694
25972,48694,29764,29765,48695
25973,48695,29765,29766,48696
25974,48696,29766,29767,48697
25975,48697,29767,29768,48698
25976,48698,29768,29769,48699
25977,48699,29769,29770,48700
25978,48700,29770,29771,48701
25979,48701,29771,29772,48702
25980,48702,29772,29773,48703
25981,48703,29773,29774,48704
25982,48704,29774,29775,48705
25983,48705,29775,29776,48706
25984,48706,29776,29777,48707
25985,48707,29777,29778,48708
25986,48708,29778,29779,48709
25987,48709,29779,29780,48710
25988,48710,29780,29781,48711
25989,48711,29781,29782,48712
25990,48712,29782,29783,48713
25991,48713,29783,29784,48714
25992,48714,29784,29785,48715
25993,48715,29785,29786,48716
25994,48716,29786,29787,48717
25995,48717,29787,29788,48718
25996,48718,29788,29789,48719
25997,48719,29789,29790,48720
25998,48720,29790,29791,48721
25999,48721,29791,29792,48722
26000,48722,29792,29793,48723
26001,48723,29793,29794,48724
26002,48724,29794,29795,48725
26003,48725,29795,29796,48726
26004,48726,29796,29797,48727
26005,48727,29797,29798,48728
26006,48728,29798,29799,48729
26007,48729,29799,29800,48730
26008,48730,29800,29801,48731
26009,48731,29801,29802,48732
26010,48732,29802,29803,48733
26011,48733,29803,29804,48734
26012,48734,29804,29805,48735
26013,48735,29805,29806,48736
26014,48736,29806,29807,48737
26015,48737,29807,29808,48738
26016,48738,29808,29809,48739
26017,48739,29809,29810,48740
26018,48740,29810,29811,48741
26019,48741,29811,29812,48742
26020,48742,29812,29813,48743
26021,48743,29813,29814,48744
26022,48744,29814,29815,48745
26023,48745,29815,29816,48746
26024,48746,29816,29817,48747
26025,48747,29817,29818,48748
26026,48748,29818,29819,48749
26027,48749,29819,29820,48750
26028,48750,29820,29821,48751
26029,48751,29821,29822,48752
26030,48752,29822,29823,48753
26031,48753,29823,29824,48754
26032,48754,29824,29825,48755
26033,48755,29825,29826,48756
26034,48756,29826,29827,48757
26035,48757,29827,29828,48758
26036,48758,29828,29829,48759
26037,48759,29829,29830,48760
26038,48760,29830,29831,48761
26039,48761,29831,29832,48762
26040,48762,29832,29833,48763
26041,48763,29833,29834,48764
26042,48764,29834,29835,48765
26043,48765,29835,29836,48766
26044,48766,29836,29837,48767
26045,48767,29837,29838,48768
26046,48768,29838,29839,48769
26047,48769,29839,29840,48770
26048,48770,29840,29841,48771
26049,48771,29841,29842,48772
26050,48772,29842,29843,48773
26051,48773,29843,29844,48774
26052,48774,29844,29845,48775
26053,48775,29845,29846,48776
26054,48776,29846,29847,48777
26055,48777,29847,29848,48778
26056,48778,29848,29849,48779
26057,48779,29849,29850,48780
26058,48780,29850,29851,48781
26059,48781,29851,29852,48782
26060,48782,29852,29853,48783
26061,48783,29853,29854,48784
26062,48784,29854,29855,48785
26063,48785,29855,29856,48786
26064,48786,29856,29857,48787
26065,48787,29857,29858,48788
26066,48788,29858,29859,48789
26067,48789,29859,29860,48790
26068,48790,29860,29861,48791
26069,48791,29861,29862,48792
26070,48792,29862,29863,48793
26071,48793,29863,29864,48794
26072,48794,29864,29865,48795
26073,48795,29865,29866,48796
26074,48796,29866,29867,48797
26075,48797,29867,29868,48798
26076,48798,29868,29869,48799
26077,48799,29869,29870,48800
26078,48800,29870,29871,48801
26079,48801,29871,29872,48802
26080,48802,29872,29873,48803
26081,48803,29873,29874,48804
26082,48804,29874,29875,48805
26083,48805,29875,29876,48806
26084,48806,29876,29877,48807
26085,48807,29877,29878,48808
26086,48808,29878,29879,48809
26087,48809,29879,29880,48810
26088,48810,29880,29881,48811
26089,48811,29881,29882,48812
26090,48812,29882,29883,48813
26091,48813,29883,29884,48814
26092,48814,29884,29885,48815
26093,48815,29885,29886,48816
26094,48816,29886,29887,48817
26095,48817,29887,29888,48818
26096,48818,29888,29889,48819
26097,48819,29889,29890,48820
26098,48820,29890,29891,48821
26099,48821,29891,29892,48822
26100,48822,29892,29893,48823
26101,48823,29893,29894,48824
26102,48824,29894,29895,48825
26103,48825,29895,29896,48826
26104,48826,29896,29897,48827
26105,48827,29897,29898,48828
26106,48828,29898,29899,48829
26107,48829,29899,29900,48830
26108,48830,29900,29901,48831
26109,48831,29901,29902,48832
26110,48832,29902,29903,48833
26111,48833,29903,29904,48834
26112,48834,29904,29905,48835
26113,48835,29905,29906,48836
26114,48836,29906,29907,48837
26115,48837,29907,29908,48838
26116,48838,29908,29909,48839
26117,48839,29909,29910,48840
26118,48840,29910,29911,48841
26119,48841,29911,29912,48842
26120,48842,29912,29913,48843
26121,48843,29913,29914,48844
26122,48844,29914,29915,48845
26123,48845,29915,29916,48846
26124,48846,29916,29917,48847
26125,48847,29917,29918,48848
26126,48848,29918,29919,48849
26127,48849,29919,29920,48850
26128,48850,29920,29921,48851
26129,48851,29921,29922,48852
26130,48852,29922,29923,48853
26131,48853,29923,29924,48854
26132,48854,29924,29925,48855
26133,48855,29925,29926,48856
26134,48856,29926,29927,48857
26135,48857,29927,29928,48858
26136,48858,29928,29929,48859
26137,48859,29929,29930,48860
26138,48860,29930,29931,48861
26139,48861,29931,29932,48862
26140,48862,29932,29933,48863
26141,48863,29933,29934,48864
26142,48864,29934,29935,48865
26143,48865,29935,29936,48866
26144,48866,29936,29937,48867
26145,48867,29937,29938,48868
26146,48868,29938,29939,48869
26147,48869,29939,29940,48870
26148,48870,29940,29941,48871
26149,48871,29941,29942,48872
26150,48872,29942,29943,48873
26151,48873,29943,29944,48874
26152,48874,29944,29945,48875
26153,48875,29945,29946,48876
26154,48876,29946,29947,48877
26155,48877,29947,29948,48878
26156,48878,29948,29949,48879
26157,48879,29949,29950,48880
26158,48880,29950,29951,48881
26159,48881,29951,29952,48882
26160,48882,29952,29953,48883
26161,48883,29953,29954,48884
26162,48884,29954,29955,48885
26163,48885,29955,29956,48886
26164,48886,29956,29957,48887
26165,48887,29957,29958,48888
26166,48888,29958,29959,48889
26167,48889,29959,29960,48890
26168,48890,29960,29961,48891
26169,48891,29961,29962,48892
26170,48892,29962,29963,48893
26171,48893,29963,29964,48894
26172,48894,29964,29965,48895
26173,48895,29965,29966,48896
26174,48896,29966,29967,48897
26175,48897,29967,29968,48898
26176,48898,29968,29969,48899
26177,48899,29969,29970,48900
26178,48900,29970,29971,48901
26179,48901,29971,29972,48902
26180,48902,29972,29973,48903
26181,48903,29973,29974,48904
26182,48904,29974,29975,48905
26183,48905,29975,29976,48906
26184,48906,29976,29977,48907
26185,48907,29977,29978,48908
26186,48908,29978,29979,48909
26187,48909,29979,29980,48910
26188,48910,29980,29981,48911
26189,48911,29981,29982,48912
26190,48912,29982,29983,48913
26191,48913,29983,29984,48914
26192,48914,29984,29985,48915
26193,48915,29985,29986,48916
26194,48916,29986,29987,48917
26195,48917,29987,29988,48918
26196,48918,29988,29989,48919
26197,48919,29989,29990,48920
26198,48920,29990,29991,48921
26199,48921,29991,29992,48922
26200,48922,29992,29993,48923
26201,48923,29993,29994,48924
26202,48924,29994,29995,48925
26203,48925,29995,29996,48926
26204,48926,29996,29997,48927
26205,48927,29997,29998,48928
26206,48928,29998,29999,48929
26207,48929,29999,30000,48930
26208,48930,30000,30001,48931
26209,48931,30001,30002,48932
26210,48932,30002,30003,48933
26211,48933,30003,30004,48934
26212,48934,30004,30005,48935
26213,48935,30005,30006,48936
26214,48936,30006,30007,48937
26215,48937,30007,30008,48938
26216,48938,30008,30009,48939
26217,48939,30009,30010,48940
26218,48940,30010,30011,48941
26219,48941,30011,30012,48942
26220,48942,30012,30013,48943
26221,48943,30013,30014,48944
26222,48944,30014,30015,48945
26223,48945,30015,30016,48946
26224,48946,30016,30017,48947
26225,48947,30017,30018,48948
26226,48948,30018,30019,48949
26227,48949,30019,30020,48950
26228,48950,30020,30021,48951
26229,48951,30021,30022,48952
26230,48952,30022,30023,48953
26231,48953,30023,30024,48954
26232,48954,30024,30025,48955
26233,48955,30025,30026,48956
26234,48956,30026,30027,48957
26235,48957,30027,30028,48958
26236,48958,30028,30029,48959
26237,48959,30029,30030,48960
26238,48960,30030,30031,48961
26239,48961,30031,30032,48962
26240,48962,30032,30033,48963
26241,48963,30033,30034,48964
26242,48964,30034,30035,48965
26243,48965,30035,30036,48966
26244,48966,30036,30037,48967
26245,48967,30037,30038,48968
26246,48968,30038,30039,48969
26247,48969,30039,30040,48970
26248,48970,30040,30041,48971
26249,48971,30041,30042,48972
26250,48972,30042,30043,48973
26251,48973,30043,30044,48974
26252,48974,30044,30045,48975
26253,48975,30045,30046,48976
26254,48976,30046,30047,48977
26255,48977,30047,30048,48978
26256,48978,30048,30049,48979
26257,48979,30049,30050,48980
26258,48980,30050,30051,48981
26259,48981,30051,30052,48982
26260,48982,30052,30053,48983
26261,48983,30053,30054,48984
26262,48984,30054,30055,48985
26263,48985,30055,30056,48986
26264,48986,30056,30057,48987
26265,48987,30057,30058,48988
26266,48988,30058,30059,48989
26267,48989,30059,30060,48990
26268,48990,30060,30061,48991
26269,48991,30061,30062,48992
26270,48992,30062,30063,48993
26271,48993,30063,30064,48994
26272,48994,30064,30065,48995
26273,48995,30065,30066,48996
26274,48996,30066,30067,48997
26275,48997,30067,30068,48998
26276,48998,30068,30069,48999
26277,48999,30069,30070,49000
26278,49000,30070,30071,49001
26279,49001,30071,30072,49002
26280,49002,30072,30073,49003
26281,49003,30073,30074,49004
26282,49004,30074,30075,49005
26283,49005,30075,30076,49006
26284,49006,30076,30077,49007
26285,49007,30077,30078,49008
26286,49008,30078,30079,49009
26287,49009,30079,30080,49010
26288,49010,30080,30081,49011
26289,49011,30081,30082,49012
26290,49012,30082,30083,49013
26291,49013,30083,30084,49014
26292,49014,30084,30085,49015
26293,49015,30085,30086,49016
26294,49016,30086,30087,49017
26295,49017,30087,30088,49018
26296,49018,30088,30089,49019
26297,49019,30089,30090,49020
26298,49020,30090,30091,49021
26299,49021,30091,30092,49022
26300,49022,30092,30093,49023
26301,49023,30093,30094,49024
26302,49024,30094,30095,49025
26303,49025,30095,30096,49026
26304,49026,30096,30097,49027
26305,49027,30097,30098,49028
26306,49028,30098,30099,49029
26307,49029,30099,30100,49030
26308,49030,30100,30101,49031
26309,49031,30101,30102,49032
26310,49032,30102,30103,49033
26311,49033,30103,30104,49034
26312,49034,30104,30105,49035
26313,49035,30105,30106,49036
26314,49036,30106,30107,49037
26315,49037,30107,30108,49038
26316,49038,30108,30109,49039
26317,49039,30109,30110,49040
26318,49040,30110,30111,49041
26319,49041,30111,30112,49042
26320,49042,30112,30113,49043
26321,49043,30113,30114,49044
26322,49044,30114,30115,49045
26323,49045,30115,30116,49046
26324,49046,30116,30117,49047
26325,49047,30117,30118,49048
26326,49048,30118,30119,49049
26327,49049,30119,30120,49050
26328,49050,30120,30121,49051
26329,49051,30121,30122,49052
26330,49052,30122,30123,49053
26331,49053,30123,30124,49054
26332,49054,30124,30125,49055
26333,49055,30125,30126,49056
26334,49056,30126,30127,49057
26335,49057,30127,30128,49058
26336,49058,30128,30129,49059
26337,49059,30129,30130,49060
26338,49060,30130,30131,49061
26339,49061,30131,30132,49062
26340,49062,30132,30133,49063
26341,49063,30133,30134,49064
26342,49064,30134,30135,49065
26343,49065,30135,30136,49066
26344,49066,30136,30137,49067
26345,49067,30137,30138,49068
26346,49068,30138,30139,49069
26347,49069,30139,30140,49070
26348,49070,30140,30141,49071
26349,49071,30141,30142,49072
26350,49072,30142,30143,49073
26351,49073,30143,30144,49074
26352,49074,30144,30145,49075
26353,49075,30145,30146,49076
26354,49076,30146,30147,49077
26355,49077,30147,30148,49078
26356,49078,30148,30149,49079
26357,49079,30149,30150,49080
26358,49080,30150,30151,49081
26359,49081,30151,30152,49082
26360,49082,30152,30153,49083
26361,49083,30153,30154,49084
26362,49084,30154,30155,49085
26363,49085,30155,30156,49086
26364,49086,30156,30157,49087
26365,49087,30157,30158,49088
26366,49088,30158,30159,49089
26367,49089,30159,30160,49090
26368,49090,30160,30161,49091
26369,49091,30161,30162,49092
26370,49092,30162,30163,49093
26371,49093,30163,30164,49094
26372,49094,30164,30165,49095
26373,49095,30165,30166,49096
26374,49096,30166,30167,49097
26375,49097,30167,30168,49098
26376,49098,30168,30169,49099
26377,49099,30169,30170,49100
26378,49100,30170,30171,49101
26379,49101,30171,30172,49102
26380,49102,30172,30173,49103
26381,49103,30173,30174,49104
26382,49104,30174,30175,49105
26383,49105,30175,30176,49106
26384,49106,30176,30177,49107
26385,49107,30177,30178,49108
26386,49108,30178,30179,49109
26387,49109,30179,30180,49110
26388,49110,30180,30181,49111
26389,49111,30181,30182,49112
26390,49112,30182,30183,49113
26391,49113,30183,30184,49114
26392,49114,30184,30185,49115
26393,49115,30185,30186,49116
26394,49116,30186,30187,49117
26395,49117,30187,30188,49118
26396,49118,30188,30189,49119
26397,49119,30189,30190,49120
26398,49120,30190,30191,49121
26399,49121,30191,30192,49122
26400,49122,30192,30193,49123
26401,49123,30193,30194,49124
26402,49124,30194,30195,49125
26403,49125,30195,30196,49126
26404,49126,30196,30197,49127
26405,49127,30197,30198,49128
26406,49128,30198,30199,49129
26407,49129,30199,30200,49130
26408,49130,30200,30201,49131
26409,49131,30201,30202,49132
26410,49132,30202,30203,49133
26411,49133,30203,30204,49134
26412,49134,30204,30205,49135
26413,49135,30205,30206,49136
26414,49136,30206,30207,49137
26415,49137,30207,30208,49138
26416,49138,30208,30209,49139
26417,49139,30209,30210,49140
26418,49140,30210,30211,49141
26419,49141,30211,30212,49142
26420,49142,30212,30213,49143
26421,49143,30213,30214,49144
26422,49144,30214,30215,49145
26423,49145,30215,30216,49146
26424,49146,30216,30217,49147
26425,49147,30217,30218,49148
26426,49148,30218,30219,49149
26427,49149,30219,30220,49150
26428,49150,30220,30221,49151
26429,49151,30221,30222,49152
26430,49152,30222,30223,49153
26431,49153,30223,30224,49154
26432,49154,30224,30225,49155
26433,49155,30225,30226,49156
26434,49156,30226,30227,49157
26435,49157,30227,30228,49158
26436,49158,30228,30229,49159
26437,49159,30229,30230,49160
26438,49160,30230,30231,49161
26439,49161,30231,30232,49162
26440,49162,30232,30233,49163
26441,49163,30233,30234,49164
26442,49164,30234,30235,49165
26443,49165,30235,30236,49166
26444,49166,30236,30237,49167
26445,49167,30237,30238,49168
26446,49168,30238,30239,49169
26447,49169,30239,30240,49170
26448,49170,30240,30241,49171
26449,49171,30241,30242,49172
26450,49172,30242,30243,49173
26451,49173,30243,30244,49174
26452,49174,30244,30245,49175
26453,49175,30245,30246,49176
26454,49176,30246,30247,49177
26455,49177,30247,30248,49178
26456,49178,30248,30249,49179
26457,49179,30249,30250,49180
26458,49180,30250,30251,49181
26459,49181,30251,30252,49182
26460,49182,30252,30253,49183
26461,49183,30253,30254,49184
26462,49184,30254,30255,49185
26463,49185,30255,30256,49186
26464,49186,30256,30257,49187
26465,49187,30257,30258,49188
26466,49188,30258,30259,49189
26467,49189,30259,30260,49190
26468,49190,30260,30261,49191
26469,49191,30261,30262,49192
26470,49192,30262,30263,49193
26471,49193,30263,30264,49194
26472,49194,30264,30265,49195
26473,49195,30265,30266,49196
26474,49196,30266,30267,49197
26475,49197,30267,30268,49198
26476,49198,30268,30269,49199
26477,49199,30269,30270,49200
26478,49200,30270,30271,49201
26479,49201,30271,30272,49202
26480,49202,30272,30273,49203
26481,49203,30273,30274,49204
26482,49204,30274,30275,49205
26483,49205,30275,30276,49206
26484,49206,30276,30277,49207
26485,49207,30277,30278,49208
26486,49208,30278,30279,49209
26487,49209,30279,30280,49210
26488,49210,30280,30281,49211
26489,49211,30281,30282,49212
26490,49212,30282,30283,49213
26491,49213,30283,30284,49214
26492,49214,30284,30285,49215
26493,49215,30285,30286,49216
26494,49216,30286,30287,49217
26495,49217,30287,30288,49218
26496,26503,30289,30290,26504
26497,26504,30290,30291,26505
26498,26505,30291,30292,26506
26499,26506,30292,30293,26507
26500,26507,30293,30294,26508
26501,26508,30294,30295,26509
26502,26509,30295,30296,26510
26503,26510,30296,30297,26511
26504,26511,30297,30298,26512
26505,26512,30298,30299,26513
26506,26513,30299,30300,26514
26507,26514,30300,30301,26515
26508,26515,30301,30302,26516
26509,26516,30302,30303,26517
26510,26517,30303,30304,26518
26511,26518,30304,30305,26519
26512,26519,30305,30306,26520
26513,26520,30306,30307,26521
26514,26521,30307,30308,26522
26515,26522,30308,30309,26523
26516,26523,30309,30310,26524
26517,26524,30310,30311,26525
26518,26525,30311,30312,26526
26519,26526,30312,30313,26527
26520,26527,30313,30314,26528
26521,26528,30314,30315,26529
26522,26529,30315,30316,26530
26523,26530,30316,30317,26531
26524,26531,30317,30318,26532
26525,26532,30318,30319,26533
26526,26533,30319,30320,26534
26527,26534,30320,30321,26535
26528,26535,30321,30322,26536
26529,26536,30322,30323,26537
26530,26537,30323,30324,26538
26531,26538,30324,30325,26539
26532,26539,30325,30326,26540
26533,26540,30326,30327,26541
26534,26541,30327,30328,26542
26535,26542,30328,30329,26543
26536,26543,30329,30330,26544
26537,26544,30330,30331,26545
26538,26545,30331,30332,26546
26539,26546,30332,30333,26547
26540,26547,30333,30334,26548
26541,26548,30334,30335,26549
26542,26549,30335,30336,26550
26543,26550,30336,30337,26551
26544,26551,30337,30338,26552
26545,26552,30338,30339,26553
26546,26553,30339,30340,26554
26547,26554,30340,30341,26555
26548,26555,30341,30342,26556
26549,26556,30342,30343,26557
26550,26557,30343,30344,26558
26551,26558,30344,30345,26559
26552,26559,30345,30346,26560
26553,26560,30346,30347,26561
26554,26561,30347,30348,26562
26555,26562,30348,30349,26563
26556,26563,30349,30350,26564
26557,26564,30350,30351,26565
26558,26565,30351,30352,26566
26559,26566,30352,30353,26567
26560,26567,30353,30354,26568
26561,26568,30354,30355,26569
26562,26569,30355,30356,26570
26563,26570,30356,30357,26571
26564,26571,30357,30358,26572
26565,26572,30358,30359,26573
26566,26573,30359,30360,26574
26567,26574,30360,30361,26575
26568,26575,30361,30362,26576
26569,26576,30362,30363,26577
26570,26577,30363,30364,26578
26571,26578,30364,30365,26579
26572,26579,30365,30366,26580
26573,26580,30366,30367,26581
26574,26581,30367,30368,26582
26575,26582,30368,30369,26583
26576,26583,30369,30370,26584
26577,26584,30370,30371,26585
26578,26585,30371,30372,26586
26579,26586,30372,30373,26587
26580,26587,30373,30374,26588
26581,26588,30374,30375,26589
26582,26589,30375,30376,26590
26583,26590,30376,30377,26591
26584,26591,30377,30378,26592
26585,26592,30378,30379,26593
26586,26593,30379,30380,26594
26587,26594,30380,30381,26595
26588,26595,30381,30382,26596
26589,26596,30382,30383,26597
26590,26597,30383,30384,26598
26591,26598,30384,30385,26599
26592,26599,30385,30386,26600
26593,26600,30386,30387,26601
26594,26601,30387,30388,26602
26595,26602,30388,30389,26603
26596,26603,30389,30390,26604
26597,26604,30390,30391,26605
26598,26605,30391,30392,26606
26599,26606,30392,30393,26607
26600,26607,30393,30394,26608
26601,26608,30394,30395,26609
26602,26609,30395,30396,26610
26603,26610,30396,30397,26611
26604,26611,30397,30398,26612
26605,26612,30398,30399,26613
26606,26613,30399,30400,26614
26607,26614,30400,30401,26615
26608,26615,30401,30402,26616
26609,26616,30402,30403,26617
26610,26617,30403,30404,26618
26611,26618,30404,30405,26619
26612,26619,30405,30406,26620
26613,26620,30406,30407,26621
26614,26621,30407,30408,26622
26615,26622,30408,30409,26623
26616,26623,30409,30410,26624
26617,26624,30410,30411,26625
26618,26625,30411,30412,26626
26619,26626,30412,30413,26627
26620,26627,30413,30414,26628
26621,26628,30414,30415,26629
26622,26629,30415,30416,26630
26623,26630,30416,30417,26631
26624,26631,30417,30418,26632
26625,26632,30418,30419,26633
26626,26633,30419,30420,26634
26627,26634,30420,30421,26635
26628,26635,30421,30422,26636
26629,26636,30422,30423,26637
26630,26637,30423,30424,26638
26631,26638,30424,30425,26639
26632,26639,30425,30426,26640
26633,26640,30426,30427,26641
26634,26641,30427,30428,26642
26635,26642,30428,30429,26643
26636,26643,30429,30430,26644
26637,26644,30430,30431,26645
26638,26645,30431,30432,26646
26639,26646,30432,30433,26647
26640,26647,30433,30434,26648
26641,26648,30434,30435,26649
26642,26649,30435,30436,26650
26643,26650,30436,30437,26651
26644,26651,30437,30438,26652
26645,26652,30438,30439,26653
26646,26653,30439,30440,26654
26647,26654,30440,30441,26655
26648,26655,30441,30442,26656
26649,26656,30442,30443,26657
26650,26657,30443,30444,26658
26651,26658,30444,30445,26659
26652,26659,30445,30446,26660
26653,26660,30446,30447,26661
26654,26661,30447,30448,26662
26655,26662,30448,30449,26663
26656,26663,30449,30450,26664
26657,26664,30450,30451,26665
26658,26665,30451,30452,26666
26659,26666,30452,30453,26667
26660,26667,30453,30454,26668
26661,26668,30454,30455,26669
26662,26669,30455,30456,26670
26663,26670,30456,30457,26671
26664,26671,30457,30458,26672
26665,26672,30458,30459,26673
26666,26673,30459,30460,26674
26667,26674,30460,30461,26675
26668,26675,30461,30462,26676
26669,26676,30462,30463,26677
26670,26677,30463,30464,26678
26671,26678,30464,30465,26679
26672,26679,30465,30466,26680
26673,26680,30466,30467,26681
26674,26681,30467,30468,26682
26675,26682,30468,30469,26683
26676,26683,30469,30470,26684
26677,26684,30470,30471,26685
26678,26685,30471,30472,26686
26679,26686,30472,30473,26687
26680,26687,30473,30474,26688
26681,26688,30474,30475,26689
26682,26689,30475,30476,26690
26683,26690,30476,30477,26691
26684,26691,30477,30478,26692
26685,26692,30478,30479,26693
26686,26693,30479,30480,26694
26687,26694,30480,30481,26695
26688,26695,30481,30482,26696
26689,26696,30482,30483,26697
26690,26697,30483,30484,26698
26691,26698,30484,30485,26699
26692,26699,30485,30486,26700
26693,26700,30486,30487,26701
26694,26701,30487,30488,26702
26695,26702,30488,30489,26703
26696,26703,30489,30490,26704
26697,26704,30490,30491,26705
26698,26705,30491,30492,26706
26699,26706,30492,30493,26707
26700,26707,30493,30494,26708
26701,26708,30494,30495,26709
26702,26709,30495,30496,26710
26703,26710,30496,30497,26711
26704,26711,30497,30498,26712
26705,26712,30498,30499,26713
26706,26713,30499,30500,26714
26707,26714,30500,30501,26715
26708,26715,30501,30502,26716
26709,26716,30502,30503,26717
26710,26717,30503,30504,26718
26711,26718,30504,30505,26719
26712,26719,30505,30506,26720
26713,26720,30506,30507,26721
26714,26721,30507,30508,26722
26715,26722,30508,30509,26723
26716,26723,30509,30510,26724
26717,26724,30510,30511,26725
26718,26725,30511,30512,26726
26719,26726,30512,30513,26727
26720,26727,30513,30514,26728
26721,26728,30514,30515,26729
26722,26729,30515,30516,26730
26723,26730,30516,30517,26731
26724,26731,30517,30518,26732
26725,26732,30518,30519,26733
26726,26733,30519,30520,26734
26727,26734,30520,30521,26735
26728,26735,30521,30522,26736
26729,26736,30522,30523,26737
26730,26737,30523,30524,26738
26731,26738,30524,30525,26739
26732,26739,30525,30526,26740
26733,26740,30526,30527,26741
26734,26741,30527,30528,26742
26735,26742,30528,30529,26743
26736,26743,30529,30530,26744
26737,26744,30530,30531,26745
26738,26745,30531,30532,26746
26739,26746,30532,30533,26747
26740,26747,30533,30534,26748
26741,26748,30534,30535,26749
26742,26749,30535,30536,26750
26743,26750,30536,30537,26751
26744,26751,30537,30538,26752
26745,26752,30538,30539,26753
26746,26753,30539,30540,26754
26747,26754,30540,30541,26755
26748,26755,30541,30542,26756
26749,26756,30542,30543,26757
26750,26757,30543,30544,26758
26751,26758,30544,30545,26759
26752,26759,30545,30546,26760
26753,26760,30546,30547,26761
26754,26761,30547,30548,26762
26755,26762,30548,30549,26763
26756,26763,30549,30550,26764
26757,26764,30550,30551,26765
26758,26765,30551,30552,26766
26759,26766,30552,30553,26767
26760,26767,30553,30554,26768
26761,26768,30554,30555,26769
26762,26769,30555,30556,26770
26763,26770,30556,30557,26771
26764,26771,30557,30558,26772
26765,26772,30558,30559,26773
26766,26773,30559,30560,26774
26767,26774,30560,30561,26775
26768,26775,30561,30562,26776
26769,26776,30562,30563,26777
26770,26777,30563,30564,26778
26771,26778,30564,30565,26779
26772,26779,30565,30566,26780
26773,26780,30566,30567,26781
26774,26781,30567,30568,26782
26775,26782,30568,30569,26783
26776,26783,30569,30570,26784
26777,26784,30570,30571,26785
26778,26785,30571,30572,26786
26779,26786,30572,30573,26787
26780,26787,30573,30574,26788
26781,26788,30574,30575,26789
26782,26789,30575,30576,26790
26783,26790,30576,30577,26791
26784,26791,30577,30578,26792
26785,26792,30578,30579,26793
26786,26793,30579,30580,26794
26787,26794,30580,30581,26795
26788,26795,30581,30582,26796
26789,26796,30582,30583,26797
26790,26797,30583,30584,26798
26791,26798,30584,30585,26799
26792,26799,30585,30586,26800
26793,26800,30586,30587,26801
26794,26801,30587,30588,26802
26795,26802,30588,30589,26803
26796,26803,30589,30590,26804
26797,26804,30590,30591,26805
26798,26805,30591,30592,26806
26799,26806,30592,30593,26807
26800,26807,30593,30594,26808
26801,26808,30594,30595,26809
26802,26809,30595,30596,26810
26803,26810,30596,30597,26811
26804,26811,30597,30598,26812
26805,26812,30598,30599,26813
26806,26813,30599,30600,26814
26807,26814,30600,30601,26815
26808,26815,30601,30602,26816
26809,26816,30602,30603,26817
26810,26817,30603,30604,26818
26811,26818,30604,30605,26819
26812,26819,30605,30606,26820
26813,26820,30606,30607,26821
26814,26821,30607,30608,26822
26815,26822,30608,30609,26823
26816,26823,30609,30610,26824
26817,26824,30610,30611,26825
26818,26825,30611,30612,26826
26819,26826,30612,30613,26827
26820,26827,30613,30614,26828
26821,26828,30614,30615,26829
26822,26829,30615,30616,26830
26823,26830,30616,30617,26831
26824,26831,30617,30618,26832
26825,26832,30618,30619,26833
26826,26833,30619,30620,26834
26827,26834,30620,30621,26835
26828,26835,30621,30622,26836
26829,26836,30622,30623,26837
26830,26837,30623,30624,26838
26831,26838,30624,30625,26839
26832,26839,30625,30626,26840
26833,26840,30626,30627,26841
26834,26841,30627,30628,26842
26835,26842,30628,30629,26843
26836,26843,30629,30630,26844
26837,26844,30630,30631,26845
26838,26845,30631,30632,26846
26839,26846,30632,30633,26847
26840,26847,30633,30634,26848
26841,26848,30634,30635,26849
26842,26849,30635,30636,26850
26843,26850,30636,30637,26851
26844,26851,30637,30638,26852
26845,26852,30638,30639,26853
26846,26853,30639,30640,26854
26847,26854,30640,30641,26855
26848,26855,30641,30642,26856
26849,26856,30642,30643,26857
26850,26857,30643,30644,26858
26851,26858,30644,30645,26859
26852,26859,30645,30646,26860
26853,26860,30646,30647,26861
26854,26861,30647,30648,26862
26855,26862,30648,30649,26863
26856,26863,30649,30650,26864
26857,26864,30650,30651,26865
26858,26865,30651,30652,26866
26859,26866,30652,30653,26867
26860,26867,30653,30654,26868
26861,26868,30654,30655,26869
26862,26869,30655,30656,26870
26863,26870,30656,30657,26871
26864,26871,30657,30658,26872
26865,26872,30658,30659,26873
26866,26873,30659,30660,26874
26867,26874,30660,30661,26875
26868,26875,30661,30662,26876
26869,26876,30662,30663,26877
26870,26877,30663,30664,26878
26871,26878,30664,30665,26879
26872,26879,30665,30666,26880
26873,26880,30666,30667,26881
26874,26881,30667,30668,26882
26875,26882,30668,30669,26883
26876,26883,30669,30670,26884
26877,26884,30670,30671,26885
26878,26885,30671,30672,26886
26879,26886,30672,30673,26887
26880,26887,30673,30674,26888
26881,26888,30674,30675,26889
26882,26889,30675,30676,26890
26883,26890,30676,30677,26891
26884,26891,30677,30678,26892
26885,26892,30678,30679,26893
26886,26893,30679,30680,26894
26887,26894,30680,30681,26895
26888,26895,30681,30682,26896
26889,26896,30682,30683,26897
26890,26897,30683,30684,26898
26891,26898,30684,30685,26899
26892,26899,30685,30686,26900
26893,26900,30686,30687,26901
26894,26901,30687,30688,26902
26895,26902,30688,30689,26903
26896,26903,30689,30690,26904
26897,26904,30690,30691,26905
26898,26905,30691,30692,26906
26899,26906,30692,30693,26907
26900,26907,30693,30694,26908
26901,26908,30694,30695,26909
26902,26909,30695,30696,26910
26903,26910,30696,30697,26911
26904,26911,30697,30698,26912
26905,26912,30698,30699,26913
26906,26913,30699,30700,26914
26907,26914,30700,30701,26915
26908,26915,30701,30702,26916
26909,26916,30702,30703,26917
26910,26917,30703,30704,26918
26911,26918,30704,30705,26919
26912,26919,30705,30706,26920
26913,26920,30706,30707,26921
26914,26921,30707,30708,26922
26915,26922,30708,30709,26923
26916,26923,30709,30710,26924
26917,26924,30710,30711,26925
26918,26925,30711,30712,26926
26919,26926,30712,30713,26927
26920,26927,30713,30714,26928
26921,26928,30714,30715,26929
26922,26929,30715,30716,26930
26923,26930,30716,30717,26931
26924,26931,30717,30718,26932
26925,26932,30718,30719,26933
26926,26933,30719,30720,26934
26927,26934,30720,30721,26935
26928,26935,30721,30722,26936
26929,26936,30722,30723,26937
26930,26937,30723,30724,26938
26931,26938,30724,30725,26939
26932,26939,30725,30726,26940
26933,26940,30726,30727,26941
26934,26941,30727,30728,26942
26935,26942,30728,30729,26943
26936,26943,30729,30730,26944
26937,26944,30730,30731,26945
26938,26945,30731,30732,26946
26939,26946,30732,30733,26947
26940,26947,30733,30734,26948
26941,26948,30734,30735,26949
26942,26949,30735,30736,26950
26943,26950,30736,30737,26951
26944,26951,30737,30738,26952
26945,26952,30738,30739,26953
26946,26953,30739,30740,26954
26947,26954,30740,30741,26955
26948,26955,30741,30742,26956
26949,26956,30742,30743,26957
26950,26957,30743,30744,26958
26951,26958,30744,30745,26959
26952,26959,30745,30746,26960
26953,26960,30746,30747,26961
26954,26961,30747,30748,26962
26955,26962,30748,30749,26963
26956,26963,30749,30750,26964
26957,26964,30750,30751,26965
26958,26965,30751,30752,26966
26959,26966,30752,30753,26967
26960,26967,30753,30754,26968
26961,26968,30754,30755,26969
26962,26969,30755,30756,26970
26963,26970,30756,30757,26971
26964,26971,30757,30758,26972
26965,26972,30758,30759,26973
26966,26973,30759,30760,26974
26967,26974,30760,30761,26975
26968,26975,30761,30762,26976
26969,26976,30762,30763,26977
26970,26977,30763,30764,26978
26971,26978,30764,30765,26979
26972,26979,30765,30766,26980
26973,26980,30766,30767,26981
26974,26981,30767,30768,26982
26975,26982,30768,30769,26983
26976,26983,30769,30770,26984
26977,26984,30770,30771,26985
26978,26985,30771,30772,26986
26979,26986,30772,30773,26987
26980,26987,30773,30774,26988
26981,26988,30774,30775,26989
26982,26989,30775,30776,26990
26983,26990,30776,30777,26991
26984,26991,30777,30778,26992
26985,26992,30778,30779,26993
26986,26993,30779,30780,26994
26987,26994,30780,30781,26995
26988,26995,30781,30782,26996
26989,26996,30782,30783,26997
26990,26997,30783,30784,26998
26991,26998,30784,30785,26999
26992,26999,30785,30786,27000
26993,27000,30786,30787,27001
26994,27001,30787,30788,27002
26995,27002,30788,30789,27003
26996,27003,30789,30790,27004
26997,27004,30790,30791,27005
26998,27005,30791,30792,27006
26999,27006,30792,30793,27007
27000,27007,30793,30794,27008
27001,27008,30794,30795,27009
27002,27009,30795,30796,27010
27003,27010,30796,30797,27011
27004,27011,30797,30798,27012
27005,27012,30798,30799,27013
27006,27013,30799,30800,27014
27007,27014,30800,30801,27015
27008,27015,30801,30802,27016
27009,27016,30802,30803,27017
27010,27017,30803,30804,27018
27011,27018,30804,30805,27019
27012,27019,30805,30806,27020
27013,27020,30806,30807,27021
27014,27021,30807,30808,27022
27015,27022,30808,30809,27023
27016,27023,30809,30810,27024
27017,27024,30810,30811,27025
27018,27025,30811,30812,27026
27019,27026,30812,30813,27027
27020,27027,30813,30814,27028
27021,27028,30814,30815,27029
27022,27029,30815,30816,27030
27023,27030,30816,30817,27031
27024,27031,30817,30818,27032
27025,27032,30818,30819,27033
27026,27033,30819,30820,27034
27027,27034,30820,30821,27035
27028,27035,30821,30822,27036
27029,27036,30822,30823,27037
27030,27037,30823,30824,27038
27031,27038,30824,30825,27039
27032,27039,30825,30826,27040
27033,27040,30826,30827,27041
27034,27041,30827,30828,27042
27035,27042,30828,30829,27043
27036,27043,30829,30830,27044
27037,27044,30830,30831,27045
27038,27045,30831,30832,27046
27039,27046,30832,30833,27047
27040,27047,30833,30834,27048
27041,27048,30834,30835,27049
27042,27049,30835,30836,27050
27043,27050,30836,30837,27051
27044,27051,30837,30838,27052
27045,27052,30838,30839,27053
27046,27053,30839,30840,27054
27047,27054,30840,30841,27055
27048,27055,30841,30842,27056
27049,27056,30842,30843,27057
27050,27057,30843,30844,27058
27051,27058,30844,30845,27059
27052,27059,30845,30846,27060
27053,27060,30846,30847,27061
27054,27061,30847,30848,27062
27055,27062,30848,30849,27063
27056,27063,30849,30850,27064
27057,27064,30850,30851,27065
27058,27065,30851,30852,27066
27059,27066,30852,30853,27067
27060,27067,30853,30854,27068
27061,27068,30854,30855,27069
27062,27069,30855,30856,27070
27063,27070,30856,30857,27071
27064,27071,30857,30858,27072
27065,27072,30858,30859,27073
27066,27073,30859,30860,27074
27067,27074,30860,30861,27075
27068,27075,30861,30862,27076
27069,27076,30862,30863,27077
27070,27077,30863,30864,27078
27071,27078,30864,30865,27079
27072,27079,30865,30866,27080
27073,27080,30866,30867,27081
27074,27081,30867,30868,27082
27075,27082,30868,30869,27083
27076,27083,30869,30870,27084
27077,27084,30870,30871,27085
27078,27085,30871,30872,27086
27079,27086,30872,30873,27087
27080,27087,30873,30874,27088
27081,27088,30874,30875,27089
27082,27089,30875,30876,27090
27083,27090,30876,30877,27091
27084,27091,30877,30878,27092
27085,27092,30878,30879,27093
27086,27093,30879,30880,27094
27087,27094,30880,30881,27095
27088,27095,30881,30882,27096
27089,27096,30882,30883,27097
27090,27097,30883,30884,27098
27091,27098,30884,30885,27099
27092,27099,30885,30886,27100
27093,27100,30886,30887,27101
27094,27101,30887,30888,27102
27095,27102,30888,30889,27103
27096,27103,30889,30890,27104
27097,27104,30890,30891,27105
27098,27105,30891,30892,27106
27099,27106,30892,30893,27107
27100,27107,30893,30894,27108
27101,27108,30894,30895,27109
27102,27109,30895,30896,27110
27103,27110,30896,30897,27111
27104,27111,30897,30898,27112
27105,27112,30898,30899,27113
27106,27113,30899,30900,27114
27107,27114,30900,30901,27115
27108,27115,30901,30902,27116
27109,27116,30902,30903,27117
27110,27117,30903,30904,27118
27111,27118,30904,30905,27119
27112,27119,30905,30906,27120
27113,27120,30906,30907,27121
27114,27121,30907,30908,27122
27115,27122,30908,30909,27123
27116,27123,30909,30910,27124
27117,27124,30910,30911,27125
27118,27125,30911,30912,27126
27119,27126,30912,30913,27127
27120,27127,30913,30914,27128
27121,27128,30914,30915,27129
27122,27129,30915,30916,27130
27123,27130,30916,30917,27131
27124,27131,30917,30918,27132
27125,27132,30918,30919,27133
27126,27133,30919,30920,27134
27127,27134,30920,30921,27135
27128,27135,30921,30922,27136
27129,27136,30922,30923,27137
27130,27137,30923,30924,27138
27131,27138,30924,30925,27139
27132,27139,30925,30926,27140
27133,27140,30926,30927,27141
27134,27141,30927,30928,27142
27135,27142,30928,30929,27143
27136,27143,30929,30930,27144
27137,27144,30930,30931,27145
27138,27145,30931,30932,27146
27139,27146,30932,30933,27147
27140,27147,30933,30934,27148
27141,27148,30934,30935,27149
27142,27149,30935,30936,27150
27143,27150,30936,30937,27151
27144,27151,30937,30938,27152
27145,27152,30938,30939,27153
27146,27153,30939,30940,27154
27147,27154,30940,30941,27155
27148,27155,30941,30942,27156
27149,27156,30942,30943,27157
27150,27157,30943,30944,27158
27151,27158,30944,30945,27159
27152,27159,30945,30946,27160
27153,27160,30946,30947,27161
27154,27161,30947,30948,27162
27155,27162,30948,30949,27163
27156,27163,30949,30950,27164
27157,27164,30950,30951,27165
27158,27165,30951,30952,27166
27159,27166,30952,30953,27167
27160,27167,30953,30954,27168
27161,27168,30954,30955,27169
27162,27169,30955,30956,27170
27163,27170,30956,30957,27171
27164,27171,30957,30958,27172
27165,27172,30958,30959,27173
27166,27173,30959,30960,27174
27167,27174,30960,30961,27175
27168,27175,30961,30962,27176
27169,27176,30962,30963,27177
27170,27177,30963,30964,27178
27171,27178,30964,30965,27179
27172,27179,30965,30966,27180
27173,27180,30966,30967,27181
27174,27181,30967,30968,27182
27175,27182,30968,30969,27183
27176,27183,30969,30970,27184
27177,27184,30970,30971,27185
27178,27185,30971,30972,27186
27179,27186,30972,30973,27187
27180,27187,30973,30974,27188
27181,27188,30974,30975,27189
27182,27189,30975,30976,27190
27183,27190,30976,30977,27191
27184,27191,30977,30978,27192
27185,27192,30978,30979,27193
27186,27193,30979,30980,27194
27187,27194,30980,30981,27195
27188,27195,30981,30982,27196
27189,27196,30982,30983,27197
27190,27197,30983,30984,27198
27191,27198,30984,30985,27199
27192,27199,30985,30986,27200
27193,27200,30986,30987,27201
27194,27201,30987,30988,27202
27195,27202,30988,30989,27203
27196,27203,30989,30990,27204
27197,27204,30990,30991,27205
27198,27205,30991,30992,27206
27199,27206,30992,30993,27207
27200,27207,30993,30994,27208
27201,27208,30994,30995,27209
27202,27209,30995,30996,27210
27203,27210,30996,30997,27211
27204,27211,30997,30998,27212
27205,27212,30998,30999,27213
27206,27213,30999,31000,27214
27207,27214,31000,31001,27215
27208,27215,31001,31002,27216
27209,27216,31002,31003,27217
27210,27217,31003,31004,27218
27211,27218,31004,31005,27219
27212,27219,31005,31006,27220
27213,27220,31006,31007,27221
27214,27221,31007,31008,27222
27215,27222,31008,31009,27223
27216,27223,31009,31010,27224
27217,27224,31010,31011,27225
27218,27225,31011,31012,27226
27219,27226,31012,31013,27227
27220,27227,31013,31014,27228
27221,27228,31014,31015,27229
27222,27229,31015,31016,27230
27223,27230,31016,31017,27231
27224,27231,31017,31018,27232
27225,27232,31018,31019,27233
27226,27233,31019,31020,27234
27227,27234,31020,31021,27235
27228,27235,31021,31022,27236
27229,27236,31022,31023,27237
27230,27237,31023,31024,27238
27231,27238,31024,31025,27239
27232,27239,31025,31026,27240
27233,27240,31026,31027,27241
27234,27241,31027,31028,27242
27235,27242,31028,31029,27243
27236,27243,31029,31030,27244
27237,27244,31030,31031,27245
27238,27245,31031,31032,27246
27239,27246,31032,31033,27247
27240,27247,31033,31034,27248
27241,27248,31034,31035,27249
27242,27249,31035,31036,27250
27243,27250,31036,31037,27251
27244,27251,31037,31038,27252
27245,27252,31038,31039,27253
27246,27253,31039,31040,27254
27247,27254,31040,31041,27255
27248,27255,31041,31042,27256
27249,27256,31042,31043,27257
27250,27257,31043,31044,27258
27251,27258,31044,31045,27259
27252,27259,31045,31046,27260
27253,27260,31046,31047,27261
27254,27261,31047,31048,27262
27255,27262,31048,31049,27263
27256,27263,31049,31050,27264
27257,27264,31050,31051,27265
27258,27265,31051,31052,27266
27259,27266,31052,31053,27267
27260,27267,31053,31054,27268
27261,27268,31054,31055,27269
27262,27269,31055,31056,27270
27263,27270,31056,31057,27271
27264,27271,31057,31058,27272
27265,27272,31058,31059,27273
27266,27273,31059,31060,27274
27267,27274,31060,31061,27275
27268,27275,31061,31062,27276
27269,27276,31062,31063,27277
27270,27277,31063,31064,27278
27271,27278,31064,31065,27279
27272,27279,31065,31066,27280
27273,27280,31066,31067,27281
27274,27281,31067,31068,27282
27275,27282,31068,31069,27283
27276,27283,31069,31070,27284
27277,27284,31070,31071,27285
27278,27285,31071,31072,27286
27279,27286,31072,31073,27287
27280,27287,31073,31074,27288
27281,27288,31074,31075,27289
27282,27289,31075,31076,27290
27283,27290,31076,31077,27291
27284,27291,31077,31078,27292
27285,27292,31078,31079,27293
27286,27293,31079,31080,27294
27287,27294,31080,31081,27295
27288,27295,31081,31082,27296
27289,27296,31082,31083,27297
27290,27297,31083,31084,27298
27291,27298,31084,31085,27299
27292,27299,31085,31086,27300
27293,27300,31086,31087,27301
27294,27301,31087,31088,27302
27295,27302,31088,31089,27303
27296,27303,31089,31090,27304
27297,27304,31090,31091,27305
27298,27305,31091,31092,27306
27299,27306,31092,31093,27307
27300,27307,31093,31094,27308
27301,27308,31094,31095,27309
27302,27309,31095,31096,27310
27303,27310,31096,31097,27311
27304,27311,31097,31098,27312
27305,27312,31098,31099,27313
27306,27313,31099,31100,27314
27307,27314,31100,31101,27315
27308,27315,31101,31102,27316
27309,27316,31102,31103,27317
27310,27317,31103,31104,27318
27311,27318,31104,31105,27319
27312,27319,31105,31106,27320
27313,27320,31106,31107,27321
27314,27321,31107,31108,27322
27315,27322,31108,31109,27323
27316,27323,31109,31110,27324
27317,27324,31110,31111,27325
27318,27325,31111,31112,27326
27319,27326,31112,31113,27327
27320,27327,31113,31114,27328
27321,27328,31114,31115,27329
27322,27329,31115,31116,27330
27323,27330,31116,31117,27331
27324,27331,31117,31118,27332
27325,27332,31118,31119,27333
27326,27333,31119,31120,27334
27327,27334,31120,31121,27335
27328,27335,31121,31122,27336
27329,27336,31122,31123,27337
27330,27337,31123,31124,27338
27331,27338,31124,31125,27339
27332,27339,31125,31126,27340
27333,27340,31126,31127,27341
27334,27341,31127,31128,27342
27335,27342,31128,31129,27343
27336,27343,31129,31130,27344
27337,27344,31130,31131,27345
27338,27345,31131,31132,27346
27339,27346,31132,31133,27347
27340,27347,31133,31134,27348
27341,27348,31134,31135,27349
27342,27349,31135,31136,27350
27343,27350,31136,31137,27351
27344,27351,31137,31138,27352
27345,27352,31138,31139,27353
27346,27353,31139,31140,27354
27347,27354,31140,31141,27355
27348,27355,31141,31142,27356
27349,27356,31142,31143,27357
27350,27357,31143,31144,27358
27351,27358,31144,31145,27359
27352,27359,31145,31146,27360
27353,27360,31146,31147,27361
27354,27361,31147,31148,27362
27355,27362,31148,31149,27363
27356,27363,31149,31150,27364
27357,27364,31150,31151,27365
27358,27365,31151,31152,27366
27359,27366,31152,31153,27367
27360,27367,31153,31154,27368
27361,27368,31154,31155,27369
27362,27369,31155,31156,27370
27363,27370,31156,31157,27371
27364,27371,31157,31158,27372
27365,27372,31158,31159,27373
27366,27373,31159,31160,27374
27367,27374,31160,31161,27375
27368,27375,31161,31162,27376
27369,27376,31162,31163,27377
27370,27377,31163,31164,27378
27371,27378,31164,31165,27379
27372,27379,31165,31166,27380
27373,27380,31166,31167,27381
27374,27381,31167,31168,27382
27375,27382,31168,31169,27383
27376,27383,31169,31170,27384
27377,27384,31170,31171,27385
27378,27385,31171,31172,27386
27379,27386,31172,31173,27387
27380,27387,31173,31174,27388
27381,27388,31174,31175,27389
27382,27389,31175,31176,27390
27383,27390,31176,31177,27391
27384,27391,31177,31178,27392
27385,27392,31178,31179,27393
27386,27393,31179,31180,27394
27387,27394,31180,31181,27395
27388,27395,31181,31182,27396
27389,27396,31182,31183,27397
27390,27397,31183,31184,27398
27391,27398,31184,31185,27399
27392,27399,31185,31186,27400
27393,27400,31186,31187,27401
27394,27401,31187,31188,27402
27395,27402,31188,31189,27403
27396,27403,31189,31190,27404
27397,27404,31190,31191,27405
27398,27405,31191,31192,27406
27399,27406,31192,31193,27407
27400,27407,31193,31194,27408
27401,27408,31194,31195,27409
27402,27409,31195,31196,27410
27403,27410,31196,31197,27411
27404,27411,31197,31198,27412
27405,27412,31198,31199,27413
27406,27413,31199,31200,27414
27407,27414,31200,31201,27415
27408,27415,31201,31202,27416
27409,27416,31202,31203,27417
27410,27417,31203,31204,27418
27411,27418,31204,31205,27419
27412,27419,31205,31206,27420
27413,27420,31206,31207,27421
27414,27421,31207,31208,27422
27415,27422,31208,31209,27423
27416,27423,31209,31210,27424
27417,27424,31210,31211,27425
27418,27425,31211,31212,27426
27419,27426,31212,31213,27427
27420,27427,31213,31214,27428
27421,27428,31214,31215,27429
27422,27429,31215,31216,27430
27423,27430,31216,31217,27431
27424,27431,31217,31218,27432
27425,27432,31218,31219,27433
27426,27433,31219,31220,27434
27427,27434,31220,31221,27435
27428,27435,31221,31222,27436
27429,27436,31222,31223,27437
27430,27437,31223,31224,27438
27431,27438,31224,31225,27439
27432,27439,31225,31226,27440
27433,27440,31226,31227,27441
27434,27441,31227,31228,27442
27435,27442,31228,31229,27443
27436,27443,31229,31230,27444
27437,27444,31230,31231,27445
27438,27445,31231,31232,27446
27439,27446,31232,31233,27447
27440,27447,31233,31234,27448
27441,27448,31234,31235,27449
27442,27449,31235,31236,27450
27443,27450,31236,31237,27451
27444,27451,31237,31238,27452
27445,27452,31238,31239,27453
27446,27453,31239,31240,27454
27447,27454,31240,31241,27455
27448,27455,31241,31242,27456
27449,27456,31242,31243,27457
27450,27457,31243,31244,27458
27451,27458,31244,31245,27459
27452,27459,31245,31246,27460
27453,27460,31246,31247,27461
27454,27461,31247,31248,27462
27455,27462,31248,31249,27463
27456,27463,31249,31250,27464
27457,27464,31250,31251,27465
27458,27465,31251,31252,27466
27459,27466,31252,31253,27467
27460,27467,31253,31254,27468
27461,27468,31254,31255,27469
27462,27469,31255,31256,27470
27463,27470,31256,31257,27471
27464,27471,31257,31258,27472
27465,27472,31258,31259,27473
27466,27473,31259,31260,27474
27467,27474,31260,31261,27475
27468,27475,31261,31262,27476
27469,27476,31262,31263,27477
27470,27477,31263,31264,27478
27471,27478,31264,31265,27479
27472,27479,31265,31266,27480
27473,27480,31266,31267,27481
27474,27481,31267,31268,27482
27475,27482,31268,31269,27483
27476,27483,31269,31270,27484
27477,27484,31270,31271,27485
27478,27485,31271,31272,27486
27479,27486,31272,31273,27487
27480,27487,31273,31274,27488
27481,27488,31274,31275,27489
27482,27489,31275,31276,27490
27483,27490,31276,31277,27491
27484,27491,31277,31278,27492
27485,27492,31278,31279,27493
27486,27493,31279,31280,27494
27487,27494,31280,31281,27495
27488,27495,31281,31282,27496
27489,27496,31282,31283,27497
27490,27497,31283,31284,27498
27491,27498,31284,31285,27499
27492,27499,31285,31286,27500
27493,27500,31286,31287,27501
27494,27501,31287,31288,27502
27495,27502,31288,31289,27503
27496,27503,31289,31290,27504
27497,27504,31290,31291,27505
27498,27505,31291,31292,27506
27499,27506,31292,31293,27507
27500,27507,31293,31294,27508
27501,27508,31294,31295,27509
27502,27509,31295,31296,27510
27503,27510,31296,31297,27511
27504,27511,31297,31298,27512
27505,27512,31298,31299,27513
27506,27513,31299,31300,27514
27507,27514,31300,31301,27515
27508,27515,31301,31302,27516
27509,27516,31302,31303,27517
27510,27517,31303,31304,27518
27511,27518,31304,31305,27519
27512,27519,31305,31306,27520
27513,27520,31306,31307,27521
27514,27521,31307,31308,27522
27515,27522,31308,31309,27523
27516,27523,31309,31310,27524
27517,27524,31310,31311,27525
27518,27525,31311,31312,27526
27519,27526,31312,31313,27527
27520,27527,31313,31314,27528
27521,27528,31314,31315,27529
27522,27529,31315,31316,27530
27523,27530,31316,31317,27531
27524,27531,31317,31318,27532
27525,27532,31318,31319,27533
27526,27533,31319,31320,27534
27527,27534,31320,31321,27535
27528,27535,31321,31322,27536
27529,27536,31322,31323,27537
27530,27537,31323,31324,27538
27531,27538,31324,31325,27539
27532,27539,31325,31326,27540
27533,27540,31326,31327,27541
27534,27541,31327,31328,27542
27535,27542,31328,31329,27543
27536,27543,31329,31330,27544
27537,27544,31330,31331,27545
27538,27545,31331,31332,27546
27539,27546,31332,31333,27547
27540,27547,31333,31334,27548
27541,27548,31334,31335,27549
27542,27549,31335,31336,27550
27543,27550,31336,31337,27551
27544,27551,31337,31338,27552
27545,27552,31338,31339,27553
27546,27553,31339,31340,27554
27547,27554,31340,31341,27555
27548,27555,31341,31342,27556
27549,27556,31342,31343,27557
27550,27557,31343,31344,27558
27551,27558,31344,31345,27559
27552,27559,31345,31346,27560
27553,27560,31346,31347,27561
27554,27561,31347,31348,27562
27555,27562,31348,31349,27563
27556,27563,31349,31350,27564
27557,27564,31350,31351,27565
27558,27565,31351,31352,27566
27559,27566,31352,31353,27567
27560,27567,31353,31354,27568
27561,27568,31354,31355,27569
27562,27569,31355,31356,27570
27563,27570,31356,31357,27571
27564,27571,31357,31358,27572
27565,27572,31358,31359,27573
27566,27573,31359,31360,27574
27567,27574,31360,31361,27575
27568,27575,31361,31362,27576
27569,27576,31362,31363,27577
27570,27577,31363,31364,27578
27571,27578,31364,31365,27579
27572,27579,31365,31366,27580
27573,27580,31366,31367,27581
27574,27581,31367,31368,27582
27575,27582,31368,31369,27583
27576,27583,31369,31370,27584
27577,27584,31370,31371,27585
27578,27585,31371,31372,27586
27579,27586,31372,31373,27587
27580,27587,31373,31374,27588
27581,27588,31374,31375,27589
27582,27589,31375,31376,27590
27583,27590,31376,31377,27591
27584,27591,31377,31378,27592
27585,27592,31378,31379,27593
27586,27593,31379,31380,27594
27587,27594,31380,31381,27595
27588,27595,31381,31382,27596
27589,27596,31382,31383,27597
27590,27597,31383,31384,27598
27591,27598,31384,31385,27599
27592,27599,31385,31386,27600
27593,27600,31386,31387,27601
27594,27601,31387,31388,27602
27595,27602,31388,31389,27603
27596,27603,31389,31390,27604
27597,27604,31390,31391,27605
27598,27605,31391,31392,27606
27599,27606,31392,31393,27607
27600,27607,31393,31394,27608
27601,27608,31394,31395,27609
27602,27609,31395,31396,27610
27603,27610,31396,31397,27611
27604,27611,31397,31398,27612
27605,27612,31398,31399,27613
27606,27613,31399,31400,27614
27607,27614,31400,31401,27615
27608,27615,31401,31402,27616
27609,27616,31402,31403,27617
27610,27617,31403,31404,27618
27611,27618,31404,31405,27619
27612,27619,31405,31406,27620
27613,27620,31406,31407,27621
27614,27621,31407,31408,27622
27615,27622,31408,31409,27623
27616,27623,31409,31410,27624
27617,27624,31410,31411,27625
27618,27625,31411,31412,27626
27619,27626,31412,31413,27627
27620,27627,31413,31414,27628
27621,27628,31414,31415,27629
27622,27629,31415,31416,27630
27623,27630,31416,31417,27631
27624,27631,31417,31418,27632
27625,27632,31418,31419,27633
27626,27633,31419,31420,27634
27627,27634,31420,31421,27635
27628,27635,31421,31422,27636
27629,27636,31422,31423,27637
27630,27637,31423,31424,27638
27631,27638,31424,31425,27639
27632,27639,31425,31426,27640
27633,27640,31426,31427,27641
27634,27641,31427,31428,27642
27635,27642,31428,31429,27643
27636,27643,31429,31430,27644
27637,27644,31430,31431,27645
27638,27645,31431,31432,27646
27639,27646,31432,31433,27647
27640,27647,31433,31434,27648
27641,27648,31434,31435,27649
27642,27649,31435,31436,27650
27643,27650,31436,31437,27651
27644,27651,31437,31438,27652
27645,27652,31438,31439,27653
27646,27653,31439,31440,27654
27647,27654,31440,31441,27655
27648,27655,31441,31442,27656
27649,27656,31442,31443,27657
27650,27657,31443,31444,27658
27651,27658,31444,31445,27659
27652,27659,31445,31446,27660
27653,27660,31446,31447,27661
27654,27661,31447,31448,27662
27655,27662,31448,31449,27663
27656,27663,31449,31450,27664
27657,27664,31450,31451,27665
27658,27665,31451,31452,27666
27659,27666,31452,31453,27667
27660,27667,31453,31454,27668
27661,27668,31454,31455,27669
27662,27669,31455,31456,27670
27663,27670,31456,31457,27671
27664,27671,31457,31458,27672
27665,27672,31458,31459,27673
27666,27673,31459,31460,27674
27667,27674,31460,31461,27675
27668,27675,31461,31462,27676
27669,27676,31462,31463,27677
27670,27677,31463,31464,27678
27671,27678,31464,31465,27679
27672,27679,31465,31466,27680
27673,27680,31466,31467,27681
27674,27681,31467,31468,27682
27675,27682,31468,31469,27683
27676,27683,31469,31470,27684
27677,27684,31470,31471,27685
27678,27685,31471,31472,27686
27679,27686,31472,31473,27687
27680,27687,31473,31474,27688
27681,27688,31474,31475,27689
27682,27689,31475,31476,27690
27683,27690,31476,31477,27691
27684,27691,31477,31478,27692
27685,27692,31478,31479,27693
27686,27693,31479,31480,27694
27687,27694,31480,31481,27695
27688,27695,31481,31482,27696
27689,27696,31482,31483,27697
27690,27697,31483,31484,27698
27691,27698,31484,31485,27699
27692,27699,31485,31486,27700
27693,27700,31486,31487,27701
27694,27701,31487,31488,27702
27695,27702,31488,31489,27703
27696,27703,31489,31490,27704
27697,27704,31490,31491,27705
27698,27705,31491,31492,27706
27699,27706,31492,31493,27707
27700,27707,31493,31494,27708
27701,27708,31494,31495,27709
27702,27709,31495,31496,27710
27703,27710,31496,31497,27711
27704,27711,31497,31498,27712
27705,27712,31498,31499,27713
27706,27713,31499,31500,27714
27707,27714,31500,31501,27715
27708,27715,31501,31502,27716
27709,27716,31502,31503,27717
27710,27717,31503,31504,27718
27711,27718,31504,31505,27719
27712,27719,31505,31506,27720
27713,27720,31506,31507,27721
27714,27721,31507,31508,27722
27715,27722,31508,31509,27723
27716,27723,31509,31510,27724
27717,27724,31510,31511,27725
27718,27725,31511,31512,27726
27719,27726,31512,31513,27727
27720,27727,31513,31514,27728
27721,27728,31514,31515,27729
27722,27729,31515,31516,27730
27723,27730,31516,31517,27731
27724,27731,31517,31518,27732
27725,27732,31518,31519,27733
27726,27733,31519,31520,27734
27727,27734,31520,31521,27735
27728,27735,31521,31522,27736
27729,27736,31522,31523,27737
27730,27737,31523,31524,27738
27731,27738,31524,31525,27739
27732,27739,31525,31526,27740
27733,27740,31526,31527,27741
27734,27741,31527,31528,27742
27735,27742,31528,31529,27743
27736,27743,31529,31530,27744
27737,27744,31530,31531,27745
27738,27745,31531,31532,27746
27739,27746,31532,31533,27747
27740,27747,31533,31534,27748
27741,27748,31534,31535,27749
27742,27749,31535,31536,27750
27743,27750,31536,31537,27751
27744,27751,31537,31538,27752
27745,27752,31538,31539,27753
27746,27753,31539,31540,27754
27747,27754,31540,31541,27755
27748,27755,31541,31542,27756
27749,27756,31542,31543,27757
27750,27757,31543,31544,27758
27751,27758,31544,31545,27759
27752,27759,31545,31546,27760
27753,27760,31546,31547,27761
27754,27761,31547,31548,27762
27755,27762,31548,31549,27763
27756,27763,31549,31550,27764
27757,27764,31550,31551,27765
27758,27765,31551,31552,27766
27759,27766,31552,31553,27767
27760,27767,31553,31554,27768
27761,27768,31554,31555,27769
27762,27769,31555,31556,27770
27763,27770,31556,31557,27771
27764,27771,31557,31558,27772
27765,27772,31558,31559,27773
27766,27773,31559,31560,27774
27767,27774,31560,31561,27775
27768,27775,31561,31562,27776
27769,27776,31562,31563,27777
27770,27777,31563,31564,27778
27771,27778,31564,31565,27779
27772,27779,31565,31566,27780
27773,27780,31566,31567,27781
27774,27781,31567,31568,27782
27775,27782,31568,31569,27783
27776,27783,31569,31570,27784
27777,27784,31570,31571,27785
27778,27785,31571,31572,27786
27779,27786,31572,31573,27787
27780,27787,31573,31574,27788
27781,27788,31574,31575,27789
27782,27789,31575,31576,27790
27783,27790,31576,31577,27791
27784,27791,31577,31578,27792
27785,27792,31578,31579,27793
27786,27793,31579,31580,27794
27787,27794,31580,31581,27795
27788,27795,31581,31582,27796
27789,27796,31582,31583,27797
27790,27797,31583,31584,27798
27791,27798,31584,31585,27799
27792,27799,31585,31586,27800
27793,27800,31586,31587,27801
27794,27801,31587,31588,27802
27795,27802,31588,31589,27803
27796,27803,31589,31590,27804
27797,27804,31590,31591,27805
27798,27805,31591,31592,27806
27799,27806,31592,31593,27807
27800,27807,31593,31594,27808
27801,27808,31594,31595,27809
27802,27809,31595,31596,27810
27803,27810,31596,31597,27811
27804,27811,31597,31598,27812
27805,27812,31598,31599,27813
27806,27813,31599,31600,27814
27807,27814,31600,31601,27815
27808,27815,31601,31602,27816
27809,27816,31602,31603,27817
27810,27817,31603,31604,27818
27811,27818,31604,31605,27819
27812,27819,31605,31606,27820
27813,27820,31606,31607,27821
27814,27821,31607,31608,27822
27815,27822,31608,31609,27823
27816,27823,31609,31610,27824
27817,27824,31610,31611,27825
27818,27825,31611,31612,27826
27819,27826,31612,31613,27827
27820,27827,31613,31614,27828
27821,27828,31614,31615,27829
27822,27829,31615,31616,27830
27823,27830,31616,31617,27831
27824,27831,31617,31618,27832
27825,27832,31618,31619,27833
27826,27833,31619,31620,27834
27827,27834,31620,31621,27835
27828,27835,31621,31622,27836
27829,27836,31622,31623,27837
27830,27837,31623,31624,27838
27831,27838,31624,31625,27839
27832,27839,31625,31626,27840
27833,27840,31626,31627,27841
27834,27841,31627,31628,27842
27835,27842,31628,31629,27843
27836,27843,31629,31630,27844
27837,27844,31630,31631,27845
27838,27845,31631,31632,27846
27839,27846,31632,31633,27847
27840,27847,31633,31634,27848
27841,27848,31634,31635,27849
27842,27849,31635,31636,27850
27843,27850,31636,31637,27851
27844,27851,31637,31638,27852
27845,27852,31638,31639,27853
27846,27853,31639,31640,27854
27847,27854,31640,31641,27855
27848,27855,31641,31642,27856
27849,27856,31642,31643,27857
27850,27857,31643,31644,27858
27851,27858,31644,31645,27859
27852,27859,31645,31646,27860
27853,27860,31646,31647,27861
27854,27861,31647,31648,27862
27855,27862,31648,31649,27863
27856,27863,31649,31650,27864
27857,27864,31650,31651,27865
27858,27865,31651,31652,27866
27859,27866,31652,31653,27867
27860,27867,31653,31654,27868
27861,27868,31654,31655,27869
27862,27869,31655,31656,27870
27863,27870,31656,31657,27871
27864,27871,31657,31658,27872
27865,27872,31658,31659,27873
27866,27873,31659,31660,27874
27867,27874,31660,31661,27875
27868,27875,31661,31662,27876
27869,27876,31662,31663,27877
27870,27877,31663,31664,27878
27871,27878,31664,31665,27879
27872,27879,31665,31666,27880
27873,27880,31666,31667,27881
27874,27881,31667,31668,27882
27875,27882,31668,31669,27883
27876,27883,31669,31670,27884
27877,27884,31670,31671,27885
27878,27885,31671,31672,27886
27879,27886,31672,31673,27887
27880,27887,31673,31674,27888
27881,27888,31674,31675,27889
27882,27889,31675,31676,27890
27883,27890,31676,31677,27891
27884,27891,31677,31678,27892
27885,27892,31678,31679,27893
27886,27893,31679,31680,27894
27887,27894,31680,31681,27895
27888,27895,31681,31682,27896
27889,27896,31682,31683,27897
27890,27897,31683,31684,27898
27891,27898,31684,31685,27899
27892,27899,31685,31686,27900
27893,27900,31686,31687,27901
27894,27901,31687,31688,27902
27895,27902,31688,31689,27903
27896,27903,31689,31690,27904
27897,27904,31690,31691,27905
27898,27905,31691,31692,27906
27899,27906,31692,31693,27907
27900,27907,31693,31694,27908
27901,27908,31694,31695,27909
27902,27909,31695,31696,27910
27903,27910,31696,31697,27911
27904,27911,31697,31698,27912
27905,27912,31698,31699,27913
27906,27913,31699,31700,27914
27907,27914,31700,31701,27915
27908,27915,31701,31702,27916
27909,27916,31702,31703,27917
27910,27917,31703,31704,27918
27911,27918,31704,31705,27919
27912,27919,31705,31706,27920
27913,27920,31706,31707,27921
27914,27921,31707,31708,27922
27915,27922,31708,31709,27923
27916,27923,31709,31710,27924
27917,27924,31710,31711,27925
27918,27925,31711,31712,27926
27919,27926,31712,31713,27927
27920,27927,31713,31714,27928
27921,27928,31714,31715,27929
27922,27929,31715,31716,27930
27923,27930,31716,31717,27931
27924,27931,31717,31718,27932
27925,27932,31718,31719,27933
27926,27933,31719,31720,27934
27927,27934,31720,31721,27935
27928,27935,31721,31722,27936
27929,27936,31722,31723,27937
27930,27937,31723,31724,27938
27931,27938,31724,31725,27939
27932,27939,31725,31726,27940
27933,27940,31726,31727,27941
27934,27941,31727,31728,27942
27935,27942,31728,31729,27943
27936,27943,31729,31730,27944
27937,27944,31730,31731,27945
27938,27945,31731,31732,27946
27939,27946,31732,31733,27947
27940,27947,31733,31734,27948
27941,27948,31734,31735,27949
27942,27949,31735,31736,27950
27943,27950,31736,31737,27951
27944,27951,31737,31738,27952
27945,27952,31738,31739,27953
27946,27953,31739,31740,27954
27947,27954,31740,31741,27955
27948,27955,31741,31742,27956
27949,27956,31742,31743,27957
27950,27957,31743,31744,27958
27951,27958,31744,31745,27959
27952,27959,31745,31746,27960
27953,27960,31746,31747,27961
27954,27961,31747,31748,27962
27955,27962,31748,31749,27963
27956,27963,31749,31750,27964
27957,27964,31750,31751,27965
27958,27965,31751,31752,27966
27959,27966,31752,31753,27967
27960,27967,31753,31754,27968
27961,27968,31754,31755,27969
27962,27969,31755,31756,27970
27963,27970,31756,31757,27971
27964,27971,31757,31758,27972
27965,27972,31758,31759,27973
27966,27973,31759,31760,27974
27967,27974,31760,31761,27975
27968,27975,31761,31762,27976
27969,27976,31762,31763,27977
27970,27977,31763,31764,27978
27971,27978,31764,31765,27979
27972,27979,31765,31766,27980
27973,27980,31766,31767,27981
27974,27981,31767,31768,27982
27975,27982,31768,31769,27983
27976,27983,31769,31770,27984
27977,27984,31770,31771,27985
27978,27985,31771,31772,27986
27979,27986,31772,31773,27987
27980,27987,31773,31774,27988
27981,27988,31774,31775,27989
27982,27989,31775,31776,27990
27983,27990,31776,31777,27991
27984,27991,31777,31778,27992
27985,27992,31778,31779,27993
27986,27993,31779,31780,27994
27987,27994,31780,31781,27995
27988,27995,31781,31782,27996
27989,27996,31782,31783,27997
27990,27997,31783,31784,27998
27991,27998,31784,31785,27999
27992,27999,31785,31786,28000
27993,28000,31786,31787,28001
27994,28001,31787,31788,28002
27995,28002,31788,31789,28003
27996,28003,31789,31790,28004
27997,28004,31790,31791,28005
27998,28005,31791,31792,28006
27999,28006,31792,31793,28007
28000,28007,31793,31794,28008
28001,28008,31794,31795,28009
28002,28009,31795,31796,28010
28003,28010,31796,31797,28011
28004,28011,31797,31798,28012
28005,28012,31798,31799,28013
28006,28013,31799,31800,28014
28007,28014,31800,31801,28015
28008,28015,31801,31802,28016
28009,28016,31802,31803,28017
28010,28017,31803,31804,28018
28011,28018,31804,31805,28019
28012,28019,31805,31806,28020
28013,28020,31806,31807,28021
28014,28021,31807,31808,28022
28015,28022,31808,31809,28023
28016,28023,31809,31810,28024
28017,28024,31810,31811,28025
28018,28025,31811,31812,28026
28019,28026,31812,31813,28027
28020,28027,31813,31814,28028
28021,28028,31814,31815,28029
28022,28029,31815,31816,28030
28023,28030,31816,31817,28031
28024,28031,31817,31818,28032
28025,28032,31818,31819,28033
28026,28033,31819,31820,28034
28027,28034,31820,31821,28035
28028,28035,31821,31822,28036
28029,28036,31822,31823,28037
28030,28037,31823,31824,28038
28031,28038,31824,31825,28039
28032,28039,31825,31826,28040
28033,28040,31826,31827,28041
28034,28041,31827,31828,28042
28035,28042,31828,31829,28043
28036,28043,31829,31830,28044
28037,28044,31830,31831,28045
28038,28045,31831,31832,28046
28039,28046,31832,31833,28047
28040,28047,31833,31834,28048
28041,28048,31834,31835,28049
28042,28049,31835,31836,28050
28043,28050,31836,31837,28051
28044,28051,31837,31838,28052
28045,28052,31838,31839,28053
28046,28053,31839,31840,28054
28047,28054,31840,31841,28055
28048,28055,31841,31842,28056
28049,28056,31842,31843,28057
28050,28057,31843,31844,28058
28051,28058,31844,31845,28059
28052,28059,31845,31846,28060
28053,28060,31846,31847,28061
28054,28061,31847,31848,28062
28055,28062,31848,31849,28063
28056,28063,31849,31850,28064
28057,28064,31850,31851,28065
28058,28065,31851,31852,28066
28059,28066,31852,31853,28067
28060,28067,31853,31854,28068
28061,28068,31854,31855,28069
28062,28069,31855,31856,28070
28063,28070,31856,31857,28071
28064,28071,31857,31858,28072
28065,28072,31858,31859,28073
28066,28073,31859,31860,28074
28067,28074,31860,31861,28075
28068,28075,31861,31862,28076
28069,28076,31862,31863,28077
28070,28077,31863,31864,28078
28071,28078,31864,31865,28079
28072,28079,31865,31866,28080
28073,28080,31866,31867,28081
28074,28081,31867,31868,28082
28075,28082,31868,31869,28083
28076,28083,31869,31870,28084
28077,28084,31870,31871,28085
28078,28085,31871,31872,28086
28079,28086,31872,31873,28087
28080,28087,31873,31874,28088
28081,28088,31874,31875,28089
28082,28089,31875,31876,28090
28083,28090,31876,31877,28091
28084,28091,31877,31878,28092
28085,28092,31878,31879,28093
28086,28093,31879,31880,28094
28087,28094,31880,31881,28095
28088,28095,31881,31882,28096
28089,28096,31882,31883,28097
28090,28097,31883,31884,28098
28091,28098,31884,31885,28099
28092,28099,31885,31886,28100
28093,28100,31886,31887,28101
28094,28101,31887,31888,28102
28095,28102,31888,31889,28103
28096,28103,31889,31890,28104
28097,28104,31890,31891,28105
28098,28105,31891,31892,28106
28099,28106,31892,31893,28107
28100,28107,31893,31894,28108
28101,28108,31894,31895,28109
28102,28109,31895,31896,28110
28103,28110,31896,31897,28111
28104,28111,31897,31898,28112
28105,28112,31898,31899,28113
28106,28113,31899,31900,28114
28107,28114,31900,31901,28115
28108,28115,31901,31902,28116
28109,28116,31902,31903,28117
28110,28117,31903,31904,28118
28111,28118,31904,31905,28119
28112,28119,31905,31906,28120
28113,28120,31906,31907,28121
28114,28121,31907,31908,28122
28115,28122,31908,31909,28123
28116,28123,31909,31910,28124
28117,28124,31910,31911,28125
28118,28125,31911,31912,28126
28119,28126,31912,31913,28127
28120,28127,31913,31914,28128
28121,28128,31914,31915,28129
28122,28129,31915,31916,28130
28123,28130,31916,31917,28131
28124,28131,31917,31918,28132
28125,28132,31918,31919,28133
28126,28133,31919,31920,28134
28127,28134,31920,31921,28135
28128,28135,31921,31922,28136
28129,28136,31922,31923,28137
28130,28137,31923,31924,28138
28131,28138,31924,31925,28139
28132,28139,31925,31926,28140
28133,28140,31926,31927,28141
28134,28141,31927,31928,28142
28135,28142,31928,31929,28143
28136,28143,31929,31930,28144
28137,28144,31930,31931,28145
28138,28145,31931,31932,28146
28139,28146,31932,31933,28147
28140,28147,31933,31934,28148
28141,28148,31934,31935,28149
28142,28149,31935,31936,28150
28143,28150,31936,31937,28151
28144,28151,31937,31938,28152
28145,28152,31938,31939,28153
28146,28153,31939,31940,28154
28147,28154,31940,31941,28155
28148,28155,31941,31942,28156
28149,28156,31942,31943,28157
28150,28157,31943,31944,28158
28151,28158,31944,31945,28159
28152,28159,31945,31946,28160
28153,28160,31946,31947,28161
28154,28161,31947,31948,28162
28155,28162,31948,31949,28163
28156,28163,31949,31950,28164
28157,28164,31950,31951,28165
28158,28165,31951,31952,28166
28159,28166,31952,31953,28167
28160,28167,31953,31954,28168
28161,28168,31954,31955,28169
28162,28169,31955,31956,28170
28163,28170,31956,31957,28171
28164,28171,31957,31958,28172
28165,28172,31958,31959,28173
28166,28173,31959,31960,28174
28167,28174,31960,31961,28175
28168,28175,31961,31962,28176
28169,28176,31962,31963,28177
28170,28177,31963,31964,28178
28171,28178,31964,31965,28179
28172,28179,31965,31966,28180
28173,28180,31966,31967,28181
28174,28181,31967,31968,28182
28175,28182,31968,31969,28183
28176,28183,31969,31970,28184
28177,28184,31970,31971,28185
28178,28185,31971,31972,28186
28179,28186,31972,31973,28187
28180,28187,31973,31974,28188
28181,28188,31974,31975,28189
28182,28189,31975,31976,28190
28183,28190,31976,31977,28191
28184,28191,31977,31978,28192
28185,28192,31978,31979,28193
28186,28193,31979,31980,28194
28187,28194,31980,31981,28195
28188,28195,31981,31982,28196
28189,28196,31982,31983,28197
28190,28197,31983,31984,28198
28191,28198,31984,31985,28199
28192,28199,31985,31986,28200
28193,28200,31986,31987,28201
28194,28201,31987,31988,28202
28195,28202,31988,31989,28203
28196,28203,31989,31990,28204
28197,28204,31990,31991,28205
28198,28205,31991,31992,28206
28199,28206,31992,31993,28207
28200,28207,31993,31994,28208
28201,28208,31994,31995,28209
28202,28209,31995,31996,28210
28203,28210,31996,31997,28211
28204,28211,31997,31998,28212
28205,28212,31998,31999,28213
28206,28213,31999,32000,28214
28207,28214,32000,32001,28215
28208,28215,32001,32002,28216
28209,28216,32002,32003,28217
28210,28217,32003,32004,28218
28211,28218,32004,32005,28219
28212,28219,32005,32006,28220
28213,28220,32006,32007,28221
28214,28221,32007,32008,28222
28215,28222,32008,32009,28223
28216,28223,32009,32010,28224
28217,28224,32010,32011,28225
28218,28225,32011,32012,28226
28219,28226,32012,32013,28227
28220,28227,32013,32014,28228
28221,28228,32014,32015,28229
28222,28229,32015,32016,28230
28223,28230,32016,32017,28231
28224,28231,32017,32018,28232
28225,28232,32018,32019,28233
28226,28233,32019,32020,28234
28227,28234,32020,32021,28235
28228,28235,32021,32022,28236
28229,28236,32022,32023,28237
28230,28237,32023,32024,28238
28231,28238,32024,32025,28239
28232,28239,32025,32026,28240
28233,28240,32026,32027,28241
28234,28241,32027,32028,28242
28235,28242,32028,32029,28243
28236,28243,32029,32030,28244
28237,28244,32030,32031,28245
28238,28245,32031,32032,28246
28239,28246,32032,32033,28247
28240,28247,32033,32034,28248
28241,28248,32034,32035,28249
28242,28249,32035,32036,28250
28243,28250,32036,32037,28251
28244,28251,32037,32038,28252
28245,28252,32038,32039,28253
28246,28253,32039,32040,28254
28247,28254,32040,32041,28255
28248,28255,32041,32042,28256
28249,28256,32042,32043,28257
28250,28257,32043,32044,28258
28251,28258,32044,32045,28259
28252,28259,32045,32046,28260
28253,28260,32046,32047,28261
28254,28261,32047,32048,28262
28255,28262,32048,32049,28263
28256,28263,32049,32050,28264
28257,28264,32050,32051,28265
28258,28265,32051,32052,28266
28259,28266,32052,32053,28267
28260,28267,32053,32054,28268
28261,28268,32054,32055,28269
28262,28269,32055,32056,28270
28263,28270,32056,32057,28271
28264,28271,32057,32058,28272
28265,28272,32058,32059,28273
28266,28273,32059,32060,28274
28267,28274,32060,32061,28275
28268,28275,32061,32062,28276
28269,28276,32062,32063,28277
28270,28277,32063,32064,28278
28271,28278,32064,32065,28279
28272,28279,32065,32066,28280
28273,28280,32066,32067,28281
28274,28281,32067,32068,28282
28275,28282,32068,32069,28283
28276,28283,32069,32070,28284
28277,28284,32070,32071,28285
28278,28285,32071,32072,28286
28279,28286,32072,32073,28287
28280,28287,32073,32074,28288
28281,28288,32074,32075,28289
28282,28289,32075,32076,28290
28283,28290,32076,32077,28291
28284,28291,32077,32078,28292
28285,28292,32078,32079,28293
28286,28293,32079,32080,28294
28287,28294,32080,32081,28295
28288,28295,32081,32082,28296
28289,28296,32082,32083,28297
28290,28297,32083,32084,28298
28291,28298,32084,32085,28299
28292,28299,32085,32086,28300
28293,28300,32086,32087,28301
28294,28301,32087,32088,28302
28295,28302,32088,32089,28303
28296,28303,32089,32090,28304
28297,28304,32090,32091,28305
28298,28305,32091,32092,28306
28299,28306,32092,32093,28307
28300,28307,32093,32094,28308
28301,28308,32094,32095,28309
28302,28309,32095,32096,28310
28303,28310,32096,32097,28311
28304,28311,32097,32098,28312
28305,28312,32098,32099,28313
28306,28313,32099,32100,28314
28307,28314,32100,32101,28315
28308,28315,32101,32102,28316
28309,28316,32102,32103,28317
28310,28317,32103,32104,28318
28311,28318,32104,32105,28319
28312,28319,32105,32106,28320
28313,28320,32106,32107,28321
28314,28321,32107,32108,28322
28315,28322,32108,32109,28323
28316,28323,32109,32110,28324
28317,28324,32110,32111,28325
28318,28325,32111,32112,28326
28319,28326,32112,32113,28327
28320,28327,32113,32114,28328
28321,28328,32114,32115,28329
28322,28329,32115,32116,28330
28323,28330,32116,32117,28331
28324,28331,32117,32118,28332
28325,28332,32118,32119,28333
28326,28333,32119,32120,28334
28327,28334,32120,32121,28335
28328,28335,32121,32122,28336
28329,28336,32122,32123,28337
28330,28337,32123,32124,28338
28331,28338,32124,32125,28339
28332,28339,32125,32126,28340
28333,28340,32126,32127,28341
28334,28341,32127,32128,28342
28335,28342,32128,32129,28343
28336,28343,32129,32130,28344
28337,28344,32130,32131,28345
28338,28345,32131,32132,28346
28339,28346,32132,32133,28347
28340,28347,32133,32134,28348
28341,28348,32134,32135,28349
28342,28349,32135,32136,28350
28343,28350,32136,32137,28351
28344,28351,32137,32138,28352
28345,28352,32138,32139,28353
28346,28353,32139,32140,28354
28347,28354,32140,32141,28355
28348,28355,32141,32142,28356
28349,28356,32142,32143,28357
28350,28357,32143,32144,28358
28351,28358,32144,32145,28359
28352,28359,32145,32146,28360
28353,28360,32146,32147,28361
28354,28361,32147,32148,28362
28355,28362,32148,32149,28363
28356,28363,32149,32150,28364
28357,28364,32150,32151,28365
28358,28365,32151,32152,28366
28359,28366,32152,32153,28367
28360,28367,32153,32154,28368
28361,28368,32154,32155,28369
28362,28369,32155,32156,28370
28363,28370,32156,32157,28371
28364,28371,32157,32158,28372
28365,28372,32158,32159,28373
28366,28373,32159,32160,28374
28367,28374,32160,32161,28375
28368,28375,32161,32162,28376
28369,28376,32162,32163,28377
28370,28377,32163,32164,28378
28371,28378,32164,32165,28379
28372,28379,32165,32166,28380
28373,28380,32166,32167,28381
28374,28381,32167,32168,28382
28375,28382,32168,32169,28383
28376,28383,32169,32170,28384
28377,28384,32170,32171,28385
28378,28385,32171,32172,28386
28379,28386,32172,32173,28387
28380,28387,32173,32174,28388
28381,28388,32174,32175,28389
28382,28389,32175,32176,28390
28383,28390,32176,32177,28391
28384,28391,32177,32178,28392
28385,28392,32178,32179,28393
28386,28393,32179,32180,28394
28387,28394,32180,32181,28395
28388,28395,32181,32182,28396
28389,28396,32182,32183,28397
28390,28397,32183,32184,28398
28391,28398,32184,32185,28399
28392,28399,32185,32186,28400
28393,28400,32186,32187,28401
28394,28401,32187,32188,28402
28395,28402,32188,32189,28403
28396,28403,32189,32190,28404
28397,28404,32190,32191,28405
28398,28405,32191,32192,28406
28399,28406,32192,32193,28407
28400,28407,32193,32194,28408
28401,28408,32194,32195,28409
28402,28409,32195,32196,28410
28403,28410,32196,32197,28411
28404,28411,32197,32198,28412
28405,28412,32198,32199,28413
28406,28413,32199,32200,28414
28407,28414,32200,32201,28415
28408,28415,32201,32202,28416
28409,28416,32202,32203,28417
28410,28417,32203,32204,28418
28411,28418,32204,32205,28419
28412,28419,32205,32206,28420
28413,28420,32206,32207,28421
28414,28421,32207,32208,28422
28415,28422,32208,32209,28423
28416,28423,32209,32210,28424
28417,28424,32210,32211,28425
28418,28425,32211,32212,28426
28419,28426,32212,32213,28427
28420,28427,32213,32214,28428
28421,28428,32214,32215,28429
28422,28429,32215,32216,28430
28423,28430,32216,32217,28431
28424,28431,32217,32218,28432
28425,28432,32218,32219,28433
28426,28433,32219,32220,28434
28427,28434,32220,32221,28435
28428,28435,32221,32222,28436
28429,28436,32222,32223,28437
28430,28437,32223,32224,28438
28431,28438,32224,32225,28439
28432,28439,32225,32226,28440
28433,28440,32226,32227,28441
28434,28441,32227,32228,28442
28435,28442,32228,32229,28443
28436,28443,32229,32230,28444
28437,28444,32230,32231,28445
28438,28445,32231,32232,28446
28439,28446,32232,32233,28447
28440,28447,32233,32234,28448
28441,28448,32234,32235,28449
28442,28449,32235,32236,28450
28443,28450,32236,32237,28451
28444,28451,32237,32238,28452
28445,28452,32238,32239,28453
28446,28453,32239,32240,28454
28447,28454,32240,32241,28455
28448,28455,32241,32242,28456
28449,28456,32242,32243,28457
28450,28457,32243,32244,28458
28451,28458,32244,32245,28459
28452,28459,32245,32246,28460
28453,28460,32246,32247,28461
28454,28461,32247,32248,28462
28455,28462,32248,32249,28463
28456,28463,32249,32250,28464
28457,28464,32250,32251,28465
28458,28465,32251,32252,28466
28459,28466,32252,32253,28467
28460,28467,32253,32254,28468
28461,28468,32254,32255,28469
28462,28469,32255,32256,28470
28463,28470,32256,32257,28471
28464,28471,32257,32258,28472
28465,28472,32258,32259,28473
28466,28473,32259,32260,28474
28467,28474,32260,32261,28475
28468,28475,32261,32262,28476
28469,28476,32262,32263,28477
28470,28477,32263,32264,28478
28471,28478,32264,32265,28479
28472,28479,32265,32266,28480
28473,28480,32266,32267,28481
28474,28481,32267,32268,28482
28475,28482,32268,32269,28483
28476,28483,32269,32270,28484
28477,28484,32270,32271,28485
28478,28485,32271,32272,28486
28479,28486,32272,32273,28487
28480,28487,32273,32274,28488
28481,28488,32274,32275,28489
28482,28489,32275,32276,28490
28483,28490,32276,32277,28491
28484,28491,32277,32278,28492
28485,28492,32278,32279,28493
28486,28493,32279,32280,28494
28487,28494,32280,32281,28495
28488,28495,32281,32282,28496
28489,28496,32282,32283,28497
28490,28497,32283,32284,28498
28491,28498,32284,32285,28499
28492,28499,32285,32286,28500
28493,28500,32286,32287,28501
28494,28501,32287,32288,28502
28495,28502,32288,32289,28503
28496,28503,32289,32290,28504
28497,28504,32290,32291,28505
28498,28505,32291,32292,28506
28499,28506,32292,32293,28507
28500,28507,32293,32294,28508
28501,28508,32294,32295,28509
28502,28509,32295,32296,28510
28503,28510,32296,32297,28511
28504,28511,32297,32298,28512
28505,28512,32298,32299,28513
28506,28513,32299,32300,28514
28507,28514,32300,32301,28515
28508,28515,32301,32302,28516
28509,28516,32302,32303,28517
28510,28517,32303,32304,28518
28511,28518,32304,32305,28519
28512,28519,32305,32306,28520
28513,28520,32306,32307,28521
28514,28521,32307,32308,28522
28515,28522,32308,32309,28523
28516,28523,32309,32310,28524
28517,28524,32310,32311,28525
28518,28525,32311,32312,28526
28519,28526,32312,32313,28527
28520,28527,32313,32314,28528
28521,28528,32314,32315,28529
28522,28529,32315,32316,28530
28523,28530,32316,32317,28531
28524,28531,32317,32318,28532
28525,28532,32318,32319,28533
28526,28533,32319,32320,28534
28527,28534,32320,32321,28535
28528,28535,32321,32322,28536
28529,28536,32322,32323,28537
28530,28537,32323,32324,28538
28531,28538,32324,32325,28539
28532,28539,32325,32326,28540
28533,28540,32326,32327,28541
28534,28541,32327,32328,28542
28535,28542,32328,32329,28543
28536,28543,32329,32330,28544
28537,28544,32330,32331,28545
28538,28545,32331,32332,28546
28539,28546,32332,32333,28547
28540,28547,32333,32334,28548
28541,28548,32334,32335,28549
28542,28549,32335,32336,28550
28543,28550,32336,32337,28551
28544,28551,32337,32338,28552
28545,28552,32338,32339,28553
28546,28553,32339,32340,28554
28547,28554,32340,32341,28555
28548,28555,32341,32342,28556
28549,28556,32342,32343,28557
28550,28557,32343,32344,28558
28551,28558,32344,32345,28559
28552,28559,32345,32346,28560
28553,28560,32346,32347,28561
28554,28561,32347,32348,28562
28555,28562,32348,32349,28563
28556,28563,32349,32350,28564
28557,28564,32350,32351,28565
28558,28565,32351,32352,28566
28559,28566,32352,32353,28567
28560,28567,32353,32354,28568
28561,28568,32354,32355,28569
28562,28569,32355,32356,28570
28563,28570,32356,32357,28571
28564,28571,32357,32358,28572
28565,28572,32358,32359,28573
28566,28573,32359,32360,28574
28567,28574,32360,32361,28575
28568,28575,32361,32362,28576
28569,28576,32362,32363,28577
28570,28577,32363,32364,28578
28571,28578,32364,32365,28579
28572,28579,32365,32366,28580
28573,28580,32366,32367,28581
28574,28581,32367,32368,28582
28575,28582,32368,32369,28583
28576,28583,32369,32370,28584
28577,28584,32370,32371,28585
28578,28585,32371,32372,28586
28579,28586,32372,32373,28587
28580,28587,32373,32374,28588
28581,28588,32374,32375,28589
28582,28589,32375,32376,28590
28583,28590,32376,32377,28591
28584,28591,32377,32378,28592
28585,28592,32378,32379,28593
28586,28593,32379,32380,28594
28587,28594,32380,32381,28595
28588,28595,32381,32382,28596
28589,28596,32382,32383,28597
28590,28597,32383,32384,28598
28591,28598,32384,32385,28599
28592,28599,32385,32386,28600
28593,28600,32386,32387,28601
28594,28601,32387,32388,28602
28595,28602,32388,32389,28603
28596,28603,32389,32390,28604
28597,28604,32390,32391,28605
28598,28605,32391,32392,28606
28599,28606,32392,32393,28607
28600,28607,32393,32394,28608
28601,28608,32394,32395,28609
28602,28609,32395,32396,28610
28603,28610,32396,32397,28611
28604,28611,32397,32398,28612
28605,28612,32398,32399,28613
28606,28613,32399,32400,28614
28607,28614,32400,32401,28615
28608,28615,32401,32402,28616
28609,28616,32402,32403,28617
28610,28617,32403,32404,28618
28611,28618,32404,32405,28619
28612,28619,32405,32406,28620
28613,28620,32406,32407,28621
28614,28621,32407,32408,28622
28615,28622,32408,32409,28623
28616,28623,32409,32410,28624
28617,28624,32410,32411,28625
28618,28625,32411,32412,28626
28619,28626,32412,32413,28627
28620,28627,32413,32414,28628
28621,28628,32414,32415,28629
28622,28629,32415,32416,28630
28623,28630,32416,32417,28631
28624,28631,32417,32418,28632
28625,28632,32418,32419,28633
28626,28633,32419,32420,28634
28627,28634,32420,32421,28635
28628,28635,32421,32422,28636
28629,28636,32422,32423,28637
28630,28637,32423,32424,28638
28631,28638,32424,32425,28639
28632,28639,32425,32426,28640
28633,28640,32426,32427,28641
28634,28641,32427,32428,28642
28635,28642,32428,32429,28643
28636,28643,32429,32430,28644
28637,28644,32430,32431,28645
28638,28645,32431,32432,28646
28639,28646,32432,32433,28647
28640,28647,32433,32434,28648
28641,28648,32434,32435,28649
28642,28649,32435,32436,28650
28643,28650,32436,32437,28651
28644,28651,32437,32438,28652
28645,28652,32438,32439,28653
28646,28653,32439,32440,28654
28647,28654,32440,32441,28655
28648,28655,32441,32442,28656
28649,28656,32442,32443,28657
28650,28657,32443,32444,28658
28651,28658,32444,32445,28659
28652,28659,32445,32446,28660
28653,28660,32446,32447,28661
28654,28661,32447,32448,28662
28655,28662,32448,32449,28663
28656,28663,32449,32450,28664
28657,28664,32450,32451,28665
28658,28665,32451,32452,28666
28659,28666,32452,32453,28667
28660,28667,32453,32454,28668
28661,28668,32454,32455,28669
28662,28669,32455,32456,28670
28663,28670,32456,32457,28671
28664,28671,32457,32458,28672
28665,28672,32458,32459,28673
28666,28673,32459,32460,28674
28667,28674,32460,32461,28675
28668,28675,32461,32462,28676
28669,28676,32462,32463,28677
28670,28677,32463,32464,28678
28671,28678,32464,32465,28679
28672,28679,32465,32466,28680
28673,28680,32466,32467,28681
28674,28681,32467,32468,28682
28675,28682,32468,32469,28683
28676,28683,32469,32470,28684
28677,28684,32470,32471,28685
28678,28685,32471,32472,28686
28679,28686,32472,32473,28687
28680,28687,32473,32474,28688
28681,28688,32474,32475,28689
28682,28689,32475,32476,28690
28683,28690,32476,32477,28691
28684,28691,32477,32478,28692
28685,28692,32478,32479,28693
28686,28693,32479,32480,28694
28687,28694,32480,32481,28695
28688,28695,32481,32482,28696
28689,28696,32482,32483,28697
28690,28697,32483,32484,28698
28691,28698,32484,32485,28699
28692,28699,32485,32486,28700
28693,28700,32486,32487,28701
28694,28701,32487,32488,28702
28695,28702,32488,32489,28703
28696,28703,32489,32490,28704
28697,28704,32490,32491,28705
28698,28705,32491,32492,28706
28699,28706,32492,32493,28707
28700,28707,32493,32494,28708
28701,28708,32494,32495,28709
28702,28709,32495,32496,28710
28703,28710,32496,32497,28711
28704,28711,32497,32498,28712
28705,28712,32498,32499,28713
28706,28713,32499,32500,28714
28707,28714,32500,32501,28715
28708,28715,32501,32502,28716
28709,28716,32502,32503,28717
28710,28717,32503,32504,28718
28711,28718,32504,32505,28719
28712,28719,32505,32506,28720
28713,28720,32506,32507,28721
28714,28721,32507,32508,28722
28715,28722,32508,32509,28723
28716,28723,32509,32510,28724
28717,28724,32510,32511,28725
28718,28725,32511,32512,28726
28719,28726,32512,32513,28727
28720,28727,32513,32514,28728
28721,28728,32514,32515,28729
28722,28729,32515,32516,28730
28723,28730,32516,32517,28731
28724,28731,32517,32518,28732
28725,28732,32518,32519,28733
28726,28733,32519,32520,28734
28727,28734,32520,32521,28735
28728,28735,32521,32522,28736
28729,28736,32522,32523,28737
28730,28737,32523,32524,28738
28731,28738,32524,32525,28739
28732,28739,32525,32526,28740
28733,28740,32526,32527,28741
28734,28741,32527,32528,28742
28735,28742,32528,32529,28743
28736,28743,32529,32530,28744
28737,28744,32530,32531,28745
28738,28745,32531,32532,28746
28739,28746,32532,32533,28747
28740,28747,32533,32534,28748
28741,28748,32534,32535,28749
28742,28749,32535,32536,28750
28743,28750,32536,32537,28751
28744,28751,32537,32538,28752
28745,28752,32538,32539,28753
28746,28753,32539,32540,28754
28747,28754,32540,32541,28755
28748,28755,32541,32542,28756
28749,28756,32542,32543,28757
28750,28757,32543,32544,28758
28751,28758,32544,32545,28759
28752,28759,32545,32546,28760
28753,28760,32546,32547,28761
28754,28761,32547,32548,28762
28755,28762,32548,32549,28763
28756,28763,32549,32550,28764
28757,28764,32550,32551,28765
28758,28765,32551,32552,28766
28759,28766,32552,32553,28767
28760,28767,32553,32554,28768
28761,28768,32554,32555,28769
28762,28769,32555,32556,28770
28763,28770,32556,32557,28771
28764,28771,32557,32558,28772
28765,28772,32558,32559,28773
28766,28773,32559,32560,28774
28767,28774,32560,32561,28775
28768,28775,32561,32562,28776
28769,28776,32562,32563,28777
28770,28777,32563,32564,28778
28771,28778,32564,32565,28779
28772,28779,32565,32566,28780
28773,28780,32566,32567,28781
28774,28781,32567,32568,28782
28775,28782,32568,32569,28783
28776,28783,32569,32570,28784
28777,28784,32570,32571,28785
28778,28785,32571,32572,28786
28779,28786,32572,32573,28787
28780,28787,32573,32574,28788
28781,28788,32574,32575,28789
28782,28789,32575,32576,28790
28783,28790,32576,32577,28791
28784,28791,32577,32578,28792
28785,28792,32578,32579,28793
28786,28793,32579,32580,28794
28787,28794,32580,32581,28795
28788,28795,32581,32582,28796
28789,28796,32582,32583,28797
28790,28797,32583,32584,28798
28791,28798,32584,32585,28799
28792,28799,32585,32586,28800
28793,28800,32586,32587,28801
28794,28801,32587,32588,28802
28795,28802,32588,32589,28803
28796,28803,32589,32590,28804
28797,28804,32590,32591,28805
28798,28805,32591,32592,28806
28799,28806,32592,32593,28807
28800,28807,32593,32594,28808
28801,28808,32594,32595,28809
28802,28809,32595,32596,28810
28803,28810,32596,32597,28811
28804,28811,32597,32598,28812
28805,28812,32598,32599,28813
28806,28813,32599,32600,28814
28807,28814,32600,32601,28815
28808,28815,32601,32602,28816
28809,28816,32602,32603,28817
28810,28817,32603,32604,28818
28811,28818,32604,32605,28819
28812,28819,32605,32606,28820
28813,28820,32606,32607,28821
28814,28821,32607,32608,28822
28815,28822,32608,32609,28823
28816,28823,32609,32610,28824
28817,28824,32610,32611,28825
28818,28825,32611,32612,28826
28819,28826,32612,32613,28827
28820,28827,32613,32614,28828
28821,28828,32614,32615,28829
28822,28829,32615,32616,28830
28823,28830,32616,32617,28831
28824,28831,32617,32618,28832
28825,28832,32618,32619,28833
28826,28833,32619,32620,28834
28827,28834,32620,32621,28835
28828,28835,32621,32622,28836
28829,28836,32622,32623,28837
28830,28837,32623,32624,28838
28831,28838,32624,32625,28839
28832,28839,32625,32626,28840
28833,28840,32626,32627,28841
28834,28841,32627,32628,28842
28835,28842,32628,32629,28843
28836,28843,32629,32630,28844
28837,28844,32630,32631,28845
28838,28845,32631,32632,28846
28839,28846,32632,32633,28847
28840,28847,32633,32634,28848
28841,28848,32634,32635,28849
28842,28849,32635,32636,28850
28843,28850,32636,32637,28851
28844,28851,32637,32638,28852
28845,28852,32638,32639,28853
28846,28853,32639,32640,28854
28847,28854,32640,32641,28855
28848,28855,32641,32642,28856
28849,28856,32642,32643,28857
28850,28857,32643,32644,28858
28851,28858,32644,32645,28859
28852,28859,32645,32646,28860
28853,28860,32646,32647,28861
28854,28861,32647,32648,28862
28855,28862,32648,32649,28863
28856,28863,32649,32650,28864
28857,28864,32650,32651,28865
28858,28865,32651,32652,28866
28859,28866,32652,32653,28867
28860,28867,32653,32654,28868
28861,28868,32654,32655,28869
28862,28869,32655,32656,28870
28863,28870,32656,32657,28871
28864,28871,32657,32658,28872
28865,28872,32658,32659,28873
28866,28873,32659,32660,28874
28867,28874,32660,32661,28875
28868,28875,32661,32662,28876
28869,28876,32662,32663,28877
28870,28877,32663,32664,28878
28871,28878,32664,32665,28879
28872,28879,32665,32666,28880
28873,28880,32666,32667,28881
28874,28881,32667,32668,28882
28875,28882,32668,32669,28883
28876,28883,32669,32670,28884
28877,28884,32670,32671,28885
28878,28885,32671,32672,28886
28879,28886,32672,32673,28887
28880,28887,32673,32674,28888
28881,28888,32674,32675,28889
28882,28889,32675,32676,28890
28883,28890,32676,32677,28891
28884,28891,32677,32678,28892
28885,28892,32678,32679,28893
28886,28893,32679,32680,28894
28887,28894,32680,32681,28895
28888,28895,32681,32682,28896
28889,28896,32682,32683,28897
28890,28897,32683,32684,28898
28891,28898,32684,32685,28899
28892,28899,32685,32686,28900
28893,28900,32686,32687,28901
28894,28901,32687,32688,28902
28895,28902,32688,32689,28903
28896,28903,32689,32690,28904
28897,28904,32690,32691,28905
28898,28905,32691,32692,28906
28899,28906,32692,32693,28907
28900,28907,32693,32694,28908
28901,28908,32694,32695,28909
28902,28909,32695,32696,28910
28903,28910,32696,32697,28911
28904,28911,32697,32698,28912
28905,28912,32698,32699,28913
28906,28913,32699,32700,28914
28907,28914,32700,32701,28915
28908,28915,32701,32702,28916
28909,28916,32702,32703,28917
28910,28917,32703,32704,28918
28911,28918,32704,32705,28919
28912,28919,32705,32706,28920
28913,28920,32706,32707,28921
28914,28921,32707,32708,28922
28915,28922,32708,32709,28923
28916,28923,32709,32710,28924
28917,28924,32710,32711,28925
28918,28925,32711,32712,28926
28919,28926,32712,32713,28927
28920,28927,32713,32714,28928
28921,28928,32714,32715,28929
28922,28929,32715,32716,28930
28923,28930,32716,32717,28931
28924,28931,32717,32718,28932
28925,28932,32718,32719,28933
28926,28933,32719,32720,28934
28927,28934,32720,32721,28935
28928,28935,32721,32722,28936
28929,28936,32722,32723,28937
28930,28937,32723,32724,28938
28931,28938,32724,32725,28939
28932,28939,32725,32726,28940
28933,28940,32726,32727,28941
28934,28941,32727,32728,28942
28935,28942,32728,32729,28943
28936,28943,32729,32730,28944
28937,28944,32730,32731,28945
28938,28945,32731,32732,28946
28939,28946,32732,32733,28947
28940,28947,32733,32734,28948
28941,28948,32734,32735,28949
28942,28949,32735,32736,28950
28943,28950,32736,32737,28951
28944,28951,32737,32738,28952
28945,28952,32738,32739,28953
28946,28953,32739,32740,28954
28947,28954,32740,32741,28955
28948,28955,32741,32742,28956
28949,28956,32742,32743,28957
28950,28957,32743,32744,28958
28951,28958,32744,32745,28959
28952,28959,32745,32746,28960
28953,28960,32746,32747,28961
28954,28961,32747,32748,28962
28955,28962,32748,32749,28963
28956,28963,32749,32750,28964
28957,28964,32750,32751,28965
28958,28965,32751,32752,28966
28959,28966,32752,32753,28967
28960,28967,32753,32754,28968
28961,28968,32754,32755,28969
28962,28969,32755,32756,28970
28963,28970,32756,32757,28971
28964,28971,32757,32758,28972
28965,28972,32758,32759,28973
28966,28973,32759,32760,28974
28967,28974,32760,32761,28975
28968,28975,32761,32762,28976
28969,28976,32762,32763,28977
28970,28977,32763,32764,28978
28971,28978,32764,32765,28979
28972,28979,32765,32766,28980
28973,28980,32766,32767,28981
28974,28981,32767,32768,28982
28975,28982,32768,32769,28983
28976,28983,32769,32770,28984
28977,28984,32770,32771,28985
28978,28985,32771,32772,28986
28979,28986,32772,32773,28987
28980,28987,32773,32774,28988
28981,28988,32774,32775,28989
28982,28989,32775,32776,28990
28983,28990,32776,32777,28991
28984,28991,32777,32778,28992
28985,28992,32778,32779,28993
28986,28993,32779,32780,28994
28987,28994,32780,32781,28995
28988,28995,32781,32782,28996
28989,28996,32782,32783,28997
28990,28997,32783,32784,28998
28991,28998,32784,32785,28999
28992,28999,32785,32786,29000
28993,29000,32786,32787,29001
28994,29001,32787,32788,29002
28995,29002,32788,32789,29003
28996,29003,32789,32790,29004
28997,29004,32790,32791,29005
28998,29005,32791,32792,29006
28999,29006,32792,32793,29007
29000,29007,32793,32794,29008
29001,29008,32794,32795,29009
29002,29009,32795,32796,29010
29003,29010,32796,32797,29011
29004,29011,32797,32798,29012
29005,29012,32798,32799,29013
29006,29013,32799,32800,29014
29007,29014,32800,32801,29015
29008,29015,32801,32802,29016
29009,29016,32802,32803,29017
29010,29017,32803,32804,29018
29011,29018,32804,32805,29019
29012,29019,32805,32806,29020
29013,29020,32806,32807,29021
29014,29021,32807,32808,29022
29015,29022,32808,32809,29023
29016,29023,32809,32810,29024
29017,29024,32810,32811,29025
29018,29025,32811,32812,29026
29019,29026,32812,32813,29027
29020,29027,32813,32814,29028
29021,29028,32814,32815,29029
29022,29029,32815,32816,29030
29023,29030,32816,32817,29031
29024,29031,32817,32818,29032
29025,29032,32818,32819,29033
29026,29033,32819,32820,29034
29027,29034,32820,32821,29035
29028,29035,32821,32822,29036
29029,29036,32822,32823,29037
29030,29037,32823,32824,29038
29031,29038,32824,32825,29039
29032,29039,32825,32826,29040
29033,29040,32826,32827,29041
29034,29041,32827,32828,29042
29035,29042,32828,32829,29043
29036,29043,32829,32830,29044
29037,29044,32830,32831,29045
29038,29045,32831,32832,29046
29039,29046,32832,32833,29047
29040,29047,32833,32834,29048
29041,29048,32834,32835,29049
29042,29049,32835,32836,29050
29043,29050,32836,32837,29051
29044,29051,32837,32838,29052
29045,29052,32838,32839,29053
29046,29053,32839,32840,29054
29047,29054,32840,32841,29055
29048,29055,32841,32842,29056
29049,29056,32842,32843,29057
29050,29057,32843,32844,29058
29051,29058,32844,32845,29059
29052,29059,32845,32846,29060
29053,29060,32846,32847,29061
29054,29061,32847,32848,29062
29055,29062,32848,32849,29063
29056,29063,32849,32850,29064
29057,29064,32850,32851,29065
29058,29065,32851,32852,29066
29059,29066,32852,32853,29067
29060,29067,32853,32854,29068
29061,29068,32854,32855,29069
29062,29069,32855,32856,29070
29063,29070,32856,32857,29071
29064,29071,32857,32858,29072
29065,29072,32858,32859,29073
29066,29073,32859,32860,29074
29067,29074,32860,32861,29075
29068,29075,32861,32862,29076
29069,29076,32862,32863,29077
29070,29077,32863,32864,29078
29071,29078,32864,32865,29079
29072,29079,32865,32866,29080
29073,29080,32866,32867,29081
29074,29081,32867,32868,29082
29075,29082,32868,32869,29083
29076,29083,32869,32870,29084
29077,29084,32870,32871,29085
29078,29085,32871,32872,29086
29079,29086,32872,32873,29087
29080,29087,32873,32874,29088
29081,29088,32874,32875,29089
29082,29089,32875,32876,29090
29083,29090,32876,32877,29091
29084,29091,32877,32878,29092
29085,29092,32878,32879,29093
29086,29093,32879,32880,29094
29087,29094,32880,32881,29095
29088,29095,32881,32882,29096
29089,29096,32882,32883,29097
29090,29097,32883,32884,29098
29091,29098,32884,32885,29099
29092,29099,32885,32886,29100
29093,29100,32886,32887,29101
29094,29101,32887,32888,29102
29095,29102,32888,32889,29103
29096,29103,32889,32890,29104
29097,29104,32890,32891,29105
29098,29105,32891,32892,29106
29099,29106,32892,32893,29107
29100,29107,32893,32894,29108
29101,29108,32894,32895,29109
29102,29109,32895,32896,29110
29103,29110,32896,32897,29111
29104,29111,32897,32898,29112
29105,29112,32898,32899,29113
29106,29113,32899,32900,29114
29107,29114,32900,32901,29115
29108,29115,32901,32902,29116
29109,29116,32902,32903,29117
29110,29117,32903,32904,29118
29111,29118,32904,32905,29119
29112,29119,32905,32906,29120
29113,29120,32906,32907,29121
29114,29121,32907,32908,29122
29115,29122,32908,32909,29123
29116,29123,32909,32910,29124
29117,29124,32910,32911,29125
29118,29125,32911,32912,29126
29119,29126,32912,32913,29127
29120,29127,32913,32914,29128
29121,29128,32914,32915,29129
29122,29129,32915,32916,29130
29123,29130,32916,32917,29131
29124,29131,32917,32918,29132
29125,29132,32918,32919,29133
29126,29133,32919,32920,29134
29127,29134,32920,32921,29135
29128,29135,32921,32922,29136
29129,29136,32922,32923,29137
29130,29137,32923,32924,29138
29131,29138,32924,32925,29139
29132,29139,32925,32926,29140
29133,29140,32926,32927,29141
29134,29141,32927,32928,29142
29135,29142,32928,32929,29143
29136,29143,32929,32930,29144
29137,29144,32930,32931,29145
29138,29145,32931,32932,29146
29139,29146,32932,32933,29147
29140,29147,32933,32934,29148
29141,29148,32934,32935,29149
29142,29149,32935,32936,29150
29143,29150,32936,32937,29151
29144,29151,32937,32938,29152
29145,29152,32938,32939,29153
29146,29153,32939,32940,29154
29147,29154,32940,32941,29155
29148,29155,32941,32942,29156
29149,29156,32942,32943,29157
29150,29157,32943,32944,29158
29151,29158,32944,32945,29159
29152,29159,32945,32946,29160
29153,29160,32946,32947,29161
29154,29161,32947,32948,29162
29155,29162,32948,32949,29163
29156,29163,32949,32950,29164
29157,29164,32950,32951,29165
29158,29165,32951,32952,29166
29159,29166,32952,32953,29167
29160,29167,32953,32954,29168
29161,29168,32954,32955,29169
29162,29169,32955,32956,29170
29163,29170,32956,32957,29171
29164,29171,32957,32958,29172
29165,29172,32958,32959,29173
29166,29173,32959,32960,29174
29167,29174,32960,32961,29175
29168,29175,32961,32962,29176
29169,29176,32962,32963,29177
29170,29177,32963,32964,29178
29171,29178,32964,32965,29179
29172,29179,32965,32966,29180
29173,29180,32966,32967,29181
29174,29181,32967,32968,29182
29175,29182,32968,32969,29183
29176,29183,32969,32970,29184
29177,29184,32970,32971,29185
29178,29185,32971,32972,29186
29179,29186,32972,32973,29187
29180,29187,32973,32974,29188
29181,29188,32974,32975,29189
29182,29189,32975,32976,29190
29183,29190,32976,32977,29191
29184,29191,32977,32978,29192
29185,29192,32978,32979,29193
29186,29193,32979,32980,29194
29187,29194,32980,32981,29195
29188,29195,32981,32982,29196
29189,29196,32982,32983,29197
29190,29197,32983,32984,29198
29191,29198,32984,32985,29199
29192,29199,32985,32986,29200
29193,29200,32986,32987,29201
29194,29201,32987,32988,29202
29195,29202,32988,32989,29203
29196,29203,32989,32990,29204
29197,29204,32990,32991,29205
29198,29205,32991,32992,29206
29199,29206,32992,32993,29207
29200,29207,32993,32994,29208
29201,29208,32994,32995,29209
29202,29209,32995,32996,29210
29203,29210,32996,32997,29211
29204,29211,32997,32998,29212
29205,29212,32998,32999,29213
29206,29213,32999,33000,29214
29207,29214,33000,33001,29215
29208,29215,33001,33002,29216
29209,29216,33002,33003,29217
29210,29217,33003,33004,29218
29211,29218,33004,33005,29219
29212,29219,33005,33006,29220
29213,29220,33006,33007,29221
29214,29221,33007,33008,29222
29215,29222,33008,33009,29223
29216,29223,33009,33010,29224
29217,29224,33010,33011,29225
29218,29225,33011,33012,29226
29219,29226,33012,33013,29227
29220,29227,33013,33014,29228
29221,29228,33014,33015,29229
29222,29229,33015,33016,29230
29223,29230,33016,33017,29231
29224,29231,33017,33018,29232
29225,29232,33018,33019,29233
29226,29233,33019,33020,29234
29227,29234,33020,33021,29235
29228,29235,33021,33022,29236
29229,29236,33022,33023,29237
29230,29237,33023,33024,29238
29231,29238,33024,33025,29239
29232,29239,33025,33026,29240
29233,29240,33026,33027,29241
29234,29241,33027,33028,29242
29235,29242,33028,33029,29243
29236,29243,33029,33030,29244
29237,29244,33030,33031,29245
29238,29245,33031,33032,29246
29239,29246,33032,33033,29247
29240,29247,33033,33034,29248
29241,29248,33034,33035,29249
29242,29249,33035,33036,29250
29243,29250,33036,33037,29251
29244,29251,33037,33038,29252
29245,29252,33038,33039,29253
29246,29253,33039,33040,29254
29247,29254,33040,33041,29255
29248,29255,33041,33042,29256
29249,29256,33042,33043,29257
29250,29257,33043,33044,29258
29251,29258,33044,33045,29259
29252,29259,33045,33046,29260
29253,29260,33046,33047,29261
29254,29261,33047,33048,29262
29255,29262,33048,33049,29263
29256,29263,33049,33050,29264
29257,29264,33050,33051,29265
29258,29265,33051,33052,29266
29259,29266,33052,33053,29267
29260,29267,33053,33054,29268
29261,29268,33054,33055,29269
29262,29269,33055,33056,29270
29263,29270,33056,33057,29271
29264,29271,33057,33058,29272
29265,29272,33058,33059,29273
29266,29273,33059,33060,29274
29267,29274,33060,33061,29275
29268,29275,33061,33062,29276
29269,29276,33062,33063,29277
29270,29277,33063,33064,29278
29271,29278,33064,33065,29279
29272,29279,33065,33066,29280
29273,29280,33066,33067,29281
29274,29281,33067,33068,29282
29275,29282,33068,33069,29283
29276,29283,33069,33070,29284
29277,29284,33070,33071,29285
29278,29285,33071,33072,29286
29279,29286,33072,33073,29287
29280,29287,33073,33074,29288
29281,29288,33074,33075,29289
29282,29289,33075,33076,29290
29283,29290,33076,33077,29291
29284,29291,33077,33078,29292
29285,29292,33078,33079,29293
29286,29293,33079,33080,29294
29287,29294,33080,33081,29295
29288,29295,33081,33082,29296
29289,29296,33082,33083,29297
29290,29297,33083,33084,29298
29291,29298,33084,33085,29299
29292,29299,33085,33086,29300
29293,29300,33086,33087,29301
29294,29301,33087,33088,29302
29295,29302,33088,33089,29303
29296,29303,33089,33090,29304
29297,29304,33090,33091,29305
29298,29305,33091,33092,29306
29299,29306,33092,33093,29307
29300,29307,33093,33094,29308
29301,29308,33094,33095,29309
29302,29309,33095,33096,29310
29303,29310,33096,33097,29311
29304,29311,33097,33098,29312
29305,29312,33098,33099,29313
29306,29313,33099,33100,29314
29307,29314,33100,33101,29315
29308,29315,33101,33102,29316
29309,29316,33102,33103,29317
29310,29317,33103,33104,29318
29311,29318,33104,33105,29319
29312,29319,33105,33106,29320
29313,29320,33106,33107,29321
29314,29321,33107,33108,29322
29315,29322,33108,33109,29323
29316,29323,33109,33110,29324
29317,29324,33110,33111,29325
29318,29325,33111,33112,29326
29319,29326,33112,33113,29327
29320,29327,33113,33114,29328
29321,29328,33114,33115,29329
29322,29329,33115,33116,29330
29323,29330,33116,33117,29331
29324,29331,33117,33118,29332
29325,29332,33118,33119,29333
29326,29333,33119,33120,29334
29327,29334,33120,33121,29335
29328,29335,33121,33122,29336
29329,29336,33122,33123,29337
29330,29337,33123,33124,29338
29331,29338,33124,33125,29339
29332,29339,33125,33126,29340
29333,29340,33126,33127,29341
29334,29341,33127,33128,29342
29335,29342,33128,33129,29343
29336,29343,33129,33130,29344
29337,29344,33130,33131,29345
29338,29345,33131,33132,29346
29339,29346,33132,33133,29347
29340,29347,33133,33134,29348
29341,29348,33134,33135,29349
29342,29349,33135,33136,29350
29343,29350,33136,33137,29351
29344,29351,33137,33138,29352
29345,29352,33138,33139,29353
29346,29353,33139,33140,29354
29347,29354,33140,33141,29355
29348,29355,33141,33142,29356
29349,29356,33142,33143,29357
29350,29357,33143,33144,29358
29351,29358,33144,33145,29359
29352,29359,33145,33146,29360
29353,29360,33146,33147,29361
29354,29361,33147,33148,29362
29355,29362,33148,33149,29363
29356,29363,33149,33150,29364
29357,29364,33150,33151,29365
29358,29365,33151,33152,29366
29359,29366,33152,33153,29367
29360,29367,33153,33154,29368
29361,29368,33154,33155,29369
29362,29369,33155,33156,29370
29363,29370,33156,33157,29371
29364,29371,33157,33158,29372
29365,29372,33158,33159,29373
29366,29373,33159,33160,29374
29367,29374,33160,33161,29375
29368,29375,33161,33162,29376
29369,29376,33162,33163,29377
29370,29377,33163,33164,29378
29371,29378,33164,33165,29379
29372,29379,33165,33166,29380
29373,29380,33166,33167,29381
29374,29381,33167,33168,29382
29375,29382,33168,33169,29383
29376,29383,33169,33170,29384
29377,29384,33170,33171,29385
29378,29385,33171,33172,29386
29379,29386,33172,33173,29387
29380,29387,33173,33174,29388
29381,29388,33174,33175,29389
29382,29389,33175,33176,29390
29383,29390,33176,33177,29391
29384,29391,33177,33178,29392
29385,29392,33178,33179,29393
29386,29393,33179,33180,29394
29387,29394,33180,33181,29395
29388,29395,33181,33182,29396
29389,29396,33182,33183,29397
29390,29397,33183,33184,29398
29391,29398,33184,33185,29399
29392,29399,33185,33186,29400
29393,29400,33186,33187,29401
29394,29401,33187,33188,29402
29395,29402,33188,33189,29403
29396,29403,33189,33190,29404
29397,29404,33190,33191,29405
29398,29405,33191,33192,29406
29399,29406,33192,33193,29407
29400,29407,33193,33194,29408
29401,29408,33194,33195,29409
29402,29409,33195,33196,29410
29403,29410,33196,33197,29411
29404,29411,33197,33198,29412
29405,29412,33198,33199,29413
29406,29413,33199,33200,29414
29407,29414,33200,33201,29415
29408,29415,33201,33202,29416
29409,29416,33202,33203,29417
29410,29417,33203,33204,29418
29411,29418,33204,33205,29419
29412,29419,33205,33206,29420
29413,29420,33206,33207,29421
29414,29421,33207,33208,29422
29415,29422,33208,33209,29423
29416,29423,33209,33210,29424
29417,29424,33210,33211,29425
29418,29425,33211,33212,29426
29419,29426,33212,33213,29427
29420,29427,33213,33214,29428
29421,29428,33214,33215,29429
29422,29429,33215,33216,29430
29423,29430,33216,33217,29431
29424,29431,33217,33218,29432
29425,29432,33218,33219,29433
29426,29433,33219,33220,29434
29427,29434,33220,33221,29435
29428,29435,33221,33222,29436
29429,29436,33222,33223,29437
29430,29437,33223,33224,29438
29431,29438,33224,33225,29439
29432,29439,33225,33226,29440
29433,29440,33226,33227,29441
29434,29441,33227,33228,29442
29435,29442,33228,33229,29443
29436,29443,33229,33230,29444
29437,29444,33230,33231,29445
29438,29445,33231,33232,29446
29439,29446,33232,33233,29447
29440,29447,33233,33234,29448
29441,29448,33234,33235,29449
29442,29449,33235,33236,29450
29443,29450,33236,33237,29451
29444,29451,33237,33238,29452
29445,29452,33238,33239,29453
29446,29453,33239,33240,29454
29447,29454,33240,33241,29455
29448,29455,33241,33242,29456
29449,29456,33242,33243,29457
29450,29457,33243,33244,29458
29451,29458,33244,33245,29459
29452,29459,33245,33246,29460
29453,29460,33246,33247,29461
29454,29461,33247,33248,29462
29455,29462,33248,33249,29463
29456,29463,33249,33250,29464
29457,29464,33250,33251,29465
29458,29465,33251,33252,29466
29459,29466,33252,33253,29467
29460,29467,33253,33254,29468
29461,29468,33254,33255,29469
29462,29469,33255,33256,29470
29463,29470,33256,33257,29471
29464,29471,33257,33258,29472
29465,29472,33258,33259,29473
29466,29473,33259,33260,29474
29467,29474,33260,33261,29475
29468,29475,33261,33262,29476
29469,29476,33262,33263,29477
29470,29477,33263,33264,29478
29471,29478,33264,33265,29479
29472,29479,33265,33266,29480
29473,29480,33266,33267,29481
29474,29481,33267,33268,29482
29475,29482,33268,33269,29483
29476,29483,33269,33270,29484
29477,29484,33270,33271,29485
29478,29485,33271,33272,29486
29479,29486,33272,33273,29487
29480,29487,33273,33274,29488
29481,29488,33274,33275,29489
29482,29489,33275,33276,29490
29483,29490,33276,33277,29491
29484,29491,33277,33278,29492
29485,29492,33278,33279,29493
29486,29493,33279,33280,29494
29487,29494,33280,33281,29495
29488,29495,33281,33282,29496
29489,29496,33282,33283,29497
29490,29497,33283,33284,29498
29491,29498,33284,33285,29499
29492,29499,33285,33286,29500
29493,29500,33286,33287,29501
29494,29501,33287,33288,29502
29495,29502,33288,33289,29503
29496,29503,33289,33290,29504
29497,29504,33290,33291,29505
29498,29505,33291,33292,29506
29499,29506,33292,33293,29507
29500,29507,33293,33294,29508
29501,29508,33294,33295,29509
29502,29509,33295,33296,29510
29503,29510,33296,33297,29511
29504,29511,33297,33298,29512
29505,29512,33298,33299,29513
29506,29513,33299,33300,29514
29507,29514,33300,33301,29515
29508,29515,33301,33302,29516
29509,29516,33302,33303,29517
29510,29517,33303,33304,29518
29511,29518,33304,33305,29519
29512,29519,33305,33306,29520
29513,29520,33306,33307,29521
29514,29521,33307,33308,29522
29515,29522,33308,33309,29523
29516,29523,33309,33310,29524
29517,29524,33310,33311,29525
29518,29525,33311,33312,29526
29519,29526,33312,33313,29527
29520,29527,33313,33314,29528
29521,29528,33314,33315,29529
29522,29529,33315,33316,29530
29523,29530,33316,33317,29531
29524,29531,33317,33318,29532
29525,29532,33318,33319,29533
29526,29533,33319,33320,29534
29527,29534,33320,33321,29535
29528,29535,33321,33322,29536
29529,29536,33322,33323,29537
29530,29537,33323,33324,29538
29531,29538,33324,33325,29539
29532,29539,33325,33326,29540
29533,29540,33326,33327,29541
29534,29541,33327,33328,29542
29535,29542,33328,33329,29543
29536,29543,33329,33330,29544
29537,29544,33330,33331,29545
29538,29545,33331,33332,29546
29539,29546,33332,33333,29547
29540,29547,33333,33334,29548
29541,29548,33334,33335,29549
29542,29549,33335,33336,29550
29543,29550,33336,33337,29551
29544,29551,33337,33338,29552
29545,29552,33338,33339,29553
29546,29553,33339,33340,29554
29547,29554,33340,33341,29555
29548,29555,33341,33342,29556
29549,29556,33342,33343,29557
29550,29557,33343,33344,29558
29551,29558,33344,33345,29559
29552,29559,33345,33346,29560
29553,29560,33346,33347,29561
29554,29561,33347,33348,29562
29555,29562,33348,33349,29563
29556,29563,33349,33350,29564
29557,29564,33350,33351,29565
29558,29565,33351,33352,29566
29559,29566,33352,33353,29567
29560,29567,33353,33354,29568
29561,29568,33354,33355,29569
29562,29569,33355,33356,29570
29563,29570,33356,33357,29571
29564,29571,33357,33358,29572
29565,29572,33358,33359,29573
29566,29573,33359,33360,29574
29567,29574,33360,33361,29575
29568,29575,33361,33362,29576
29569,29576,33362,33363,29577
29570,29577,33363,33364,29578
29571,29578,33364,33365,29579
29572,29579,33365,33366,29580
29573,29580,33366,33367,29581
29574,29581,33367,33368,29582
29575,29582,33368,33369,29583
29576,29583,33369,33370,29584
29577,29584,33370,33371,29585
29578,29585,33371,33372,29586
29579,29586,33372,33373,29587
29580,29587,33373,33374,29588
29581,29588,33374,33375,29589
29582,29589,33375,33376,29590
29583,29590,33376,33377,29591
29584,29591,33377,33378,29592
29585,29592,33378,33379,29593
29586,29593,33379,33380,29594
29587,29594,33380,33381,29595
29588,29595,33381,33382,29596
29589,29596,33382,33383,29597
29590,29597,33383,33384,29598
29591,29598,33384,33385,29599
29592,29599,33385,33386,29600
29593,29600,33386,33387,29601
29594,29601,33387,33388,29602
29595,29602,33388,33389,29603
29596,29603,33389,33390,29604
29597,29604,33390,33391,29605
29598,29605,33391,33392,29606
29599,29606,33392,33393,29607
29600,29607,33393,33394,29608
29601,29608,33394,33395,29609
29602,29609,33395,33396,29610
29603,29610,33396,33397,29611
29604,29611,33397,33398,29612
29605,29612,33398,33399,29613
29606,29613,33399,33400,29614
29607,29614,33400,33401,29615
29608,29615,33401,33402,29616
29609,29616,33402,33403,29617
29610,29617,33403,33404,29618
29611,29618,33404,33405,29619
29612,29619,33405,33406,29620
29613,29620,33406,33407,29621
29614,29621,33407,33408,29622
29615,29622,33408,33409,29623
29616,29623,33409,33410,29624
29617,29624,33410,33411,29625
29618,29625,33411,33412,29626
29619,29626,33412,33413,29627
29620,29627,33413,33414,29628
29621,29628,33414,33415,29629
29622,29629,33415,33416,29630
29623,29630,33416,33417,29631
29624,29631,33417,33418,29632
29625,29632,33418,33419,29633
29626,29633,33419,33420,29634
29627,29634,33420,33421,29635
29628,29635,33421,33422,29636
29629,29636,33422,33423,29637
29630,29637,33423,33424,29638
29631,29638,33424,33425,29639
29632,29639,33425,33426,29640
29633,29640,33426,33427,29641
29634,29641,33427,33428,29642
29635,29642,33428,33429,29643
29636,29643,33429,33430,29644
29637,29644,33430,33431,29645
29638,29645,33431,33432,29646
29639,29646,33432,33433,29647
29640,29647,33433,33434,29648
29641,29648,33434,33435,29649
29642,29649,33435,33436,29650
29643,29650,33436,33437,29651
29644,29651,33437,33438,29652
29645,29652,33438,33439,29653
29646,29653,33439,33440,29654
29647,29654,33440,33441,29655
29648,29655,33441,33442,29656
29649,29656,33442,33443,29657
29650,29657,33443,33444,29658
29651,29658,33444,33445,29659
29652,29659,33445,33446,29660
29653,29660,33446,33447,29661
29654,29661,33447,33448,29662
29655,29662,33448,33449,29663
29656,29663,33449,33450,29664
29657,29664,33450,33451,29665
29658,29665,33451,33452,29666
29659,29666,33452,33453,29667
29660,29667,33453,33454,29668
29661,29668,33454,33455,29669
29662,29669,33455,33456,29670
29663,29670,33456,33457,29671
29664,29671,33457,33458,29672
29665,29672,33458,33459,29673
29666,29673,33459,33460,29674
29667,29674,33460,33461,29675
29668,29675,33461,33462,29676
29669,29676,33462,33463,29677
29670,29677,33463,33464,29678
29671,29678,33464,33465,29679
29672,29679,33465,33466,29680
29673,29680,33466,33467,29681
29674,29681,33467,33468,29682
29675,29682,33468,33469,29683
29676,29683,33469,33470,29684
29677,29684,33470,33471,29685
29678,29685,33471,33472,29686
29679,29686,33472,33473,29687
29680,29687,33473,33474,29688
29681,29688,33474,33475,29689
29682,29689,33475,33476,29690
29683,29690,33476,33477,29691
29684,29691,33477,33478,29692
29685,29692,33478,33479,29693
29686,29693,33479,33480,29694
29687,29694,33480,33481,29695
29688,29695,33481,33482,29696
29689,29696,33482,33483,29697
29690,29697,33483,33484,29698
29691,29698,33484,33485,29699
29692,29699,33485,33486,29700
29693,29700,33486,33487,29701
29694,29701,33487,33488,29702
29695,29702,33488,33489,29703
29696,29703,33489,33490,29704
29697,29704,33490,33491,29705
29698,29705,33491,33492,29706
29699,29706,33492,33493,29707
29700,29707,33493,33494,29708
29701,29708,33494,33495,29709
29702,29709,33495,33496,29710
29703,29710,33496,33497,29711
29704,29711,33497,33498,29712
29705,29712,33498,33499,29713
29706,29713,33499,33500,29714
29707,29714,33500,33501,29715
29708,29715,33501,33502,29716
29709,29716,33502,33503,29717
29710,29717,33503,33504,29718
29711,29718,33504,33505,29719
29712,29719,33505,33506,29720
29713,29720,33506,33507,29721
29714,29721,33507,33508,29722
29715,29722,33508,33509,29723
29716,29723,33509,33510,29724
29717,29724,33510,33511,29725
29718,29725,33511,33512,29726
29719,29726,33512,33513,29727
29720,29727,33513,33514,29728
29721,29728,33514,33515,29729
29722,29729,33515,33516,29730
29723,29730,33516,33517,29731
29724,29731,33517,33518,29732
29725,29732,33518,33519,29733
29726,29733,33519,33520,29734
29727,29734,33520,33521,29735
29728,29735,33521,33522,29736
29729,29736,33522,33523,29737
29730,29737,33523,33524,29738
29731,29738,33524,33525,29739
29732,29739,33525,33526,29740
29733,29740,33526,33527,29741
29734,29741,33527,33528,29742
29735,29742,33528,33529,29743
29736,29743,33529,33530,29744
29737,29744,33530,33531,29745
29738,29745,33531,33532,29746
29739,29746,33532,33533,29747
29740,29747,33533,33534,29748
29741,29748,33534,33535,29749
29742,29749,33535,33536,29750
29743,29750,33536,33537,29751
29744,29751,33537,33538,29752
29745,29752,33538,33539,29753
29746,29753,33539,33540,29754
29747,29754,33540,33541,29755
29748,29755,33541,33542,29756
29749,29756,33542,33543,29757
29750,29757,33543,33544,29758
29751,29758,33544,33545,29759
29752,29759,33545,33546,29760
29753,29760,33546,33547,29761
29754,29761,33547,33548,29762
29755,29762,33548,33549,29763
29756,29763,33549,33550,29764
29757,29764,33550,33551,29765
29758,29765,33551,33552,29766
29759,29766,33552,33553,29767
29760,29767,33553,33554,29768
29761,29768,33554,33555,29769
29762,29769,33555,33556,29770
29763,29770,33556,33557,29771
29764,29771,33557,33558,29772
29765,29772,33558,33559,29773
29766,29773,33559,33560,29774
29767,29774,33560,33561,29775
29768,29775,33561,33562,29776
29769,29776,33562,33563,29777
29770,29777,33563,33564,29778
29771,29778,33564,33565,29779
29772,29779,33565,33566,29780
29773,29780,33566,33567,29781
29774,29781,33567,33568,29782
29775,29782,33568,33569,29783
29776,29783,33569,33570,29784
29777,29784,33570,33571,29785
29778,29785,33571,33572,29786
29779,29786,33572,33573,29787
29780,29787,33573,33574,29788
29781,29788,33574,33575,29789
29782,29789,33575,33576,29790
29783,29790,33576,33577,29791
29784,29791,33577,33578,29792
29785,29792,33578,33579,29793
29786,29793,33579,33580,29794
29787,29794,33580,33581,29795
29788,29795,33581,33582,29796
29789,29796,33582,33583,29797
29790,29797,33583,33584,29798
29791,29798,33584,33585,29799
29792,29799,33585,33586,29800
29793,29800,33586,33587,29801
29794,29801,33587,33588,29802
29795,29802,33588,33589,29803
29796,29803,33589,33590,29804
29797,29804,33590,33591,29805
29798,29805,33591,33592,29806
29799,29806,33592,33593,29807
29800,29807,33593,33594,29808
29801,29808,33594,33595,29809
29802,29809,33595,33596,29810
29803,29810,33596,33597,29811
29804,29811,33597,33598,29812
29805,29812,33598,33599,29813
29806,29813,33599,33600,29814
29807,29814,33600,33601,29815
29808,29815,33601,33602,29816
29809,29816,33602,33603,29817
29810,29817,33603,33604,29818
29811,29818,33604,33605,29819
29812,29819,33605,33606,29820
29813,29820,33606,33607,29821
29814,29821,33607,33608,29822
29815,29822,33608,33609,29823
29816,29823,33609,33610,29824
29817,29824,33610,33611,29825
29818,29825,33611,33612,29826
29819,29826,33612,33613,29827
29820,29827,33613,33614,29828
29821,29828,33614,33615,29829
29822,29829,33615,33616,29830
29823,29830,33616,33617,29831
29824,29831,33617,33618,29832
29825,29832,33618,33619,29833
29826,29833,33619,33620,29834
29827,29834,33620,33621,29835
29828,29835,33621,33622,29836
29829,29836,33622,33623,29837
29830,29837,33623,33624,29838
29831,29838,33624,33625,29839
29832,29839,33625,33626,29840
29833,29840,33626,33627,29841
29834,29841,33627,33628,29842
29835,29842,33628,33629,29843
29836,29843,33629,33630,29844
29837,29844,33630,33631,29845
29838,29845,33631,33632,29846
29839,29846,33632,33633,29847
29840,29847,33633,33634,29848
29841,29848,33634,33635,29849
29842,29849,33635,33636,29850
29843,29850,33636,33637,29851
29844,29851,33637,33638,29852
29845,29852,33638,33639,29853
29846,29853,33639,33640,29854
29847,29854,33640,33641,29855
29848,29855,33641,33642,29856
29849,29856,33642,33643,29857
29850,29857,33643,33644,29858
29851,29858,33644,33645,29859
29852,29859,33645,33646,29860
29853,29860,33646,33647,29861
29854,29861,33647,33648,29862
29855,29862,33648,33649,29863
29856,29863,33649,33650,29864
29857,29864,33650,33651,29865
29858,29865,33651,33652,29866
29859,29866,33652,33653,29867
29860,29867,33653,33654,29868
29861,29868,33654,33655,29869
29862,29869,33655,33656,29870
29863,29870,33656,33657,29871
29864,29871,33657,33658,29872
29865,29872,33658,33659,29873
29866,29873,33659,33660,29874
29867,29874,33660,33661,29875
29868,29875,33661,33662,29876
29869,29876,33662,33663,29877
29870,29877,33663,33664,29878
29871,29878,33664,33665,29879
29872,29879,33665,33666,29880
29873,29880,33666,33667,29881
29874,29881,33667,33668,29882
29875,29882,33668,33669,29883
29876,29883,33669,33670,29884
29877,29884,33670,33671,29885
29878,29885,33671,33672,29886
29879,29886,33672,33673,29887
29880,29887,33673,33674,29888
29881,29888,33674,33675,29889
29882,29889,33675,33676,29890
29883,29890,33676,33677,29891
29884,29891,33677,33678,29892
29885,29892,33678,33679,29893
29886,29893,33679,33680,29894
29887,29894,33680,33681,29895
29888,29895,33681,33682,29896
29889,29896,33682,33683,29897
29890,29897,33683,33684,29898
29891,29898,33684,33685,29899
29892,29899,33685,33686,29900
29893,29900,33686,33687,29901
29894,29901,33687,33688,29902
29895,29902,33688,33689,29903
29896,29903,33689,33690,29904
29897,29904,33690,33691,29905
29898,29905,33691,33692,29906
29899,29906,33692,33693,29907
29900,29907,33693,33694,29908
29901,29908,33694,33695,29909
29902,29909,33695,33696,29910
29903,29910,33696,33697,29911
29904,29911,33697,33698,29912
29905,29912,33698,33699,29913
29906,29913,33699,33700,29914
29907,29914,33700,33701,29915
29908,29915,33701,33702,29916
29909,29916,33702,33703,29917
29910,29917,33703,33704,29918
29911,29918,33704,33705,29919
29912,29919,33705,33706,29920
29913,29920,33706,33707,29921
29914,29921,33707,33708,29922
29915,29922,33708,33709,29923
29916,29923,33709,33710,29924
29917,29924,33710,33711,29925
29918,29925,33711,33712,29926
29919,29926,33712,33713,29927
29920,29927,33713,33714,29928
29921,29928,33714,33715,29929
29922,29929,33715,33716,29930
29923,29930,33716,33717,29931
29924,29931,33717,33718,29932
29925,29932,33718,33719,29933
29926,29933,33719,33720,29934
29927,29934,33720,33721,29935
29928,29935,33721,33722,29936
29929,29936,33722,33723,29937
29930,29937,33723,33724,29938
29931,29938,33724,33725,29939
29932,29939,33725,33726,29940
29933,29940,33726,33727,29941
29934,29941,33727,33728,29942
29935,29942,33728,33729,29943
29936,29943,33729,33730,29944
29937,29944,33730,33731,29945
29938,29945,33731,33732,29946
29939,29946,33732,33733,29947
29940,29947,33733,33734,29948
29941,29948,33734,33735,29949
29942,29949,33735,33736,29950
29943,29950,33736,33737,29951
29944,29951,33737,33738,29952
29945,29952,33738,33739,29953
29946,29953,33739,33740,29954
29947,29954,33740,33741,29955
29948,29955,33741,33742,29956
29949,29956,33742,33743,29957
29950,29957,33743,33744,29958
29951,29958,33744,33745,29959
29952,29959,33745,33746,29960
29953,29960,33746,33747,29961
29954,29961,33747,33748,29962
29955,29962,33748,33749,29963
29956,29963,33749,33750,29964
29957,29964,33750,33751,29965
29958,29965,33751,33752,29966
29959,29966,33752,33753,29967
29960,29967,33753,33754,29968
29961,29968,33754,33755,29969
29962,29969,33755,33756,29970
29963,29970,33756,33757,29971
29964,29971,33757,33758,29972
29965,29972,33758,33759,29973
29966,29973,33759,33760,29974
29967,29974,33760,33761,29975
29968,29975,33761,33762,29976
29969,29976,33762,33763,29977
29970,29977,33763,33764,29978
29971,29978,33764,33765,29979
29972,29979,33765,33766,29980
29973,29980,33766,33767,29981
29974,29981,33767,33768,29982
29975,29982,33768,33769,29983
29976,29983,33769,33770,29984
29977,29984,33770,33771,29985
29978,29985,33771,33772,29986
29979,29986,33772,33773,29987
29980,29987,33773,33774,29988
29981,29988,33774,33775,29989
29982,29989,33775,33776,29990
29983,29990,33776,33777,29991
29984,29991,33777,33778,29992
29985,29992,33778,33779,29993
29986,29993,33779,33780,29994
29987,29994,33780,33781,29995
29988,29995,33781,33782,29996
29989,29996,33782,33783,29997
29990,29997,33783,33784,29998
29991,29998,33784,33785,29999
29992,29999,33785,33786,30000
29993,30000,33786,33787,30001
29994,30001,33787,33788,30002
29995,30002,33788,33789,30003
29996,30003,33789,33790,30004
29997,30004,33790,33791,30005
29998,30005,33791,33792,30006
29999,30006,33792,33793,30007
30000,30007,33793,33794,30008
30001,30008,33794,33795,30009
30002,30009,33795,33796,30010
30003,30010,33796,33797,30011
30004,30011,33797,33798,30012
30005,30012,33798,33799,30013
30006,30013,33799,33800,30014
30007,30014,33800,33801,30015
30008,30015,33801,33802,30016
30009,30016,33802,33803,30017
30010,30017,33803,33804,30018
30011,30018,33804,33805,30019
30012,30019,33805,33806,30020
30013,30020,33806,33807,30021
30014,30021,33807,33808,30022
30015,30022,33808,33809,30023
30016,30023,33809,33810,30024
30017,30024,33810,33811,30025
30018,30025,33811,33812,30026
30019,30026,33812,33813,30027
30020,30027,33813,33814,30028
30021,30028,33814,33815,30029
30022,30029,33815,33816,30030
30023,30030,33816,33817,30031
30024,30031,33817,33818,30032
30025,30032,33818,33819,30033
30026,30033,33819,33820,30034
30027,30034,33820,33821,30035
30028,30035,33821,33822,30036
30029,30036,33822,33823,30037
30030,30037,33823,33824,30038
30031,30038,33824,33825,30039
30032,30039,33825,33826,30040
30033,30040,33826,33827,30041
30034,30041,33827,33828,30042
30035,30042,33828,33829,30043
30036,30043,33829,33830,30044
30037,30044,33830,33831,30045
30038,30045,33831,33832,30046
30039,30046,33832,33833,30047
30040,30047,33833,33834,30048
30041,30048,33834,33835,30049
30042,30049,33835,33836,30050
30043,30050,33836,33837,30051
30044,30051,33837,33838,30052
30045,30052,33838,33839,30053
30046,30053,33839,33840,30054
30047,30054,33840,33841,30055
30048,30055,33841,33842,30056
30049,30056,33842,33843,30057
30050,30057,33843,33844,30058
30051,30058,33844,33845,30059
30052,30059,33845,33846,30060
30053,30060,33846,33847,30061
30054,30061,33847,33848,30062
30055,30062,33848,33849,30063
30056,30063,33849,33850,30064
30057,30064,33850,33851,30065
30058,30065,33851,33852,30066
30059,30066,33852,33853,30067
30060,30067,33853,33854,30068
30061,30068,33854,33855,30069
30062,30069,33855,33856,30070
30063,30070,33856,33857,30071
30064,30071,33857,33858,30072
30065,30072,33858,33859,30073
30066,30073,33859,33860,30074
30067,30074,33860,33861,30075
30068,30075,33861,33862,30076
30069,30076,33862,33863,30077
30070,30077,33863,33864,30078
30071,30078,33864,33865,30079
30072,30079,33865,33866,30080
30073,30080,33866,33867,30081
30074,30081,33867,33868,30082
30075,30082,33868,33869,30083
30076,30083,33869,33870,30084
30077,30084,33870,33871,30085
30078,30085,33871,33872,30086
30079,30086,33872,33873,30087
30080,30087,33873,33874,30088
30081,30088,33874,33875,30089
30082,30089,33875,33876,30090
30083,30090,33876,33877,30091
30084,30091,33877,33878,30092
30085,30092,33878,33879,30093
30086,30093,33879,33880,30094
30087,30094,33880,33881,30095
30088,30095,33881,33882,30096
30089,30096,33882,33883,30097
30090,30097,33883,33884,30098
30091,30098,33884,33885,30099
30092,30099,33885,33886,30100
30093,30100,33886,33887,30101
30094,30101,33887,33888,30102
30095,30102,33888,33889,30103
30096,30103,33889,33890,30104
30097,30104,33890,33891,30105
30098,30105,33891,33892,30106
30099,30106,33892,33893,30107
30100,30107,33893,33894,30108
30101,30108,33894,33895,30109
30102,30109,33895,33896,30110
30103,30110,33896,33897,30111
30104,30111,33897,33898,30112
30105,30112,33898,33899,30113
30106,30113,33899,33900,30114
30107,30114,33900,33901,30115
30108,30115,33901,33902,30116
30109,30116,33902,33903,30117
30110,30117,33903,33904,30118
30111,30118,33904,33905,30119
30112,30119,33905,33906,30120
30113,30120,33906,33907,30121
30114,30121,33907,33908,30122
30115,30122,33908,33909,30123
30116,30123,33909,33910,30124
30117,30124,33910,33911,30125
30118,30125,33911,33912,30126
30119,30126,33912,33913,30127
30120,30127,33913,33914,30128
30121,30128,33914,33915,30129
30122,30129,33915,33916,30130
30123,30130,33916,33917,30131
30124,30131,33917,33918,30132
30125,30132,33918,33919,30133
30126,30133,33919,33920,30134
30127,30134,33920,33921,30135
30128,30135,33921,33922,30136
30129,30136,33922,33923,30137
30130,30137,33923,33924,30138
30131,30138,33924,33925,30139
30132,30139,33925,33926,30140
30133,30140,33926,33927,30141
30134,30141,33927,33928,30142
30135,30142,33928,33929,30143
30136,30143,33929,33930,30144
30137,30144,33930,33931,30145
30138,30145,33931,33932,30146
30139,30146,33932,33933,30147
30140,30147,33933,33934,30148
30141,30148,33934,33935,30149
30142,30149,33935,33936,30150
30143,30150,33936,33937,30151
30144,30151,33937,33938,30152
30145,30152,33938,33939,30153
30146,30153,33939,33940,30154
30147,30154,33940,33941,30155
30148,30155,33941,33942,30156
30149,30156,33942,33943,30157
30150,30157,33943,33944,30158
30151,30158,33944,33945,30159
30152,30159,33945,33946,30160
30153,30160,33946,33947,30161
30154,30161,33947,33948,30162
30155,30162,33948,33949,30163
30156,30163,33949,33950,30164
30157,30164,33950,33951,30165
30158,30165,33951,33952,30166
30159,30166,33952,33953,30167
30160,30167,33953,33954,30168
30161,30168,33954,33955,30169
30162,30169,33955,33956,30170
30163,30170,33956,33957,30171
30164,30171,33957,33958,30172
30165,30172,33958,33959,30173
30166,30173,33959,33960,30174
30167,30174,33960,33961,30175
30168,30175,33961,33962,30176
30169,30176,33962,33963,30177
30170,30177,33963,33964,30178
30171,30178,33964,33965,30179
30172,30179,33965,33966,30180
30173,30180,33966,33967,30181
30174,30181,33967,33968,30182
30175,30182,33968,33969,30183
30176,30183,33969,33970,30184
30177,30184,33970,33971,30185
30178,30185,33971,33972,30186
30179,30186,33972,33973,30187
30180,30187,33973,33974,30188
30181,30188,33974,33975,30189
30182,30189,33975,33976,30190
30183,30190,33976,33977,30191
30184,30191,33977,33978,30192
30185,30192,33978,33979,30193
30186,30193,33979,33980,30194
30187,30194,33980,33981,30195
30188,30195,33981,33982,30196
30189,30196,33982,33983,30197
30190,30197,33983,33984,30198
30191,30198,33984,33985,30199
30192,30199,33985,33986,30200
30193,30200,33986,33987,30201
30194,30201,33987,33988,30202
30195,30202,33988,33989,30203
30196,30203,33989,33990,30204
30197,30204,33990,33991,30205
30198,30205,33991,33992,30206
30199,30206,33992,33993,30207
30200,30207,33993,33994,30208
30201,30208,33994,33995,30209
30202,30209,33995,33996,30210
30203,30210,33996,33997,30211
30204,30211,33997,33998,30212
30205,30212,33998,33999,30213
30206,30213,33999,34000,30214
30207,30214,34000,34001,30215
30208,30215,34001,34002,30216
30209,30216,34002,34003,30217
30210,30217,34003,34004,30218
30211,30218,34004,34005,30219
30212,30219,34005,34006,30220
30213,30220,34006,34007,30221
30214,30221,34007,34008,30222
30215,30222,34008,34009,30223
30216,30223,34009,34010,30224
30217,30224,34010,34011,30225
30218,30225,34011,34012,30226
30219,30226,34012,34013,30227
30220,30227,34013,34014,30228
30221,30228,34014,34015,30229
30222,30229,34015,34016,30230
30223,30230,34016,34017,30231
30224,30231,34017,34018,30232
30225,30232,34018,34019,30233
30226,30233,34019,34020,30234
30227,30234,34020,34021,30235
30228,30235,34021,34022,30236
30229,30236,34022,34023,30237
30230,30237,34023,34024,30238
30231,30238,34024,34025,30239
30232,30239,34025,34026,30240
30233,30240,34026,34027,30241
30234,30241,34027,34028,30242
30235,30242,34028,34029,30243
30236,30243,34029,34030,30244
30237,30244,34030,34031,30245
30238,30245,34031,34032,30246
30239,30246,34032,34033,30247
30240,30247,34033,34034,30248
30241,30248,34034,34035,30249
30242,30249,34035,34036,30250
30243,30250,34036,34037,30251
30244,30251,34037,34038,30252
30245,30252,34038,34039,30253
30246,30253,34039,34040,30254
30247,30254,34040,34041,30255
30248,30255,34041,34042,30256
30249,30256,34042,34043,30257
30250,30257,34043,34044,30258
30251,30258,34044,34045,30259
30252,30259,34045,34046,30260
30253,30260,34046,34047,30261
30254,30261,34047,34048,30262
30255,30262,34048,34049,30263
30256,30263,34049,34050,30264
30257,30264,34050,34051,30265
30258,30265,34051,34052,30266
30259,30266,34052,34053,30267
30260,30267,34053,34054,30268
30261,30268,34054,34055,30269
30262,30269,34055,34056,30270
30263,30270,34056,34057,30271
30264,30271,34057,34058,30272
30265,30272,34058,34059,30273
30266,30273,34059,34060,30274
30267,30274,34060,34061,30275
30268,30275,34061,34062,30276
30269,30276,34062,34063,30277
30270,30277,34063,34064,30278
30271,30278,34064,34065,30279
30272,30279,34065,34066,30280
30273,30280,34066,34067,30281
30274,30281,34067,34068,30282
30275,30282,34068,34069,30283
30276,30283,34069,34070,30284
30277,30284,34070,34071,30285
30278,30285,34071,34072,30286
30279,30286,34072,34073,30287
30280,30287,34073,34074,30288
