node_id,x,y
1,3.31776e-7,0.0
2,3.319323285415429e-7,1.1591332331858293e-8
3,3.316833750030234e-7,2.3193560988625262e-8
4,3.3102857009241984e-7,3.479250471065417e-8
5,3.2996784111265357e-7,4.6373955814918406e-8
6,3.2850161311070004e-7,5.792369759767003e-8
7,3.266308094163918e-7,6.942752178504454e-8
8,3.243568515689677e-7,8.087124601019272e-8
9,3.2168165863017937e-7,9.224073129544393e-8
10,3.186076458835161e-7,1.0352189951795342e-7
11,3.151377229198715e-7,1.1470075083726317e-7
12,3.1127529111072905e-7,1.2576338106320758e-7
13,3.070242404707067e-7,1.3669599894262463e-7
14,3.0238894591205557e-7,1.4748494334338912e-7
15,2.973742628944651e-7,1.5811670031436723e-7
16,2.919855224742816e-7,1.6857792e-7
17,2.8622852575799564e-7,1.7885543338836098e-7
18,2.8010953776560063e-7,1.88936268871693e-7
19,2.736352807101643e-7,1.988076685986193e-7
20,2.668129267006897e-7,2.0845710459743924e-7
21,2.596500898760676e-7,2.1787229465015596e-7
22,2.5215481797864275e-7,2.2704121789715564e-7
23,2.443355833766221e-7,2.3595213015274181e-7
24,2.3620127354525713e-7,2.445935789120523e-7
25,2.277611810174184e-7,2.5295441803022207e-7
26,2.1902499281485466e-7,2.6102382205502404e-7
27,2.1000277937210004e-7,2.6879130019460875e-7
28,2.0070498296563525e-7,2.762467099023752e-7
29,1.9114240566155218e-7,2.8338027006144595e-7
30,1.813261967955877e-7,2.9018257375167174e-7
31,1.7126784000000002e-7,2.9664460058257724e-7
32,1.6097913979235038e-7,3.0275772857616013e-7
33,1.5047220774182204e-7,3.085137455839756e-7
34,1.3975944822926348e-7,3.139048602234883e-7
35,1.2885354381767564e-7,3.189237123192297e-7
36,1.1776744025037847e-7,3.235633828348862e-7
37,1.0651433109458606e-7,3.2781740328304165e-7
38,9.510764204859308e-8,3.316797645999145e-7
39,8.356101493122674e-8,3.351449254730683e-7
40,7.18882913726484e-8,3.382078201107217e-7
41,6.010349622599593e-8,3.4086386544195213e-7
42,4.822082071974194e-8,3.4310896773776894e-7
43,3.625460537100138e-8,3.449395286437228e-7
44,2.4219322680359336e-8,3.4635245061543293e-7
45,1.2129559629099617e-8,3.4734514174912335e-7
46,2.130368139708435e-23,3.4791552000000006e-7
47,-1.2154593456878237e-8,3.4806201678203414e-7
48,-2.4319396991748058e-8,3.477835799434728e-7
49,-3.647954393413176e-8,3.4707967611315396e-7
50,-4.8620142861325365e-8,3.4595029241346944e-7
51,-6.0726295834089e-8,3.443959375365957e-7
52,-7.278311667723157e-8,3.424176421813871e-7
53,-8.477574928266149e-8,3.400169588491137e-7
54,-9.668938591239947e-8,3.3719596099700975e-7
55,-1.0850928547900773e-7,3.3395724154939203e-7
56,-1.2022079178087066e-7,3.3030391076689805e-7
57,-1.3180935166977557e-7,3.2623959347518675e-7
58,-1.432605331282794e-7,3.2176842565523865e-7
59,-1.545600432344144e-7,3.168950503981819e-7
60,-1.656937459913814e-7,3.1162461322836356e-7
61,-1.7664767999999993e-7,3.0596275679916866e-7
62,-1.8740807595183802e-7,2.999156149668742e-7
63,-1.9796137392111713e-7,2.934898062486042e-7
64,-2.0829424043369868e-7,2.8669242667121865e-7
65,-2.183935852916872e-7,2.795310420187405e-7
66,-2.2824657813244408e-7,2.720136794866753e-7
67,-2.3784066470109655e-7,2.641488187523317e-7
68,-2.4716358281593225e-7,2.5594538247098366e-7
69,-2.56203378006414e-7,2.474127262084475e-7
70,-2.649484188039109e-7,2.3856062782135936e-7
71,-2.733874116656316e-7,2.2939927629714278e-7
72,-2.815094155126594e-7,2.1993926006634802e-7
73,-2.893038558634295e-7,2.1019155480071467e-7
74,-2.9676053854444944e-7,2.0016751071097642e-7
75,-3.0386966296055026e-7,1.898788393590648e-7
76,-3.106218349074643e-7,1.7933759999999997e-7
77,-3.170080789100587e-7,1.6855618546936446e-7
78,-3.2301985007010196e-7,1.5754730763284722e-7
79,-3.2864904540802016e-7,1.4632398241491834e-7
80,-3.338880146836874e-7,1.348995144242437e-7
81,-3.387295706819127e-7,1.23287481193986e-7
82,-3.431669989489176e-7,1.1150171705564042e-7
83,-3.4719406696674486e-7,9.955629666554867e-8
84,-3.508050327532143e-7,8.74655182036955e-8
85,-3.539946528757169e-7,7.52438862648354e-8
86,-3.5675818986784774e-7,6.290609446241485e-8
87,-3.590914190385848e-7,5.0467007766148894e-8
88,-3.6099063466445693e-7,3.794164459447904e-8
89,-3.6245265555588233e-7,2.534515868348222e-8
90,-3.6347482998961464e-7,1.269282075411959e-8
91,-3.6405504000000005e-7,4.458388394494617e-23
92,-3.641917050225254e-7,-1.2717854581898165e-8
93,-3.638837848839223e-7,-2.5445232994870824e-8
94,-3.631307821338882e-7,-3.8166583157609296e-8
95,-3.619327437142854e-7,-5.086632990773242e-8
96,-3.6029026196249127e-7,-6.352889407050803e-8
97,-3.582044749463823e-7,-7.613871156941868e-8
98,-3.556770661292597e-7,-8.868025255513015e-8
99,-3.527102633638402e-7,-1.0113804052935502e-7
100,-3.4930683721526803e-7,-1.1349667144006207e-7
101,-3.4547009861392463e-7,-1.2574083272447815e-7
102,-3.4120389583964455e-7,-1.3785532227634354e-7
103,-3.3651261083977057e-7,-1.498250673139341e-7
104,-3.3140115488430824e-7,-1.6163514312543964e-7
105,-3.2587496356226216e-7,-1.7327079166839555e-7
106,-3.1993999112405566e-7,-1.8471744000000003e-7
107,-3.136027041757528e-7,-1.9596071851531512e-7
108,-3.0687007473160777e-7,-2.0698647897054132e-7
109,-2.99749572632273e-7,-2.1778081226877813e-7
110,-2.9224915733679126e-7,-2.2833006598593513e-7
111,-2.843772690972829e-7,-2.3862086161473215e-7
112,-2.761428195260206e-7,-2.486401115050375e-7
113,-2.6755518156534535e-7,-2.5837503547912266e-7
114,-2.586241788716379e-7,-2.6781317710077564e-7
115,-2.4936007462530016e-7,-2.769424195775999e-7
116,-2.397735597794309e-7,-2.857510012762392e-7
117,-2.2987574076059588e-7,-2.942275308307103e-7
118,-2.196781266357941e-7,-3.0236100182448387e-7
119,-2.091926157604005e-7,-3.101408070274531e-7
120,-1.9843148192254195e-7,-3.175567521694288e-7
121,-1.8740736000000015e-7,-3.2459906923235124e-7
122,-1.761332311463786e-7,-3.3125842924395717e-7
123,-1.6462240752387264e-7,-3.375259545562282e-7
124,-1.5288851660057294e-7,-3.433932305925522e-7
125,-1.409454850308117e-7,-3.4885231704814513e-7
126,-1.2880752213759337e-7,-3.5389575852893934e-7
127,-1.164891030166948e-7,-3.585165946147936e-7
128,-1.0400495128250413e-7,-3.6270836933357535e-7
129,-9.137002147616428e-8,-3.664651400333602e-7
130,-7.859948115702262e-8,-3.697814856407122e-7
131,-6.570869269883386e-8,-3.726525142937434e-7
132,-5.271319481255607e-8,-3.7507387033940075e-7
133,-3.962868381795646e-8,-3.770417406851911e-7
134,-2.6470994686605033e-8,-3.7855286049633183e-7
135,-1.3256081879139396e-8,-3.796045182301059e-7
136,-6.984060764358545e-23,-3.8019456000000004e-7
137,1.3281115706918258e-8,-3.803213932630166e-7
138,2.6571068997993583e-8,-3.7998398982437175e-7
139,3.985362238108666e-8,-3.791818881546224e-7
140,5.31125169541394e-8,-3.779151950151014e-7
141,6.633149230692682e-8,-3.7618458638838693e-7
142,7.949430646160569e-8,-3.739913077113776e-7
143,9.258475582759888e-8,-3.713371734094057e-7
144,1.0558669514631074e-7,-3.682245657306705e-7
145,1.184840574011164e-7,-3.6465643288114393e-7
146,1.3126087366808576e-7,-3.606362864609512e-7
147,1.4390129288291148e-7,-3.561681982041023e-7
148,1.5638960149958868e-7,-3.5125679602430255e-7
149,1.6871024301646488e-7,-3.459072593704346e-7
150,1.808478373454095e-7,-3.4012531389616076e-7
151,1.9278720000000005e-7,-3.3391722544894266e-7
152,2.0451336107879216e-7,-3.2728979338463137e-7
153,2.1601158401996561e-7,-3.2025034321461125e-7
154,2.272673841038575e-7,-3.128067185933274e-7
155,2.382665466801832e-7,-3.0496727265484193e-7
156,2.4899514509702025e-7,-2.9674085870789056e-7
157,2.594395583089783e-7,-2.881368202997097e-7
158,2.6958648814231296e-7,-2.7916498065970704e-7
159,2.7942297619513717e-7,-2.698356315348285e-7
160,2.889364203512888e-7,-2.601595214292411e-7
161,2.981145908868468e-7,-2.50147843261719e-7
162,3.06945646148761e-7,-2.3981222145484387e-7
163,3.154181477855382e-7,-2.2916469847087355e-7
164,3.2352107551045663e-7,-2.1821772080982466e-7
165,3.312438413783073e-7,-2.0698412448601903e-7
166,3.3857630355723824e-7,-1.954771200000002e-7
167,3.4550877957785566e-7,-1.837102768233928e-7
168,3.520320590423545e-7,-1.7169750741489793e-7
169,3.581374157770841e-7,-1.5945305078622772e-7
170,3.6381661941260293e-7,-1.4699145563737972e-7
171,3.6906194637596597e-7,-1.3432756308120088e-7
172,3.7386619028066955e-7,-1.2147648897774918e-7
173,3.782226717004057e-7,-1.084536058994597e-7
174,3.8212524731350623e-7,-9.527452474863307e-8
175,3.8556831840570746e-7,-8.195507604920971e-8
176,3.88546838719639e-7,-6.851129093525286e-8
177,3.9105632164021673e-7,-5.49593818589631e-8
178,3.9309284670592523e-7,-4.131572304143404e-8
179,3.946530654367812e-7,-2.7596830689727846e-8
180,3.957342064705971e-7,-1.3819343004159365e-8
181,3.9633408000000003e-7,-9.70738524930022e-23
182,3.964510815035078e-7,1.3844376831938187e-8
183,3.960841947648212e-7,2.769690500111635e-8
184,3.9523299417535655e-7,4.154066160456419e-8
185,3.9389764631591733e-7,5.535870400054636e-8
186,3.920789108142825e-7,6.913409054334577e-8
187,3.8977814047637283e-7,8.284990135379272e-8
188,3.8699728068955167e-7,9.648925910006758e-8
189,3.8373886809750095e-7,1.1003534976326629e-7
190,3.800060285470199e-7,1.2347144336217072e-7
191,3.7580247430797773e-7,1.3678091461169325e-7
192,3.711325005685601e-7,1.4994726348947944e-7
193,3.6600098120883437e-7,1.629541356852437e-7
194,3.604133638565609e-7,1.7578534290749011e-7
195,3.543756642300593e-7,1.8842488302242363e-7
196,3.4789445977382966e-7,2.0085696e-7
197,3.4097688259351e-7,2.1306600364226926e-7
198,3.336306116976148e-7,2.2503668906938977e-7
199,3.2586386455438176e-7,2.3675395593893692e-7
200,3.1768538797289265e-7,2.482030273744311e-7
201,3.091044483184981e-7,2.593694285793083e-7
202,3.001308210733984e-7,2.7023900511291945e-7
203,2.907747797540687e-7,2.807979408055034e-7
204,2.8104708419801884e-7,2.910327752894988e-7
205,2.709589682331821e-7,3.0093042112497773e-7
206,2.605221267440071e-7,3.104781804974544e-7
207,2.4974870214909185e-7,3.196637614668118e-7
208,2.38651270305953e-7,3.284752937465925e-7
209,2.2724282585924893e-7,3.3690134399346023e-7
210,2.1553676704949617e-7,3.4493093058718584e-7
211,2.0354687999999987e-7,3.5255353788212545e-7
212,1.9128732250040694e-7,3.5975912991175416e-7
213,1.787726073059232e-7,3.665381635284808e-7
214,1.6601758497188248e-7,3.72881600961616e-7
215,1.5303742624394774e-7,3.787809217770606e-7
216,1.3984760402480842e-7,3.842281342229926e-7
217,1.2646387493880357e-7,3.8921578594654545e-7
218,1.1290226051641529e-7,3.937369740672361e-7
219,9.917902802110183e-8,3.9778535459365215e-7
220,8.531067094139641e-8,4.013551511707028e-7
221,7.131388917167185e-8,4.0444116314553463e-7
222,5.720556890537012e-8,4.070387729410326e-7
223,4.300276226491162e-8,4.0914395272665936e-7
224,2.8722666692850665e-8,4.107532703772307e-7
225,1.4382604129179334e-8,4.118638947110883e-7
226,1.2628361849319644e-22,4.124736e-7
227,-1.4407637956958113e-8,4.1258076974399906e-7
228,-2.8822741004239105e-8,4.121843997052707e-7
229,-4.3227700828042083e-8,4.112841001960907e-7
230,-5.760489104695333e-8,4.098800976167333e-7
231,-7.193668877976472e-8,4.079732352401781e-7
232,-8.620549624597938e-8,4.055649732413682e-7
233,-1.0039376237253666e-7,4.026573879696976e-7
234,-1.1448400438022185e-7,3.9925317046433133e-7
235,-1.2845882932322506e-7,3.953556242128959e-7
236,-1.4230095555530037e-7,3.909686621550045e-7
237,-1.5599323409604773e-7,3.8609680293301774e-7
238,-1.6951866987089843e-7,3.8074516639336624e-7
239,-1.8286044279851535e-7,3.749194683426873e-7
240,-1.9600192869943773e-7,3.686260145639578e-7
241,-2.0892671999999967e-7,3.6187169409871693e-7
242,-2.2161864620574667e-7,3.5466397180238836e-7
243,-2.3406179411881394e-7,3.4701088018061834e-7
244,-2.4624052777401634e-7,3.3892101051543615e-7
245,-2.5813950806867883e-7,3.3040350329094364e-7
246,-2.6974371206159666e-7,3.214680379291055e-7
247,-2.8103845191686036e-7,3.1212482184708735e-7
248,-2.920093934686937e-7,3.023845788484304e-7
249,-3.0264257438386044e-7,2.922585368612093e-7
250,-3.1292442189866635e-7,2.8175841503712325e-7
251,-3.228417701080622e-7,2.70896410226295e-7
252,-3.323818767848625e-7,2.596851828433398e-7
253,-3.4153243970764687e-7,2.4813784214103237e-7
254,-3.5028161247646356e-7,2.3626793090867346e-7
255,-3.5861801979606457e-7,2.2408940961297299e-7
256,-3.6653077220701245e-7,2.116166399999999e-7
257,-3.7400948024565265e-7,1.988643681774211e-7
258,-3.8104426801460714e-7,1.8584770719694848e-7
259,-3.876257861461477e-7,1.7258211915753755e-7
260,-3.9374522414151853e-7,1.590833968505154e-7
261,-3.993943220700192e-7,1.4536764496841596e-7
262,-4.045653816124214e-7,1.3145126089985797e-7
263,-4.0925127643406644e-7,1.1735091513337125e-7
264,-4.1344546187379817e-7,1.0308353129357024e-7
265,-4.17141983935698e-7,8.86662658335835e-8
266,-4.203354875714302e-7,7.411648740809086e-8
267,-4.230212242418486e-7,5.945175595177715e-8
268,-4.251950587473936e-7,4.4689801488389593e-8
269,-4.268534753176802e-7,2.98485026959731e-8
270,-4.2799358295157956e-7,1.494586525419931e-8
271,-4.2861312e-7,1.5746990564416812e-22
272,-4.2871045798449024e-7,-1.4970899081977658e-8
273,-4.282846046457201e-7,-2.994857700736224e-8
274,-4.273352062168248e-7,-4.491474005151962e-8
275,-4.258625489175492e-7,-5.98510780933603e-8
276,-4.2386755966607366e-7,-7.473928701618365e-8
277,-4.213518060063635e-7,-8.956109113816639e-8
278,-4.183174952498435e-7,-1.0429826564500539e-7
279,-4.1476747283116187e-7,-1.189326589971774e-7
280,-4.107052198787719e-7,-1.334462152842794e-7
281,-4.0613485000203104e-7,-1.4782099649890785e-7
282,-4.010611052974755e-7,-1.620392047026157e-7
283,-3.954893515778982e-7,-1.7608320405655316e-7
284,-3.894255728288136e-7,-1.8993554268954056e-7
285,-3.828763648978563e-7,-2.0357897437645184e-7
286,-3.75848928423604e-7,-2.1699647999999964e-7
287,-3.6835106101126694e-7,-2.3017128876922378e-7
288,-3.6039114866362193e-7,-2.4308689916823807e-7
289,-3.5197815647649054e-7,-2.557270996090957e-7
290,-3.4312161860899447e-7,-2.6807598876292677e-7
291,-3.338316275397132e-7,-2.8011799554388475e-7
292,-3.2411882262077624e-7,-2.9183789872080126e-7
293,-3.139943779427921e-7,-3.032208461318841e-7
294,-3.0346998952439976e-7,-3.142523734782222e-7
295,-2.925578618410642e-7,-3.2491842267235524e-7
296,-2.812706937085831e-7,-3.3520535971866976e-7
297,-2.6962166353758783e-7,-3.4509999210291324e-7
298,-2.576244139761119e-7,-3.545895856687012e-7
299,-2.4529303595809765e-7,-3.6366188095946705e-7
300,-2.326420521764501e-7,-3.723051090049432e-7
301,-2.1968639999999992e-7,-3.805080065318994e-7
302,-2.0644141385443528e-7,-3.8825983057955114e-7
303,-1.9292280708797374e-7,-3.955503725007334e-7
304,-1.791466533431924e-7,-4.023699713306796e-7
305,-1.6512936745708341e-7,-4.087095265059763e-7
306,-1.5088768591202347e-7,-4.145605099170458e-7
307,-1.3643864686091233e-7,-4.1991497727829734e-7
308,-1.2179956975032687e-7,-4.247655788008969e-7
309,-1.06988034566039e-7,-4.291055691539442e-7
310,-9.202186072577056e-8,-4.3292881670069333e-7
311,-7.691908564450988e-8,-4.362298119973258e-7
312,-6.169794299818418e-8,-4.3900367554266457e-7
313,-4.6376840711867196e-8,-4.412461647681277e-7
314,-3.097433869909591e-8,-4.429536802581296e-7
315,-1.5509126379219285e-8,-4.4412327119207075e-7
316,-1.9063271394591728e-22,-4.4475264000000006e-7
317,1.5534160206997568e-8,-4.4484014622498154e-7
318,3.107441301048501e-8,-4.4438480958616955e-7
319,4.660177927499715e-8,-4.4338631223755893e-7
320,6.209726513976728e-8,-4.418450002183653e-7
321,7.754188525260259e-8,-4.3976188409196927e-7
322,9.291668603035338e-8,-4.3713863877135875e-7
323,1.0820276891747412e-7,-4.3397760252998953e-7
324,1.2338131361413296e-7,-4.3028177519799225e-7
325,1.384336012453337e-7,-4.2605481554464793e-7
326,1.5334103744251532e-7,-4.2130103784905767e-7
327,1.6808517530918366e-7,-4.160254076619332e-7
328,1.8264773824220784e-7,-4.1023353676243014e-7
329,1.970106425805658e-7,-4.0393167731493997e-7
330,2.1115602005346595e-7,-3.971267152317548e-7
331,2.2506623999999959e-7,-3.89826162748491e-7
332,2.387239313327008e-7,-3.8203815022014557e-7
333,2.521120042176623e-7,-3.737714171466255e-7
334,2.652136714441751e-7,-3.6503530243754487e-7
335,2.780124694571747e-7,-3.5583973392704524e-7
336,2.904922790261728e-7,-3.4619521715032074e-7
337,3.0263734552474217e-7,-3.361128233944652e-7
338,3.144322987950745e-7,-3.256041770371538e-7
339,3.2586217257258376e-7,-3.1468144218759016e-7
340,3.3691242344604413e-7,-3.033573086450052e-7
341,3.4756894932927737e-7,-2.916449771908712e-7
342,3.57818107420964e-7,-2.795581442318358e-7
343,3.676467316297555e-7,-2.6711098581119126e-7
344,3.770421494424706e-7,-2.5431814100752186e-7
345,3.859921982138218e-7,-2.4119469473992726e-7
346,3.9448524085678656e-7,-2.2775616e-7
347,4.0251018091344963e-7,-2.1401845953144944e-7
348,4.100564769868598e-7,-1.9999790697899906e-7
349,4.1711415651521144e-7,-1.8571118752884714e-7
350,4.23673828870434e-7,-1.711753380636514e-7
351,4.2972669776407227e-7,-1.5640772685563099e-7
352,4.3526457294417324e-7,-1.4142603282196672e-7
353,4.4027988116772725e-7,-1.262482243672825e-7
354,4.4476567643409016e-7,-1.1089253783850777e-7
355,4.4871564946568855e-7,-9.53774556179576e-8
356,4.5212413642322136e-7,-7.972168388092888e-8
357,4.549861268434805e-7,-6.394413004459122e-8
358,4.5729727078886184e-7,-4.806387993534479e-8
359,4.59053885198579e-7,-3.2100174702218714e-8
360,4.6025295943256204e-7,-1.6072387504239264e-8
361,4.6089216000000005e-7,-2.2577204339844394e-22
362,4.609698344654728e-7,1.6097421332017474e-8
363,4.6048501452661895e-7,3.220024901360777e-8
364,4.594374182582931e-7,4.828881849847468e-8
365,4.5782745151918126e-7,6.434345218617425e-8
366,4.556562085178649e-7,8.034448348902153e-8
367,4.529254715363541e-7,9.627228092254036e-8
368,4.4963770981013545e-7,1.1210727218994284e-7
369,4.457960775648227e-7,1.278299682310885e-7
370,4.4140441121052383e-7,1.4342098720638802e-7
371,4.364672256960843e-7,1.5886107838612278e-7
372,4.3098971002639104e-7,1.7413114591575165e-7
373,4.24977721946962e-7,1.8921227242786257e-7
374,4.184377818010663e-7,2.04085742471591e-7
375,4.113770655656534e-7,2.1873306573048008e-7
376,4.0380339707337803e-7,2.3313599999999955e-7
377,3.957252394290241e-7,2.4727657389617794e-7
378,3.87151685629629e-7,2.611371092670864e-7
379,3.7809244839859926e-7,2.7470024327925445e-7
380,3.68557849245096e-7,2.879489501514226e-7
381,3.585588067609283e-7,3.008665625084609e-7
382,3.4810682416815407e-7,3.13436792328683e-7
383,3.3721397613151543e-7,3.256437514582649e-7
384,3.2589289485078057e-7,3.374719716669454e-7
385,3.1415675544894544e-7,3.4890642421973355e-7
386,3.0201926067315933e-7,3.5993253893988503e-7
387,2.894946249260838e-7,3.7053622273901474e-7
388,2.7659755764627074e-7,3.8070387759080987e-7
389,2.6334324605694613e-7,3.9042241792547413e-7
390,2.497473373034043e-7,3.9967928742270025e-7
391,2.3582591999999998e-7,4.0846247518167356e-7
392,2.2159550520846362e-7,4.1676053124734813e-7
393,2.0707300687002435e-7,4.2456258147298614e-7
394,1.9227572171450116e-7,4.318583416997438e-7
395,1.772213086702194e-7,4.3863813123489183e-7
396,1.6192776779923853e-7,4.448928856110989e-7
397,1.4641341878302112e-7,4.506141686100493e-7
398,1.306968789842381e-7,4.5579418353455764e-7
399,1.1479704111097653e-7,4.604257837142361e-7
400,9.873305051014469e-8,4.645024822306839e-7
401,8.252428211734789e-8,4.6801846084911697e-7
402,6.619031709099826e-8,4.709685781442965e-7
403,4.9750919158821553e-8,4.7334837680959613e-7
404,3.3226010705341526e-8,4.7515409013902847e-7
405,1.663564862925924e-8,4.763826476730533e-7
406,2.6288789400174803e-22,4.7703168e-7
407,-1.666068245703738e-8,4.77099522705964e-7
408,-3.332608501673054e-8,4.765852194670684e-7
409,-4.9975857721952215e-8,4.7548852427902724e-7
410,-6.65896392325812e-8,4.7380990281999713e-7
411,-8.314708172544047e-8,4.715505329437605e-7
412,-9.962787581472822e-8,4.687123043013492e-7
413,-1.1601177546241158e-7,4.652978170902814e-7
414,-1.32278622848044e-7,4.6131037993165307e-7
415,-1.4840837316744234e-7,4.567540068763998e-7
416,-1.643811193297302e-7,4.5163341354311093e-7
417,-1.8017711652231962e-7,4.4595401239084884e-7
418,-1.957768066135173e-7,4.397219071314939e-7
419,-2.1116084236261624e-7,4.329438862871927e-7
420,-2.2631011140749413e-7,4.256274158995519e-7
421,-2.4120576000000026e-7,4.177806313982647e-7
422,-2.5582921645965497e-7,4.0941232863790267e-7
423,-2.701622143165106e-7,4.005319541126326e-7
424,-2.841868151143338e-7,3.9114959435965365e-7
425,-2.9788543084567057e-7,3.8127596456314684e-7
426,-3.11240845990749e-7,3.70922396371536e-7
427,-3.2423623913262393e-7,3.60100824941843e-7
428,-3.3685520412145524e-7,3.4882377522587717e-7
429,-3.4908177076130703e-7,3.37104347513971e-7
430,-3.609004249934225e-7,3.2495620225288646e-7
431,-3.7229612855049254e-7,3.1239354415544743e-7
432,-3.832543380570655e-7,2.994311056203318e-7
433,-3.9376102355186415e-7,2.8608412948135016e-7
434,-4.038026864084777e-7,2.7236835110637034e-7
435,-4.133663766315788e-7,2.5829997986688137e-7
436,-4.224397095065605e-7,2.4389568e-7
437,-4.310108815812466e-7,2.2917255088547775e-7
438,-4.3906868595911237e-7,2.141481067610496e-7
439,-4.466025268842756e-7,1.988402559001559e-7
440,-4.5360243359934947e-7,1.832672792767874e-7
441,-4.600590734581255e-7,1.6744780874284604e-7
442,-4.659637642759252e-7,1.5140080474407548e-7
443,-4.713084859013881e-7,1.3514553360119374e-7
444,-4.760858909943821e-7,1.1870154438344532e-7
445,-4.802893149956792e-7,1.0208864540233175e-7
446,-4.839127852750126e-7,8.532688035376689e-8
447,-4.869510294451124e-7,6.843650413740528e-8
448,-4.893994828303303e-7,5.143795838229914e-8
449,-4.912542950794779e-7,3.435184670846433e-8
450,-4.925123359135445e-7,1.719890975427922e-8
451,-4.931712e-7,3.019802657558296e-22
452,-4.932292109464552e-7,-1.7223943582057282e-8
453,-4.926854244075178e-7,-3.44519210198533e-8
454,-4.915396302997614e-7,-5.166289694542974e-8
455,-4.897923541208131e-7,-6.883582627898817e-8
456,-4.874448573696562e-7,-8.59496799618594e-8
457,-4.844991370663444e-7,-1.0298347070691524e-7
458,-4.809579243704274e-7,-1.199162787348803e-7
459,-4.768246822984835e-7,-1.3672727746499957e-7
460,-4.721036025422755e-7,-1.533957591284975e-7
461,-4.6679960139013745e-7,-1.699011602733377e-7
462,-4.6091831475530664e-7,-1.8622308712888756e-7
463,-4.544660923160262e-7,-2.0234134079917118e-7
464,-4.4744999077331897e-7,-2.1823594225364142e-7
465,-4.3987776623345e-7,-2.3388715708450903e-7
466,-4.317578657231521e-7,-2.492755199999995e-7
467,-4.230994178467812e-7,-2.6438185902313206e-7
468,-4.139122225956367e-7,-2.79187319365934e-7
469,-4.0420674032070803e-7,-2.9367338694941325e-7
470,-3.939940798811971e-7,-3.078219115399192e-7
471,-3.832859859821442e-7,-3.216151294730364e-7
472,-3.72094825715532e-7,-3.350356859365648e-7
473,-3.604335743202382e-7,-3.480666567846463e-7
474,-3.483158001771615e-7,-3.6069156985566867e-7
475,-3.3575564905682736e-7,-3.728944257671114e-7
476,-3.2276782763773627e-7,-3.846597181610997e-7
477,-3.0936758631457983e-7,-3.9597245337511624e-7
478,-2.9557070131642895e-7,-4.0681816951291907e-7
479,-2.8139345615579456e-7,-4.171829548914811e-7
480,-2.668526224303585e-7,-4.2705346584045746e-7
481,-2.519654400000008e-7,-4.3641694383144713e-7
482,-2.3674959656249194e-7,-4.452612319151451e-7
483,-2.2122320665207413e-7,-4.535747904452392e-7
484,-2.054047900858115e-7,-4.6134671206880716e-7
485,-1.8931324988335541e-7,-4.685667359638072e-7
486,-1.7296784968645443e-7,-4.752252613051517e-7
487,-1.5638819070512987e-7,-4.813133599418011e-7
488,-1.3959418821814848e-7,-4.868227882682188e-7
489,-1.2260604765591496e-7,-4.917459982745278e-7
490,-1.0544424029451883e-7,-4.960761477606744e-7
491,-8.812947859018501e-8,-4.998071097009082e-7
492,-7.068269118381233e-8,-5.029334807459282e-7
493,-5.312499760577672e-8,-5.054505888510645e-7
494,-3.5477682711588044e-8,-5.073545000199273e-7
495,-1.7762170879299207e-8,-5.086420241540358e-7
496,5.616684221911773e-22,-5.093107200000001e-7
497,1.7787204707077182e-8,-5.093588991869465e-7
498,3.5577757022976055e-8,-5.087856293479672e-7
499,5.334993616890637e-8,-5.075907363204956e-7
500,7.108201332539513e-8,-5.05774805421629e-7
501,8.875227819827923e-8,-5.033391817955515e-7
502,1.0633906559910137e-7,-5.0028596983134e-7
503,1.23820782007349e-7,-4.966180316505734e-7
504,1.4117593208195426e-7,-4.923389846653142e-7
505,1.5838314508955096e-7,-4.874531982081517e-7
506,1.75421201216946e-7,-4.819657892371638e-7
507,1.9226905773545468e-7,-4.7588261711976465e-7
508,2.089058749848267e-7,-4.6921027750055783e-7
509,2.2531104214466753e-7,-4.619560952594451e-7
510,2.4146420276152237e-7,-4.541281165673489e-7
511,2.573452800000002e-7,-4.457351000480387e-7
512,2.7293450158660834e-7,-4.367865070556603e-7
513,2.8821242441535893e-7,-4.2729249107863975e-7
514,3.031599587844934e-7,-4.172638862817619e-7
515,3.1775839223416644e-7,-4.067121951992484e-7
516,3.319894129553252e-7,-3.9564957559275135e-7
517,3.4583513274050506e-7,-3.840888264892215e-7
518,3.59278109447836e-7,-3.720433734146005e-7
519,3.72301368950031e-7,-3.595272528403512e-7
520,3.8488842654079963e-7,-3.46555095860769e-7
521,3.970233077717078e-7,-3.331421111200237e-7
522,4.086905686931676e-7,-3.19304067008827e-7
523,4.198753154739728e-7,-3.050572731515091e-7
524,4.305632233744852e-7,-2.9041856120521803e-7
525,4.4074055504933545e-7,-2.7540526499383644e-7
526,4.503941781563345e-7,-2.600352000000001e-7
527,4.595115822490441e-7,-2.4432664223950525e-7
528,4.6808089493136514e-7,-2.2829830654310024e-7
529,4.760908972533394e-7,-2.119693242714654e-7
530,4.835310383282646e-7,-1.9535922048992428e-7
531,4.903914491521786e-7,-1.7848789063006112e-7
532,4.966629556076773e-7,-1.6137557666618337e-7
533,5.023370906350489e-7,-1.44042842835105e-7
534,5.07406105554674e-7,-1.2651055092838286e-7
535,5.118629805256695e-7,-1.0879983518670683e-7
536,5.157014341268038e-7,-9.093207682660492e-8
537,5.189159320467444e-7,-7.292887823021844e-8
538,5.215016948717984e-7,-5.481203682925523e-8
539,5.234547049603767e-7,-3.660351871470996e-8
540,5.24771712394527e-7,-1.832543200431826e-8
541,5.2545024e-7,-3.8609457271632513e-22
542,5.254885874274378e-7,1.8350465832098018e-8
543,5.248858342884167e-7,3.670359302609789e-8
544,5.236418423412298e-7,5.50369753923848e-8
545,5.21757256722445e-7,7.3328200371803e-8
546,5.192335062214473e-7,9.155487643469726e-8
547,5.160728025963351e-7,1.0969466049128928e-7
548,5.122781389307196e-7,1.2772528527981685e-7
549,5.078532870321444e-7,1.4562458669891064e-7
550,5.028027938740274e-7,1.6337053105060618e-7
551,4.971319770841907e-7,1.8094124216055256e-7
552,4.908469194842221e-7,1.9831502834202347e-7
553,4.8395446268509e-7,2.1547040917048056e-7
554,4.7646219974557174e-7,2.3238614203569192e-7
555,4.6837846690124704e-7,2.490412484385373e-7
556,4.597123343729262e-7,2.654150399999994e-7
557,4.504735962645384e-7,2.814871441500862e-7
558,4.4067275956164276e-7,2.972375294647839e-7
559,4.3032103224281686e-7,3.12646530619572e-7
560,4.1943031051729864e-7,3.2769487292841506e-7
561,4.0801316520335954e-7,3.4236369643761255e-7
562,3.9608282726290984e-7,3.566345795444466e-7
563,3.8365317250896155e-7,3.70489562111027e-7
564,3.707387055035423e-7,3.83911168044392e-7
565,3.5735454266470923e-7,3.968824273144891e-7
566,3.435163946023125e-7,4.0938689738231484e-7
567,3.292405477030758e-7,4.2140868401121763e-7
568,3.1454384498658785e-7,4.3293246143502774e-7
569,2.99443666254643e-7,4.439434918574882e-7
570,2.839579075573128e-7,4.5442764425821445e-7
571,2.681049600000009e-7,4.643714124812211e-7
572,2.519036879165203e-7,4.7376193258294205e-7
573,2.3537340643412465e-7,4.825869994174918e-7
574,2.1853385845712105e-7,4.90835082437871e-7
575,2.0140519109649143e-7,4.984953406927227e-7
576,1.8400793157366773e-7,5.055576369992055e-7
577,1.6636296262723866e-7,5.12012551273553e-7
578,1.484914974520597e-7,5.178513930018796e-7
579,1.3041505420085256e-7,5.230662128348197e-7
580,1.1215543007889299e-7,5.27649813290665e-7
581,9.373467506302301e-8,5.315957585526995e-7
582,7.51750652766264e-8,5.348983833475602e-7
583,5.649907605273189e-8,5.375528008925327e-7
584,3.772935471783374e-8,5.395549099008261e-7
585,1.888869312933918e-8,5.409014006350184e-7
586,-5.30940166402401e-22,5.4158976e-7
587,-1.8913726957116984e-8,5.41618275667929e-7
588,-3.782942902922157e-8,5.409860392288661e-7
589,-5.672401461586136e-8,5.39692948361964e-7
590,-7.557438741820903e-8,5.37739708023261e-7
591,-9.435747467111715e-8,5.351278306473427e-7
592,-1.1305025538347536e-7,5.318596353613305e-7
593,-1.3162978855228647e-7,5.279382462108653e-7
594,-1.5007324131586713e-7,5.233675893989746e-7
595,-1.683579170116596e-7,5.181523895399037e-7
596,-1.8646128310416092e-7,5.12298164931217e-7
597,-2.0436099894859056e-7,5.058112218486801e-7
598,-2.220349433561361e-7,4.986986478696217e-7
599,-2.39461241926718e-7,4.909683042316977e-7
600,-2.566182941155506e-7,4.82628817235146e-7
601,-2.734848000000002e-7,4.736895686978128e-7
602,-2.9003978671356246e-7,4.641606854734175e-7
603,-3.0626263451420725e-7,4.540530280446469e-7
604,-3.221331024546522e-7,4.433781782038706e-7
605,-3.3763135362266226e-7,4.3214842583535e-7
606,-3.527379799199014e-7,4.203767548139665e-7
607,-3.6743402634838676e-7,4.080768280365994e-7
608,-3.8170101477421666e-7,3.952629716033239e-7
609,-3.9552096713875426e-7,3.81950158166732e-7
610,-4.0887642808817746e-7,3.681539894686509e-7
611,-4.2175048699292303e-7,3.5389067808459993e-7
612,-4.341267993292691e-7,3.39177028397323e-7
613,-4.459896073960815e-7,3.24030416821668e-7
614,-4.573237603404922e-7,3.084687713040664e-7
615,-4.681147334670925e-7,2.925105501207907e-7
616,-4.783486468061086e-7,2.7617472000000015e-7
617,-4.88012282916841e-7,2.5948073359353357e-7
618,-4.970931039036178e-7,2.4244850632515084e-7
619,-5.055792676224031e-7,2.2509839264277494e-7
620,-5.134596430571802e-7,2.0745116170306035e-7
621,-5.207238248462317e-7,1.8952797251727614e-7
622,-5.273621469394292e-7,1.7135034858829212e-7
623,-5.333656953687098e-7,1.5294015206901623e-7
624,-5.38726320114966e-7,1.343195574733204e-7
625,-5.4343664605566e-7,1.1551102497108103e-7
626,-5.474900829785948e-7,9.653727329944297e-8
627,-5.508808346483763e-7,7.742125232303247e-8
628,-5.536039069132668e-7,5.818611527621046e-8
629,-5.556551148412756e-7,3.88551907209556e-8
630,-5.570310888755095e-7,1.9451954254358177e-8
631,-5.5772928e-7,4.781149642799306e-22
632,-5.577479639084203e-7,-1.947698808213787e-8
633,-5.570862441693156e-7,-3.895526503234333e-8
634,-5.55744054382698e-7,-5.8411053839339836e-8
635,-5.537221593240768e-7,-7.782057446461697e-8
636,-5.510221550732385e-7,-9.716007290753512e-8
637,-5.476464681263256e-7,-1.1640585027566331e-7
638,-5.435983534910116e-7,-1.355342918247542e-7
639,-5.388818917658053e-7,-1.5452189593282174e-7
640,-5.335019852057794e-7,-1.7334530297271483e-7
641,-5.274643527782438e-7,-1.9198132404776746e-7
642,-5.207755242131376e-7,-2.104069695551594e-7
643,-5.13442833054154e-7,-2.285994775417899e-7
644,-5.054744087178244e-7,-2.4653634181774233e-7
645,-4.968791675690441e-7,-2.6419533979256553e-7
646,-4.876668030227003e-7,-2.815545599999993e-7
647,-4.778477746822956e-7,-2.9859242927704034e-7
648,-4.674332965276499e-7,-3.152877395636322e-7
649,-4.5643532416492553e-7,-3.316196742897308e-7
650,-4.448665411534002e-7,-3.47567834316911e-7
651,-4.3274034442457487e-7,-3.631122634021886e-7
652,-4.200708288102877e-7,-3.782334731523284e-7
653,-4.06872770697685e-7,-3.9291246743740775e-7
654,-3.931616108299231e-7,-4.0713076623311527e-7
655,-3.7895343627259115e-7,-4.2087042886186693e-7
656,-3.642649615668889e-7,-4.3411407660352996e-7
657,-3.4911350909157173e-7,-4.4684491464731924e-7
658,-3.3351698865674675e-7,-4.590467533571364e-7
659,-3.174938763534915e-7,-4.707040288234952e-7
660,-3.0106319268426705e-7,-4.818018226759716e-7
661,-2.84244480000001e-7,-4.92325881130995e-7
662,-2.670577792705487e-7,-5.022626332507391e-7
663,-2.4952360621617523e-7,-5.115992083897444e-7
664,-2.3166292682843065e-7,-5.203234528069347e-7
665,-2.1349713230962747e-7,-5.284239454216383e-7
666,-1.9504801346088273e-7,-5.358900126932587e-7
667,-1.7633773454934744e-7,-5.427117426053049e-7
668,-1.5738880668597087e-7,-5.488799977355405e-7
669,-1.3822406074579018e-7,-5.543864273951117e-7
670,-1.1886661986326715e-7,-5.592234788206555e-7
671,-9.933987153586098e-8,-5.633844074044907e-7
672,-7.96674393694405e-8,-5.66863285949192e-7
673,-5.987315449968706e-8,-5.696550129340011e-7
674,-3.998102672407944e-8,-5.71755319781725e-7
675,-2.001521537937916e-8,-5.731607771160007e-7
676,4.92305826010515e-22,-5.738688e-7
677,2.004024920715677e-8,-5.738776521489115e-7
678,4.0081101035467085e-8,-5.73186449109765e-7
679,6.009809306281634e-8,-5.717951604034324e-7
680,8.006676151102292e-8,-5.697046106248929e-7
681,9.996267114395504e-8,-5.669164794991339e-7
682,1.1976144516784933e-7,-5.634333008913211e-7
683,1.394387950972239e-7,-5.592584607711573e-7
684,1.5897055054977826e-7,-5.543961941326354e-7
685,1.7833268893376824e-7,-5.488515808716556e-7
686,1.975013649913759e-7,-5.426305406252701e-7
687,2.164529401617264e-7,-5.357398265775959e-7
688,2.3516401172744551e-7,-5.281870182386854e-7
689,2.5361144170876847e-7,-5.199805132039504e-7
690,2.7177238546957873e-7,-5.11129517902943e-7
691,2.8962432000000013e-7,-5.016440373475869e-7
692,3.071450718405165e-7,-4.915348638911746e-7
693,3.243128446130555e-7,-4.80813565010654e-7
694,3.41106246124811e-7,-4.694924701259793e-7
695,3.5750431501115807e-7,-4.5758465647145155e-7
696,3.734865468844775e-7,-4.451039340351818e-7
697,3.890329199562686e-7,-4.3206482958397735e-7
698,4.0412392010059747e-7,-4.184825697920473e-7
699,4.1874056532747754e-7,-4.043730634931129e-7
700,4.3286442963555513e-7,-3.897528830765328e-7
701,4.4647766621413815e-7,-3.746392450491762e-7
702,4.5956302996537054e-7,-3.590499897858189e-7
703,4.7210389931819016e-7,-3.4300356049182697e-7
704,4.840842973064993e-7,-3.2651898140291483e-7
705,4.954889118848495e-7,-3.0961583524774504e-7
706,5.063031154558826e-7,-2.923142400000002e-7
707,5.165129835846381e-7,-2.746348249475619e-7
708,5.261053128758703e-7,-2.565987061072014e-7
709,5.35067637991467e-7,-2.3822746101408447e-7
710,5.433882477860956e-7,-2.1954310291619644e-7
711,5.51056200540285e-7,-2.0056805440449122e-7
712,5.580613382711811e-7,-1.8132512051040088e-7
713,5.643943001023705e-7,-1.618374613029275e-7
714,5.700465346752578e-7,-1.4212856401825798e-7
715,5.750103115856506e-7,-1.2222221475545527e-7
716,5.79278731830386e-7,-1.0214246977228099e-7
717,5.828457372500082e-7,-8.191362641584653e-8
718,5.857061189547351e-7,-6.156019372316568e-8
719,5.878555247221745e-7,-4.110686272720124e-8
720,5.89290465356492e-7,-2.0578476504398105e-8
721,5.900083200000001e-7,-5.780414404466459e-22
722,5.900073403894027e-7,2.060351033217771e-8
723,5.892866540502145e-7,4.1206937038588786e-8
724,5.878462664241664e-7,6.178513228629488e-8
725,5.856870619257087e-7,8.231294855743093e-8
726,5.828108039250297e-7,1.0276526938037296e-7
727,5.792201336563161e-7,1.2311704006003734e-7
728,5.749185680513035e-7,1.433432983696916e-7
729,5.699104964994661e-7,1.634192051667328e-7
730,5.642011765375312e-7,1.833200748948235e-7
731,5.577967284722971e-7,2.0302140593498235e-7
732,5.507041289420531e-7,2.2249891076829528e-7
733,5.429312034232178e-7,2.4172854591309924e-7
734,5.344866176900772e-7,2.6068654159979275e-7
735,5.253798682368411e-7,2.793494311465938e-7
736,5.156212716724746e-7,2.976940799999992e-7
737,5.052219531000527e-7,3.1569771440399445e-7
738,4.94193833493657e-7,3.333379496624806e-7
739,4.825496160870344e-7,3.5059281795988957e-7
740,4.703027717895017e-7,3.674407957054069e-7
741,4.5746752364579014e-7,3.8386083036676473e-7
742,4.4405883035766555e-7,3.998323667602102e-7
743,4.300923688864084e-7,4.1533537276378867e-7
744,4.1558451615630404e-7,4.3035036442183854e-7
745,4.0055232988047296e-7,4.448584304092447e-7
746,3.850135285314652e-7,4.588412558247451e-7
747,3.6898647048006776e-7,4.7228114528342063e-7
748,3.5249013232690554e-7,4.851610452792451e-7
749,3.3554408645233994e-7,4.974645657895023e-7
750,3.181684778112213e-7,5.091760010937287e-7
751,3.0038400000000116e-7,5.20280349780769e-7
752,2.8221187062457705e-7,5.30763333918536e-7
753,2.6367380599822575e-7,5.406114173619971e-7
754,2.447919951997402e-7,5.498118231759985e-7
755,2.2558907352276348e-7,5.583525501505537e-7
756,2.0608809534809778e-7,5.662223883873118e-7
757,1.8631250647145628e-7,5.734109339370568e-7
758,1.662861159198821e-7,5.799086024692012e-7
759,1.4603306729072778e-7,5.857066419554035e-7
760,1.2557780964764132e-7,5.907971443506461e-7
761,1.0494506800869895e-7,5.951730562562818e-7
762,8.41598134622546e-8,5.988281885508241e-7
763,6.324723294664223e-8,6.017572249754693e-7
764,4.2232698730325136e-8,6.039557296626239e-7
765,2.1141737629419146e-8,6.054201535969832e-7
766,-4.45765401015519e-22,6.0614784e-7
767,-2.116677145719655e-8,6.061370286298939e-7
768,-4.233277304171258e-8,6.053868589906638e-7
769,-6.347217150977346e-8,6.038973724449005e-7
770,-8.455913560383683e-8,6.016695132265248e-7
771,-1.0556786761679296e-7,5.987051283509252e-7
772,-1.264726349522233e-7,5.950069664213116e-7
773,-1.4724780164216132e-7,5.905786753314493e-7
774,-1.6786785978368938e-7,5.854247988662963e-7
775,-1.8830746085587679e-7,5.795507722034075e-7
776,-2.0854144687859082e-7,5.729629163193234e-7
777,-2.2854488137486224e-7,5.656684313065113e-7
778,-2.482930800987549e-7,5.576753886077494e-7
779,-2.6776164149081894e-7,5.489927221762031e-7
780,-2.8692647682360694e-7,5.396302185707401e-7
781,-3.057638400000001e-7,5.29598505997361e-7
782,-3.2425035696747063e-7,5.189090423089319e-7
783,-3.4236305471190384e-7,5.075741019766612e-7
784,-3.600793897949698e-7,4.95606762048088e-7
785,-3.7737727639965394e-7,4.830208871075532e-7
786,-3.942351138490536e-7,4.698311132563971e-7
787,-4.1063181356415187e-7,4.560528311313538e-7
788,-4.2654682542697823e-7,4.417021679807708e-7
789,-4.419601635162008e-7,4.267959688194937e-7
790,-4.568524311829329e-7,4.1135177668441477e-7
791,-4.7120484543535337e-7,3.953878120137525e-7
792,-4.84999260601472e-7,3.789229511743149e-7
793,-4.982181912402988e-7,3.6197670416198586e-7
794,-5.108448342725063e-7,3.445691915017633e-7
795,-5.228630903026066e-7,3.2672112037469936e-7
796,-5.342575841056566e-7,3.084537600000003e-7
797,-5.450136842524349e-7,2.897889163015902e-7
798,-5.55117521848123e-7,2.70748905889252e-7
799,-5.645560083605308e-7,2.51356529385394e-7
800,-5.733168525150111e-7,2.3163504412933256e-7
801,-5.81388576234338e-7,2.116081362917063e-7
802,-5.88760529602933e-7,1.9129989243250964e-7
803,-5.954229048360314e-7,1.7073477053683875e-7
804,-6.013667492355498e-7,1.4993757056319555e-7
805,-6.065839771156414e-7,1.2893340453982732e-7
806,-6.110673806821772e-7,1.0774766624511907e-7
807,-6.148106398516401e-7,8.640600050866057e-8
808,-6.178083309962034e-7,6.493427217012093e-8
809,-6.200559346030733e-7,4.3358534733446896e-8
810,-6.215498418374745e-7,2.170499875443804e-8
811,-6.222873600000001e-7,6.85874001216471e-22
812,-6.222667168703852e-7,-2.173003258221754e-8
813,-6.214870639311135e-7,-4.3458609044834225e-8
814,-6.199484784656347e-7,-6.515921073324992e-8
815,-6.176519645273405e-7,-8.680532265024486e-8
816,-6.145994527768208e-7,-1.0837046585321078e-7
817,-6.107937991863067e-7,-1.2982822984441135e-7
818,-6.062387826115956e-7,-1.5115230491462892e-7
819,-6.009391012331271e-7,-1.7231651440064386e-7
820,-5.949003678692833e-7,-1.9329484681693216e-7
821,-5.881291041663502e-7,-2.1406148782219725e-7
822,-5.806327336709687e-7,-2.3459085198143116e-7
823,-5.724195737922808e-7,-2.5485761428441066e-7
824,-5.634988266623299e-7,-2.7483674138184317e-7
825,-5.538805689046382e-7,-2.94503522500622e-7
826,-5.435757403222486e-7,-3.138335999999991e-7
827,-5.325961315178099e-7,-3.3280299953094856e-7
828,-5.209543704596641e-7,-3.5138815976132885e-7
829,-5.086639080091431e-7,-3.695659616300483e-7
830,-4.957390024256032e-7,-3.873137570939028e-7
831,-4.821947028670054e-7,-4.0460939733134076e-7
832,-4.6804683190504343e-7,-4.2143126036809193e-7
833,-4.5331196707513173e-7,-4.377582780901694e-7
834,-4.380074214826849e-7,-4.535699626105617e-7
835,-4.2215122348835483e-7,-4.6884643195662254e-7
836,-4.057620954960414e-7,-4.835684350459602e-7
837,-3.8885943186856384e-7,-4.977173759195221e-7
838,-3.7146327599706444e-7,-5.112753372013538e-7
839,-3.535942965511884e-7,-5.242251027555092e-7
840,-3.352737629381756e-7,-5.365501795114858e-7
841,-3.1652351999999935e-7,-5.482348184305441e-7
842,-2.973659619786054e-7,-5.59264034586333e-7
843,-2.7782400578027633e-7,-5.696236263342497e-7
844,-2.5792106357104983e-7,-5.793001935450623e-7
845,-2.3768101473589954e-7,-5.882811548794693e-7
846,-2.1712817723531278e-7,-5.96554764081365e-7
847,-1.9628727839356506e-7,-6.041101252688086e-7
848,-1.751834251537933e-7,-6.10937207202862e-7
849,-1.5384207383566546e-7,-6.170268565156955e-7
850,-1.3228899943201552e-7,-6.223708098806365e-7
851,-1.1055026448153696e-7,-6.26961705108073e-7
852,-8.865218755506872e-8,-6.30793091152456e-7
853,-6.662131139359742e-8,-6.338594370169376e-7
854,-4.448437073657085e-8,-6.361561395435227e-7
855,-2.2268259879459146e-8,-6.376795300779657e-7
856,3.9131889141741324e-22,-6.3842688e-7
857,2.2293293707236324e-8,-6.383964051108765e-7
858,4.458444504795807e-8,-6.375872688715628e-7
859,6.684624995672855e-8,-6.359995844863688e-7
860,8.905150969665072e-8,-6.336344158281567e-7
861,1.1117306408963084e-7,-6.304937772027163e-7
862,1.3318382473659725e-7,-6.265806319513022e-7
863,1.550568081870987e-7,-6.218988898917413e-7
864,1.767651690176005e-7,-6.164534035999571e-7
865,1.982822327779854e-7,-6.102499635351595e-7
866,2.195815287658058e-7,-6.032952920133765e-7
867,2.40636822587998e-7,-5.955970360354268e-7
868,2.614221484700643e-7,-5.871637589768132e-7
869,2.8191184127286936e-7,-5.780049311484557e-7
870,3.020805681776351e-7,-5.681309192385372e-7
871,3.2190336000000006e-7,-5.57552974647135e-7
872,3.413556420944247e-7,-5.46283220726689e-7
873,3.604132648107521e-7,-5.343346389426684e-7
874,3.7905253346512853e-7,-5.217210539701968e-7
875,3.972502377881498e-7,-5.084571177436548e-7
876,4.149836808136297e-7,-4.945582924776123e-7
877,4.3223070717203374e-7,-4.800408326787317e-7
878,4.489697307533589e-7,-4.649217661694942e-7
879,4.6517976170492413e-7,-4.492188741458745e-7
880,4.808404327303107e-7,-4.329506702922967e-7
881,4.959320246565685e-7,-4.1613637897832873e-7
882,5.104354912375735e-7,-3.9879591256281093e-7
883,5.243324831624073e-7,-3.809498478321448e-7
884,5.376053712385134e-7,-3.626194016006117e-7
885,5.502372687203637e-7,-3.438264055016537e-7
886,5.622120527554306e-7,-3.245932800000004e-7
887,5.73514384920232e-7,-3.0494300765561857e-7
888,5.841297308203756e-7,-2.848991056713026e-7
889,5.940443787295946e-7,-2.644855977567035e-7
890,6.032454572439266e-7,-2.4372698534246865e-7
891,6.117209519283912e-7,-2.2264821817892138e-7
892,6.19459720934685e-7,-2.012746643546184e-7
893,6.264515095696921e-7,-1.7963207977075003e-7
894,6.326869637958417e-7,-1.5774657710813312e-7
895,6.38157642645632e-7,-1.3564459432420144e-7
896,6.428560295339684e-7,-1.133528627179571e-7
897,6.46775542453272e-7,-9.089837460147462e-8
898,6.499105430376717e-7,-6.830835061707619e-8
899,6.522563444839722e-7,-4.5610206739692554e-8
900,6.538092183184569e-7,-2.2831521004477984e-8
901,6.545664e-7,-8.016126465894061e-22
902,6.545260933513676e-7,2.2856554832257368e-8
903,6.536874738120123e-7,4.571028105107965e-8
904,6.520506905071031e-7,6.853328918020493e-8
905,6.496168671289725e-7,9.12976967430588e-8
906,6.463881016286121e-7,1.1397566232604862e-7
907,6.423674647162973e-7,1.3653941962878537e-7
908,6.375589971718875e-7,1.5896131145956628e-7
909,6.319677059667878e-7,1.812138236345549e-7
910,6.255995592010351e-7,2.0326961873904084e-7
911,6.184614798604036e-7,2.2510156970941214e-7
912,6.105613383998842e-7,2.46682793194567e-7
913,6.019079441613447e-7,2.6798668265572006e-7
914,5.925110356345826e-7,2.8898694116389353e-7
915,5.823812695724352e-7,3.096576138546502e-7
916,5.715302089720228e-7,3.2997311999999897e-7
917,5.599703099355671e-7,3.499082846579026e-7
918,5.477149074256726e-7,3.6943836986017537e-7
919,5.347781999312505e-7,3.8853910530020896e-7
920,5.211752330617049e-7,4.071867184823986e-7
921,5.069218820882207e-7,4.253579642959169e-7
922,4.920348334524197e-7,4.4303015397597544e-7
923,4.7653156526385506e-7,4.6018118341655014e-7
924,4.604303268090658e-7,4.7678956079928503e-7
925,4.437501170962386e-7,4.928344335039987e-7
926,4.26510662460616e-7,5.082956142671769e-7
927,4.087323932570598e-7,5.231536065556236e-7
928,3.904364196672252e-7,5.373896291234611e-7
929,3.7164450665003495e-7,5.509856397215176e-7
930,3.5237904806512987e-7,5.639243579292429e-7
931,3.326630400000014e-7,5.761892870803169e-7
932,3.1252005333263167e-7,5.87764735254131e-7
933,2.9197420556232685e-7,5.986358353065023e-7
934,2.7105013194235945e-7,6.08788563914126e-7
935,2.497729559490378e-7,6.182097596083839e-7
936,2.2816825912252784e-7,6.268871397754181e-7
937,2.0626205031567387e-7,6.348093166005606e-7
938,1.8408073438770679e-7,6.419658119365222e-7
939,1.6165108038060078e-7,6.483470710759879e-7
940,1.390001892163897e-7,6.53944475410627e-7
941,1.1615546095437731e-7,6.587503539598637e-7
942,9.314456164788048e-8,6.627579937540881e-7
943,6.999538984055262e-8,6.65961649058406e-7
944,4.673604274281658e-8,6.683565494244217e-7
945,2.3394782129496768e-8,6.699389065589483e-7
946,-3.289662972161975e-22,6.707059200000001e-7
947,-2.3419815957276086e-8,6.706557815918589e-7
948,-4.683611705420117e-8,6.697876787524618e-7
949,-7.022032840368362e-8,6.681017965278371e-7
950,-9.354388378946458e-8,6.655993184297886e-7
951,-1.1677826056246637e-7,6.622824260545079e-7
952,-1.3989501452097354e-7,6.581542974812923e-7
953,-1.6286581473203614e-7,6.532191044520333e-7
954,-1.8566247825150928e-7,6.474820083336186e-7
955,-2.0825700470009626e-7,6.409491548669107e-7
956,-2.306216106530207e-7,6.336276677074297e-7
957,-2.5272876380113385e-7,6.255256407643426e-7
958,-2.7455121684137593e-7,6.166521293458761e-7
959,-2.9606204105491983e-7,6.070171401207083e-7
960,-3.172346595316633e-7,5.966316199063342e-7
961,-3.380428799999978e-7,5.855074432969103e-7
962,-3.584609272213807e-7,5.736573991444449e-7
963,-3.7846347490960043e-7,5.610951759086754e-7
964,-3.9802567713528536e-7,5.478353458923069e-7
965,-4.1712319917664753e-7,5.338933483797549e-7
966,-4.357322477782058e-7,5.192854716988276e-7
967,-4.5382960077991365e-7,5.04028834226111e-7
968,-4.713926360797414e-7,4.881413643582159e-7
969,-4.883993598936474e-7,4.7164177947225533e-7
970,-5.048284342776885e-7,4.5454956390017866e-7
971,-5.20659203877782e-7,4.3688494594290683e-7
972,-5.358717218736751e-7,4.186688739513069e-7
973,-5.504467750845161e-7,3.9992299150230377e-7
974,-5.643659082045191e-7,3.8066961169946207e-7
975,-5.77611447138122e-7,3.6093169062860595e-7
976,-5.901665214052044e-7,3.407328000000004e-7
977,-6.020150855880278e-7,3.2009709900964905e-7
978,-6.131419397926293e-7,2.990493054533511e-7
979,-6.235327490986584e-7,2.776146661280131e-7
980,-6.33174061972842e-7,2.5581892655560474e-7
981,-6.420533276224451e-7,2.3368830006613419e-7
982,-6.501589122664369e-7,2.1124943627672718e-7
983,-6.574801143033529e-7,1.8852938900466126e-7
984,-6.64007178356133e-7,1.6555558365307307e-7
985,-6.697313081756224e-7,1.4235578410857559e-7
986,-6.746446783857597e-7,1.1895805919079518e-7
987,-6.787404450549035e-7,9.53907486942911e-8
988,-6.820127550791402e-7,7.168242906402902e-8
989,-6.844567543648711e-7,4.7861878745938224e-8
990,-6.860685947994393e-7,2.3958043254520367e-8
991,-6.868454400000001e-7,-1.5149078133442979e-21
992,-6.867854698323502e-7,-2.3983077082297184e-8
993,-6.858878836929112e-7,-4.796195305732507e-8
994,-6.84152902548571e-7,-7.190736762716236e-8
995,-6.815817697306044e-7,-9.579007083587272e-8
996,-6.781767504804034e-7,-1.1958085879888646e-7
997,-6.739411302462884e-7,-1.43250609413157e-7
998,-6.688792117321788e-7,-1.6677031800450602e-7
999,-6.629963107004486e-7,-1.9011113286846595e-7
1000,-6.562987505327877e-7,-2.132443906611471e-7
1001,-6.487938555544559e-7,-2.361416515966293e-7
1002,-6.404899431287998e-7,-2.587747344077029e-7
1003,-6.313963145304095e-7,-2.811157510270273e-7
1004,-6.215232446068341e-7,-3.031371409459461e-7
1005,-6.108819702402323e-7,-3.248117052086785e-7
1006,-5.994846776217968e-7,-3.4611263999999885e-7
1007,-5.873444883533256e-7,-3.6701356978485467e-7
1008,-5.744754443916783e-7,-3.8748857995902554e-7
1009,-5.608924918533606e-7,-4.0751224897036574e-7
1010,-5.466114636978079e-7,-4.270596798708926e-7
1011,-5.316490613094344e-7,-4.461065312604948e-7
1012,-5.160228349997993e-7,-4.646290475838555e-7
1013,-4.997511634525801e-7,-4.82604088742929e-7
1014,-4.828532321354448e-7,-5.000091589880099e-7
1015,-4.653490107041187e-7,-5.168224350513781e-7
1016,-4.4725922942519403e-7,-5.330227934883904e-7
1017,-4.2860535464555394e-7,-5.485898371917266e-7
1018,-4.0940956333738213e-7,-5.63503921045571e-7
1019,-3.8969471674888533e-7,-5.777461766875232e-7
1020,-3.6948433319208626e-7,-5.912985363469985e-7
1021,-3.4880255999999944e-7,-6.041437557300922e-7
1022,-3.276741446866621e-7,-6.162654359219269e-7
1023,-3.0612440534437965e-7,-6.276480442787538e-7
1024,-2.841792003136668e-7,-6.382769342831908e-7
1025,-2.618648971621716e-7,-6.481383643373002e-7
1026,-2.392083410097452e-7,-6.572195154694704e-7
1027,-2.1623682223778035e-7,-6.655085079323131e-7
1028,-1.9297804362161577e-7,-6.729944166701836e-7
1029,-1.6946008692554073e-7,-6.796672856362793e-7
1030,-1.4571137900076143e-7,-6.85518140940618e-7
1031,-1.2176065742721298e-7,-6.905390028116553e-7
1032,-9.763693574069694e-8,-6.947228963557196e-7
1033,-7.336946828751029e-8,-6.980638610998739e-7
1034,-4.898771474905981e-8,-7.005569593053207e-7
1035,-2.452130437953916e-8,-7.021982830399307e-7
1036,-2.238796664971151e-21,-7.029849600000001e-7
1037,2.4546338207318337e-8,-7.029151580728411e-7
1038,4.908778906044902e-8,-7.019880886333605e-7
1039,7.35944068506362e-8,-7.002040085693057e-7
1040,9.803625788228095e-8,-6.975642210314202e-7
1041,1.223834570353066e-7,-6.940710749062987e-7
1042,1.4660620430534514e-7,-6.897279630112834e-7
1043,1.7067482127697599e-7,-6.845393190123246e-7
1044,1.9455978748542268e-7,-6.785106130672788e-7
1045,2.1823177662220256e-7,-6.716483461986634e-7
1046,2.416616925402332e-7,-6.639600434014838e-7
1047,2.64820705014272e-7,-6.55454245493257e-7
1048,2.876802852126831e-7,-6.461404997149409e-7
1049,3.10212240836968e-7,-6.360293490929623e-7
1050,3.3238875088569364e-7,-6.251323205741301e-7
1051,3.541823999999998e-7,-6.134619119466832e-7
1052,3.7556621234833276e-7,-6.010315775622034e-7
1053,3.9651368500845076e-7,-5.878557128746812e-7
1054,4.169988208054461e-7,-5.739496378144143e-7
1055,4.3699616056514144e-7,-5.59329579015858e-7
1056,4.5648081474277993e-7,-5.440126509200444e-7
1057,4.754284943877973e-7,-5.280168357734873e-7
1058,4.938155414061203e-7,-5.11360962546941e-7
1059,5.116189580823689e-7,-4.94064684798638e-7
1060,5.288164358250678e-7,-4.761484575080587e-7
1061,5.453863830989987e-7,-4.576335129074812e-7
1062,5.61307952509775e-7,-4.385418353398049e-7
1063,5.765610670066262e-7,-4.1889613517246055e-7
1064,5.911264451705275e-7,-3.987198217983086e-7
1065,6.049856255558777e-7,-3.7803697575556234e-7
1066,6.181209900549797e-7,-3.5687231999999835e-7
1067,6.305157862558261e-7,-3.3525119036367525e-7
1068,6.421541487648808e-7,-3.131995052354039e-7
1069,6.530211194677211e-7,-2.9074373449932504e-7
1070,6.631026667017584e-7,-2.6791086776873845e-7
1071,6.723857033164973e-7,-2.4472838195335157e-7
1072,6.80858103598188e-7,-2.2122420819883837e-7
1073,6.885087190370144e-7,-1.9742669823857017e-7
1074,6.953273929164256e-7,-1.733645901980083e-7
1075,7.013049737056124e-7,-1.490669738929522e-7
1076,7.064333272375512e-7,-1.2456325566363073e-7
1077,7.107053476565357e-7,-9.988312278710276e-8
1078,7.141149671206081e-7,-7.505650751098671e-8
1079,7.166571642457701e-7,-5.011355075218135e-8
1080,7.183279712804218e-7,-2.5084565504557886e-8
1081,7.191244800000001e-7,-1.0568081911446059e-21
1082,7.190448463133326e-7,2.510959933233444e-8
1083,7.1808829357381e-7,5.021362506357304e-8
1084,7.162551145900396e-7,7.528144607411493e-8
1085,7.135466723322365e-7,1.0028244492868411e-7
1086,7.099653993321941e-7,1.251860552717268e-7
1087,7.055147957762783e-7,1.4996179919753337e-7
1088,7.001994262924715e-7,1.7457932454944097e-7
1089,6.940249154341088e-7,1.9900844210237944e-7
1090,6.86997941864539e-7,2.2321916258325806e-7
1091,6.7912623124851e-7,2.471817334838419e-7
1092,6.704185478577163e-7,2.7086667562083645e-7
1093,6.608846848994723e-7,2.94244819398339e-7
1094,6.50535453579088e-7,3.1728734072799426e-7
1095,6.393826709080305e-7,3.3996579656270436e-7
1096,6.274391462715697e-7,3.62252160000001e-7
1097,6.147186667710814e-7,3.8411885491181085e-7
1098,6.012359813576869e-7,4.055387900578718e-7
1099,5.870067837754679e-7,4.264853926405265e-7
1100,5.72047694333908e-7,4.469326412593904e-7
1101,5.563762405306513e-7,4.6685509822506903e-7
1102,5.400108365471754e-7,4.862279411917391e-7
1103,5.229707616413018e-7,5.050269940693115e-7
1104,5.052761374618275e-7,5.232287571767315e-7
1105,4.869479043120027e-7,5.408104365987542e-7
1106,4.6800779638976837e-7,5.577499727096071e-7
1107,4.4847831603405187e-7,5.740260678278264e-7
1108,4.283827070075431e-7,5.896182129676781e-7
1109,4.077449268477318e-7,6.045067136535318e-7
1110,3.8658961831903836e-7,6.186727147647571e-7
1111,3.6494208000000176e-7,6.320982243798648e-7
1112,3.428282360406883e-7,6.447661365897251e-7
1113,3.2027460512642795e-7,6.566602532510075e-7
1114,2.973082686849787e-7,6.677653046522536e-7
1115,2.739568383753053e-7,6.780669690662165e-7
1116,2.5024842289695797e-7,6.875518911635245e-7
1117,2.2621159415989155e-7,6.962076992640643e-7
1118,2.0187535285552943e-7,7.040230214038437e-7
1119,1.7726909347047586e-7,7.109875001965719e-7
1120,1.524225687851381e-7,7.17091806470608e-7
1121,1.2736585390005358e-7,7.22327651663446e-7
1122,1.021293098335085e-7,7.266877989573519e-7
1123,7.674354673446305e-8,7.301660731413425e-7
1124,5.123938675530805e-8,7.327573691862195e-7
1125,2.5647826629576567e-8,7.34457659520913e-7
1126,-1.805428550044364e-22,7.35264e-7
1127,-2.567286045735559e-8,7.351745345538238e-7
1128,-5.133946106669189e-8,7.341884985142596e-7
1129,-7.696848529759375e-8,7.323062206107737e-7
1130,-1.025286319750923e-7,7.295291236330525e-7
1131,-1.2798865350814188e-7,7.258597237580903e-7
1132,-1.5331739408972164e-7,7.213016285412734e-7
1133,-1.784838278219109e-7,7.158595335726173e-7
1134,-2.0345709671933127e-7,7.095392178009404e-7
1135,-2.2820654854431364e-7,7.023475375304146e-7
1136,-2.527017744274505e-7,6.942924190955361e-7
1137,-2.7691264622740545e-7,6.853828502221735e-7
1138,-3.008093535839949e-7,6.756288700840039e-7
1139,-3.243624406190207e-7,6.650415580652138e-7
1140,-3.475428422397196e-7,6.536330212419285e-7
1141,-3.7032191999999754e-7,6.414163805964586e-7
1142,-3.92671497475289e-7,6.284057559799592e-7
1143,-4.1456389510729697e-7,6.146162498406898e-7
1144,-4.3597196447560274e-7,6.000639297365246e-7
1145,-4.5686912195363927e-7,5.84765809651958e-7
1146,-4.77229381707358e-7,5.687398301412581e-7
1147,-4.970273879956772e-7,5.52004837320867e-7
1148,-5.162384467325029e-7,5.345805607356625e-7
1149,-5.348385562710939e-7,5.16487590125017e-7
1150,-5.528044373724438e-7,4.977473511159426e-7
1151,-5.701135623202155e-7,4.783820798720554e-7
1152,-5.86744183145878e-7,4.584147967282989e-7
1153,-6.026753589287333e-7,4.3786927884262156e-7
1154,-6.178869821365331e-7,4.1677003189715924e-7
1155,-6.323598039736362e-7,3.9514226088251433e-7
1156,-6.460754587047524e-7,3.7301184000000067e-7
1157,-6.590164869236217e-7,3.5040528171770595e-7
1158,-6.711663577371346e-7,3.273497050174521e-7
1159,-6.825094898367859e-7,3.0387280287063227e-7
1160,-6.930312714306729e-7,2.8000280898187693e-7
1161,-7.027180790105516e-7,2.557684638405642e-7
1162,-7.115572949299407e-7,2.3119898012094472e-7
1163,-7.195373237706745e-7,2.0632400747248389e-7
1164,-7.266476074767169e-7,1.811735967429485e-7
1165,-7.328786392356035e-7,1.5577816367732385e-7
1166,-7.382219760893419e-7,1.3016845213647136e-7
1167,-7.426702502581673e-7,1.0437549687991947e-7
1168,-7.462171791620769e-7,7.843058595793934e-8
1169,-7.488575741266688e-7,5.236522275842958e-8
1170,-7.505873477614042e-7,2.6211087754600517e-8
1171,-7.514035200000001e-7,-1.4732564734759753e-21
1172,-7.513042227943151e-7,-2.62361215823768e-8
1173,-7.502887034547089e-7,-5.2465297069815896e-8
1174,-7.483573266315077e-7,-7.86555245210726e-8
1175,-7.455115749338682e-7,-1.0477481902150057e-7
1176,-7.417540481839858e-7,-1.3079125174456208e-7
1177,-7.370884613062695e-7,-1.5667298898190473e-7
1178,-7.315196408527628e-7,-1.823883310943809e-7
1179,-7.250535201677703e-7,-2.07905751336288e-7
1180,-7.176971331962917e-7,-2.331939345053642e-7
1181,-7.094586069425624e-7,-2.5822181537105926e-7
1182,-7.003471525866308e-7,-2.8295861683397466e-7
1183,-6.903730552685373e-7,-3.073738877696459e-7
1184,-6.795476625513394e-7,-3.314375405100471e-7
1185,-6.678833715758265e-7,-3.551198879167349e-7
1186,-6.553936149213451e-7,-3.783916799999986e-7
1187,-6.420928451888372e-7,-4.0122414003876724e-7
1188,-6.279965183236926e-7,-4.235890001567222e-7
1189,-6.131210756975781e-7,-4.454585363106831e-7
1190,-5.974839249700112e-7,-4.6680560264788414e-7
1191,-5.81103419751865e-7,-4.876036651896472e-7
1192,-5.639988380945551e-7,-5.07826834799619e-7
1193,-5.46190359830027e-7,-5.274498993956904e-7
1194,-5.276990427882065e-7,-5.464483553654565e-7
1195,-5.085467979198827e-7,-5.647984381461336e-7
1196,-4.887563633543467e-7,-5.824771519308207e-7
1197,-4.6835127742254573e-7,-5.994622984639295e-7
1198,-4.4735585067769993e-7,-6.157325048897884e-7
1199,-4.257951369465824e-7,-6.312672506195374e-7
1200,-4.0369490344599496e-7,-6.460468931825126e-7
1201,-3.810815999999996e-7,-6.600526930296402e-7
1202,-3.579823273947189e-7,-6.732668372575208e-7
1203,-3.34424804908481e-7,-6.856724622232589e-7
1204,-3.104373370562858e-7,-6.972536750213184e-7
1205,-2.8604877958844376e-7,-7.079955737951312e-7
1206,-2.6128850478417554e-7,-7.178842668575765e-7
1207,-2.361863660819978e-7,-7.26906890595817e-7
1208,-2.107726620894382e-7,-7.350516261375051e-7
1209,-1.8507810001541606e-7,-7.423077147568631e-7
1210,-1.5913375856950964e-7,-7.486654720005991e-7
1211,-1.3297105037288903e-7,-7.541163005152377e-7
1212,-1.0662168392632521e-7,-7.586527015589833e-7
1213,-8.011762518142096e-8,-7.622682851828105e-7
1214,-5.3491058761551075e-8,-7.649577790671184e-7
1215,-2.6774348879619202e-8,-7.667170360018955e-7
1216,-2.6323886502822293e-21,-7.6754304e-7
1217,2.6799382707398057e-8,-7.674339110348062e-7
1218,5.359113307293996e-8,-7.663889083951584e-7
1219,8.034256374454607e-8,-7.644084326522423e-7
1220,1.0702100606790888e-7,-7.614940262346839e-7
1221,1.3359384998098232e-7,-7.576483726098811e-7
1222,1.6002858387409298e-7,-7.528752940712645e-7
1223,1.8629283436685097e-7,-7.471797481329085e-7
1224,2.1235440595324483e-7,-7.405678225346004e-7
1225,2.381813204664197e-7,-7.330467288621673e-7
1226,2.637418563146628e-7,-7.246247947895902e-7
1227,2.8900458744054387e-7,-7.153114549510882e-7
1228,3.139384219553018e-7,-7.051172404530687e-7
1229,3.385126404010687e-7,-6.940537670374676e-7
1230,3.626969335937501e-7,-6.821337219097242e-7
1231,3.864614399999996e-7,-6.693708492462314e-7
1232,4.097767826022409e-7,-6.55779934397718e-7
1233,4.3261410520614757e-7,-6.413767868066954e-7
1234,4.5494510814576365e-7,-6.261782216586318e-7
1235,4.76742083342133e-7,-6.102020402880612e-7
1236,4.97977948671932e-7,-5.934670093624751e-7
1237,5.186262816035609e-7,-5.759928388682432e-7
1238,5.386613520588817e-7,-5.578001589243878e-7
1239,5.580581544598154e-7,-5.389104954513998e-7
1240,5.767924389198234e-7,-5.193462447238225e-7
1241,5.948407415414291e-7,-4.991306468366337e-7
1242,6.121804137819778e-7,-4.78287758116797e-7
1243,6.287896508508436e-7,-4.568424225127783e-7
1244,6.446475191025415e-7,-4.3482024199600555e-7
1245,6.597339823913917e-7,-4.1224754600947093e-7
1246,6.740299273545278e-7,-3.8915135999999833e-7
1247,6.875171875914201e-7,-3.6555937307173194e-7
1248,7.00178566709386e-7,-3.4149990479950514e-7
1249,7.119978602058486e-7,-3.170018712419443e-7
1250,7.229598761595893e-7,-2.9209475019501053e-7
1251,7.330504547046038e-7,-2.668085457277819e-7
1252,7.422564862616918e-7,-2.4117375204305615e-7
1253,7.505659285043359e-7,-2.152213167063925e-7
1254,7.579678220370093e-7,-1.8898260328788353e-7
1255,7.644523047655935e-7,-1.6248935346170075e-7
1256,7.700106249411337e-7,-1.357736486093067e-7
1257,7.746351528597995e-7,-1.0886787097273093e-7
1258,7.783193912035448e-7,-8.180466440489726e-8
1259,7.810579840075679e-7,-5.4616894764672504e-8
1260,7.828467242423868e-7,-2.7337610004637827e-8
1261,7.836825600000001e-7,-1.3436280741122451e-21
1262,7.835635992752977e-7,2.736264383241381e-8
1263,7.824891133356077e-7,5.471696907606407e-8
1264,7.804595386729763e-7,8.202960296802493e-8
1265,7.774764775355005e-7,1.0926719311431171e-7
1266,7.735426970357765e-7,1.3639644821740264e-7
1267,7.686621268362596e-7,1.6338417876628134e-7
1268,7.628398554130554e-7,1.901973376393156e-7
1269,7.560821249014305e-7,2.1680306057020171e-7
1270,7.483963245280429e-7,2.431687064274753e-7
1271,7.397909826366164e-7,2.6926189725827153e-7
1272,7.302757573155475e-7,2.9505055804710795e-7
1273,7.198614256376e-7,3.205029561409578e-7
1274,7.085598715235934e-7,3.4558774029209504e-7
1275,6.963840722436248e-7,3.7027397927076057e-7
1276,6.833480835711178e-7,3.9453120000000094e-7
1277,6.694670236065958e-7,4.183294251657191e-7
1278,6.547570552897013e-7,4.416392102555682e-7
1279,6.392353676196853e-7,4.6443167998084413e-7
1280,6.229201556061113e-7,4.866785640363821e-7
1281,6.058305989730821e-7,5.083522321542211e-7
1282,5.87986839641931e-7,5.294257284075028e-7
1283,5.694099580187486e-7,5.498728047220731e-7
1284,5.501219481145894e-7,5.69667953554178e-7
1285,5.301456915277666e-7,5.887864396935095e-7
1286,5.095049303189209e-7,6.072043311520376e-7
1287,4.88224238811044e-7,6.248985291000293e-7
1288,4.663289943478611e-7,6.418467968118953e-7
1289,4.4384534704542866e-7,6.58027787585546e-7
1290,4.2080018857294696e-7,6.73421071600271e-7
1291,3.9722112000000206e-7,6.880071616794127e-7
1292,3.731364187487449e-7,7.017675379253191e-7
1293,3.4857500469052916e-7,7.146846711955128e-7
1294,3.2356640542759797e-7,7.267420453903811e-7
1295,2.981407208015772e-7,7.379241785240476e-7
1296,2.723285866713881e-7,7.482166425516306e-7
1297,2.4616113800410925e-7,7.576060819275679e-7
1298,2.196699713233522e-7,7.660802308711653e-7
1299,1.9288710656035095e-7,7.736279293171557e-7
1300,1.6584494835388648e-7,7.80239137530589e-7
1301,1.3857624684572987e-7,7.859049493670283e-7
1302,1.1111405801913656e-7,7.906176041606157e-7
1303,8.34917036283735e-8,7.943704972242793e-7
1304,5.5742730767799545e-8,7.971581889480172e-7
1305,2.79008711296564e-8,7.989764124828781e-7
1306,-4.950743802358244e-25,7.9982208e-7
1307,-2.7925904957435067e-8,7.996932875157887e-7
1308,-5.584280507918824e-8,7.985893182760571e-7
1309,-8.371664219150385e-8,7.965106446937104e-7
1310,-1.1151338016072003e-7,7.934589288363163e-7
1311,-1.3919904645381737e-7,7.894370214616728e-7
1312,-1.667397736584697e-7,7.844489596012545e-7
1313,-1.9410184091178568e-7,7.784999626932012e-7
1314,-2.212517151871532e-7,7.715964272682621e-7
1315,-2.48156092388531e-7,7.637459201939184e-7
1316,-2.7478193820188026e-7,7.549571704836425e-7
1317,-3.0109652865367705e-7,7.452400596800046e-7
1318,-3.270674903266138e-7,7.346056108221315e-7
1319,-3.5266284018312155e-7,7.230659760097192e-7
1320,-3.7785102494777584e-7,7.106344225775226e-7
1321,-4.026009599999971e-7,6.973253178960069e-7
1322,-4.268820677291973e-7,6.831541128154735e-7
1323,-4.5066431530499356e-7,6.681373237727042e-7
1324,-4.7391825181592006e-7,6.522925135807422e-7
1325,-4.966150447306311e-7,6.35638270924161e-7
1326,-5.187265156365102e-7,6.181941885836888e-7
1327,-5.402251752114406e-7,5.999808404156229e-7
1328,-5.610842573852644e-7,5.810197571131093e-7
1329,-5.812777526485405e-7,5.613334007777789e-7
1330,-6.007804404671991e-7,5.409451383317065e-7
1331,-6.195679207626461e-7,5.198792138012078e-7
1332,-6.37616644418081e-7,4.981607195052908e-7
1333,-6.549039427729506e-7,4.7581556618293947e-7
1334,-6.714080560685469e-7,4.528704520948563e-7
1335,-6.871081608091504e-7,4.293528311364228e-7
1336,-7.019843960043005e-7,4.0529088000000097e-7
1337,-7.160178882592156e-7,3.8071346442576285e-7
1338,-7.291907756816399e-7,3.556501045815531e-7
1339,-7.414862305749134e-7,3.301309396132514e-7
1340,-7.528884808885037e-7,3.041866914081492e-7
1341,-7.633828303986578e-7,2.7784862761499427e-7
1342,-7.729556775934445e-7,2.5114852396516224e-7
1343,-7.815945332379961e-7,2.2411862594030648e-7
1344,-7.892880365973019e-7,1.9679160983281835e-7
1345,-7.960259702955846e-7,1.6920054324607217e-7
1346,-8.017992737929243e-7,1.4137884508214754e-7
1347,-8.066000554614311e-7,1.1336024506554788e-7
1348,-8.104216032450134e-7,8.517874285184968e-8
1349,-8.132583938884665e-7,5.6868566770920974e-8
1350,-8.151061007233691e-7,2.846413225468071e-8
1351,-8.159616e-7,-1.3999807951952134e-21
1352,-8.158229757562799e-7,-2.848916608245638e-8
1353,-8.146895232165067e-7,-5.6968641082306675e-8
1354,-8.125617507144442e-7,-8.54036814149828e-8
1355,-8.094413801371321e-7,-1.1375956720712839e-7
1356,-8.053313458875683e-7,-1.4200164469023765e-7
1357,-8.002357923662507e-7,-1.7009536855065247e-7
1358,-7.941600699733467e-7,-1.9800634418425578e-7
1359,-7.871107296350921e-7,-2.2570036980411e-7
1360,-7.790955158597956e-7,-2.5314347834958116e-7
1361,-7.701233583306687e-7,-2.803019791454891e-7
1362,-7.602043620444621e-7,-3.0714249926024637e-7
1363,-7.493497960066651e-7,-3.3363202451226455e-7
1364,-7.375720804958448e-7,-3.5973794007414806e-7
1365,-7.248847729114205e-7,-3.8542807062479127e-7
1366,-7.113025522208934e-7,-4.106707199999983e-7
1367,-6.968412020243514e-7,-4.3543471029267557e-7
1368,-6.815175922557068e-7,-4.5968942035441883e-7
1369,-6.653496595417957e-7,-4.834048236510005e-7
1370,-6.483563862422147e-7,-5.065515254248756e-7
1371,-6.305577781942955e-7,-5.291007991187994e-7
1372,-6.119748411893109e-7,-5.510246220153824e-7
1373,-5.926295562074741e-7,-5.722957100484517e-7
1374,-5.725448534409683e-7,-5.928875517429033e-7
1375,-5.517445851356464e-7,-6.127744412408891e-7
1376,-5.302534972834993e-7,-6.319315103732509e-7
1377,-5.080972001995376e-7,-6.503347597361325e-7
1378,-4.853021380180177e-7,-6.679610887340056e-7
1379,-4.618955571442794e-7,-6.847883245515514e-7
1380,-4.379054736998988e-7,-7.007952500180298e-7
1381,-4.1336063999999966e-7,-7.159616303291882e-7
1382,-3.8829051010277574e-7,-7.302682385931147e-7
1383,-3.6272520447258243e-7,-7.436968801677641e-7
1384,-3.366954737989049e-7,-7.56230415759446e-7
1385,-3.1023266201471594e-7,-7.678527832529621e-7
1386,-2.833686685586059e-7,-7.785490182456828e-7
1387,-2.561359099262153e-7,-7.883052732593208e-7
1388,-2.2856728055726072e-7,-7.971088356048269e-7
1389,-2.0069611310529138e-7,-8.049481438774469e-7
1390,-1.725561381382578e-7,-8.118128030605802e-7
1391,-1.4418144331856513e-7,-8.176935982188198e-7
1392,-1.1560643211195352e-7,-8.225825067622471e-7
1393,-8.686578207533168e-8,-8.264727092657472e-7
1394,-5.799440277404236e-8,-8.293585988289162e-7
1395,-2.9027393379699286e-8,-8.312357889638604e-7
1396,-3.057604974005746e-21,-8.3210112e-7
1397,2.9052427207477747e-8,-8.319526639967711e-7
1398,5.809447708543085e-8,-8.307897281569561e-7
1399,8.709072063845594e-8,-8.28612856735179e-7
1400,1.1600575425353678e-7,-8.254238314379477e-7
1401,1.4480424292665802e-7,-8.212256703134635e-7
1402,1.7345096344284082e-7,-8.160226251312455e-7
1403,2.0191084745672595e-7,-8.098201772534925e-7
1404,2.30149024421067e-7,-8.026250320019222e-7
1405,2.5813086431063685e-7,-7.944451115256712e-7
1406,2.858220200890924e-7,-7.852895461776967e-7
1407,3.1318846986681574e-7,-7.751686644089194e-7
1408,3.401965586979205e-7,-7.640939811911965e-7
1409,3.668130399651693e-7,-7.520781849819732e-7
1410,3.9300511630180664e-7,-7.391351232453184e-7
1411,4.1874047999999947e-7,-7.252797865457797e-7
1412,4.4398735285614895e-7,-7.105282912332324e-7
1413,4.6871452540384416e-7,-6.948978607387097e-7
1414,4.928913954860812e-7,-6.784068055028493e-7
1415,5.164880061191247e-7,-6.610745015602644e-7
1416,5.394750826010886e-7,-6.429213678049021e-7
1417,5.618240688193245e-7,-6.239688419629989e-7
1418,5.835071627116431e-7,-6.042393553018347e-7
1419,6.044973508372617e-7,-5.837563061041618e-7
1420,6.247684420145789e-7,-5.625440319395862e-7
1421,6.442950999838594e-7,-5.406277807657863e-7
1422,6.630528750541806e-7,-5.180336808937892e-7
1423,6.810182346950609e-7,-4.94788709853096e-7
1424,6.981685930345556e-7,-4.7092066219370236e-7
1425,7.144823392269058e-7,-4.464581162633796e-7
1426,7.299388646540759e-7,-4.2143039999999847e-7
1427,7.445185889270139e-7,-3.958675557797887e-7
1428,7.58202984653891e-7,-3.6980030436360645e-7
1429,7.709746009439762e-7,-3.432600079845637e-7
1430,7.828170856174203e-7,-3.1627863262128256e-7
1431,7.937152060927099e-7,-2.8888870950221215e-7
1432,8.036548689251955e-7,-2.6112329588727393e-7
1433,8.126231379716578e-7,-2.3301593517421488e-7
1434,8.206082511575932e-7,-2.0460061637775878e-7
1435,8.275996358255745e-7,-1.7591173303044928e-7
1436,8.335879226447158e-7,-1.469840415549827e-7
1437,8.385649580630632e-7,-1.1785261915835912e-7
1438,8.425238152864813e-7,-8.855282129880785e-8
1439,8.454588037693656e-7,-5.9120238777163673e-8
1440,8.473654772043517e-7,-2.9590654504717802e-8
1441,8.482406400000001e-7,-1.6620722954923238e-21
1442,8.480823522372625e-7,2.961568833249314e-8
1443,8.468899330974055e-7,5.9220313088555065e-8
1444,8.446639627559129e-7,8.877775986193488e-8
1445,8.414062827387645e-7,1.182519412999393e-7
1446,8.371199947393589e-7,1.4760684116307842e-7
1447,8.318094578962407e-7,1.7680655833502929e-7
1448,8.254802845336394e-7,2.0581535072919022e-7
1449,8.181393343687521e-7,2.3459767903802394e-7
1450,8.097947071915468e-7,2.6311825027169254e-7
1451,8.004557340247228e-7,2.913420610327012e-7
1452,7.901329667733763e-7,3.19234440473385e-7
1453,7.788381663757277e-7,3.467610928835765e-7
1454,7.665842894680989e-7,3.7388813985619577e-7
1455,7.53385473579219e-7,4.005821619788168e-7
1456,7.392570208706659e-7,4.2681024000000076e-7
1457,7.242153804421102e-7,4.525399954196272e-7
1458,7.082781292217157e-7,4.777396304532646e-7
1459,6.914639514639029e-7,5.023779673211617e-7
1460,6.737926168783144e-7,5.264244868133739e-7
1461,6.552849574155127e-7,5.498493660833733e-7
1462,6.359628427366868e-7,5.726235156232664e-7
1463,6.158491543961953e-7,5.947186153748345e-7
1464,5.949677587673512e-7,6.161071499316244e-7
1465,5.733434787435306e-7,6.367624427882648e-7
1466,5.510020642480734e-7,6.566586895944678e-7
1467,5.27970161588036e-7,6.757709903722322e-7
1468,5.04275281688179e-7,6.940753806561126e-7
1469,4.799457672431255e-7,7.1154886151756e-7
1470,4.5501075882685556e-7,7.281694284357851e-7
1471,4.295001600000024e-7,7.439160989789607e-7
1472,4.0344460145680146e-7,7.587689392609131e-7
1473,3.7687540425463036e-7,7.72709089140018e-7
1474,3.4982454217021726e-7,7.857187861285086e-7
1475,3.223246032278492e-7,7.977813879818787e-7
1476,2.944087504458183e-7,8.08881393939737e-7
1477,2.661106818483269e-7,8.190044645910718e-7
1478,2.37464589791175e-7,8.281374403384869e-7
1479,2.085051196502261e-7,8.362683584377397e-7
1480,1.7926732792263496e-7,8.433864685905701e-7
1481,1.4978663979140618e-7,8.494822470706106e-7
1482,1.2009880620476464e-7,8.545474093638794e-7
1483,9.023986052228398e-8,8.585749213072158e-7
1484,6.024607478029108e-8,8.615590087098149e-7
1485,3.015391562973627e-8,8.63495165444843e-7
1486,2.1117704465640428e-22,8.6438016e-7
1487,-3.0178949457514505e-8,8.642120404777537e-7
1488,-6.034614909167935e-8,8.629901380378548e-7
1489,-9.04647990854139e-8,8.607150687766469e-7
1490,-1.2049812834634768e-7,8.573887340395801e-7
1491,-1.5040943939949283e-7,8.530143191652553e-7
1492,-1.8016215322721775e-7,8.475962906612356e-7
1493,-2.097198540016604e-7,8.411403918137851e-7
1494,-2.3904633365497505e-7,8.33653636735584e-7
1495,-2.6810563623274833e-7,8.251443028574222e-7
1496,-2.9686210197631005e-7,8.15621921871749e-7
1497,-3.252804110799487e-7,8.05097269137836e-7
1498,-3.5332562706923273e-7,7.935823515602592e-7
1499,-3.809632397472224e-7,7.810903939542247e-7
1500,-4.0815920765583215e-7,7.676358239131168e-7
1501,-4.348799999999967e-7,7.532342551955552e-7
1502,-4.6109263798310555e-7,7.379024696509879e-7
1503,-4.8676473550269e-7,7.216583977047185e-7
1504,-5.118645391562374e-7,7.045210974249599e-7
1505,-5.36360967507623e-7,6.865107321963641e-7
1506,-5.602236495656623e-7,6.676485470261192e-7
1507,-5.834229624272039e-7,6.479568435103789e-7
1508,-6.05930068038026e-7,6.274589534905561e-7
1509,-6.277169490259871e-7,6.061792114305405e-7
1510,-6.487564435619546e-7,5.841429255474703e-7
1511,-6.690222792050765e-7,5.613763477303604e-7
1512,-6.884891056902838e-7,5.37906642282283e-7
1513,-7.071325266171677e-7,5.137618535232574e-7
1514,-7.249291300005609e-7,4.889708722925534e-7
1515,-7.418565176446645e-7,4.6356340139033137e-7
1516,-7.578933333038485e-7,4.375699200000011e-7
1517,-7.730192895948093e-7,4.1102164713381975e-7
1518,-7.872151936261451e-7,3.839505041456542e-7
1519,-8.004629713130411e-7,3.5638907635587064e-7
1520,-8.127456903463345e-7,3.283705738344215e-7
1521,-8.240475817867641e-7,2.9992879138942437e-7
1522,-8.343540602569482e-7,2.710980678093799e-7
1523,-8.436517427053177e-7,2.4191324440812916e-7
1524,-8.519284657178857e-7,2.1240962292269338e-7
1525,-8.591733013555656e-7,1.826229228148205e-7
1526,-8.653765714965065e-7,1.5258923802782374e-7
1527,-8.705298606646947e-7,1.2234499325117632e-7
1528,-8.7462602732795e-7,9.192689974576006e-8
1529,-8.776592136502644e-7,6.13719107834124e-8
1530,-8.796248536853343e-7,3.071717675476093e-8
1531,-8.805196800000001e-7,-1.295080778502012e-21
1532,-8.80341728718245e-7,-3.0742210582535924e-8
1533,-8.790903429783045e-7,-6.147198509479743e-8
1534,-8.76766174797381e-7,-9.215183830889297e-8
1535,-8.73371185340396e-7,-1.2274431539275616e-7
1536,-8.689086435911506e-7,-1.5321203763591325e-7
1537,-8.633831234262305e-7,-1.835177481194063e-7
1538,-8.568004990939306e-7,-2.136243572741306e-7
1539,-8.491679391024138e-7,-2.4349498827193205e-7
1540,-8.404938985232997e-7,-2.7309302219379814e-7
1541,-8.30788109718775e-7,-3.02382142919919e-7
1542,-8.200615715022932e-7,-3.31326381686518e-7
1543,-8.083265367447929e-7,-3.598901612548831e-7
1544,-7.955964984403501e-7,-3.8803833963824894e-7
1545,-7.818861742470147e-7,-4.157362533328476e-7
1546,-7.672114895204416e-7,-4.4294975999999794e-7
1547,-7.515895588598656e-7,-4.69645280546584e-7
1548,-7.350386661877211e-7,-4.957898405521154e-7
1549,-7.175782433860134e-7,-5.213511109913181e-7
1550,-6.99228847514418e-7,-5.462974482018671e-7
1551,-6.800121366367259e-7,-5.705979330479517e-7
1552,-6.599508442840667e-7,-5.942224092311459e-7
1553,-6.39068752584921e-7,-6.171415207012129e-7
1554,-6.173906640937298e-7,-6.393267481203497e-7
1555,-5.949423723514102e-7,-6.607504443356445e-7
1556,-5.71750631212652e-7,-6.81385868815681e-7
1557,-5.478431229765297e-7,-7.012072210083356e-7
1558,-5.232484253583355e-7,-7.201896725782229e-7
1559,-4.979959773419765e-7,-7.383093984835654e-7
1560,-4.7211604395380713e-7,-7.55543606853544e-7
1561,-4.456396799999998e-7,-7.718705676287363e-7
1562,-4.1859869281083263e-7,-7.872696399287086e-7
1563,-3.9102560403668385e-7,-8.017212981122693e-7
1564,-3.62953610541524e-7,-8.152071564975736e-7
1565,-3.344165444409882e-7,-8.27709992710793e-7
1566,-3.0544883233303633e-7,-8.39213769633789e-7
1567,-2.7608545377043274e-7,-8.497036559228245e-7
1568,-2.463618990250833e-7,-8.591660450721485e-7
1569,-2.1631412619516676e-7,-8.675885729980308e-7
1570,-1.859785177070061e-7,-8.749601341205614e-7
1571,-1.553918362642412e-7,-8.812708959224024e-7
1572,-1.2459118029758186e-7,-8.865123119655108e-7
1573,-9.361393896923608e-8,-8.906771333486845e-7
1574,-6.249774678653367e-8,-8.93759418590714e-7
1575,-3.1280437879779396e-8,-8.957545419258255e-7
1576,-3.514445636141703e-21,-8.966592e-7
1577,3.1305471707557395e-8,-8.96471416958736e-7
1578,6.259782109792171e-8,-8.951905479187539e-7
1579,9.383887753236575e-8,-8.928172808181156e-7
1580,1.2499050243916467e-7,-8.893536366412116e-7
1581,1.5601463587233367e-7,-8.848029680170459e-7
1582,1.8687334301158866e-7,-8.79169956191227e-7
1583,2.1752886054660085e-7,-8.724606063740763e-7
1584,2.479436428888891e-7,-8.646822414692439e-7
1585,2.7808040815485394e-7,-8.558434941891751e-7
1586,3.079021838635219e-7,-8.459542975658031e-7
1587,3.3737235229308745e-7,-8.350258738667505e-7
1588,3.664546954405392e-7,-8.230707219293243e-7
1589,3.951134395292699e-7,-8.101026029264787e-7
1590,4.2331329900986306e-7,-7.961365245809125e-7
1591,4.5101951999999924e-7,-7.811887238453278e-7
1592,4.781979231100569e-7,-7.652766480687468e-7
1593,5.048149456015409e-7,-7.48418934670724e-7
1594,5.308376828263987e-7,-7.306353893470668e-7
1595,5.562339288961163e-7,-7.119469628324677e-7
1596,5.80972216530241e-7,-6.923757262473326e-7
1597,6.05021856035088e-7,-6.719448450577547e-7
1598,6.283529733644043e-7,-6.506785516792817e-7
1599,6.50936547214708e-7,-6.286021167569237e-7
1600,6.727444451093346e-7,-6.0574181915535e-7
1601,6.937494584262896e-7,-5.821249146949389e-7
1602,7.139253363263834e-7,-5.577796036707815e-7
1603,7.332468185392783e-7,-5.327349971934138e-7
1604,7.516896669665698e-7,-5.070210823913994e-7
1605,7.692306960624198e-7,-4.806686865172883e-7
1606,7.85847801953624e-7,-4.537094399999985e-7
1607,8.015199902626079e-7,-4.261757384878454e-7
1608,8.162274025983963e-7,-3.981007039277078e-7
1609,8.299513416821062e-7,-3.6951814472717724e-7
1610,8.426742950752512e-7,-3.404625150475547e-7
1611,8.543799574808161e-7,-3.109688732766424e-7
1612,8.65053251588699e-7,-2.8107283973149177e-7
1613,8.746803474389793e-7,-2.5081055364203737e-7
1614,8.83248680278177e-7,-2.2021862946763405e-7
1615,8.907469668855555e-7,-1.8933411259919786e-7
1616,8.971652203482984e-7,-1.581944345006587e-7
1617,9.024947632663271e-7,-1.2683736734398735e-7
1618,9.067282393694179e-7,-9.530097819271847e-8
1619,9.098596235311634e-7,-6.362358278965489e-8
1620,9.118842301663167e-7,-3.184369900479781e-8
1621,9.127987200000001e-7,-2.012140855284842e-21
1622,9.126011051992276e-7,3.186873283257245e-8
1623,9.112907528592032e-7,6.372365710104604e-8
1624,9.088683868388496e-7,9.552591675584481e-8
1625,9.053360879420282e-7,1.2723668948556682e-7
1626,9.006972924429413e-7,1.588172341087542e-7
1627,8.949567889562218e-7,1.9022893790377718e-7
1628,8.881207136542233e-7,2.2143336381906483e-7
1629,8.801965438360737e-7,2.5239229750584614e-7
1630,8.711930898550508e-7,2.8306779411590973e-7
1631,8.611204854128293e-7,3.1342222480713084e-7
1632,8.499901762312074e-7,3.434183228996568e-7
1633,8.378149071138554e-7,3.730192296261953e-7
1634,8.246087074126044e-7,4.0218853942029655e-7
1635,8.103868749148132e-7,4.308903446868729e-7
1636,7.951659581702141e-7,4.5908928000000063e-7
1637,7.789637372776246e-7,4.867505656735354e-7
1638,7.617992031537303e-7,5.138400506509609e-7
1639,7.436925353081203e-7,5.403242546614794e-7
1640,7.246650781505175e-7,5.661704095903655e-7
1641,7.047393158579434e-7,5.913465000125254e-7
1642,6.839388458314426e-7,6.158213028390302e-7
1643,6.622883507736422e-7,6.395644260275959e-7
1644,6.398135694201131e-7,6.625463463090708e-7
1645,6.165412659592898e-7,6.847384458830245e-7
1646,5.924991981772259e-7,7.061130480368981e-7
1647,5.677160843650282e-7,7.266434516444351e-7
1648,5.422215690284971e-7,7.463039645003296e-7
1649,5.160461874408223e-7,7.65069935449574e-7
1650,4.892213290807643e-7,7.829177852712992e-7
1651,4.6177920000000276e-7,7.998250362785086e-7
1652,4.3375278416485815e-7,8.15770340596507e-7
1653,4.0517580381873167e-7,8.307335070845233e-7
1654,3.760826789128366e-7,8.446955268666362e-7
1655,3.4650848565412115e-7,8.576385974397096e-7
1656,3.1648891422024845e-7,8.695461453278431e-7
1657,2.8606022569254465e-7,8.804028472545754e-7
1658,2.5525920825899775e-7,8.901946498058084e-7
1659,2.241231327401013e-7,8.989087875583233e-7
1660,1.9268970749138346e-7,9.065337996505511e-7
1661,1.6099703273708254e-7,9.13059544774193e-7
1662,1.2908355439039276e-7,9.184772145671431e-7
1663,9.69880174161945e-8,9.227793453901523e-7
1664,6.474941879278263e-8,9.259598284716125e-7
1665,3.2406960129816164e-8,9.280139184068078e-7
1666,4.544735021054838e-22,9.2893824e-7
1667,-3.243199395759392e-8,9.287307934397187e-7
1668,-6.484949310417042e-8,9.273909577996525e-7
1669,-9.721295597932392e-8,9.249194928595837e-7
1670,-1.2948287653197533e-7,9.21318539242844e-7
1671,-1.6161983234516824e-7,9.165916168688377e-7
1672,-1.9358453279596577e-7,9.107436217212168e-7
1673,-2.2533786709153511e-7,9.03780820934369e-7
1674,-2.5684095212279694e-7,8.957108462029058e-7
1675,-2.8805518007696553e-7,8.86542685520926e-7
1676,-3.189422657507398e-7,8.762866732598553e-7
1677,-3.4946429350622026e-7,8.649544785956671e-7
1678,-3.7958376381185165e-7,8.525590922983867e-7
1679,-4.0926363931132317e-7,8.3911481189873e-7
1680,-4.3846739036388836e-7,8.24637225248711e-7
1681,-4.671590400000019e-7,8.091431924951002e-7
1682,-4.953032082370138e-7,7.926508264865023e-7
1683,-5.228651557003865e-7,7.75179471636733e-7
1684,-5.498108264965545e-7,7.567496812691775e-7
1685,-5.761068902846146e-7,7.373831934685673e-7
1686,-6.017207834948146e-7,7.171029054685501e-7
1687,-6.266207496429673e-7,6.959328466051347e-7
1688,-6.507758786907875e-7,6.738981498680028e-7
1689,-6.741561454034335e-7,6.510250220833022e-7
1690,-6.9673244665671e-7,6.273407127632344e-7
1691,-7.18476637647507e-7,6.028734816595129e-7
1692,-7.393615669624868e-7,5.776525650592749e-7
1693,-7.593611104613849e-7,5.517081408635754e-7
1694,-7.784502039325748e-7,5.250712924902507e-7
1695,-7.966048744801786e-7,4.977739716442399e-7
1696,-8.138022706033964e-7,4.698489600000014e-7
1697,-8.300206909304032e-7,4.413298298418767e-7
1698,-8.452396115706504e-7,4.122509037097554e-7
1699,-8.594397120511686e-7,3.826472130984898e-7
1700,-8.726028998041654e-7,3.525544562606938e-7
1701,-8.847123331748704e-7,3.220089551638544e-7
1702,-8.95752442920452e-7,2.910476116535976e-7
1703,-9.057089521726392e-7,2.597078628759518e-7
1704,-9.145688948384697e-7,2.2802763601256842e-7
1705,-9.223206324155468e-7,1.9604530238356893e-7
1706,-9.289538692000888e-7,1.6379963097349997e-7
1707,-9.344596658679584e-7,1.313297414368048e-7
1708,-9.388304514108865e-7,9.867505663967046e-8
1709,-9.42060033412062e-7,6.587525479590385e-8
1710,-9.441436066472992e-7,3.2970221254841176e-8
1711,-9.450777600000001e-7,-1.1585564233963713e-21
1712,-9.448604816802099e-7,-3.299525508261544e-8
1713,-9.434911627401023e-7,-6.597532910728817e-8
1714,-9.409705988803176e-7,-9.889999520280309e-8
1715,-9.373009905436597e-7,-1.317290635783839e-7
1716,-9.324859412947331e-7,-1.6442243058158877e-7
1717,-9.265304544862116e-7,-1.969401276881544e-7
1718,-9.194409282145145e-7,-2.292423703640054e-7
1719,-9.112251485697357e-7,-2.6128960673975403e-7
1720,-9.018922811868037e-7,-2.930425660380151e-7
1721,-8.914528611068813e-7,-3.244623066943488e-7
1722,-8.799187809601242e-7,-3.5551026411278963e-7
1723,-8.673032774829207e-7,-3.8614829799750164e-7
1724,-8.536209163848557e-7,-4.163387392023499e-7
1725,-8.388875755826088e-7,-4.4604443604090384e-7
1726,-8.231204268199899e-7,-4.752287999999976e-7
1727,-8.0633791569538e-7,-5.038558508004923e-7
1728,-7.885597401197354e-7,-5.31890260749812e-7
1729,-7.698068272302311e-7,-5.592973983316354e-7
1730,-7.501013087866213e-7,-5.860433709788587e-7
1731,-7.294664950791566e-7,-6.12095066977104e-7
1732,-7.079268473788227e-7,-6.374201964469093e-7
1733,-6.85507948962368e-7,-6.619873313539742e-7
1734,-6.622364747464917e-7,-6.857659444977965e-7
1735,-6.381401595671742e-7,-7.087264474304001e-7
1736,-6.132477651418047e-7,-7.308402272581112e-7
1737,-5.875890457535216e-7,-7.520796822805384e-7
1738,-5.611947126986534e-7,-7.724182564224402e-7
1739,-5.340963975396735e-7,-7.918304724155793e-7
1740,-5.063266142077157e-7,-8.102919636890581e-7
1741,-4.7791872e-7,-8.277795049282841e-7
1742,-4.489068755188894e-7,-8.442710412643024e-7
1743,-4.1932600360078537e-7,-8.597457160567745e-7
1744,-3.892117472841431e-7,-8.741838972357011e-7
1745,-3.586004268672603e-7,-8.875672021686237e-7
1746,-3.275289961074667e-7,-8.998785210218952e-7
1747,-2.960349976146503e-7,-9.111020385863284e-7
1748,-2.641565174929059e-7,-9.212232545394701e-7
1749,-2.3193213928504217e-7,-9.302290021186145e-7
1750,-1.9940089727575435e-7,-9.381074651805425e-7
1751,-1.6660222920991735e-7,-9.448481936259847e-7
1752,-1.335759284832102e-7,-9.504421171687746e-7
1753,-1.0036209586314637e-7,-9.54881557431621e-7
1754,-6.700109079902503e-8,-9.581602383525118e-7
1755,-3.353348237985953e-8,-9.602732948877903e-7
1756,-4.0029106366901e-21,-9.6121728e-7
1757,3.3558516207637025e-8,-9.60990169920701e-7
1758,6.710116511041255e-8,-9.595913676805516e-7
1759,1.0058703442627554e-7,-9.570217049010523e-7
1760,1.3397525062479253e-7,-9.532834418444753e-7
1761,1.6722502881800932e-7,-9.483802657206283e-7
1762,2.0029572258033642e-7,-9.42317287251208e-7
1763,2.3314687363647578e-7,-9.351010354946601e-7
1764,2.6573826135671113e-7,-9.267394509365655e-7
1765,2.9802995199907087e-7,-9.172418768526791e-7
1766,3.299823476379514e-7,-9.066190489539098e-7
1767,3.615562347193592e-7,-8.948830833245815e-7
1768,3.9271283218315783e-7,-8.820474626674519e-7
1769,4.234138390933705e-7,-8.681270208709843e-7
1770,4.5362148171791954e-7,-8.531379259165066e-7
1771,4.832985599999989e-7,-8.370976611448761e-7
1772,5.12408493363965e-7,-8.200250049042613e-7
1773,5.409153657992375e-7,-8.019400086027382e-7
1774,5.68783970166716e-7,-7.828639731912843e-7
1775,5.959798516731078e-7,-7.62819424104671e-7
1776,6.224693504593934e-7,-7.418300846897632e-7
1777,6.482196432508514e-7,-7.199208481525104e-7
1778,6.731987840171658e-7,-6.971177480567285e-7
1779,6.973757435921543e-7,-6.734479274096857e-7
1780,7.2072044820409e-7,-6.489396063711138e-7
1781,7.432038168687199e-7,-6.236220486240916e-7
1782,7.64797797598586e-7,-5.975255264477738e-7
1783,7.854754023834956e-7,-5.706812845337316e-7
1784,8.052107408985837e-7,-5.431215025890964e-7
1785,8.239790528979339e-7,-5.148792567711971e-7
1786,8.41756739253172e-7,-4.859884799999986e-7
1787,8.585213915982019e-7,-4.5648392119590226e-7
1788,8.742518205429014e-7,-4.264011034918091e-7
1789,8.889280824202337e-7,-3.9577628146979626e-7
1790,9.025315045330821e-7,-3.646463974738267e-7
1791,9.150447088689223e-7,-3.3304903705107273e-7
1792,9.264516342522028e-7,-3.010223835757097e-7
1793,9.367375569063009e-7,-2.6860517210985983e-7
1794,9.458891093987608e-7,-2.3583664255750932e-7
1795,9.538942979455368e-7,-2.0275649216794655e-7
1796,9.607425180518804e-7,-1.694048274463347e-7
1797,9.664245684695908e-7,-1.3582211552961559e-7
1798,9.709326634523547e-7,-1.0204913508662912e-7
1799,9.742604432929613e-7,-6.812692680214614e-8
1800,9.764029831282817e-7,-3.4096743504877845e-8
1801,9.773568000000002e-7,-2.3938337534898e-21
1802,9.771198581611922e-7,3.412177733265866e-8
1803,9.756915726210009e-7,6.822700111353697e-8
1804,9.730728109217862e-7,1.022740736497547e-7
1805,9.692658931452922e-7,1.3622143767119432e-7
1806,9.642745901465237e-7,1.7002762705442996e-7
1807,9.581041200162028e-7,2.0365131747252502e-7
1808,9.507611427748074e-7,2.3705137690893942e-7
1809,9.422537533033956e-7,2.7018691597366834e-7
1810,9.325914725185546e-7,3.030173379601269e-7
1811,9.217852368009357e-7,3.355023885815605e-7
1812,9.098473856890385e-7,3.676022053259287e-7
1813,8.967916478519832e-7,3.9927736636881407e-7
1814,8.8263312535711e-7,4.3048893898439723e-7
1815,8.673882762504075e-7,4.6119852739492904e-7
1816,8.510748954697623e-7,4.913683200000005e-7
1817,8.337120941131389e-7,5.209611359274435e-7
1818,8.153202770857446e-7,5.499404708486574e-7
1819,7.959211191523378e-7,5.782705420017969e-7
1820,7.755375394227208e-7,6.059163323673572e-7
1821,7.54193674300374e-7,6.328436339416773e-7
1822,7.319148489261982e-7,6.590190900547937e-7
1823,7.087275471510889e-7,6.844102366803573e-7
1824,6.84659380072875e-7,7.089855426865172e-7
1825,6.597390531750536e-7,7.327144489777802e-7
1826,6.339963321063784e-7,7.555674064793285e-7
1827,6.074620071420204e-7,7.775159129166379e-7
1828,5.801678563688153e-7,7.985325483445468e-7
1829,5.521466076385192e-7,8.185910093815882e-7
1830,5.234318993346729e-7,8.376661421068133e-7
1831,4.940582400000032e-7,8.557339735780564e-7
1832,4.6406096687291483e-7,8.72771741932101e-7
1833,4.3347620338283293e-7,8.887579250290286e-7
1834,4.0234081565545594e-7,9.036722676047634e-7
1835,3.7069236808039974e-7,9.174958068975381e-7
1836,3.385690779946786e-7,9.302108967159496e-7
1837,3.0600976953675576e-7,9.418012299180814e-7
1838,2.7305382672682053e-7,9.522518592731299e-7
1839,2.397411458299765e-7,9.615492166789073e-7
1840,2.0611208706012506e-7,9.696811307105335e-7
1841,1.7220742568275894e-7,9.766368424777752e-7
1842,1.3806830257602092e-7,9.82407019770407e-7
1843,1.0373617431009804e-7,9.869837694730896e-7
1844,6.925276280527422e-8,9.903606482334101e-7
1845,3.466000462989609e-8,9.925326713687728e-7
1846,7.788610229770922e-21,9.9349632e-7
1847,-3.4685038457673304e-8,9.932495464016838e-7
1848,-6.935283711666147e-8,9.917917775614504e-7
1849,-1.0396111287322691e-7,9.89123916942521e-7
1850,-1.3846762471760293e-7,9.852483444461078e-7
1851,-1.728302252908506e-7,9.801689145724188e-7
1852,-2.0700691236470684e-7,9.738909527811993e-7
1853,-2.409558801814098e-7,9.664212500549531e-7
1854,-2.746355705906256e-7,9.577680556702254e-7
1855,-3.0800472392117606e-7,9.479410681844322e-7
1856,-3.4102242952516947e-7,9.369514246479618e-7
1857,-3.7364817593249837e-7,9.248116880534956e-7
1858,-4.058419005544639e-7,9.115358330365173e-7
1859,-4.375640388754239e-7,8.971392298432355e-7
1860,-4.687755730719508e-7,8.816386265843018e-7
1861,-4.994380799999959e-7,8.650521297946521e-7
1862,-5.295137784909221e-7,8.473991833220168e-7
1863,-5.589655758980888e-7,8.287005455687433e-7
1864,-5.877571138368718e-7,8.089782651133953e-7
1865,-6.158528130616063e-7,7.882556547407704e-7
1866,-6.432179174239722e-7,7.665572639109761e-7
1867,-6.698185368587306e-7,7.439088496998907e-7
1868,-6.95621689343549e-7,7.203373462454496e-7
1869,-7.205953417808751e-7,6.95870832736069e-7
1870,-7.447084497514654e-7,6.705384999789984e-7
1871,-7.679309960899373e-7,6.443706155886652e-7
1872,-7.902340282346854e-7,6.173984878362726e-7
1873,-8.115896943056022e-7,5.896544282038932e-7
1874,-8.319712778645927e-7,5.611717126879418e-7
1875,-8.513532313156889e-7,5.319845418981545e-7
1876,-8.697112079029443e-7,5.021280000000016e-7
1877,-8.870220922660004e-7,4.7163801254992745e-7
1878,-9.032640295151525e-7,4.40551303273863e-7
1879,-9.184164527892959e-7,4.0890534984110905e-7
1880,-9.324601092619993e-7,3.7673833868695963e-7
1881,-9.453770845629743e-7,3.4408911893829125e-7
1882,-9.571508255839557e-7,3.109971554978152e-7
1883,-9.677661616399627e-7,2.775024813437676e-7
1884,-9.77209323959052e-7,2.4364564910245047e-7
1885,-9.854679634755275e-7,2.0946768195231733e-7
1886,-9.925311669036723e-7,1.7501002391916922e-7
1887,-9.983894710712222e-7,1.403144896224333e-7
1888,-1.0030348754938231e-6,1.054232135335809e-7
1889,-1.0064608531738603e-6,7.037859880838818e-8
1890,-1.0086623596092637e-6,3.5223265754921455e-8
1891,-1.00963584e-6,-9.904077298782907e-22
1892,-1.0093792346421747e-6,-3.52482995827021e-8
1893,-1.0078919825019001e-6,-7.047867311977885e-8
1894,-1.005175022963254e-6,-1.0564815209671319e-7
1895,-1.0012307957469245e-6,-1.4071381176400448e-7
1896,-9.960632389983155e-7,-1.7563282352726426e-7
1897,-9.896777855461927e-7,-2.1036250725690247e-7
1898,-9.820813573351001e-7,-2.448603834538732e-7
1899,-9.732823580370573e-7,-2.7908422520757597e-7
1900,-9.632906638503053e-7,-3.1299210988223884e-7
1901,-9.521176124949904e-7,-3.4654247046877185e-7
1902,-9.397759904179553e-7,-3.7969414653906134e-7
1903,-9.262800182210456e-7,-4.1240643474012675e-7
1904,-9.116453343293641e-7,-4.4463913876644426e-7
1905,-8.95888976918203e-7,-4.7635261874896016e-7
1906,-8.790293641195346e-7,-5.075078400000036e-7
1907,-8.610862725308981e-7,-5.380664210543945e-7
1908,-8.420808140517499e-7,-5.679906809475085e-7
1909,-8.220354110744444e-7,-5.972436856719585e-7
1910,-8.009737700588247e-7,-6.257892937558501e-7
1911,-7.789208535215871e-7,-6.535922009062562e-7
1912,-7.559028504735737e-7,-6.806179836626781e-7
1913,-7.31947145339815e-7,-7.068331420067353e-7
1914,-7.070822853992533e-7,-7.322051408752427e-7
1915,-6.813379467829328e-7,-7.567024505251603e-7
1916,-6.547448990709575e-7,-7.802945857005412e-7
1917,-6.273349685305135e-7,-8.029521435527414e-7
1918,-5.991410000389773e-7,-8.246468402666532e-7
1919,-5.701968177373707e-7,-8.453515463475933e-7
1920,-5.405371844616241e-7,-8.650403205245723e-7
1921,-5.101977600000065e-7,-8.836884422278285e-7
1922,-4.792150582269464e-7,-9.012724425998962e-7
1923,-4.476264031648803e-7,-9.177701340012827e-7
1924,-4.154698840267689e-7,-9.331606379738259e-7
1925,-3.827843092935326e-7,-9.474244116264548e-7
1926,-3.4960915988189035e-7,-9.605432724100038e-7
1927,-3.1598454145887476e-7,-9.7250042124983e-7
1928,-2.8195113596072843e-7,-9.832804640067916e-7
1929,-2.475501523749106e-7,-9.928694312392e-7
1930,-2.128232768445098e-7,-1.001254796240522e-6
1931,-1.7781262215559353e-7,-1.008425491329567e-6
1932,-1.4256067666883142e-7,-1.0143719223720393e-6
1933,-1.0711025275706393e-7,-1.0190859815145568e-6
1934,-7.150443481151641e-8,-1.0225610581143094e-6
1935,-3.5786526879932424e-8,-1.0247920478497555e-6
1936,-4.522999975650935e-21,-1.02577536e-6
1937,3.5811560707716616e-8,-1.025508922882666e-6
1938,7.160450912291063e-8,-1.023992187442349e-6
1939,1.0733519132018528e-7,-1.021226128983989e-6
1940,1.4295999881042034e-7,-1.017213247047739e-6
1941,1.7843542176367775e-7,-1.011957563424212e-6
1942,2.1371810214908413e-7,-1.005464618311189e-6
1943,2.487648867263506e-7,-9.977414646152441e-7
1944,2.835328798245262e-7,-9.887966604038894e-7
1945,3.1797949584328796e-7,-9.78640259516183e-7
1946,3.520625114123878e-7,-9.672838003420138e-7
1947,3.8574011714562403e-7,-9.547402927824151e-7
1948,4.1897096892577653e-7,-9.410242034055797e-7
1949,4.517142386574776e-7,-9.261514388154865e-7
1950,4.839296644259694e-7,-9.101393272521041e-7
1951,5.155775999999987e-7,-8.930065984444244e-7
1952,5.466190636178792e-7,-8.747733617397717e-7
1953,5.770157859969282e-7,-8.554610825347565e-7
1954,6.067302575070336e-7,-8.35092557035502e-7
1955,6.357257744501052e-7,-8.136918853768698e-7
1956,6.639664843885399e-7,-7.912844431321982e-7
1957,6.91417430466615e-7,-7.678968512472664e-7
1958,7.180445946699323e-7,-7.435569444341704e-7
1959,7.438149399696007e-7,-7.182937380624476e-7
1960,7.686964512988456e-7,-6.921373935868777e-7
1961,7.926581753111546e-7,-6.651191825532386e-7
1962,8.156702588707889e-7,-6.37271449224766e-7
1963,8.377039862277128e-7,-6.086275718740494e-7
1964,8.587318148306018e-7,-5.792219227867873e-7
1965,8.787274097334478e-7,-5.490898270251059e-7
1966,8.9766567655272e-7,-5.182675199999986e-7
1967,9.155227929337923e-7,-4.867921039039655e-7
1968,9.322762384874065e-7,-4.5470150305591054e-7
1969,9.479048231583614e-7,-4.220344182124153e-7
1970,9.623887139909103e-7,-3.888302799001058e-7
1971,9.757094602570286e-7,-3.5512920082550305e-7
1972,9.878500169157087e-7,-3.209719274199205e-7
1973,9.987947663736205e-7,-2.8639979057768944e-7
1974,1.0085295385193444e-6,-2.514546556473847e-7
1975,1.017041629005519e-6,-2.1617887173668793e-7
1976,1.0243198157554616e-6,-1.8061522039201805e-7
1977,1.0303543736728545e-6,-1.448068637152439e-7
1978,1.035137087535292e-6,-1.0879729198053245e-7
1979,1.0386612630547584e-6,-7.263027081464479e-8
1980,1.0409217360902464e-6,-3.6349788004957905e-8
1981,1.0419148800000001e-6,4.5960995025363685e-21
1982,1.0416386111231574e-6,3.637482183273096e-8
1983,1.0400923923827987e-6,7.273034512602789e-8
1984,1.0372772350047221e-6,1.0902223054367192e-7
1985,1.033195698348556e-6,1.4520618585682178e-7
1986,1.027851887850106e-6,1.8123802000010566e-7
1987,1.0212514510761824e-6,2.1707369704128017e-7
1988,1.0134015718953913e-6,2.5266938999881395e-7
1989,1.0043109627707172e-6,2.879815344414905e-7
1990,9.93989855182061e-7,3.2296688180433693e-7
1991,9.824499881890423e-7,3.5758255235599005e-7
1992,9.697045951468696e-7,3.917860877522005e-7
1993,9.55768388590114e-7,4.25535503111426e-7
1994,9.406575433016154e-7,4.587893385484978e-7
1995,9.243896775859983e-7,4.915067101029917e-7
1996,9.069838327693142e-7,5.236473599999938e-7
1997,8.884604509486533e-7,5.551717061813516e-7
1998,8.68841351017755e-7,5.860408910463599e-7
1999,8.481497029965595e-7,6.162168293421082e-7
2000,8.26410000694924e-7,6.456622551443487e-7
2001,8.036480327427999e-7,6.743407678708351e-7
2002,7.79890852020959e-7,7.022168772705517e-7
2003,7.551667435285359e-7,7.292560473331186e-7
2004,7.295051907256314e-7,7.554247390639687e-7
2005,7.029368403908228e-7,7.806904520725306e-7
2006,6.75493466035531e-7,8.050217649217587e-7
2007,6.472079299190066e-7,8.283883741888452e-7
2008,6.181141437091334e-7,8.507611321887638e-7
2009,5.882470278362161e-7,8.721120833136023e-7
2010,5.576424695885752e-7,8.924144989423313e-7
2011,5.263372800000036e-7,9.116429108776043e-7
2012,4.943691495809715e-7,9.29773143267695e-7
2013,4.6177660294694086e-7,9.467823429735304e-7
2014,4.285989523980753e-7,9.62649008342891e-7
2015,3.9487625050666525e-7,9.773530163553716e-7
2016,3.606492417691159e-7,9.908756481040532e-7
2017,3.259593133809802e-7,1.0031996125815828e-6
2018,2.908484451946361e-7,1.0143090687404534e-6
2019,2.5535915891985903e-7,1.0241896457994893e-6
2020,2.195344666288805e-7,1.0328284617705131e-6
2021,1.8341781862842794e-7,1.0402141401813587e-6
2022,1.4705305076165654e-7,1.0463368249736695e-6
2023,1.1048433120401561e-7,1.0511881935560255e-6
2024,7.375610681775835e-8,1.0547614679952086e-6
2025,3.691304912998356e-8,1.0570514243307375e-6
2026,1.0359394322409614e-21,1.0580544e-6
2027,-3.693808295776016e-8,1.0577682993636481e-6
2028,-7.385618112914497e-8,1.0561925973232488e-6
2029,-1.107092697671439e-7,1.0533283410254569e-6
2030,-1.4745237290323797e-7,1.0491781496493707e-6
2031,-1.84040618236519e-7,1.0437462122760025e-6
2032,-2.2042929193346167e-7,1.037038283841179e-6
2033,-2.565738932712917e-7,1.0290616791755351e-6
2034,-2.924301890584406e-7,1.0198252651375493e-6
2035,-3.2795426776540003e-7,1.009339450847934e-6
2036,-3.631025932996062e-7,9.976161760360656e-7
2037,-3.9783205835876314e-7,9.846688975113294e-7
2038,-4.321000372970893e-7,9.705125737746422e-7
2039,-4.658644384395179e-7,9.551636477877442e-7
2040,-4.990837557800006e-7,9.386400279198994e-7
2041,-5.317171200000018e-7,9.209610670941966e-7
2042,-5.637243487448238e-7,9.02147540157535e-7
2043,-5.950659960957793e-7,8.822216195007618e-7
2044,-6.257034011771952e-7,8.612068489576084e-7
2045,-6.555987358385921e-7,8.391281160129783e-7
2046,-6.847150513531187e-7,8.160116223534113e-7
2047,-7.130163240744996e-7,7.918848527946417e-7
2048,-7.404674999963049e-7,7.667765426229017e-7
2049,-7.670345381583264e-7,7.407166433888259e-7
2050,-7.926844528462257e-7,7.137362871947569e-7
2051,-8.173853545323626e-7,6.858677495178234e-7
2052,-8.411064895068926e-7,6.571444106132591e-7
2053,-8.638182781498237e-7,6.276007155442051e-7
2054,-8.854923517966026e-7,5.97272132885645e-7
2055,-9.061015881512069e-7,5.661951121520572e-7
2056,-9.256201452024957e-7,5.344070399999955e-7
2057,-9.440234936015908e-7,5.019461952579908e-7
2058,-9.61288447459661e-7,4.688517028379578e-7
2059,-9.773931935274266e-7,4.3516348658372146e-7
2060,-9.923173187198272e-7,4.0092222111323854e-7
2061,-1.0060418359510831e-6,3.6616928271271474e-7
2062,-1.018549208247457e-6,3.3094669934204013e-7
2063,-1.0298233711072823e-6,2.9529709981159723e-7
2064,-1.0398497530796375e-6,2.592636621923187e-7
2065,-1.0486152945355072e-6,2.228900615210732e-7
2066,-1.0561084646072533e-6,1.862204168648526e-7
2067,-1.062319276274487e-6,1.4929923780805424e-7
2068,-1.067239299576759e-6,1.1217137042749896e-7
2069,-1.0708616729356574e-6,7.488194282088685e-8
2070,-1.0731811125712291e-6,3.747631025499414e-8
2071,-1.07419392e-6,6.841972168588891e-21
2072,-1.07389798760414e-6,-3.750134408277438e-8
2073,-1.0722928022636973e-6,-7.498201713227712e-8
2074,-1.0693794470461916e-6,-1.1239630899061569e-7
2075,-1.0651606009501874e-6,-1.496985599496393e-7
2076,-1.0596405367018965e-6,-1.8684321647294724e-7
2077,-1.0528251166061753e-6,-2.2378488682564306e-7
2078,-1.0447217864556825e-6,-2.6047839654375494e-7
2079,-1.0353395675043771e-6,-2.968788436754052e-7
2080,-1.0246890465138116e-6,-3.329416537264489e-7
2081,-1.0127823638830943e-6,-3.686226342432084e-7
2082,-9.996331998757838e-7,-4.038780289653399e-7
2083,-9.852567589591763e-7,-4.3866457148273863e-7
2084,-9.696697522738663e-7,-4.729395383305515e-7
2085,-9.528903782537937e-7,-5.066608014570232e-7
2086,-9.349383014190866e-7,-5.397868799999969e-7
2087,-9.158346293664086e-7,-5.722769913083087e-7
2088,-8.956018879837685e-7,-6.040911011451986e-7
2089,-8.742639949186662e-7,-6.351899730122699e-7
2090,-8.518462313310233e-7,-6.655352165328476e-7
2091,-8.283752119640227e-7,-6.950893348354024e-7
2092,-8.038788535683344e-7,-7.238157708784362e-7
2093,-7.783863417172566e-7,-7.516789526595022e-7
2094,-7.519280960520206e-7,-7.78644337252684e-7
2095,-7.245357339987021e-7,-8.046784536199109e-7
2096,-6.962420330001043e-7,-8.297489441429764e-7
2097,-6.670808913075118e-7,-8.538246048249397e-7
2098,-6.370872873792892e-7,-8.768754241108745e-7
2099,-6.062972379350615e-7,-8.988726202796115e-7
2100,-5.747477547155391e-7,-9.197886773600824e-7
2101,-5.424768000000004e-7,-9.395973795273801e-7
2102,-5.095232409349964e-7,-9.582738439354936e-7
2103,-4.7592680272898826e-7,-9.757945519457846e-7
2104,-4.417280207693814e-7,-9.921373787119562e-7
2105,-4.069681917197977e-7,-1.0072816210842887e-6
2106,-3.7168932365632766e-7,-1.0212080237981075e-6
2107,-3.359340853030855e-7,-1.0338988039133359e-6
2108,-2.997457544285436e-7,-1.0453376734741152e-6
2109,-2.631681654647931e-7,-1.055509860359782e-6
2110,-2.26245656413251e-7,-1.0644021273005045e-6
2111,-1.8902301510127739e-7,-1.072002789033148e-6
2112,-1.5154542485446704e-7,-1.0783017275753022e-6
2113,-1.1385840965096708e-7,-1.0832904055974942e-6
2114,-7.600777882401555e-8,-1.0869618778761065e-6
2115,-3.8039571380019916e-8,-1.0893108008117202e-6
2116,2.6725714004589997e-21,-1.09033344e-6
2117,3.8064605207788425e-8,-1.0900276758446312e-6
2118,7.61078531353941e-8,-1.0883930072041474e-6
2119,1.1408334821410273e-7,-1.085430553066925e-6
2120,1.5194474699604045e-7,-1.081143052251004e-6
2121,1.8964581470936046e-7,-1.0755348611277932e-6
2122,2.271404817178394e-7,-1.0686119493711686e-6
2123,2.6438289981621796e-7,-1.06038189373583e-6
2124,3.013274982923552e-7,-1.0508538698712092e-6
2125,3.379290396875123e-7,-1.0400386421796847e-6
2126,3.7414267518681037e-7,-1.0279485517301227e-6
2127,4.0992399957190247e-7,-1.0145975022402436e-6
2128,4.452291056684021e-7,-1.0000009441437044e-6
2129,4.800146382215715e-7,-9.841758567599954e-7
2130,5.142378471340322e-7,-9.671407285876947e-7
2131,5.478566400000051e-7,-9.489155357439688e-7
2132,5.80829633871781e-7,-9.295217185752902e-7
2133,6.131162061946307e-7,-9.089821564667667e-7
2134,6.446765448473446e-7,-8.873211408797241e-7
2135,6.754716972270909e-7,-8.645643466490776e-7
2136,7.054636183176978e-7,-8.407388015746241e-7
2137,7.346152176823728e-7,-8.158728543420274e-7
2138,7.628904053226883e-7,-7.899961408116225e-7
2139,7.902541363470523e-7,-7.631395487152041e-7
2140,8.166724543935956e-7,-7.353351808026474e-7
2141,8.421125337535802e-7,-7.066163164823968e-7
2142,8.665427201429964e-7,-6.770173720017521e-7
2143,8.899325700719255e-7,-6.465738592143736e-7
2144,9.122528887626116e-7,-6.153223429844904e-7
2145,9.33475766568966e-7,-5.833003972790082e-7
2146,9.535746138522643e-7,-5.505465600000057e-7
2147,9.725241942693896e-7,-5.171002866120159e-7
2148,9.90300656431915e-7,-4.830019026200049e-7
2149,1.0068815638964857e-6,-4.482925549550415e-7
2150,1.022245923448744e-6,-4.130141623263711e-7
2151,1.0363742116451374e-6,-3.772093645999261e-7
2152,1.04924839957921e-6,-3.409214712641455e-7
2153,1.060851975840944e-6,-3.041944090455048e-7
2154,1.0711699676399302e-6,-2.670726687372524e-7
2155,1.0801889600654985e-6,-2.2960125130544384e-7
2156,1.0878971134590453e-6,-1.918256133376869e-7
2157,1.0942841788761195e-6,-1.5379161190086443e-7
2158,1.0993415116182277e-6,-1.1554544887445052e-7
2159,1.1030620828165565e-6,-7.71336148271287e-8
2160,1.1054404890522112e-6,-3.8602832505045854e-8
2161,1.10647296e-6,-3.252092565137034e-21
2162,1.1061573640851222e-6,3.862786633281803e-8
2163,1.104493212144597e-6,7.72336891385109e-8
2164,1.1014816590876597e-6,1.157703874375744e-7
2165,1.0971255035518188e-6,1.54190934042457e-7
2166,1.0914291855536897e-6,1.9244841294577358e-7
2167,1.0843987821361652e-6,2.304960766100207e-7
2168,1.0760420010159735e-6,2.6828740308869613e-7
2169,1.066368172238041e-6,3.05776152909305e-7
2170,1.0553882378455624e-6,3.42916425648561e-7
2171,1.043114739577146e-6,3.79662716130427e-7
2172,1.0295618046047036e-6,4.15969970178465e-7
2173,1.0147451293282387e-6,4.517936398540515e-7
2174,9.986819612461172e-7,4.870897381126055e-7
2175,9.81391078921596e-7,5.218148928110411e-7
2176,9.628927700688586e-7,5.559264e-7
2177,9.432088077841637e-7,5.893822764352662e-7
2178,9.223624249497735e-7,6.2214131124405e-7
2179,9.003782868407727e-7,6.541631166824317e-7
2180,8.772824619671224e-7,6.854081779213466e-7
2181,8.531023911852355e-7,7.158379017999814e-7
2182,8.278668551157098e-7,7.454146644863208e-7
2183,8.016059399059883e-7,7.741018579858743e-7
2184,7.743510013783987e-7,8.0186393544141e-7
2185,7.46134627606581e-7,8.286664551672913e-7
2186,7.169905999646895e-7,8.544761233641839e-7
2187,6.869538526960047e-7,8.792608354610433e-7
2188,6.560604310494451e-7,9.029897160329855e-7
2189,6.243474480339197e-7,9.256331572456119e-7
2190,5.918530398424903e-7,9.471628557778415e-7
2191,5.586163199999972e-7,9.675518481771562e-7
2192,5.246773322890352e-7,9.867745446032852e-7
2193,4.900770025110354e-7,1.0048067609180387e-6
2194,4.548570891406874e-7,1.0216257490810217e-6
2195,4.190601329329447e-7,1.0372102258131996e-6
2196,3.827294055435392e-7,1.0515403994921618e-6
2197,3.459088572251905e-7,1.064597995245089e-6
2198,3.0864306366246625e-7,1.076366278207773e-6
2199,2.70977172009727e-7,1.0868300749200749e-6
2200,2.329568461976213e-7,1.0959757928304957e-6
2201,1.946282115741118e-7,1.1037914378849397e-6
2202,1.560377989472773e-7,1.1102666301769344e-6
2203,1.1723248809791832e-7,1.1153926176389629e-6
2204,7.82594508302575e-8,1.1191622877570057e-6
2205,3.916609363005604e-8,1.1215701772927027e-6
2206,9.350750332303667e-21,1.12261248e-6
2207,-3.9191127457831956e-8,1.1222870523256135e-6
2208,-7.835952514164345e-8,1.1205934170850458e-6
2209,-1.1745742666104589e-7,1.1175327651083944e-6
2210,-1.5643712108885805e-7,1.1131079548526355e-6
2211,-1.9525101118220218e-7,1.1073235099795837e-6
2212,-2.3385167150220178e-7,1.1001856149011617e-6
2213,-2.72191906361159e-7,1.091702108296121e-6
2214,-3.1022480752627004e-7,1.081882474604869e-6
2215,-3.479038116096096e-7,1.0707378335114403e-6
2216,-3.851827570740288e-7,1.0582809274241747e-6
2217,-4.220159407850421e-7,1.044526106969158e-6
2218,-4.5835817403970073e-7,1.029489314512773e-6
2219,-4.941648380036253e-7,1.0131880657322465e-6
2220,-5.293919384880639e-7,9.9564142925549e-7
2221,-5.639961599999948e-7,9.768700043937487e-7
2222,-5.979349189987383e-7,9.568958969930454e-7
2223,-6.311664162934824e-7,9.357426934327715e-7
2224,-6.636496885175063e-7,9.134354328018307e-7
2225,-6.953446586155897e-7,8.900005772851769e-7
2226,-7.262121852822771e-7,8.654659807958367e-7
2227,-7.562141112902572e-7,8.398608558894028e-7
2228,-7.853133106490718e-7,8.132157390003431e-7
2229,-8.134737345357784e-7,7.85562454041582e-7
2230,-8.406604559409761e-7,7.569340744105264e-7
2231,-8.668397129747978e-7,7.273648834469703e-7
2232,-8.919789507790904e-7,6.968903333902574e-7
2233,-9.160468619940364e-7,6.655470028845294e-7
2234,-9.390134257286209e-7,6.333725530833357e-7
2235,-9.608499449867168e-7,6.004056824059725e-7
2236,-9.8152908250204e-7,5.666860800000025e-7
2237,-1.0010248949371883e-6,5.322543779660407e-7
2238,-1.0193128654041625e-6,4.971521024020662e-7
2239,-1.036369934265551e-6,4.614216233263477e-7
2240,-1.052174528177661e-6,4.251061035395034e-7
2241,-1.0667065873391865e-6,3.8824944648715247e-7
2242,-1.0799475909109633e-6,3.5089624318625066e-7
2243,-1.091880580574606e-6,3.130917182794123e-7
2244,-1.1024901822002193e-6,2.7488167528220165e-7
2245,-1.1117626255954897e-6,2.3631244108981423e-7
2246,-1.119685762310837e-6,1.9743080981052097e-7
2247,-1.1262490814777496e-6,1.582839859936904e-7
2248,-1.1314437236596963e-6,1.1891952732140186e-7
2249,-1.1352624926974557e-6,7.938528683337033e-8
2250,-1.1376998655331937e-6,3.9729354755082106e-8
2251,-1.138752e-6,-5.592373276048112e-22
2252,-1.1384167405661044e-6,-3.97543885828619e-8
2253,-1.1366936220254957e-6,-7.948536114476014e-8
2254,-1.1335838711291275e-6,-1.1914446588453332e-7
2255,-1.1290904061534524e-6,-1.5868330813525896e-7
2256,-1.1232178344054804e-6,-1.980536094186152e-7
2257,-1.1159724476661549e-6,-2.3720726639439858e-7
2258,-1.1073622155762683e-6,-2.7609640963362177e-7
2259,-1.097396776971701e-6,-3.146734621432197e-7
2260,-1.0860874291773131e-6,-3.5289119757067345e-7
2261,-1.0734471152712035e-6,-3.9070279801763047e-7
2262,-1.0594904093336177e-6,-4.280619113916044e-7
2263,-1.044233499697301e-6,-4.6492270822536454e-7
2264,-1.0276941702183752e-6,-5.012399378946451e-7
2265,-1.0098917795893914e-6,-5.369689841650728e-7
2266,-9.90847238718631e-7,-5.720659200000034e-7
2267,-9.705829862019271e-7,-6.064875615622102e-7
2268,-9.491229619157785e-7,-6.401915213429015e-7
2269,-9.264925787628792e-7,-6.731362603525939e-7
2270,-9.027186926032316e-7,-7.052811393098329e-7
2271,-8.778295704064483e-7,-7.365864687645603e-7
2272,-8.518548566630849e-7,-7.670135580942056e-7
2273,-8.248255380947091e-7,-7.965247633122577e-7
2274,-7.967739067047767e-7,-8.250835336301359e-7
2275,-7.6773352121446e-7,-8.526544567146716e-7
2276,-7.377391669292632e-7,-8.792033025854015e-7
2277,-7.068268140844977e-7,-9.046970660971472e-7
2278,-6.750335747196137e-7,-9.29104007955087e-7
2279,-6.42397658132765e-7,-9.523936942116211e-7
2280,-6.089583249694412e-7,-9.745370341956007e-7
2281,-5.747558400000078e-7,-9.955063168269238e-7
2282,-5.398314236430603e-7,-1.015275245271084e-6
2283,-5.042272022930825e-7,-1.0338189698902933e-6
2284,-4.679861575120081e-7,-1.0511141194500805e-6
2285,-4.311520741460772e-7,-1.0671388305421165e-6
2286,-3.9376948743075046e-7,-1.0818727751862164e-6
2287,-3.558836291473109e-7,-1.0952971865768371e-6
2288,-3.175403728963737e-7,-1.1073948829414346e-6
2289,-2.7878617855466066e-7,-1.1181502894803678e-6
2290,-2.396680359820074e-7,-1.1275494583604837e-6
2291,-2.00233408046946e-7,-1.1355800867367316e-6
2292,-1.6053017304008738e-7,-1.1422315327785667e-6
2293,-1.206065665448856e-7,-1.1474948296804298e-6
2294,-8.051112283649925e-8,-1.1513626976379047e-6
2295,-4.029261588009196e-8,-1.1538295537736854e-6
2296,-5.6580516688099256e-21,-1.1548915199999999e-6
2297,4.0317649707875706e-8,-1.1545464288065958e-6
2298,8.061119714789304e-8,-1.1527938269659446e-6
2299,1.208315051080047e-7,-1.1496349771498623e-6
2300,1.6092949518167586e-7,-1.145072857454267e-6
2301,2.0085620765504413e-7,-1.1391121588313741e-6
2302,2.4056286128657955e-7,-1.1317592804311514e-6
2303,2.800009129061003e-7,-1.1230223228564119e-6
2304,3.1912211676016926e-7,-1.1129110793385333e-6
2305,3.578785835317219e-7,-1.101437024843191e-6
2306,3.962228389612475e-7,-1.0886133031182264e-6
2307,4.341078819981665e-7,-1.074454711698078e-6
2308,4.7148724241101363e-7,-1.0589776848818355e-6
2309,5.083150377856794e-7,-1.0422002747044973e-6
2310,5.445460298420813e-7,-1.0241421299232927e-6
2311,5.80135679999998e-7,-1.0048244730435208e-6
2312,6.150402041256959e-7,-9.842700754108004e-7
2313,6.492166263923205e-7,-9.625032303987856e-7
2314,6.826228321876683e-7,-9.395497247239371e-7
2315,7.152176200040888e-7,-9.15436807921276e-7
2316,7.469607522468437e-7,-8.901931600170598e-7
2317,7.778130048981419e-7,-8.638488574367781e-7
2318,8.077362159754555e-7,-8.364353371890638e-7
2319,8.366933327244931e-7,-8.079853593679717e-7
2320,8.646484574883566e-7,-7.785329680184054e-7
2321,8.915668921960158e-7,-7.481134504115434e-7
2322,9.174151814151943e-7,-7.167632947787507e-7
2323,9.421611539161474e-7,-6.845201465546851e-7
2324,9.657739626946305e-7,-6.514227631821806e-7
2325,9.882241234044757e-7,-6.175109675329235e-7
2326,1.0094835511518162e-6,-5.828255999999991e-7
2327,1.0295255956049793e-6,-5.474084693200799e-7
2328,1.0483250743764169e-6,-5.113023021841134e-7
2329,1.0658583046346163e-6,-4.745506916976535e-7
2330,1.0821031329065719e-6,-4.37198044752651e-7
2331,1.097038963033241e-6,-3.9928952837436385e-7
2332,1.1106467822427163e-6,-3.608710151083556e-7
2333,1.1229091853082633e-6,-3.2198902751333543e-7
2334,1.133810396760512e-6,-2.8269068182713544e-7
2335,1.1433362911254811e-6,-2.4302363087418443e-7
2336,1.151474411162626e-6,-2.0303600628337118e-7
2337,1.1582139840793821e-6,-1.6277636008650055e-7
2338,1.163545935701165e-6,-1.22293605768353e-7
2339,1.1674629025783538e-6,-8.163695883962833e-8
2340,1.1699592420141763e-6,-4.085587700511814e-8
2341,1.17103104e-6,4.592017509636643e-21
2342,1.1706761170470874e-6,4.088091083288935e-8
2343,1.1688940319063943e-6,8.173703315100959e-8
2344,1.1656860831705953e-6,1.2251854433149246e-7
2345,1.1610553087550838e-6,1.6317568222807663e-7
2346,1.1550064832572709e-6,2.0365880589145693e-7
2347,1.1475461131961446e-6,2.439184561787766e-7
2348,1.1386824301365593e-6,2.839054161785629e-7
2349,1.1284253817053607e-6,3.235707713771346e-7
2350,1.1167866205090638e-6,3.628659694927861e-7
2351,1.1037794909652553e-6,4.017428799048491e-7
2352,1.0894190140625318e-6,4.40153852604744e-7
2353,1.0737218700663698e-6,4.780517765966625e-7
2354,1.0567063791906264e-6,5.153901376766989e-7
2355,1.0383924802571864e-6,5.521230755191045e-7
2356,1.018801707368411e-6,5.882054399999926e-7
2357,9.979571646196824e-7,6.235928466891675e-7
2358,9.758834988817834e-7,6.582417314417532e-7
2359,9.526068706849953e-7,6.921094040227427e-7
2360,9.281549232393307e-7,7.25154100698332e-7
2361,9.02556749627661e-7,7.573350357291398e-7
2362,8.758428582104711e-7,7.88612451702078e-7
2363,8.480451362834297e-7,8.189476686386414e-7
2364,8.191968120311547e-7,8.48303131818862e-7
2365,7.893324148223511e-7,8.766424582620411e-7
2366,7.584877338938363e-7,9.039304818066192e-7
2367,7.266997754729902e-7,9.301332967332513e-7
2368,6.940067183897696e-7,9.552182998771979e-7
2369,6.604478682316101e-7,9.791542311776304e-7
2370,6.260636100963919e-7,1.0019112126133598e-6
2371,5.908953600000045e-7,1.0234607854767e-6
2372,5.549855149970851e-7,1.0437759459388828e-6
2373,5.183774020751292e-7,1.0628311788625477e-6
2374,4.811152258833141e-7,1.0806024898191458e-6
2375,4.4324401535920946e-7,1.0970674352710336e-6
2376,4.048095693179774e-7,1.1122051508802652e-6
2377,3.65858401069416e-7,1.1259963779085902e-6
2378,3.2643768213028104e-7,1.1384234876750966e-6
2379,2.8659518509961043e-7,1.1494705040406564e-6
2380,2.463792257663777e-7,1.1591231238904751e-6
2381,2.0583860451977996e-7,1.1673687355885234e-6
2382,1.650225471329139e-7,1.174196435380197e-6
2383,1.2398064499183687e-7,1.1795970417218987e-6
2384,8.276279484274077e-8,1.183563107518804e-6
2385,4.141913813014449e-8,1.1860889302546675e-6
2386,1.7439027160261973e-21,1.18717056e-6
2387,-4.1444171957919673e-8,1.1868058052875783e-6
2388,-8.286286915412599e-8,1.1849942368468442e-6
2389,-1.2420558355496375e-7,1.18173718919133e-6
2390,-1.6542186927449396e-7,1.1770377600558981e-6
2391,-2.0646140412786962e-7,1.1709008076831676e-6
2392,-2.472740510709575e-7,1.1633329459611413e-6
2393,-2.8780991945104177e-7,1.1543425374167029e-6
2394,-3.280194259940841e-7,1.1439396840721928e-6
2395,-3.678533554538344e-7,1.1321362161749417e-6
2396,-4.0726292084846635e-7,1.1189456788122782e-6
2397,-4.4619982321130614e-7,1.1043833164269919e-6
2398,-4.846163107823268e-7,1.0884660552508976e-6
2399,-5.224652375677184e-7,1.0712124836767555e-6
2400,-5.597001211961129e-7,1.052642830591088e-6
2401,-5.962752000000015e-7,1.032778941693293e-6
2402,-6.321454892526392e-7,1.0116442538285643e-6
2403,-6.672668364911721e-7,9.892637673647906e-7
2404,-7.015959758578304e-7,9.656640166460435e-7
2405,-7.350905813925747e-7,9.408730385573853e-7
2406,-7.677093192114229e-7,9.149203392382725e-7
2407,-7.994118985060267e-7,8.878368589841532e-7
2408,-8.30159121301827e-7,8.59654935377796e-7
2409,-8.599129309132192e-7,8.304082646943495e-7
2410,-8.88636459035737e-7,8.001318616262842e-7
2411,-9.162940714172228e-7,7.688620173761292e-7
2412,-9.428514120512982e-7,7.366362561672435e-7
2413,-9.682754458382586e-7,7.034932902248406e-7
2414,-9.925344996606303e-7,6.694729732810396e-7
2415,-1.015598301822235e-6,6.346162526598743e-7
2416,-1.0374380198015921e-6,5.989651199999954e-7
2417,-1.0580262962727785e-6,5.625625606741049e-7
2418,-1.0773372833486712e-6,5.254525019661602e-7
2419,-1.095346675003682e-6,4.876797600689592e-7
2420,-1.1120317376354887e-6,4.4928998596578333e-7
2421,-1.1273713387272955e-6,4.1032961026157506e-7
2422,-1.1413459735744694e-6,3.7084578703046034e-7
2423,-1.1539377900419253e-6,3.308863367472428e-7
2424,-1.165130611320805e-6,2.90499688372069e-7
2425,-1.174909956655469e-6,2.497348206585711e-7
2426,-1.1832630600144178e-6,2.086412027562053e-7
2427,-1.1901788866810144e-6,1.6726873417931052e-7
2428,-1.195648147742632e-6,1.256676842153209e-7
2429,-1.1996633124592528e-6,8.388863084587e-8
2430,-1.202218618495159e-6,4.198239925515394e-8
2431,-1.2033100800000001e-6,8.253816743259638e-21
2432,-1.2029354935280698e-6,-4.20074330829332e-8
2433,-1.2010944417872929e-6,-8.398870515725928e-8
2434,-1.1977882952120649e-6,-1.2589262277843483e-7
2435,-1.193020211356715e-6,-1.6766805632089458e-7
2436,-1.1867951321090614e-6,-2.09264002364299e-7
2437,-1.1791197787261379e-6,-2.506296459631382e-7
2438,-1.1700026446968503e-6,-2.917144227235043e-7
2439,-1.1594539864390204e-6,-3.324680806110498e-7
2440,-1.1474858118408197e-6,-3.7284074141488254e-7
2441,-1.134111866659307e-6,-4.127829617920679e-7
2442,-1.1193476187914457e-6,-4.5224579381788387e-7
2443,-1.103210240435432e-6,-4.911808449679755e-7
2444,-1.0857185881628774e-6,-5.295403374587532e-7
2445,-1.0668931809249815e-6,-5.672771668731365e-7
2446,-1.0467561760181832e-6,-6.043449599999959e-7
2447,-1.0253313430374372e-6,-6.406981318161252e-7
2448,-1.0026440358477977e-6,-6.762919415405908e-7
2449,-9.787211626071017e-7,-7.110825476929046e-7
2450,-9.535911538754297e-7,-7.450270620868309e-7
2451,-9.272839288488846e-7,-7.78083602693706e-7
2452,-8.998308597578464e-7,-8.102113453099628e-7
2453,-8.712647344721501e-7,-8.41370573965025e-7
2454,-8.416197173575448e-7,-8.715227300075764e-7
2455,-8.109313084302298e-7,-9.006304598094216e-7
2456,-7.792363008584094e-7,-9.286576610278371e-7
2457,-7.465727368614964e-7,-9.555695273693448e-7
2458,-7.129798620599252e-7,-9.813325917993092e-7
2459,-6.78498078330455e-7,-1.0059147681436398e-6
2460,-6.43168895223357e-7,-1.0292853910311101e-6
2461,-6.07034880000001e-7,-1.0514152541264759e-6
2462,-5.701396063511097e-7,-1.0722766466066817e-6
2463,-5.325276018571914e-7,-1.0918433878347948e-6
2464,-4.942442942546198e-7,-1.1100908601882112e-6
2465,-4.5533595657234153e-7,-1.1269960399999507e-6
2466,-4.158496512051887e-7,-1.1425375265743197e-6
2467,-3.7583317299152074e-7,-1.1566955692403433e-6
2468,-3.3533499136418814e-7,-1.1694520924087587e-6
2469,-2.944041916445441e-7,-1.1807907186009495e-6
2470,-2.530904155507478e-7,-1.1906967894204665e-6
2471,-2.1144380099263078e-7,-1.1991573844403124e-6
2472,-1.6951492122572395e-7,-1.2061613379818296e-6
2473,-1.273547234387879e-7,-1.2116992537633674e-6
2474,-8.501446684899937e-8,-1.215763517399702e-6
2475,-4.2545660380180415e-8,-1.21834830673565e-6
2476,2.3916965260475186e-21,-1.2194496e-6
2477,4.257069420794654e-8,-1.219065181768561e-6
2478,8.511454116037554e-8,-1.2171946467277428e-6
2479,1.27579662001923e-7,-1.2138394012327981e-6
2480,1.69914243367295e-7,-1.2090026626575319e-6
2481,2.1206660060071152e-7,-1.202689456534958e-6
2482,2.539852408553357e-7,-1.194906611491131e-6
2483,2.9561892599596666e-7,-1.1856627519769979e-6
2484,3.3691673522799913e-7,-1.1749682888058527e-6
2485,3.778281273759471e-7,-1.1628354075066923e-6
2486,4.183030027356691e-7,-1.149278054506336e-6
2487,4.5829176442444583e-7,-1.134311921155906e-6
2488,4.977453791536401e-7,-1.1179544256199598e-6
2489,5.366154373497725e-7,-1.1002246926490065e-6
2490,5.748542125501449e-7,-1.0811435312588833e-6
2491,6.124147200000052e-7,-1.0607334103430648e-6
2492,6.492507743795968e-7,-1.0390184322463194e-6
2493,6.853170465900238e-7,-1.0160243043307953e-6
2494,7.205691195279926e-7,-9.917783085681497e-7
2495,7.549635427810737e-7,-9.663092691934846e-7
2496,7.884578861760024e-7,-9.396475184594853e-7
2497,8.210107921138989e-7,-9.118248605315398e-7
2498,8.525820266282108e-7,-8.828745335665164e-7
2499,8.831325291019454e-7,-8.528311700207273e-7
2500,9.126244605831062e-7,-8.217307552341757e-7
2501,9.410212506384405e-7,-7.896105843407025e-7
2502,9.682876426874024e-7,-7.56509217555736e-7
2503,9.943897377603596e-7,-7.224664338950101e-7
2504,1.0192950366266395e-6,-6.875231833798845e-7
2505,1.0429724802399942e-6,-6.517215377868249e-7
2506,1.0653924884513598e-6,-6.151046400000068e-7
2507,1.0865269969405773e-6,-5.777166520281296e-7
2508,1.1063494923209256e-6,-5.396027017482069e-7
2509,1.1248350453727404e-6,-5.008088284402806e-7
2510,1.1419603423644058e-6,-4.6138192717891556e-7
2511,1.15770371442135e-6,-4.2136969214878606e-7
2512,1.1720451649062174e-6,-3.8082055895258146e-7
2513,1.1849663947755874e-6,-3.3978364598115e-7
2514,1.196450825881098e-6,-2.983086949170023e-7
2515,1.2064836221854605e-6,-2.564460104429413e-7
2516,1.21505170886621e-6,-2.1424639922903918e-7
2517,1.222143789282647e-6,-1.7176110827212026e-7
2518,1.2277503597841009e-6,-1.2904176266227204e-7
2519,1.231863722340152e-6,-8.614030285211141e-8
2520,1.234477994976141e-6,-4.310892150520707e-8
2521,1.23558912e-6,-4.2368487304340255e-21
2522,1.235194870009052e-6,4.313395533297727e-8
2523,1.2332948516681925e-6,8.624037716349164e-8
2524,1.2298905072535329e-6,1.2926670122539395e-7
2525,1.2249851139583464e-6,1.7216043041371273e-7
2526,1.2185837809608548e-6,2.1486919883712393e-7
2527,1.2106934442561276e-6,2.573408357475162e-7
2528,1.2013228592571413e-6,2.9952342926844583e-7
2529,1.1904825911726847e-6,3.4136538984494824e-7
2530,1.1781850031725704e-6,3.8281551333699514e-7
2531,1.1644442423533589e-6,4.2382304367928683e-7
2532,1.1492762235203662e-6,4.6433773503100763e-7
2533,1.1326986108044941e-6,5.043099133392887e-7
2534,1.1147307971351281e-6,5.436905372408076e-7
2535,1.0953938815927849e-6,5.824312582271531e-7
2536,1.0747106446679553e-6,6.204844799999995e-7
2537,1.052705521455192e-6,6.57803416943083e-7
2538,1.0294045728138027e-6,6.943421516394425e-7
2539,1.004835454529208e-6,7.300556913630669e-7
2540,9.790273845115284e-7,7.649000234753304e-7
2541,9.520111080700972e-7,7.988321696582853e-7
2542,9.238188613052214e-7,8.318102389178478e-7
2543,8.944843326608826e-7,8.637934792913963e-7
2544,8.640426226839226e-7,8.947423281963026e-7
2545,8.325302020381087e-7,9.246184613568023e-7
2546,7.999848678229957e-7,9.533848402490438e-7
2547,7.664456982499893e-7,9.81005758005449e-7
2548,7.319530057300806e-7,1.0074468837214203e-6
2549,6.965482884293145e-7,1.0326753051096395e-6
2550,6.602741803503077e-7,1.0566595694488694e-6
2551,6.231743999999974e-7,1.079369722776252e-6
2552,5.852936977051497e-7,1.1007773472744726e-6
2553,5.466778016392382e-7,1.1208555968070492e-6
2554,5.073733626259255e-7,1.1395792305572768e-6
2555,4.6742789778548985e-7,1.1569246447288612e-6
2556,4.2688973309239977e-7,1.1728699022683745e-6
2557,3.858079449136254e-7,1.1873947605720965e-6
2558,3.442323005981121e-7,1.200480697142416e-6
2559,3.022131981894776e-7,1.2121109331612424e-6
2560,2.598016053351176e-7,1.222270454950458e-6
2561,2.1704899746546476e-7,1.2309460332921043e-6
2562,1.7400729531853385e-7,1.2381262405834619e-6
2563,1.307288018857387e-7,1.2438014658048363e-6
2564,8.726613885524091e-8,1.2479639272806011e-6
2565,4.367218263021612e-8,1.2506076832166327e-6
2566,-6.748746057411221e-21,1.25172864e-6
2567,-4.3697216457990496e-8,1.2513245582495437e-6
2568,-8.736621316662533e-8,1.2493950566086414e-6
2569,-1.3095374044886476e-7,1.2459416132742677e-6
2570,-1.7440661746011306e-7,1.2409675652591633e-6
2571,-2.1767179707355366e-7,1.2344781053867486e-6
2572,-2.606964306396966e-7,1.2264802770211243e-6
2573,-3.0342793254090817e-7,1.2169829665372889e-6
2574,-3.458140444619144e-7,1.2059968935395124e-6
2575,-3.8780289929804305e-7,1.1935345988384483e-6
2576,-4.29343084622888e-7,1.1796104302003875e-6
2577,-4.703837056375858e-7,1.1642405258848199e-6
2578,-5.108744475249373e-7,1.147442795989029e-6
2579,-5.507656371318267e-7,1.1292369016212574e-6
2580,-5.90008303904177e-7,1.1096442319266782e-6
2581,-6.285542399999936e-7,1.0886878789928456e-6
2582,-6.663560595065544e-7,1.0663926106640742e-6
2583,-7.033672566888758e-7,1.0427848412967999e-6
2584,-7.395422631981407e-7,1.0178926004902661e-6
2585,-7.74836504169573e-7,9.917454998295834e-7
2586,-8.092064531405819e-7,9.643746976806977e-7
2587,-8.426096857217836e-7,9.358128620789148e-7
2588,-8.750049319545947e-7,9.060941317552368e-7
2589,-9.063521272906718e-7,8.75254075347105e-7
2590,-9.366124621304866e-7,8.433296488420545e-7
2591,-9.657484298596585e-7,8.103591513052753e-7
2592,-9.937238733234956e-7,7.763821789442427e-7
2593,-1.0205040296824707e-6,7.414395775651656e-7
2594,-1.0460555735926492e-6,7.055733934787296e-7
2595,-1.0703466586577444e-6,6.688268229137906e-7
2596,-1.093346957101136e-6,6.312441600000033e-7
2597,-1.1150276976083762e-6,5.928707433821542e-7
2598,-1.1353617012931726e-6,5.537529015302696e-7
2599,-1.154323415741806e-6,5.139378968115863e-7
2600,-1.1718889470933231e-6,4.7347386839204747e-7
2601,-1.1880360901153987e-6,4.3240977403601374e-7
2602,-1.2027443562379704e-6,3.907953308746862e-7
2603,-1.2159949995092494e-6,3.4868095521505695e-7
2604,-1.2277710404413869e-6,3.0611770146195294e-7
2605,-1.238057287715452e-6,2.631572002273113e-7
2606,-1.246840357718002e-6,2.1985159570187282e-7
2607,-1.254108691884277e-6,1.7625348236494757e-7
2608,-1.2598525718255696e-6,1.3241584110922296e-7
2609,-1.2640641322210513e-6,8.83919748583526e-8
2610,-1.2667373714571236e-6,4.4235443755242896e-8
2611,-1.26786816e-6,-1.5695716815738196e-24
2612,-1.2674542464900344e-6,-4.426047758302156e-8
2613,-1.2654952615490913e-6,-8.84920491697413e-8
2614,-1.2619927192950007e-6,-1.3264077967235328e-7
2615,-1.2569500165599777e-6,-1.766528045065311e-7
2616,-1.2503724298126453e-6,-2.204743953099659e-7
2617,-1.242267109786117e-6,-2.6405202553189447e-7
2618,-1.2326430738174365e-6,-3.073324358133702e-7
2619,-1.2215111959063447e-6,-3.5026269907886344e-7
2620,-1.208884194504321e-6,-3.92790285259108e-7
2621,-1.1947766180474168e-6,-4.3486312556648904e-7
2622,-1.1792048282492801e-6,-4.764296762441474e-7
2623,-1.1621869811735562e-6,-5.174389817106022e-7
2624,-1.1437430061073867e-6,-5.578407370228458e-7
2625,-1.1238945822605797e-6,-5.975853495811851e-7
2626,-1.102665113317727e-6,-6.366240000000033e-7
2627,-1.0800796998729564e-6,-6.749087020700257e-7
2628,-1.0561651097798072e-6,-7.123923617382943e-7
2629,-1.030949746451314e-6,-7.490288350332291e-7
2630,-1.0044636151476384e-6,-7.847729848638156e-7
2631,-9.767382872913096e-7,-8.195807366228647e-7
2632,-9.478068628525963e-7,-8.534091325257329e-7
2633,-9.177039308496034e-7,-8.8621638461778e-7
2634,-8.864655280103005e-7,-9.179619263850288e-7
2635,-8.541290956459872e-7,-9.486064629041832e-7
2636,-8.207334347875687e-7,-9.781120194702616e-7
2637,-7.863186596384817e-7,-1.0064419886415532e-6
2638,-7.50926149400236e-7,-1.0335611756435316e-6
2639,-7.145984985281593e-7,-1.059435842075649e-6
2640,-6.773794654772582e-7,-1.0840337478666289e-6
2641,-6.393139200000093e-7,-1.1073241914260192e-6
2642,-6.004477890591743e-7,-1.1292780479422714e-6
2643,-5.608280014212848e-7,-1.1498678057793038e-6
2644,-5.205024309972474e-7,-1.169067600926335e-6
2645,-4.795198389986219e-7,-1.186853249457778e-6
2646,-4.379298149796107e-7,-1.203202277962429e-6
2647,-3.957827168357471e-7,-1.2180939519038443e-6
2648,-3.5312960983201913e-7,-1.2315093018760779e-6
2649,-3.1002220473441083e-7,-1.2434311477215355e-6
2650,-2.665127951195051e-7,-1.2538441204804457e-6
2651,-2.226541939382986e-7,-1.262734682143896e-6
2652,-1.7849966941134343e-7,-1.2700911431850944e-6
2653,-1.341028803327074e-7,-1.275903677846303e-6
2654,-8.951781086148224e-8,-1.2801643371615003e-6
2655,-4.4798704880251595e-8,-1.2828670596976151e-6
2656,-6.919600715618674e-21,-1.28400768e-6
2657,4.4823738708034676e-8,-1.283583934730526e-6
2658,8.961788517287534e-8,-1.28159546648954e-6
2659,1.34327818895824e-7,-1.2780438253157357e-6
2660,1.7889899155293132e-7,-1.2729324678607945e-6
2661,2.23276993546396e-7,-1.2662667542385388e-6
2662,2.674076204240748e-7,-1.258053942551114e-6
2663,3.1123693908584985e-7,-1.2483031810975797e-6
2664,3.547113536958123e-7,-1.237025498273177e-6
2665,3.977776712201557e-7,-1.2242337901701988e-6
2666,4.403831665101071e-7,-1.2099428058944393e-6
2667,4.82475646850709e-7,-1.1941691306137406e-6
2668,5.240035158962507e-7,-1.1769311663580909e-6
2669,5.649158369138811e-7,-1.158249110593508e-6
2670,6.05162395258193e-7,-1.1381449325944815e-6
2671,6.446937599999973e-7,-1.1166423476426174e-6
2672,6.834613446335123e-7,-1.093766789081829e-6
2673,7.214174667877129e-7,-1.0695453782628148e-6
2674,7.585154068683029e-7,-1.0440068924123724e-6
2675,7.947094655580724e-7,-1.0171817304656822e-6
2676,8.299550201051475e-7,-9.891018769019218e-7
2677,8.642085793296686e-7,-9.598008636262898e-7
2678,8.974278372809787e-7,-9.293137299439571e-7
2679,9.295717254793856e-7,-8.976769806734957e-7
2680,9.606004636778674e-7,-8.649285424499332e-7
2681,9.904756090808766e-7,-8.31107718269848e-7
2682,1.0191601039595997e-6,-7.962551403327354e-7
2683,1.0466183216045818e-6,-7.604127212353209e-7
2684,1.0728161105586586e-6,-7.236236035775741e-7
2685,1.0977208370755036e-6,-6.859321080407412e-7
2686,1.121301425750912e-6,-6.473836799999994e-7
2687,1.1435283982761753e-6,-6.080248347361784e-7
2688,1.164373910265427e-6,-5.679031013123163e-7
2689,1.1838117861108715e-6,-5.270669651828918e-7
2690,1.2018175518222334e-6,-4.855658096051964e-7
2691,1.2183684658094534e-6,-4.434498559232248e-7
2692,1.233443547569724e-6,-4.007701027967907e-7
2693,1.2470236042429063e-6,-3.575782644489815e-7
2694,1.2590912550016795e-6,-3.139267080068863e-7
2695,1.2696309532454433e-6,-2.69868390011681e-7
2696,1.2786290065697907e-6,-2.2545679217472447e-7
2697,1.2860735944859095e-6,-1.8074585645775736e-7
2698,1.2919547838670382e-6,-1.3578991955617366e-7
2699,1.2962645421019492e-6,-9.0643646864612e-8
2700,1.2989967479381063e-6,-4.536196600527849e-8
2701,1.3001472e-6,4.4614381630871605e-21
2702,1.2997136229710173e-6,4.5386999833047604e-8
2703,1.2976956714299899e-6,9.074372117599119e-8
2704,1.2940949313364685e-6,1.3601485811931288e-7
2705,1.2889149191616114e-6,1.8114517859933135e-7
2706,1.2821610786644358e-6,2.2607959178280815e-7
2707,1.273840775316107e-6,2.70763215316273e-7
2708,1.2639632883777275e-6,3.151414423583117e-7
2709,1.2525398006400042e-6,3.5916000831277875e-7
2710,1.2395833858360714e-6,4.0276505718122097e-7
2711,1.2251089937414683e-6,4.45903207453708e-7
2712,1.209133432978194e-6,4.885216174572875e-7
2713,1.1916753515426256e-6,5.30568050081899e-7
2714,1.1727552150796375e-6,5.719909368049001e-7
2715,1.1523952829283748e-6,6.127394409352172e-7
2716,1.1306195819675081e-6,6.527635199999911e-7
2717,1.1074538782907112e-6,6.920139871969835e-7
2718,1.0829256467458118e-6,7.304425718371462e-7
2719,1.057064038373431e-6,7.680019787033767e-7
2720,1.0298998457837372e-6,8.046459462523149e-7
2721,1.001465466512522e-6,8.403293035874444e-7
2722,9.717948643999833e-7,8.750080261336043e-7
2723,9.409235290383237e-7,9.08639289944164e-7
2724,9.08888433336678e-7,9.411815245737551e-7
2725,8.757279892538794e-7,9.725944644515516e-7
2726,8.414820017521416e-7,1.0028391986914796e-6
2727,8.061916210269741e-7,1.0318782192776573e-6
2728,7.69899293070406e-7,1.0596754675656321e-6
2729,7.32648708627004e-7,1.0861963790416583e-6
2730,6.944847506042086e-7,1.1114079262843884e-6
2731,6.554534400000055e-7,1.1352786600757953e-6
2732,6.156018804131987e-7,1.1577787486100705e-6
2733,5.749782012033312e-7,1.1788800147515583e-6
2734,5.33631499368553e-7,1.1985559712954007e-6
2735,4.916117802117537e-7,1.2167818541866953e-6
2736,4.4896989686683893e-7,1.2335346536564774e-6
2737,4.0575748875785175e-7,1.2487931432355974e-6
2738,3.62026919065926e-7,1.2625379066097401e-6
2739,3.17831211279362e-7,1.2747513622818238e-6
2740,2.73223984903875e-7,1.285417786010437e-6
2741,2.2825939041113213e-7,1.294523330995688e-6
2742,1.8299204350417143e-7,1.3020560457867245e-6
2743,1.3747695877965824e-7,1.3080058898877717e-6
2744,9.176948286772332e-8,1.3123647470423996e-6
2745,4.592522713030555e-8,1.3151264361785974e-6
2746,2.578363353461191e-21,1.31628672e-6
2747,-4.5950260958079074e-8,1.3158433112115082e-6
2748,-9.186955717910689e-8,1.3137958763704398e-6
2749,-1.3770189734278346e-7,1.3101460373572035e-6
2750,-1.8339136564574973e-7,1.3048973704624258e-6
2751,-2.2888219001922013e-7,1.2980554030903325e-6
2752,-2.7411881020845316e-7,1.2896276080811037e-6
2753,-3.1904594563079173e-7,1.2796233956578706e-6
2754,-3.6360866292972753e-7,1.2680541030068364e-6
2755,-4.077524431422686e-7,1.2549329815019495e-6
2756,-4.514232483973264e-7,1.2402751815884908e-6
2757,-4.945675880638489e-7,1.2240977353426545e-6
2758,-5.371325842675641e-7,1.2064195367271532e-6
2759,-5.790660366959357e-7,1.187261319565759e-6
2760,-6.203164866122251e-7,1.1666456332622766e-6
2761,-6.608332800000013e-7,1.1445968162923895e-6
2762,-7.005666297604546e-7,1.1211409674995938e-6
2763,-7.394676768865646e-7,1.0963059152288193e-6
2764,-7.774885505384653e-7,1.0701211843344786e-6
2765,-8.145824269465572e-7,1.0426179611017922e-6
2766,-8.507035870697271e-7,1.0138290561231341e-6
2767,-8.858074729375538e-7,9.837888651736646e-7
2768,-9.198507426073491e-7,9.525333281326902e-7
2769,-9.527913236681119e-7,9.200998859998733e-7
2770,-9.845884652252481e-7,8.865274360578117e-7
2771,-1.0152027883020826e-6,8.518562852344352e-7
2772,-1.0445963345957038e-6,8.161281017212278e-7
2773,-1.072732613526693e-6,7.793858649054761e-7
2774,-1.0995766475246578e-6,7.416738136764343e-7
2775,-1.1250950154932631e-6,7.030373931676917e-7
2776,-1.1492558944006883e-6,6.635231999999955e-7
2777,-1.1720290989439658e-6,6.231789260902192e-7
2778,-1.1933861192376815e-6,5.820533010943628e-7
2779,-1.2133001564799372e-6,5.401960335541972e-7
2780,-1.2317461565511505e-6,4.976577508183283e-7
2781,-1.248700841503508e-6,4.544899378104356e-7
2782,-1.2641427389014772e-6,4.1074487471889506e-7
2783,-1.2780522089765684e-6,3.664755736828885e-7
2784,-1.2904114695619729e-6,3.2173571455181945e-7
2785,-1.301204618775431e-6,2.765795797960691e-7
2786,-1.3104176554215825e-6,2.3106198864755813e-7
2787,-1.318038497087542e-6,1.8523823055056688e-7
2788,-1.3240569959085052e-6,1.3916399800314298e-7
2789,-1.3284649519828484e-6,9.289531887085324e-8
2790,-1.331256124419089e-6,4.648848825531388e-8
2791,-1.33242624e-6,9.792158671580142e-21
2792,-1.3319729994519996e-6,-4.651352208309188e-8
2793,-1.3298960813108885e-6,-9.29953931822413e-8
2794,-1.3261971433779385e-6,-1.3938893656625387e-7
2795,-1.3208798217632429e-6,-1.8563755269214972e-7
2796,-1.313949727516226e-6,-2.3168478825565064e-7
2797,-1.3054144408461003e-6,-2.774744051006332e-7
2798,-1.2952835029380182e-6,-3.2295044890325354e-7
2799,-1.283568405373664e-6,-3.680573175466943e-7
2800,-1.2702825771678279e-6,-4.1273982910331615e-7
2801,-1.2554413694355201e-6,-4.5694328934092714e-7
2802,-1.2390620377071077e-6,-5.006135586704277e-7
2803,-1.2211637219116879e-6,-5.436971184532123e-7
2804,-1.2017674240518883e-6,-5.861411365869547e-7
2805,-1.1808959835961697e-6,-6.278935322892497e-7
2806,-1.15857405061728e-6,-6.689030399999949e-7
2807,-1.134828056708466e-6,-7.091192723239414e-7
2808,-1.1096861837118271e-6,-7.484927819359829e-7
2809,-1.083178330295537e-6,-7.86975122373539e-7
2810,-1.055336076419836e-6,-8.245189076408145e-7
2811,-1.0261926457337464e-6,-8.610778705520094e-7
2812,-9.957828659473583e-7,-8.966069197414894e-7
2813,-9.641431272270439e-7,-9.31062195270548e-7
2814,-9.31311338663069e-7,-9.644011227624686e-7
2815,-8.97326882861758e-7,-9.965824659989324e-7
2816,-8.622305687167143e-7,-1.0275663779126977e-6
2817,-8.260645824154813e-7,-1.0573144499137502e-6
2818,-7.888724367405614e-7,-1.0857897594877434e-6
2819,-7.506989187258487e-7,-1.112956916007668e-6
2820,-7.115900357311749e-7,-1.138782104702138e-6
2821,-6.715929600000016e-7,-1.1632331287255716e-6
2822,-6.307559717672229e-7,-1.1862794492778697e-6
2823,-5.891284009853946e-7,-1.2078922237238049e-6
2824,-5.467605677398584e-7,-1.2280443416644662e-6
2825,-5.037037214248854e-7,-1.2467104589156124e-6
2826,-4.6000997875404983e-7,-1.2638670293505321e-6
2827,-4.157322606799562e-7,-1.2794923345673508e-6
2828,-3.7092422829983275e-7,-1.2935665113434021e-6
2829,-3.256402178242953e-7,-1.3060715768421169e-6
2830,-2.799351746882446e-7,-1.3169914515404285e-6
2831,-2.3386458688396545e-7,-1.3263119798474802e-6
2832,-1.874844175969811e-7,-1.334020948388357e-6
2833,-1.4085103722660884e-7,-1.3401081019292406e-6
2834,-9.402115487398332e-8,-1.3445651569232973e-6
2835,-4.7051749380341046e-8,-1.34738581265958e-6
2836,1.984324297986279e-21,-1.34856576e-6
2837,4.7076783208104526e-8,-1.3481026876924911e-6
2838,9.412122918535686e-8,-1.3459962862513384e-6
2839,1.4107597578974313e-7,-1.3422482493986713e-6
2840,1.878837397385495e-7,-1.3368622730640597e-6
2841,2.3448738649206248e-7,-1.3298440519421228e-6
2842,2.808299999928318e-7,-1.3212012736110934e-6
2843,3.2685495217571525e-7,-1.310943610218166e-6
2844,3.7250597216364295e-7,-1.2990827077404964e-6
2845,4.177272150643818e-7,-1.2856321728337e-6
2846,4.624633302845279e-7,-1.270607557282549e-6
2847,5.06659529276989e-7,-1.2540263400715684e-6
2848,5.50261652638878e-7,-1.235907907096215e-6
2849,5.932162364779733e-7,-1.2162735285380178e-6
2850,6.354705779662574e-7,-1.1951463339300714e-6
2851,6.769728000000052e-7,-1.1725512849421612e-6
2852,7.176719148874125e-7,-1.1485151459173486e-6
2853,7.57517886985417e-7,-1.123066452194824e-6
2854,7.96461694208628e-7,-1.0962354762565844e-6
2855,8.344553883350568e-7,-1.0680541917378912e-6
2856,8.714521540343067e-7,-1.0385562353443465e-6
2857,9.074063665454248e-7,-1.0077768667210523e-6
2858,9.422736479337331e-7,-9.757529263214106e-7
2859,9.760109218568384e-7,-9.425227913262508e-7
2860,1.0085764667726162e-6,-9.081263296657044e-7
2861,1.0399299675233007e-6,-8.72604852199008e-7
2862,1.0700325652318083e-6,-8.360010631097202e-7
2863,1.0988469054487934e-6,-7.983590085756467e-7
2864,1.1263371844906675e-6,-7.59724023775279e-7
2865,1.1524691939110228e-6,-7.20142678294642e-7
2866,1.1772103630504551e-6,-6.796627200000082e-7
2867,1.2005297996117649e-6,-6.383330174442435e-7
2868,1.2223983282099365e-6,-5.962035008764091e-7
2869,1.2427885268489952e-6,-5.533251019255198e-7
2870,1.2616747612800678e-6,-5.097496920314603e-7
2871,1.2790332171975629e-6,-4.655300196976462e-7
2872,1.2948419302332247e-6,-4.207196466410176e-7
2873,1.3090808137102306e-6,-3.753728829167953e-7
2874,1.321731684122266e-6,-3.295447210967524e-7
2875,1.3327782843054225e-6,-2.832907695804389e-7
2876,1.3422063042733744e-6,-2.3666718512039157e-7
2877,1.3500033996891745e-6,-1.897306046433762e-7
2878,1.3561592079499739e-6,-1.4253807645009368e-7
2879,1.3606653618637476e-6,-9.514699087709423e-8
2880,1.3635155009000715e-6,-4.761501050534904e-8
2881,1.3647052800000001e-6,-5.3481022493807766e-21
2882,1.364232375932982e-6,4.764004433313638e-8
2883,1.3620964911917883e-6,9.524706518847226e-8
2884,1.3582993554194063e-6,1.427630150132134e-7
2885,1.352844724364874e-6,1.9012992678496827e-7
2886,1.34573837636802e-6,2.3728998472847414e-7
2887,1.33698810637609e-6,2.8418559488501164e-7
2888,1.326603717498309e-6,3.3075945544819553e-7
2889,1.3145970101073289e-6,3.769546267805915e-7
2890,1.3009817684995784e-6,4.2271460102542917e-7
2891,1.2857737451295717e-6,4.679833712281466e-7
2892,1.2689906424360288e-6,5.127054998835501e-7
2893,1.25065209228075e-6,5.568261868245259e-7
2894,1.2307796330241388e-6,6.002913363690094e-7
2895,1.2093966842639736e-6,6.43047623643265e-7
2896,1.1865285192670517e-6,6.850425599999989e-7
2897,1.1622022351262204e-6,7.262245574508998e-7
2898,1.136446720677832e-6,7.665429920348352e-7
2899,1.1092926222176432e-6,8.059482660437017e-7
2900,1.0807723070559346e-6,8.443918690293141e-7
2901,1.0509198249549588e-6,8.818264375165891e-7
2902,1.0197708674947332e-6,9.182058133493748e-7
2903,9.873627254157639e-7,9.534851005969324e-7
2904,9.537342439894466e-7,9.87620720951195e-7
2905,9.189257764696365e-7,1.0205704675463133e-6
2906,8.829791356813016e-7,1.0522935571339035e-6
2907,8.459375438039738e-7,1.0827506805498543e-6
2908,8.078455804107164e-7,1.111904051409855e-6
2909,7.687491288247094e-7,1.139717452973667e-6
2910,7.286953208581253e-7,1.1661562831198976e-6
2911,6.877324799999976e-7,1.1911875973753482e-6
2912,6.459100631212642e-7,1.21478014994566e-6
2913,6.032786007674411e-7,1.2369044326960594e-6
2914,5.598896361111637e-7,1.257532712033532e-6
2915,5.15795662638035e-7,1.2766390636445225e-6
2916,4.710500606412606e-7,1.2941994050445866e-6
2917,4.2570703260206054e-7,1.3101915258991045e-6
2918,3.798215375337581e-7,1.3245951160770589e-6
2919,3.3344922436922833e-7,1.3373917914024102e-6
2920,2.8664636447261414e-7,1.3485651170704203e-6
2921,2.3946978335681794e-7,1.358100628699269e-6
2922,1.919767916897905e-7,1.3659858509899895e-6
2923,1.4422511567355923e-7,1.3722103139707093e-6
2924,9.627282688022444e-8,1.3767655668041965e-6
2925,4.8178271630376326e-8,1.3796451891405624e-6
2926,-6.7684622387237364e-21,1.3808448e-6
2927,-4.820330545814892e-8,1.3803620641734736e-6
2928,-9.63729011916071e-8,1.3781966961322372e-6
2929,-1.444500542366835e-7,1.3743504614401413e-6
2930,-1.9237611383136796e-7,1.368827175665691e-6
2931,-2.40092582964905e-7,1.3616327007939137e-6
2932,-2.8754118977719134e-7,1.352774939141087e-6
2933,-3.3466395872065713e-7,1.3422638247784568e-6
2934,-3.8140328139755857e-7,1.3301113124741556e-6
2935,-4.2770198698647633e-7,1.3163313641654565e-6
2936,-4.735034121717472e-7,1.300939932976601e-6
2937,-5.187514704901294e-7,1.2839549448004823e-6
2938,-5.633907210101739e-7,1.2653962774652849e-6
2939,-6.07366436260028e-7,1.2452857375102685e-6
2940,-6.506246693202899e-7,1.2236470345978663e-6
2941,-6.931123199999924e-7,1.2005057535919426e-6
2942,-7.347772000143707e-7,1.1758893243351032e-6
2943,-7.755680970842691e-7,1.1498269891608284e-6
2944,-8.154348378787749e-7,1.1223497681787019e-6
2945,-8.543283497235562e-7,1.0934904223739898e-6
2946,-8.922007209988867e-7,1.0632834145655588e-6
2947,-9.290052601533101e-7,1.0317648682684271e-6
2948,-9.646965532601174e-7,9.989725245101306e-7
2949,-9.992305200455651e-7,9.649456966526283e-7
2950,-1.0325644683199971e-6,9.29725223273583e-7
2951,-1.064657146744519e-6,8.933534191635804e-7
2952,-1.0954687958679127e-6,8.558740244982123e-7
2953,-1.1249611973709047e-6,8.173321522458017e-7
2954,-1.153097721456677e-6,7.777742338741233e-7
2955,-1.179843372328772e-6,7.372479634216089e-7
2956,-1.2051648317002317e-6,6.958022400000043e-7
2957,-1.2290305002795642e-6,6.534871087982677e-7
2958,-1.2514105371821826e-6,6.103537006584731e-7
2959,-1.272276897218061e-6,5.664541702968252e-7
2960,-1.291603366008985e-6,5.218416332445917e-7
2961,-1.3093655928916108e-6,4.7657010158487517e-7
2962,-1.3255411215649778e-6,4.3069441856312184e-7
2963,-1.3401094184438924e-6,3.8427019215070187e-7
2964,-1.3530518986825542e-6,3.373537276417044e-7
2965,-1.3643519498354139e-6,2.900019593648085e-7
2966,-1.3739949531251666e-6,2.422723815932249e-7
2967,-1.3819683022908045e-6,1.94222978736205e-7
2968,-1.3882614199914428e-6,1.459121548970442e-7
2969,-1.3928657717446469e-6,9.739866288333502e-8
2970,-1.3957748773810535e-6,4.874153275540379e-8
2971,-1.39698432e-6,6.8259553789142165e-22
2972,-1.3964917524139643e-6,-4.8766566583181095e-8
2973,-1.3942969010726867e-6,-9.749873719472234e-8
2974,-1.3904015674608744e-6,-1.461370934601732e-7
2975,-1.3848096269665053e-6,-1.9462230087778714e-7
2976,-1.3775270252198104e-6,-2.428951812013166e-7
2977,-1.3685617719060797e-6,-2.9089678466939036e-7
2978,-1.3579239320586047e-6,-3.385684619931185e-7
2979,-1.3456256148409883e-6,-3.85851936014507e-7
2980,-1.3316809598313287e-6,-4.326893729475423e-7
2981,-1.3161061208236298e-6,-4.790234531153475e-7
2982,-1.2989192471649425e-6,-5.247974410966903e-7
2983,-1.2801404626498116e-6,-5.699552551958398e-7
2984,-1.2597918419963982e-6,-6.144415361510464e-7
2985,-1.2378973849317685e-6,-6.582017149972975e-7
2986,-1.2144829879168234e-6,-7.01182080000003e-7
2987,-1.1895764135439858e-6,-7.433298425778412e-7
2988,-1.1632072576438362e-6,-7.845932021336872e-7
2989,-1.135406914139749e-6,-8.249214097138642e-7
2990,-1.1062085376920454e-6,-8.642648304177983e-7
2991,-1.0756470041761712e-6,-9.025750044811688e-7
2992,-1.0437588690421075e-6,-9.3980470695726e-7
2993,-1.0105823236044978e-6,-9.759080059233025e-7
2994,-9.761571493158242e-7,-1.0108403191399218e-6
2995,-9.405246700775148e-7,-1.0445584690936945e-6
2996,-9.037277026458746e-7,-1.0770207363551218e-6
2997,-8.658105051924661e-7,-1.108186911185959e-6
2998,-8.268187240808712e-7,-1.1380183433319665e-6
2999,-7.86799338923554e-7,-1.1664779899396766e-6
3000,-7.458006059850756e-7,-1.193530461537657e-6
3001,-7.038720000000108e-7,-1.2191420660251146e-6
3002,-6.610641544752884e-7,-1.243280850613459e-6
3003,-6.174288005494873e-7,-1.2659166416683144e-6
3004,-5.73018704482487e-7,-1.2870210824025896e-6
3005,-5.278876038511667e-7,-1.30656766837344e-6
3006,-4.820901425284712e-7,-1.3245317807386418e-6
3007,-4.3568180452418345e-7,-1.3408907172308517e-6
3008,-3.887188467676647e-7,-1.355623720810721e-6
3009,-3.4125823091416117e-7,-1.368712005962703e-6
3010,-2.933575542570029e-7,-1.3801387826004077e-6
3011,-2.4507497982965127e-7,-1.3898892775510606e-6
3012,-1.9646916578259973e-7,-1.3979507535916222e-6
3013,-1.4759919412052936e-7,-1.4043125260121763e-6
3014,-9.852449888646536e-8,-1.4089659766850957e-6
3015,-4.9304793880411386e-8,-1.4119045656215453e-6
3016,-8.307647116077181e-21,-1.4131238400000002e-6
3017,4.932982770819351e-8,-1.4126214406544557e-6
3018,9.862457319785748e-8,-1.4103971060131355e-6
3019,1.4782413268364314e-7,-1.406452673481609e-6
3020,1.968684879241866e-7,-1.4007920782673222e-6
3021,2.456977794377478e-7,-1.393421349645704e-6
3022,2.9425237956156996e-7,-1.3843486046710766e-6
3023,3.4247296526559933e-7,-1.3735840393387476e-6
3024,3.903005906314745e-7,-1.3611399172078151e-6
3025,4.376767589085895e-7,-1.347030555497207e-6
3026,4.845434940589666e-7,-1.3312723086706523e-6
3027,5.308434117032511e-7,-1.3138835495294032e-6
3028,5.765197893814876e-7,-1.2948846478343467e-6
3029,6.215166360420827e-7,-1.2742979464825189e-6
3030,6.657787606743047e-7,-1.2521477352656703e-6
3031,7.092518399999965e-7,-1.2284602222417145e-6
3032,7.51882485141329e-7,-1.2032635027528579e-6
3033,7.936183071831052e-7,-1.176587526126844e-6
3034,8.344079815489375e-7,-1.1484640601008079e-6
3035,8.74201311112056e-7,-1.1189266530100884e-6
3036,9.129492879634511e-7,-1.0880105937867837e-6
3037,9.506041537611953e-7,-1.0557528698158017e-6
3038,9.871194585865016e-7,-1.0221921226988506e-6
3039,1.022450118234278e-6,-9.8736860197902e-7
3040,1.0565524698673785e-6,-9.513241168814614e-7
3041,1.0893843259657375e-6,-9.141019861281531e-7
3042,1.1209050265040049e-6,-8.757469858867202e-7
3043,1.1510754892930164e-6,-8.363052959159568e-7
3044,1.179858258422687e-6,-7.958244439729678e-7
3045,1.2072175507465316e-6,-7.543532485485591e-7
3046,1.2331193003500078e-6,-7.1194176e-7
3047,1.2575312009473635e-6,-6.686412001522915e-7
3048,1.280422746154437e-6,-6.245039004405194e-7
3049,1.3017652675871265e-6,-5.795832386681302e-7
3050,1.3215319707378948e-6,-5.339335744577419e-7
3051,1.3396979685856656e-6,-4.876101834720859e-7
3052,1.3562403128967317e-6,-4.40669190485226e-7
3053,1.3711380231775492e-6,-3.9316750138462777e-7
3054,1.3843721132428473e-6,-3.451627341866373e-7
3055,1.3959256153654055e-6,-2.967131491491778e-7
3056,1.4057836019769552e-6,-2.478775780660778e-7
3057,1.413933204892437e-6,-1.9871535282901428e-7
3058,1.4203636320329117e-6,-1.4928623334399446e-7
3059,1.4250661816255448e-6,-9.965033488959585e-8
3060,1.4280342538620364e-6,-4.986805500543897e-8
3061,1.42926336e-6,4.20436146288792e-21
3062,1.4287511288949474e-6,4.989308883320574e-8
3063,1.4264973109535852e-6,9.975040920097265e-8
3064,1.422503779502342e-6,1.4951117190713317e-7
3065,1.4167745295681393e-6,1.9911467497058597e-7
3066,1.4093156740716004e-6,2.4850037767415927e-7
3067,1.4001354374360691e-6,2.976079744537692e-7
3068,1.3892441466188954e-6,3.463774685380605e-7
3069,1.3766542195746478e-6,3.947492452484227e-7
3070,1.3623801511630792e-6,4.4266414486965584e-7
3071,1.3464384965176816e-6,4.900635350025669e-7
3072,1.3288478518938564e-6,5.368893823098307e-7
3073,1.3096288330188736e-6,5.830843235671538e-7
3074,1.2888040509686488e-6,6.285917359331011e-7
3075,1.2663980855995632e-6,6.7335580635133e-7
3076,1.2424374565666052e-6,7.173215999999896e-7
3077,1.2169505919617402e-6,7.604351277047994e-7
3078,1.1899677946098407e-6,8.026434122325396e-7
3079,1.161521206061867e-6,8.438945533840108e-7
3080,1.131644768328144e-6,8.84137791806298e-7
3081,1.1003741833973833e-6,9.233235714457488e-7
3082,1.067746870589496e-6,9.614036005651306e-7
3083,1.0338019217932176e-6,9.983309112496865e-7
3084,9.985800546422015e-7,1.0340599173286483e-6
3085,9.62123563685408e-7,1.0685464706410619e-6
3086,9.24476269610447e-7,1.1017479155763399e-6
3087,8.85683466580958e-7,1.1336231418220633e-6
3088,8.457918677510426e-7,1.1641326352540662e-6
3089,8.048495490223984e-7,1.1932385269056864e-6
3090,7.629058911120256e-7,1.220904639955417e-6
3091,7.200115200000068e-7,1.247096534674891e-6
3092,6.762182458293125e-7,1.2717815512812585e-6
3093,6.315790003315333e-7,1.294928850640569e-6
3094,5.861477728537921e-7,1.3165094527716555e-6
3095,5.399795450642981e-7,1.3364962731023571e-6
3096,4.931302244156815e-7,1.3548641564326965e-6
3097,4.456565764462878e-7,1.3715899085626052e-6
3098,3.976161560015712e-7,1.3866523255443834e-6
3099,3.490672374591137e-7,1.4000322205229913e-6
3100,3.000687440413725e-7,1.411712448130399e-6
3101,2.506801763024844e-7,1.421677926402853e-6
3102,2.0096153987542906e-7,1.429915656193252e-6
3103,1.5097327256747975e-7,1.436414738053645e-6
3104,1.0077617089270602e-7,1.441166386565995e-6
3105,5.043131613046674e-8,1.444163942102527e-6
3106,3.5393213445459426e-21,1.44540288e-6
3107,-5.0456349958238335e-8,1.4448808171354383e-6
3108,-1.0087624520408766e-7,1.4425975158940356e-6
3109,-1.5119821113060306e-7,1.438554885523077e-6
3110,-2.013608620170055e-7,1.4327569808689536e-6
3111,-2.513029759105705e-7,1.4252099984974976e-6
3112,-3.009635693459487e-7,1.415922270201066e-6
3113,-3.502819718105416e-7,1.4049042538990384e-6
3114,-3.991978998653707e-7,1.3921685219414803e-6
3115,-4.4765153083070274e-7,1.3777297468289575e-6
3116,-4.955835759461863e-7,1.361604684364704e-6
3117,-5.429353529163915e-7,1.3438121542583173e-6
3118,-5.896488577528015e-7,1.3243730182034088e-6
3119,-6.356668358241378e-7,1.3033101554547696e-6
3120,-6.809328520283371e-7,1.2806484359334654e-6
3121,-7.253913600000006e-7,1.256414690891486e-6
3122,-7.689877702682698e-7,1.230637681170623e-6
3123,-8.116685172819573e-7,1.2033480630928485e-6
3124,-8.533811252191003e-7,1.1745783520229137e-6
3125,-8.940742725005396e-7,1.1443628836461995e-6
3126,-9.336978549280311e-7,1.1127377730079959e-6
3127,-9.72203047369081e-7,1.0797408713631763e-6
3128,-1.0095423639128714e-6,1.0454117208875848e-6
3129,-1.0456697164230047e-6,1.0097915073053974e-6
3130,-1.0805404714147595e-6,9.729230104893395e-7
3131,-1.1141115051869425e-6,9.34850553092741e-7
3132,-1.1463412571401094e-6,8.956199472752122e-7
3133,-1.177189781215128e-6,8.552784395861116e-7
3134,-1.2066187953886853e-6,8.138746540718288e-7
3135,-1.2345917291642913e-6,7.714585336755094e-7
3136,-1.2610737689997846e-6,7.280812799999958e-7
3137,-1.2860319016151535e-6,6.837952915063337e-7
3138,-1.309434955126692e-6,6.386541002225656e-7
3139,-1.3312536379561925e-6,5.927123070394352e-7
3140,-1.351460575466812e-6,5.460255156708734e-7
3141,-1.3700303442797205e-6,4.986502653592962e-7
3142,-1.3869395042284848e-6,4.5064396240732993e-7
3143,-1.4021666279112112e-6,4.0206481061853424e-7
3144,-1.4156923278031406e-6,3.5297174073157016e-7
3145,-1.4274992808953969e-6,3.0342433893354695e-7
3146,-1.4375722508287473e-6,2.5348277453891113e-7
3147,-1.4458981074940697e-6,2.0320772692182343e-7
3148,-1.4524658440743784e-6,1.5266031179096517e-7
3149,-1.4572665915064438e-6,1.0190200689583663e-7
3150,-1.4602936303430187e-6,5.099457725547393e-8
3151,-1.4615424e-6,1.1456997953550405e-20
3152,-1.4610105053759297e-6,-5.101961108325045e-8
3153,-1.458697720834484e-6,-1.0200208120722317e-7
3154,-1.454605991543812e-6,-1.5288525035407273e-7
3155,-1.4487394321697705e-6,-2.0360704906340478e-7
3156,-1.441104322923391e-6,-2.541055741470021e-7
3157,-1.431709102966063e-6,-3.0431916423812807e-7
3158,-1.4205643611791864e-6,-3.541864750830027e-7
3159,-1.4076828243083073e-6,-4.036465544823387e-7
3160,-1.3930793424948357e-6,-4.5263891679174954e-7
3161,-1.376770872211733e-6,-5.011036168897865e-7
3162,-1.3587764566227701e-6,-5.489813235229714e-7
3163,-1.339117203387944e-6,-5.962133919384492e-7
3164,-1.3178162599408994e-6,-6.42741935715156e-7
3165,-1.2948987862673578e-6,-6.885098977053627e-7
3166,-1.2703919252163769e-6,-7.334611199999939e-7
3167,-1.2443247703794949e-6,-7.775404128317579e-7
3168,-1.216728331575845e-6,-8.206936223313922e-7
3169,-1.1876354979839727e-6,-8.628676970541733e-7
3170,-1.1570809989642424e-6,-9.040107531947977e-7
3171,-1.1251013626186084e-6,-9.440721384103129e-7
3172,-1.0917348721368703e-6,-9.83002494173016e-7
3173,-1.0570215199819376e-6,-1.020753816576071e-6
3174,-1.0210029599685935e-6,-1.0572795155173609e-6
3175,-9.837224572932863e-7,-1.092534472188443e-6
3176,-9.452248365750194e-7,-1.1264750947975584e-6
3177,-9.055564279694666e-7,-1.1590593724581553e-6
3178,-8.647650114211974e-7,-1.1902469271761777e-6
3179,-8.228997591212425e-7,-1.2199990638716963e-6
3180,-7.80011176238993e-7,-1.2482788183731655e-6
3181,-7.361510400000024e-7,-1.2750510033246676e-6
3182,-6.913723371833362e-7,-1.300282251949058e-6
3183,-6.45729200113598e-7,-1.3239410596128151e-6
3184,-5.992768412250972e-7,-1.3459978231407213e-6
3185,-5.520714862774295e-7,-1.3664248778312746e-6
3186,-5.041703063029112e-7,-1.3851965321267443e-6
3187,-4.5563134836839176e-7,-1.4022890998943582e-6
3188,-4.065134652354775e-7,-1.4176809302780452e-6
3189,-3.568762440040466e-7,-1.4313524350832844e-6
3190,-3.067799338257417e-7,-1.4432861136603907e-6
3191,-2.5628537277531734e-7,-1.4534665752546447e-6
3192,-2.054539139682383e-7,-1.4618805587948846e-6
3193,-1.5434735101442992e-7,-1.468516950095114e-6
3194,-1.0302784289896743e-7,-1.4733667964468929e-6
3195,-5.1557838380501803e-8,-1.4764233185835098e-6
3196,1.4504547162752823e-21,-1.4776819200000001e-6
3197,5.1582872208262385e-8,-1.4771401936164213e-6
3198,1.0312791721033805e-7,-1.474797925774934e-6
3199,1.5457228957756313e-7,-1.4706570975645446e-6
3200,2.0585323610980379e-7,-1.4647218834705876e-6
3201,2.569081723834133e-7,-1.456998647349288e-6
3202,3.076747591303278e-7,-1.4474959357310558e-6
3203,3.5809097835546373e-7,-1.4362244684593345e-6
3204,4.0809520909928676e-7,-1.4231971266751398e-6
3205,4.576263027528163e-7,-1.408428938160708e-6
3206,5.066236578333865e-7,-1.3919370600587622e-6
3207,5.550272941295321e-7,-1.3737407589872306e-6
3208,6.027779261241156e-7,-1.3538613885724702e-6
3209,6.49817035606174e-7,-1.332322364427029e-6
3210,6.960869433823698e-7,-1.3091491366012598e-6
3211,7.415308800000052e-7,-1.2843691595412576e-6
3212,7.860930553952283e-7,-1.2580118595883779e-6
3213,8.297187273808098e-7,-1.2301086000588529e-6
3214,8.723542688892635e-7,-1.2006926439450195e-6
3215,9.139472338890395e-7,-1.1697991142822983e-6
3216,9.54446421892611e-7,-1.1374649522292078e-6
3217,9.938019409769665e-7,-1.1037288729105505e-6
3218,1.0319652692392554e-6,-1.0686313190763048e-6
3219,1.0688893146117313e-6,-1.0322144126317746e-6
3220,1.1045284729621266e-6,-9.945219040972333e-7
3221,1.138838684408161e-6,-9.555991200573136e-7
3222,1.1717774877762141e-6,-9.154929086637042e-7
3223,1.2033040731372274e-6,-8.742515832562834e-7
3224,1.2333793323546954e-6,-8.319248641706734e-7
3225,1.261965907582051e-6,-7.885638188024592e-7
3226,1.2890282376495503e-6,-7.442208000000095e-7
3227,1.3145326022829526e-6,-6.989493828603575e-7
3228,1.338447164098947e-6,-6.528043000046115e-7
3229,1.3607420083252497e-6,-6.058413754107591e-7
3230,1.3813891801957296e-6,-5.581174568840049e-7
3231,1.4003627199737753e-6,-5.096903472465065e-7
3232,1.4176386955602317e-6,-4.606187343294538e-7
3233,1.4331952326448737e-6,-4.1096211985244076e-7
3234,1.4470125423634337e-6,-3.607807472765026e-7
3235,1.4590729464253842e-6,-3.101355287179366e-7
3236,1.4693608996805389e-6,-2.590879710117442e-7
3237,1.4778630100957022e-6,-2.0770010101463232e-7
3238,1.484568056115847e-6,-1.5603439023791545e-7
3239,1.4894670013873434e-6,-1.0415367890207722e-7
3240,1.4925530068240016e-6,-5.212109950550866e-8
3241,1.4938214400000003e-6,-6.5858531219772845e-21
3242,1.493269881856912e-6,5.2146133333295377e-8
3243,1.490898130715384e-6,1.0425375321345276e-7
3244,1.4867082035852795e-6,1.5625932880103273e-7
3245,1.4807043347714017e-6,2.0809942315622373e-7
3246,1.472892971775185e-6,2.597107706198243e-7
3247,1.4632827684960523e-6,3.110303540225069e-7
3248,1.4518845757394768e-6,3.6199548162794513e-7
3249,1.4387114290419725e-6,4.125438637162345e-7
3250,1.4237785338265866e-6,4.62613688713863e-7
3251,1.4071032479057845e-6,5.121436987770062e-7
3252,1.3887050613516914e-6,5.610732647360925e-7
3253,1.3686055737570057e-6,6.09342460309763e-7
3254,1.3468284689131497e-6,6.568921354972111e-7
3255,1.3233994869351624e-6,7.03663989059377e-7
3256,1.2983463938661483e-6,7.496006399999981e-7
3257,1.271698948797249e-6,7.946456979587163e-7
3258,1.243488868541861e-6,8.387438324302275e-7
3259,1.2137497899060786e-6,8.818408407243365e-7
3260,1.1825172296003408e-6,9.238837145832979e-7
3261,1.1498285418398205e-6,9.64820705374893e-7
3262,1.1157228736842451e-6,1.0046013877809016e-6
3263,1.0802411181706574e-6,1.0431767219024553e-6
3264,1.0434258652949707e-6,1.0804991137060874e-6
3265,1.0053213509011642e-6,1.1165224737358242e-6
3266,9.65973403539608e-7,1.1512022740187631e-6
3267,9.254293893579586e-7,1.1844956030942598e-6
3268,8.837381550913523e-7,1.2163612190982894e-6
3269,8.409499692201042e-7,1.2467596008376945e-6
3270,7.971164613659431e-7,1.2756529967909254e-6
3271,7.522905599999981e-7,1.3030054719744442e-6
3272,7.065264285373789e-7,1.3287829526168474e-6
3273,6.59879399895644e-7,1.3529532685850697e-6
3274,6.124059095964018e-7,1.3754861935097872e-6
3275,5.641634274905803e-7,1.396353482560184e-6
3276,5.152103881901215e-7,1.415528907820799e-6
3277,4.656061202904956e-7,1.4329882912261121e-6
3278,4.1541077446940415e-7,1.4487095350117017e-6
3279,3.6468525054897925e-7,1.4626726496435775e-6
3280,3.134911236101107e-7,1.4748597791903825e-6
3281,2.6189056924817115e-7,1.4852552241064335e-6
3282,2.0994628806104728e-7,1.4938454613965171e-6
3283,1.5772142946137986e-7,1.5006191621365825e-6
3284,1.0527951490520811e-7,1.5055672063277919e-6
3285,5.2684360630536646e-8,1.5086826950644925e-6
3286,-6.661681066386496e-21,1.5099609600000002e-6
3287,-5.27093944583072e-8,1.5093995700974035e-6
3288,-1.053795892165887e-7,1.5069983356558328e-6
3289,-1.5794636802452347e-7,1.5027593096060126e-6
3290,-2.103456102026227e-7,1.4966867860722188e-6
3291,-2.6251336885625626e-7,1.4887872962010781e-6
3292,-3.1438594891468596e-7,1.4790696012610493e-6
3293,-3.6589998490040604e-7,1.4675446830196248e-6
3294,-4.1699251833320265e-7,1.4542257314087993e-6
3295,-4.676010746749095e-7,1.4391281294924647e-6
3296,-5.176637397206062e-7,1.4222694357528138e-6
3297,-5.671192353426728e-7,1.4036693637161445e-6
3298,-6.159069944954103e-7,1.3833497589415409e-6
3299,-6.639672353882291e-7,1.3613345733992796e-6
3300,-7.112410347364028e-7,1.3376498372690547e-6
3301,-7.576703999999911e-7,1.3123236281910395e-6
3302,-8.031983405221867e-7,1.285386038006132e-6
3303,-8.477689374796625e-7,1.2568691370248572e-6
3304,-8.913274125594089e-7,1.2268069358671376e-6
3305,-9.338201952775394e-7,1.1952353449183966e-6
3306,-9.751949888571912e-7,1.1621921314504197e-6
3307,-1.0154008345848366e-6,1.1277168744579395e-6
3308,-1.05438817456564e-6,1.0918509172650246e-6
3309,-1.0921089128004587e-6,1.0546373179581516e-6
3310,-1.1285164745095076e-6,1.0161207977051114e-6
3311,-1.1635658636293793e-6,9.76347687021886e-7
3312,-1.1972137184123186e-6,9.35365870052196e-7
3313,-1.229418365059339e-6,8.932247269264383e-7
3314,-1.2601398693207052e-6,8.499750742695174e-7
3315,-1.2893400859997997e-6,8.056691039294272e-7
3316,-1.316982706299327e-6,7.603603200000053e-7
3317,-1.3430333029507521e-6,7.141034742143813e-7
3318,-1.3674593730711922e-6,6.669544997866767e-7
3319,-1.3902303786943158e-6,6.189704437820641e-7
3320,-1.4113177849246469e-6,5.702093980971361e-7
3321,-1.4306950956678228e-6,5.207304291337367e-7
3322,-1.4483378868919854e-6,4.705935062515576e-7
3323,-1.4642238373785357e-6,4.198594290863468e-7
3324,-1.4783327569237217e-6,3.6858975382145594e-7
3325,-1.490646611955376e-6,3.1684671850230577e-7
3326,-1.5011495485323315e-6,2.64693167484577e-7
3327,-1.509827912697332e-6,2.1219247510746244e-7
3328,-1.5166702681573162e-6,1.5940846868486555e-7
3329,-1.5216674112682427e-6,1.0640535090831756e-7
3330,-1.5248123833049832e-6,5.3247621755564834e-8
3331,-1.52610048e-6,1.493258001114175e-21
3332,-1.525529258337894e-6,-5.3272655583340516e-8
3333,-1.5230985405962825e-6,-1.0650542521970324e-7
3334,-1.5188104156267476e-6,-1.5963340724799293e-7
3335,-1.5126692373730331e-6,-2.1259179724904297e-7
3336,-1.5046816206269753e-6,-2.6531596709266713e-7
3337,-1.4948564340260418e-6,-3.1774154380688604e-7
3338,-1.4832047902997678e-6,-3.698044881728878e-7
3339,-1.469740033775632e-6,-4.214411729501504e-7
3340,-1.4544777251583365e-6,-4.725884606359766e-7
3341,-1.4374356235998433e-6,-5.231837806642058e-7
3342,-1.4186336660806051e-6,-5.73165205949233e-7
3343,-1.3980939441260674e-6,-6.224715286810774e-7
3344,-1.3758406778854098e-6,-6.710423352792468e-7
3345,-1.3519001876029569e-6,-7.188180804134095e-7
3346,-1.32630086251592e-6,-7.657401600000027e-7
3347,-1.299073127215015e-6,-8.117509830856568e-7
3348,-1.2702494055078652e-6,-8.567940425290798e-7
3349,-1.2398640818281842e-6,-9.008139843944992e-7
3350,-1.2079534602364523e-6,-9.437566759717808e-7
3351,-1.1745557210610325e-6,-9.855692723394729e-7
3352,-1.1397108752316193e-6,-1.0262002813887871e-6
3353,-1.1034607163593922e-6,-1.0655996272288245e-6
3354,-1.065848770621348e-6,-1.1037187118948144e-6
3355,-1.0269202445090423e-6,-1.1405104752832056e-6
3356,-9.867219705041804e-7,-1.1759294532399816e-6
3357,-9.453023507464505e-7,-1.2099318337303645e-6
3358,-9.027112987615066e-7,-1.2424755110204012e-6
3359,-8.590001793189484e-7,-1.273520137803704e-6
3360,-8.142217464928929e-7,-1.3030271752086853e-6
3361,-7.684300799999935e-7,-1.3309599406242207e-6
3362,-7.216805198914028e-7,-1.3572836532846467e-6
3363,-6.740295996776899e-7,-1.3819654775573247e-6
3364,-6.255349779677266e-7,-1.4049745638788442e-6
3365,-5.762553687037117e-7,-1.4262820872891016e-6
3366,-5.262504700773316e-7,-1.445861283514854e-6
3367,-4.7558089221261997e-7,-1.4636874825578588e-6
3368,-4.243080837033104e-7,-1.479738139745364e-6
3369,-3.7249425709391155e-7,-1.4939928642038708e-6
3370,-3.2020231339450093e-7,-1.5064334447203692e-6
3371,-2.674957657210041e-7,-1.5170438729582257e-6
3372,-2.144386621538561e-7,-1.5258103639981498e-6
3373,-1.6109550790835142e-7,-1.5327213741780493e-6
3374,-1.0753118691144858e-7,-1.537767616208691e-6
3375,-5.381088288057128e-8,-1.5409420715454754e-6
3376,-9.822190870185445e-21,-1.54224e-6
3377,5.3835916708352226e-8,-1.5416589465783858e-6
3378,1.0763126122283953e-7,-1.539198745536731e-6
3379,1.6132044647146219e-7,-1.5348615216474823e-6
3380,2.1483798429544179e-7,-1.52865168867385e-6
3381,2.681185653290995e-7,-1.5205759450528686e-6
3382,3.21097138699065e-7,-1.5106432667910388e-6
3383,3.737089914453486e-7,-1.4988648975799158e-6
3384,4.2588982756711896e-7,-1.4852543361424586e-6
3385,4.775758465970231e-7,-1.469827320824215e-6
3386,5.28703821607826e-7,-1.4526018114468651e-6
3387,5.792111765557934e-7,-1.433597968445066e-6
3388,6.290360628667244e-7,-1.4128381293106025e-6
3389,6.781174351702843e-7,-1.39034678237153e-6
3390,7.263951260904164e-7,-1.3661505379368595e-6
3391,7.738099199999957e-7,-1.3402780968408111e-6
3392,8.203036256491453e-7,-1.3127602164238867e-6
3393,8.658191475784972e-7,-1.2836296739908736e-6
3394,9.103005562295721e-7,-1.2529212277892434e-6
3395,9.536931566660394e-7,-1.2206715755544948e-6
3396,9.959435558217547e-7,-1.1869193106716456e-6
3397,1.036999728192722e-6,-1.1517048760053137e-6
3398,1.0768110798920247e-6,-1.1150705154537441e-6
3399,1.11532851098917e-6,-1.0770602232845443e-6
3400,1.152504476056889e-6,-1.0377196913129893e-6
3401,1.1882930428505982e-6,-9.97096253986458e-7
3402,1.22264994904841e-6,-9.552388314407052e-7
3403,1.2555326569814507e-6,-9.121978705965929e-7
3404,1.2869004062867155e-6,-8.680252843683615e-7
3405,1.3167142644175592e-6,-8.227743890563771e-7
3406,1.3449371749491036e-6,-7.764998400000008e-7
3407,1.3715340036185514e-6,-7.292575655684048e-7
3408,1.3964715820434472e-6,-6.811046995687225e-7
3409,1.419718749063382e-6,-6.320995121533688e-7
3410,1.4412463896535646e-6,-5.82301339310267e-7
3411,1.4610274713618782e-6,-5.317705110209469e-7
3412,1.4790370782237389e-6,-4.805682781736615e-7
3413,1.495252442112192e-6,-4.28756738320274e-7
3414,1.5096529714840148e-6,-3.763987603663885e-7
3415,1.5222202774853672e-6,-3.235579082866747e-7
3416,1.5329381973841194e-6,-2.702983639574314e-7
3417,1.5417928152989646e-6,-2.1668484920027135e-7
3418,1.5487724801987847e-6,-1.6278254713181538e-7
3419,1.5538678211491404e-6,-1.0865702291457979e-7
3420,1.5570717597859661e-6,-5.437414400559959e-8
3421,1.5583795200000002e-6,3.820787409038921e-21
3422,1.5577886348188771e-6,5.439917783336375e-8
3423,1.555298950477181e-6,1.0875709722595401e-7
3424,1.5509126276682152e-6,1.6300748569495335e-7
3425,1.5446341399746671e-6,2.1708417134184045e-7
3426,1.5364702694787655e-6,2.709211635655102e-7
3427,1.5264300995560313e-6,3.2445273359126535e-7
3428,1.5145250048600638e-6,3.776134947178092e-7
3429,1.5007686385092915e-6,4.3033848218406664e-7
3430,1.485176916490087e-6,4.825632325580905e-7
3431,1.4677679992938946e-6,5.342238625514256e-7
3432,1.4485622708095188e-6,5.85257147162374e-7
3433,1.427582314495129e-6,6.356005970523917e-7
3434,1.40485288685766e-6,6.851925350613019e-7
3435,1.3804008882707513e-6,7.339721717674425e-7
3436,1.354255331165702e-6,7.81879679999988e-7
3437,1.3264473056327695e-6,8.288562682126151e-7
3438,1.2970099424738695e-6,8.748442526279328e-7
3439,1.2659783737503027e-6,9.197871280646447e-7
3440,1.2333896908725509e-6,9.63629637360281e-7
3441,1.1992829002822444e-6,1.0063178393040533e-6
3442,1.1636988767790083e-6,1.0477991749966568e-6
3443,1.1266803145481115e-6,1.088022532555209e-6
3444,1.088271675947725e-6,1.1269383100835414e-6
3445,1.0485191381169365e-6,1.1644984768305721e-6
3446,1.0074705374687523e-6,1.2006566324612001e-6
3447,9.651753121349422e-7,1.2353680643664695e-6
3448,9.216844424316792e-7,1.2685898029425002e-6
3449,8.770503894177926e-7,1.3002806747697144e-6
3450,8.313270316198425e-7,1.3304013536264452e-6
3451,7.84569600000008e-7,1.3589144092739865e-6
3452,7.368346112454264e-7,1.3857843539524462e-6
3453,6.881797994597355e-7,1.4109776865295795e-6
3454,6.386640463390312e-7,1.43446293424791e-6
3455,5.883473099168427e-7,1.4562106920180189e-6
3456,5.372905519645415e-7,1.4761936592089092e-6
3457,4.855556641347238e-7,1.4943866738896123e-6
3458,4.3320539293721645e-7,1.5107667444790264e-6
3459,3.8030326363886556e-7,1.5253130787641586e-6
3460,3.2691350317887e-7,1.538007110250361e-6
3461,2.7310096219383685e-7,1.5488325218100174e-6
3462,2.1893103624668677e-7,1.5577752665997792e-6
3463,1.6446958635530136e-7,1.564823586219518e-6
3464,1.0978285891768882e-7,1.5699680260895903e-6
3465,5.493740513062804e-8,1.5732014480264566e-6
3466,4.626776689280454e-21,1.5745190400000002e-6
3467,-5.4962438958397484e-8,1.573918323059368e-6
3468,-1.0988293322906828e-7,1.5713991554176312e-6
3469,-1.6469452491842253e-7,1.5669637336889504e-6
3470,-2.1933035838826108e-7,1.5606165912754812e-6
3471,-2.7372376180192074e-7,1.5523645939046627e-6
3472,-3.2780832848344415e-7,1.5422169323210283e-6
3473,-3.815179979902913e-7,1.5301851121402062e-6
3474,-4.3478713680101394e-7,1.516282940876124e-6
3475,-4.875506185191367e-7,1.5005265121559653e-6
3476,-5.397439034950461e-7,1.4829341871409167e-6
3477,-5.913031177689341e-7,1.4635265731739797e-6
3478,-6.421651312380387e-7,1.4423264996796641e-6
3479,-6.922676349523396e-7,1.41935899134378e-6
3480,-7.415492174444491e-7,1.394651238604654e-6
3481,-7.8994944e-7,1.3682325654905824e-6
3482,-8.374089107761039e-7,1.3401343948416407e-6
3483,-8.838693576773498e-7,1.3103902109568775e-6
3484,-9.29273699899735e-7,1.279035519711349e-6
3485,-9.73566118054522e-7,1.246107806190607e-6
3486,-1.016692122786335e-6,1.2116464898928574e-6
3487,-1.058598621800608e-6,1.175692877552688e-6
3488,-1.0992339852183932e-6,1.1382901136424794e-6
3489,-1.1385481091778974e-6,1.0994831286109213e-6
3490,-1.1764924776042706e-6,1.0593185849208672e-6
3491,-1.2130202220718023e-6,1.017844820951047e-6
3492,-1.2480861796845148e-6,9.751117928291968e-7
3493,-1.2816469489035624e-6,9.311710142667473e-7
3494,-1.3136609432527132e-6,8.860754944672239e-7
3495,-1.3440884428353193e-6,8.39879674183327e-7
3496,-1.3728916435988808e-6,7.926393599999961e-7
3497,-1.4000347042863408e-6,7.444116569224481e-7
3498,-1.4254837910157024e-6,6.952548993507684e-7
3499,-1.4492071194324475e-6,6.452285805246734e-7
3500,-1.4711749943824736e-6,5.943932805234187e-7
3501,-1.491359847055933e-6,5.42810592908157e-7
3502,-1.5097362695554923e-6,4.905430500957648e-7
3503,-1.5262810468458543e-6,4.376540475541802e-7
3504,-1.5409731860443082e-6,3.8420776691132086e-7
3505,-1.5537939430153593e-6,3.302690980710434e-7
3506,-1.5647268462359116e-6,2.7590356043026423e-7
3507,-1.5737577179005973e-6,2.2117722329308e-7
3508,-1.5808746922402514e-6,1.661566255787875e-7
3509,-1.5860682310300392e-6,1.1090869492082012e-7
3510,-1.5893311362669488e-6,5.550066625563411e-8
3511,-1.59065856e-6,1.3248334589170426e-20
3512,-1.5900480112998594e-6,-5.552570008340888e-8
3513,-1.5874993603580796e-6,-1.1100876923220496e-7
3514,-1.5830148397096856e-6,-1.663815641418915e-7
3515,-1.5765990425762983e-6,-2.2157654543465963e-7
3516,-1.5682589183305558e-6,-2.765263600383535e-7
3517,-1.5580037650860255e-6,-3.311639233756228e-7
3518,-1.5458452194203546e-6,-3.854225012627518e-7
3519,-1.5317972432429506e-6,-4.3923579141798285e-7
3520,-1.515876107821844e-6,-4.925380044801828e-7
3521,-1.4981003749879462e-6,-5.452639444386455e-7
3522,-1.4784908755384321e-6,-5.973490883755149e-7
3523,-1.4570706848641997e-6,-6.487296654236857e-7
3524,-1.4338650958299105e-6,-6.993427348433573e-7
3525,-1.4089015889385462e-6,-7.491262631214756e-7
3526,-1.3822097998154737e-6,-7.980191999999926e-7
3527,-1.3538214840505237e-6,-8.459615533395739e-7
3528,-1.3237704794398734e-6,-8.928944627267856e-7
3529,-1.2920926656724083e-6,-9.387602717348076e-7
3530,-1.2588259215086488e-6,-9.835025987487808e-7
3531,-1.2240100795034705e-6,-1.0270664062686164e-6
3532,-1.1876868783263827e-6,-1.0693980686045425e-6
3533,-1.1498999127368315e-6,-1.1104454378815935e-6
3534,-1.110694581274118e-6,-1.150157908272253e-6
3535,-1.0701180317248144e-6,-1.1884864783779535e-6
3536,-1.0282191044333245e-6,-1.225383811682419e-6
3537,-9.850482735234515e-7,-1.2608042950025602e-6
3538,-9.406575861018337e-7,-1.294704094864612e-6
3539,-8.951005995166363e-7,-1.3270412117357242e-6
3540,-8.484323167468112e-7,-1.3577755320441932e-6
3541,-8.007091200000035e-7,-1.386868877923763e-6
3542,-7.519887025994498e-7,-1.4142850546202458e-6
3543,-7.023299992418014e-7,-1.439989895501825e-6
3544,-6.51793114710336e-7,-1.463951304616976e-6
3545,-6.004392511299736e-7,-1.4861392967469366e-6
3546,-5.483306338517726e-7,-1.5065260349029563e-6
3547,-4.955304360568274e-7,-1.5250858652213658e-6
3548,-4.421027021711223e-7,-1.5417953492126885e-6
3549,-3.881122701837979e-7,-1.556633293324452e-6
3550,-3.336246929632388e-7,-1.5695807757803526e-6
3551,-2.787061586666694e-7,-1.5806211706618098e-6
3552,-2.2342341033949563e-7,-1.5897401692014119e-6
3553,-1.678436648022511e-7,-1.596925798260987e-6
3554,-1.1203453092392885e-7,-1.6021684359704895e-6
3555,-5.606392738066269e-8,-1.6054608245074395e-6
3556,7.900877809145271e-22,-1.60679808e-6
3557,5.608896120842012e-8,-1.606177699540351e-6
3558,1.1213460523531912e-7,-1.6035995652985296e-6
3559,1.6806860336538302e-7,-1.599065945730418e-6
3560,2.23822732481058e-7,-1.5925814938771154e-6
3561,2.7932895827476397e-7,-1.584153242756453e-6
3562,3.345195182678236e-7,-1.5737905978510176e-6
3563,3.8932700453521205e-7,-1.5615053267005026e-6
3564,4.436844460349302e-7,-1.5473115456097835e-6
3565,4.975253904412507e-7,-1.5312257034877159e-6
3566,5.507839853822448e-7,-1.5132665628349757e-6
3567,6.033950589820749e-7,-1.493455177902893e-6
3568,6.552941996093532e-7,-1.4718148700487258e-6
3569,7.064178347343745e-7,-1.4483712003160402e-6
3570,7.567033087984822e-7,-1.4231519392724488e-6
3571,8.06088960000005e-7,-1.396187034140354e-6
3572,8.545141959030437e-7,-1.3675085732594071e-6
3573,9.019195677762026e-7,-1.3371507479228818e-6
3574,9.482468435698985e-7,-1.3051498116334542e-6
3575,9.93439079443022e-7,-1.271544036826705e-6
3576,1.037440689750915e-6,-1.236373669114069e-6
3577,1.080197515408494e-6,-1.199680879100062e-6
3578,1.1216568905447776e-6,-1.1615097118311991e-6
3579,1.1617677073666241e-6,-1.1219060339372978e-6
3580,1.2004804791516367e-6,-1.080917478528762e-6
3581,1.2377474012930212e-6,-1.0385933879156195e-6
3582,1.2735224103206197e-6,-9.949847542176885e-7
3583,1.307761240825661e-6,-9.501441579369201e-7
3584,1.340421480218723e-6,-9.041257045660677e-7
3585,1.3714626212530792e-6,-8.569849593102765e-7
3586,1.4008461122486457e-6,-8.087788800000109e-7
3587,1.4285354049541401e-6,-7.595657482764716e-7
3588,1.4544959999879574e-6,-7.094050991328138e-7
3589,1.4786954898015047e-6,-6.583576488959987e-7
3590,1.5011035991113911e-6,-6.064852217365497e-7
3591,1.5216922227499879e-6,-5.538506747953668e-7
3592,1.5404354608872388e-6,-5.005178220178902e-7
3593,1.5573096515795167e-6,-4.465513567880862e-7
3594,1.5722934006046013e-6,-3.920167734562529e-7
3595,1.5853676085453462e-6,-3.3698028785543443e-7
3596,1.596515495087704e-6,-2.815087569030968e-7
3597,1.6057226205022296e-6,-2.2566959738588847e-7
3598,1.61297690428172e-6,-1.6953070402573738e-7
3599,1.6182686409109388e-6,-1.1316036692706031e-7
3600,1.6215905127479313e-6,-5.662718850566842e-8
3601,1.6229376000000002e-6,-7.950101348223551e-21
3602,1.622307387780842e-6,5.665222233345423e-8
3603,1.619699770238978e-6,1.1326044123845613e-7
3604,1.615117051751153e-6,1.697556425888519e-7
3605,1.6085639451779296e-6,2.26068919527479e-7
3606,1.6000475671823499e-6,2.821315565111743e-7
3607,1.589577430616015e-6,3.378751131600021e-7
3608,1.5771654339806452e-6,3.932315078076946e-7
3609,1.5628258479766164e-6,4.4813310065187735e-7
3610,1.5465752991535944e-6,5.025127764022968e-7
3611,1.5284327506819973e-6,5.563040263258657e-7
3612,1.5084194802673543e-6,6.094410295886348e-7
3613,1.4865590552332613e-6,6.618587337949999e-7
3614,1.4628773048021604e-6,7.134929346254127e-7
3615,1.437402289606351e-6,7.642803544754884e-7
3616,1.410164268465245e-6,8.141587199999973e-7
3617,1.381195662468278e-6,8.630668384665329e-7
3618,1.3505310164058902e-6,9.109446728256195e-7
3619,1.3182069575945139e-6,9.57733415404971e-7
3620,1.2842621521447472e-6,1.0033755601372815e-6
3621,1.2487372587246823e-6,1.0478149732331964e-6
3622,1.2116748798737569e-6,1.0909969622124285e-6
3623,1.1731195109255507e-6,1.1328683432079784e-6
3624,1.1331174866004948e-6,1.1733775064609799e-6
3625,1.0917169253326923e-6,1.212474479925335e-6
3626,1.0489676713978965e-6,1.2501109909036378e-6
3627,1.0049212349119435e-6,1.2862405256386652e-6
3628,9.596307297719882e-7,1.320818386786724e-6
3629,9.131508096154994e-7,1.3538017487017217e-6
3630,8.65537601873761e-7,1.385149710461953e-6
3631,8.168486399999987e-7,1.41482334657354e-6
3632,7.671427939534935e-7,1.4427857552880345e-6
3633,7.164801990238472e-7,1.4690021044740795e-6
3634,6.649221830816403e-7,1.4934396749860424e-6
3635,6.125311923431258e-7,1.5160679014758454e-6
3636,5.593707157389825e-7,1.5368584105970117e-6
3637,5.055052079789309e-7,1.5557850565531193e-6
3638,4.5100001140505035e-7,1.5728239539463448e-6
3639,3.9592127672873017e-7,1.587953507884745e-6
3640,3.403358827476074e-7,1.6011544413103444e-6
3641,2.843113551395245e-7,1.6124098195135977e-6
3642,2.2791578443230417e-7,1.6217050718030446e-6
3643,1.7121774324920063e-7,1.629028010302456e-6
3644,1.1428620293019188e-7,1.6343688458513873e-6
3645,5.719044963069712e-8,1.6377202009884222e-6
3646,-6.428402540399494e-21,1.6390771200000003e-6
3647,-5.7215483458465356e-8,1.6384370760213335e-6
3648,-1.1438627724157017e-7,1.6357999751794281e-6
3649,-1.714426818123438e-7,1.6311681577718856e-6
3650,-2.2831510657387732e-7,1.6245463964787466e-6
3651,-2.8493415474760735e-7,1.6159418916082432e-6
3652,-3.412307080521804e-7,1.605364263381012e-6
3653,-3.971360110801548e-7,1.592825541260793e-6
3654,-4.525817552688466e-7,1.5783401503434426e-6
3655,-5.075001623633426e-7,1.5619248948194732e-6
3656,-5.61824067269465e-7,1.543598938529027e-6
3657,-6.154870001952161e-7,1.5233837826318067e-6
3658,-6.684232679806466e-7,1.5013032404177967e-6
3659,-7.205680345164301e-7,1.4773834092882907e-6
3660,-7.718574001525154e-7,1.4516526399402428e-6
3661,-8.222284799999895e-7,1.4241415027901365e-6
3662,-8.716194810300023e-7,1.3948827516771611e-6
3663,-9.199697778750556e-7,1.3639112848888857e-6
3664,-9.672199872400432e-7,1.3312641035555733e-6
3665,-1.0133120408315225e-6,1.2969802674628035e-6
3666,-1.0581892567154958e-6,1.2611008483352808e-6
3667,-1.1017964090163625e-6,1.2236688806474517e-6
3668,-1.1440797958711457e-6,1.1847293100199348e-6
3669,-1.1849873055553352e-6,1.1443289392636916e-6
3670,-1.2244684806990179e-6,1.1025163721366397e-6
3671,-1.2624745805142395e-6,1.0593419548801912e-6
3672,-1.2989586409567246e-6,1.0148577156061798e-6
3673,-1.3338755327477865e-6,9.691173016070555e-7
3674,-1.3671820171847204e-6,9.221759146649312e-7
3675,-1.398836799670827e-6,8.740902444372457e-7
3676,-1.4288005808984228e-6,8.249184000000064e-7
3677,-1.4570361056219399e-6,7.747198396304949e-7
3678,-1.4835082089602124e-6,7.235552989148593e-7
3679,-1.5081838601705799e-6,6.714867172672817e-7
3680,-1.5310322038403e-6,6.185771629497022e-7
3681,-1.5520245984440348e-6,5.648907566825985e-7
3682,-1.5711346522189925e-6,5.104925939399936e-7
3683,-1.5883382563131788e-6,4.5544866602199194e-7
3684,-1.6036136151648946e-6,3.9982578000118483e-7
3685,-1.6169412740753429e-6,3.4369147763978017e-7
3686,-1.628304143939492e-6,2.8711395337595237e-7
3687,-1.6376875231038593e-6,2.3016197147872007e-7
3688,-1.6450791163231892e-6,1.72904782472687e-7
3689,-1.6504690507918378e-6,1.154120389333002e-7
3690,-1.653849889228914e-6,5.7753710755702496e-8
3691,-1.65521664e-6,2.5952461011211505e-20
3692,-1.6545667642618246e-6,-5.777874458347629e-8
3693,-1.6519001801198783e-6,-1.1551211324468406e-7
3694,-1.647219263792621e-6,-1.7312972103581254e-7
3695,-1.6405288477795604e-6,-2.3056129362029872e-7
3696,-1.6318362160341361e-6,-2.877367529840407e-7
3697,-1.621151096146009e-6,-3.445863029443586e-7
3698,-1.6084856485409412e-6,-4.010405143526148e-7
3699,-1.5938544527102755e-6,-4.5703040988579366e-7
3700,-1.5772744904853445e-6,-5.124875483244108e-7
3701,-1.5587651263760485e-6,-5.673441082130861e-7
3702,-1.5383480849962589e-6,-6.215329708017976e-7
3703,-1.5160474256023325e-6,-6.749878021662931e-7
3704,-1.491889513774421e-6,-7.276431344074473e-7
3705,-1.4659029902741455e-6,-7.794344458295217e-7
3706,-1.4381187371150166e-6,-8.302982400000023e-7
3707,-1.408569840886032e-6,-8.801721235934919e-7
3708,-1.377291553371881e-6,-9.289948829244921e-7
3709,-1.344321249516633e-6,-9.767065590751152e-7
3710,-1.3096983827808593e-6,-1.0232485215257632e-6
3711,-1.273464437945894e-6,-1.068563540197777e-6
3712,-1.235662881421131e-6,-1.1125958558203144e-6
3713,-1.19633910911427e-6,-1.1552912485343634e-6
3714,-1.1555403919268888e-6,-1.1965971046496908e-6
3715,-1.1133158189405873e-6,-1.2364624814727008e-6
3716,-1.0697162383624862e-6,-1.2748381701248415e-6
3717,-1.024794196300435e-6,-1.31167675627477e-6
3718,-9.78603873442142e-7,-1.3469326787088358e-6
3719,-9.312010197143236e-7,-1.3805622856677451e-6
3720,-8.826428870007304e-7,-1.4125238888797008e-6
3721,-8.329881600000142e-7,-1.442777815223305e-6
3722,-7.82296885307517e-7,-1.471286455955834e-6
3723,-7.306303988058924e-7,-1.498014313446335e-6
3724,-6.780512514529445e-7,-1.5229280453551084e-6
3725,-6.246231335562348e-7,-1.5459965062047718e-6
3726,-5.704107976262145e-7,-1.5671907862910586e-6
3727,-5.154799799010566e-7,-1.5864842478848656e-6
3728,-4.5989732063895613e-7,-1.603852558680007e-6
3729,-4.0373028327366215e-7,-1.6192737224450384e-6
3730,-3.4704707253197575e-7,-1.6327281068403358e-6
3731,-2.8991655161233364e-7,-1.6441984683653942e-6
3732,-2.3240815852513604e-7,-1.653669974404674e-6
3733,-1.745918216961736e-7,-1.6611302223439223e-6
3734,-1.1653787493643194e-7,-1.666569255732287e-6
3735,-5.831697188073132e-8,-1.6699795774694047e-6
3736,1.2288167589174449e-20,-1.67135616e-6
3737,5.8342005708487056e-8,-1.6706964525023164e-6
3738,1.1663794924779777e-7,-1.668000385060328e-6
3739,1.7481676025928113e-7,-1.6632703698133558e-6
3740,2.3280748066669688e-7,-1.6565112990803779e-6
3741,2.90539351220451e-7,-1.6477305404600335e-6
3742,3.4794189783658313e-7,-1.6369379289109965e-6
3743,4.0494501762507465e-7,-1.6241457558210897e-6
3744,4.614790645027406e-7,-1.6093687550771089e-6
3745,5.174749342854565e-7,-1.5926240861512235e-6
3746,5.728641491566852e-7,-1.5739313142230782e-6
3747,6.275789414083573e-7,-1.5533123873607197e-6
3748,6.815523363519828e-7,-1.5307916107868488e-6
3749,7.347182342984641e-7,-1.5063956182605512e-6
3750,7.870114915065279e-7,-1.4801533406080485e-6
3751,8.383679999999944e-7,-1.4520959714399082e-6
3752,8.887247661569615e-7,-1.4222569300949155e-6
3753,9.38019987973909e-7,-1.3906718218548896e-6
3754,9.861931309102257e-7,-1.3573783954776647e-6
3755,1.0331850022200038e-6,-1.3224164980989158e-6
3756,1.078937823680058e-6,-1.2858280275565076e-6
3757,1.1233953026242485e-6,-1.2476568821948256e-6
3758,1.1665027011975473e-6,-1.2079489082086378e-6
3759,1.2082069037440791e-6,-1.1667518445900516e-6
3760,1.2484564822463836e-6,-1.1241152657445354e-6
3761,1.2872017597354434e-6,-1.0800905218447816e-6
3762,1.3243948715928152e-6,-1.0347306769946902e-6
3763,1.359989824669885e-6,-9.880904452772289e-7
3764,1.3939425541507434e-6,-9.402261247637552e-7
3765,1.4262109780885997e-6,-8.911955295641749e-7
3766,1.4567550495481875e-6,-8.41057920000022e-7
3767,1.4855368062897284e-6,-7.898739309845393e-7
3768,1.5125204179324573e-6,-7.377054986969258e-7
3769,1.5376722305396364e-6,-6.846157856386073e-7
3770,1.5609608085692261e-6,-6.30669104162811e-7
3771,1.5823569741380982e-6,-5.759308385697857e-7
3772,1.6018338435507388e-6,-5.204673658621197e-7
3773,1.619366861046835e-6,-4.6434597525592053e-7
3774,1.6349338297251824e-6,-4.0763478654613974e-7
3775,1.6485149396053296e-6,-3.5040266742417165e-7
3776,1.660092792791288e-6,-2.927191498487614e-7
3777,1.669652425705495e-6,-2.3465434557150474e-7
3778,1.6771813283646553e-6,-1.7627886091966026e-7
3779,1.6826694606727351e-6,-1.1766371093956383e-7
3780,1.6861092657098956e-6,-5.888023300576031e-8
3781,1.6874956800000001e-6,3.3107160015401643e-21
3782,1.6868261407428064e-6,5.890526683354559e-8
3783,1.684100590000775e-6,1.1776378525095914e-7
3784,1.679321475834091e-6,1.765037994827495e-7
3785,1.672493750381195e-6,2.3505366771309474e-7
3786,1.6636248648859304e-6,2.93341949456861e-7
3787,1.6527247616759958e-6,3.5129749272875e-7
3788,1.639805863101229e-6,4.088495208975697e-7
3789,1.6248830574439384e-6,4.659277191196992e-7
3790,1.6079736818170984e-6,5.22462320246514e-7
3791,1.5890975020701036e-6,5.783841901002959e-7
3792,1.5682766897251855e-6,6.336249120149062e-7
3793,1.545535795971389e-6,6.881168705376188e-7
3794,1.5209017227466657e-6,7.41793334189514e-7
3795,1.4944036909419454e-6,7.945885371835446e-7
3796,1.466073205764793e-6,8.464377599999972e-7
3797,1.4359440193037922e-6,8.972774087204414e-7
3798,1.4040520903379048e-6,9.470450930233159e-7
3799,1.3704355414387314e-6,9.956797027452885e-7
3800,1.33513461341695e-6,1.0431214829142734e-6
3801,1.298191617167113e-6,1.0893121071623486e-6
3802,1.2596508829685126e-6,1.1341947494281919e-6
3803,1.2195587073029972e-6,1.1777141538607402e-6
3804,1.1779632972532566e-6,1.2198167028384262e-6
3805,1.1349147125484559e-6,1.2604504830200907e-6
3806,1.0904648053270484e-6,1.2995653493460684e-6
3807,1.0446671576889356e-6,1.337112986910868e-6
3808,9.975770171123057e-7,1.3730469706309414e-6
3809,9.492512298131967e-7,1.4073228226337355e-6
3810,8.997481721276697e-7,1.439898067297467e-6
3811,8.491276799999987e-7,1.4707322838730882e-6
3812,7.974509766615505e-7,1.4997871566236282e-6
3813,7.447805985879482e-7,1.5270265224185849e-6
3814,6.911803198242591e-7,1.5524164157241699e-6
3815,6.367150747693982e-7,1.5759251109336762e-6
3816,5.814508795134127e-7,1.597523161985118e-6
3817,5.254547518231483e-7,1.6171834392166233e-6
3818,4.687946298728731e-7,1.6348811634136663e-6
3819,4.115392898186053e-7,1.6505939370053292e-6
3820,3.5375826231635543e-7,1.6643017723703255e-6
3821,2.955217480852008e-7,1.67598711721718e-6
3822,2.3690053261793222e-7,1.6856348770063083e-6
3823,1.779659001431107e-7,1.6932324343853924e-6
3824,1.187895469426834e-7,1.6987696656131853e-6
3825,5.9443494130776974e-8,1.7022389539503872e-6
3826,-6.681597048706287e-21,1.7036352000000003e-6
3827,-5.94685279585448e-8,1.7029558289832984e-6
3828,-1.1888962125406129e-7,1.700200794941226e-6
3829,-1.7819083870625428e-7,1.6953725818548223e-6
3830,-2.3729985475950497e-7,1.6884762016820106e-6
3831,-2.961445476932833e-7,1.6795191893118255e-6
3832,-3.54653087620928e-7,1.6685115944409932e-6
3833,-4.1275402417002945e-7,1.655465970381377e-6
3834,-4.7037637373666893e-7,1.6403973598107643e-6
3835,-5.274497062075595e-7,1.6233232774829772e-6
3836,-5.839042310438948e-7,1.6042636899171335e-6
3837,-6.396708826214881e-7,1.5832409920896377e-6
3838,-6.946814047232651e-7,1.5602799811559246e-6
3839,-7.488684340805309e-7,1.5354078272327963e-6
3840,-8.021655828605721e-7,1.5086540412758368e-6
3841,-8.545075199999891e-7,1.480050440089685e-6
3842,-9.058300512839107e-7,1.4496311085126754e-6
3843,-9.560701980727524e-7,1.4174323588209e-6
3844,-1.0051662745803603e-6,1.3834926873997909e-6
3845,-1.0530579636085142e-6,1.3478527287350066e-6
3846,-1.0996863906446484e-6,1.310555206777711e-6
3847,-1.144994196232126e-6,1.2716448837422076e-6
3848,-1.1889256065239065e-6,1.2311685063973822e-6
3849,-1.2314265019327813e-6,1.1891747499164538e-6
3850,-1.2724444837937734e-6,1.1457141593524035e-6
3851,-1.31192893895667e-6,1.1008390888093436e-6
3852,-1.349831102228928e-6,1.0546036383831713e-6
3853,-1.3861041165920043e-6,1.0070635889473728e-6
3854,-1.420703091116734e-6,9.582763348626286e-7
3855,-1.4535851565063411e-6,9.083008146911546e-7
3856,-1.4847095181979706e-6,8.571974400000065e-7
3857,-1.5140375069575338e-6,8.050280223385515e-7
3858,-1.541532626904718e-6,7.518556984789599e-7
3859,-1.567160600908708e-6,6.977448540099001e-7
3860,-1.5908894132981305e-6,6.427610453759749e-7
3861,-1.612689349832141e-6,5.869709204570289e-7
3862,-1.6325330348824961e-6,5.304421377842112e-7
3863,-1.6503954657805005e-6,4.7324328448981414e-7
3864,-1.6662540442854787e-6,4.1544379309105944e-7
3865,-1.680088605135324e-6,3.5711385720852767e-7
3866,-1.6918814416430742e-6,2.983243463216291e-7
3867,-1.701617328307123e-6,2.3914671966434846e-7
3868,-1.7092835404061257e-6,1.7965293936659739e-7
3869,-1.7148698705536356e-6,1.1991538294579115e-7
3870,-1.7183686421908788e-6,6.000675525578178e-8
3871,-1.71977472e-6,2.69646796016183e-20
3872,-1.7190855172237898e-6,-6.00317890835554e-8
3873,-1.716300999881676e-6,-1.2001545725717484e-7
3874,-1.7114236878755575e-6,-1.7987787792972273e-7
3875,-1.7044586529828243e-6,-2.3954604180592695e-7
3876,-1.6954135137377184e-6,-2.989471459297172e-7
3877,-1.6842984272059904e-6,-3.580086825131058e-7
3878,-1.6711260776615253e-6,-4.1665852744248914e-7
3879,-1.6559116621775972e-6,-4.748250283536157e-7
3880,-1.6386728731488483e-6,-5.324370921686282e-7
3881,-1.6194298777641546e-6,-5.894242719875164e-7
3882,-1.5982052944540896e-6,-6.457168532280701e-7
3883,-1.5750241663404606e-6,-7.012459389089113e-7
3884,-1.5499139317189266e-6,-7.559435339715477e-7
3885,-1.5229043916097398e-6,-8.097426285375781e-7
3886,-1.4940276744145644e-6,-8.625772800000023e-7
3887,-1.4633181977215462e-6,-9.143826938474007e-7
3888,-1.4308126273038948e-6,-9.650953031221893e-7
3889,-1.3965498333608508e-6,-1.0146528464154322e-6
3890,-1.3605708440530626e-6,-1.0629944443027548e-6
3891,-1.3229187963883244e-6,-1.1100606741269292e-6
3892,-1.2836388845158866e-6,-1.155793643036078e-6
3893,-1.2427783054917163e-6,-1.2001370591871253e-6
3894,-1.200386202579651e-6,-1.2430363010271367e-6
3895,-1.1565136061563516e-6,-1.284438484567456e-6
3896,-1.1112133722916388e-6,-1.3242925285672717e-6
3897,-1.064540119077427e-6,-1.3625492175469728e-6
3898,-1.0165501607824596e-6,-1.3991612625530534e-6
3899,-9.673014399120197e-7,-1.4340833595997595e-6
3900,-9.168534572546396e-7,-1.4672722457152142e-6
3901,-8.652672000000146e-7,-1.4986867525228529e-6
3902,-8.126050680155739e-7,-1.528287857291428e-6
3903,-7.589307983699936e-7,-1.5560387313908405e-6
3904,-7.043093881955633e-7,-1.5819047860932364e-6
3905,-6.488070159825061e-7,-1.6058537156626032e-6
3906,-5.924909614006454e-7,-1.6278555376791644e-6
3907,-5.354295237452745e-7,-1.6478826305483694e-6
3908,-4.776919391067786e-7,-1.6659097681473285e-6
3909,-4.1934829636353703e-7,-1.6819141515656223e-6
3910,-3.6046945210072357e-7,-1.6958754379003171e-6
3911,-3.0112694455800887e-7,-1.7077757660689768e-6
3912,-2.4139290671076485e-7,-1.7175997796079376e-6
3913,-1.813399785900843e-7,-1.7253346464268588e-6
3914,-1.2104121894892326e-7,-1.7309700754940845e-6
3915,-6.057001638081096e-8,-1.7344983304313697e-6
3916,1.276281238677123e-20,-1.7359142400000002e-6
3917,6.059505020856581e-8,-1.7352152054642813e-6
3918,1.2114129326028816e-7,-1.7324012048221258e-6
3919,1.8156491715319093e-7,-1.7274747938962925e-6
3920,2.4179222885232476e-7,-1.7204411042836416e-6
3921,3.017497441661271e-7,-1.711307838163616e-6
3922,3.613642774053318e-7,-1.7000852599709774e-6
3923,4.2056303071494873e-7,-1.6867861849416736e-6
3924,4.792736829705623e-7,-1.6714259645444304e-6
3925,5.374244781296735e-7,-1.654022468814727e-6
3926,5.949443129311152e-7,-1.6345960656111843e-6
3927,6.517628238346296e-7,-1.6131695968185507e-6
3928,7.078104730946024e-7,-1.589768351524976e-6
3929,7.630186338625643e-7,-1.564420036205057e-6
3930,8.173196742145839e-7,-1.5371547419436427e-6
3931,8.706470399999942e-7,-1.5080049087394562e-6
3932,9.229353364108699e-7,-1.4770052869304296e-6
3933,9.741204081716062e-7,-1.4441928957869038e-6
3934,1.0241394182505438e-6,-1.4096069793218819e-6
3935,1.0729309249969951e-6,-1.3732889593711196e-6
3936,1.12043495760921e-6,-1.3352823859989385e-6
3937,1.1665930898400119e-6,-1.2956328852895814e-6
3938,1.211348511850309e-6,-1.2543881045860844e-6
3939,1.2546461001215261e-6,-1.2115976552428128e-6
3940,1.2964324853411385e-6,-1.1673130529602996e-6
3941,1.3366561181778734e-6,-1.1215876557739344e-6
3942,1.375267332865018e-6,-1.0744765997716823e-6
3943,1.4122184085141023e-6,-1.0260367326175466e-6
3944,1.447463628082758e-6,-9.763265449614517e-7
3945,1.480959334924114e-6,-9.254060998180828e-7
3946,1.512663986847735e-6,-8.73336960000023e-7
3947,1.542538207625322e-6,-8.201821136925963e-7
3948,1.5705448358769624e-6,-7.66005898261027e-7
3949,1.5966489712777643e-6,-7.108739223812263e-7
3950,1.6208180180270573e-6,-6.548529865890826e-7
3951,1.6430217255262047e-6,-5.980110023442152e-7
3952,1.6632322262142426e-6,-5.40416909706338e-7
3953,1.6814240705141564e-6,-4.821405937237434e-7
3954,1.697574258845766e-6,-4.23252799636015e-7
3955,1.7116622706653105e-6,-3.6382504699291973e-7
3956,1.7236700904948704e-6,-3.0392954279443694e-7
3957,1.733582230908759e-6,-2.4363909375713207e-7
3958,1.7413857524475919e-6,-1.8302701781357133e-7
3959,1.7470702804345331e-6,-1.2216705495205547e-7
3960,1.7506280186718606e-6,-6.113327750584029e-8
3961,1.7520537600000001e-6,3.4373731959957435e-21
3962,1.7513448937047716e-6,6.115831133362583e-8
3963,1.7485014097625725e-6,1.2226712926345105e-7
3964,1.7435258999170275e-6,1.8325195637665899e-7
3965,1.7364235555844589e-6,2.440384158987223e-7
3966,1.7272021625895127e-6,3.0455234240253683e-7
