node_id,x,y
1,3.31776e-7,0.0
2,3.315577336789489e-7,2.6094159551435558e-8
3,3.2928536846197265e-7,5.2153678790908255e-8
4,3.2496304027650806e-7,7.801672345648582e-8
5,3.186076458835161e-7,1.0352189951795342e-7
6,3.1024879882660383e-7,1.285092601839413e-7
7,2.999287058543005e-7,1.5282130866669478e-7
8,2.8770196421363197e-7,1.7630399041952015e-7
9,2.736352807101643e-7,1.988076685986193e-7
10,2.5780711392338033e-7,2.2018807657703868e-7
11,2.4030724145349594e-7,2.4030724145349594e-7
12,2.212362545535373e-7,2.5903437265237243e-7
13,2.0070498296563525e-7,2.762467099023752e-7
14,1.7883385323008149e-7,2.918303251092508e-7
15,1.557521841668374e-7,3.05680872901208e-7
16,1.315974236391038e-7,3.177042849228821e-7
17,1.0651433109458606e-7,3.2781740328304165e-7
18,8.065411073968762e-8,3.3594854892086776e-7
19,5.417350053267316e-8,3.420380210434143e-7
20,2.7233822481648898e-8,3.460385242004682e-7
21,2.130368139708435e-23,3.4791552000000006e-7
22,-2.7360451696117e-8,3.476475009250813e-7
23,-5.4678455968114326e-8,3.4522618418877464e-7
24,-8.178441957534546e-8,3.406566240541648e-7
25,-1.0850928547900773e-7,3.3395724154939203e-7
26,-1.3468558709426627e-7,3.2515977101916036e-7
27,-1.601484974170512e-7,3.143091234715692e-7
28,-1.847368664547245e-7,3.0146316719902813e-7
29,-2.0829424043369868e-7,2.8669242667121865e-7
30,-2.3066985634202462e-7,2.7007970121330134e-7
31,-2.517196054905918e-7,2.517196054905919e-7
32,-2.7130695994229344e-7,2.317180343185233e-7
33,-2.893038558634295e-7,2.1019155480071467e-7
34,-3.0559152809464694e-7,1.8726672926528585e-7
35,-3.2006129051847664e-7,1.630793729171938e-7
36,-3.326152571154387e-7,1.3777375054942887e-7
37,-3.431669989489176e-7,1.1150171705564042e-7
38,-3.516421326985245e-7,8.44218068585473e-8
39,-3.5797883677021626e-7,5.669827770987929e-8
40,-3.621282914466007e-7,2.8500114626330397e-8
41,-3.6405504000000005e-7,4.458388394494617e-23
42,-3.6373726817121394e-7,-2.862674384079845e-8
43,-3.6116699991557667e-7,-5.720323314532041e-8
44,-3.563502078318215e-7,-8.55521156942051e-8
45,-3.4930683721526803e-7,-1.1349667144006207e-7
46,-3.40070743211717e-7,-1.4086191400459128e-7
47,-3.2868954108883786e-7,-1.6747568616740757e-7
48,-3.152243701844243e-7,-1.931697424899288e-7
49,-2.99749572632273e-7,-2.1778081226877813e-7
50,-2.823522885032224e-7,-2.4115163610701056e-7
51,-2.631319695276878e-7,-2.6313196952768776e-7
52,-2.421998140835094e-7,-2.8357954723221435e-7
53,-2.196781266357941e-7,-3.0236100182448387e-7
54,-1.9569960530049008e-7,-3.193527310800432e-7
55,-1.7040656166755023e-7,-3.3444170813574526e-7
56,-1.4395007745975403e-7,-3.475262293079952e-7
57,-1.164891030166948e-7,-3.585165946147936e-7
58,-8.818950297740681e-8,-3.673357164761812e-7
59,-5.922305488708542e-8,-3.739196524970183e-7
60,-2.9766406771012055e-8,-3.7821805869273314e-7
61,-6.984060764358545e-23,-3.8019456000000004e-7
62,2.989303598548007e-8,-3.798270354173464e-7
63,5.97280103225265e-8,-3.771078156423788e-7
64,8.931981181306455e-8,-3.7204379160947824e-7
65,1.184840574011164e-7,-3.6465643288114393e-7
66,1.470382409149164e-7,-3.5498171540427347e-7
67,1.7480287491776398e-7,-3.4306995870610654e-7
68,2.0160261852513303e-7,-3.2898557316982054e-7
69,2.272673841038575e-7,-3.128067185933274e-7
70,2.516334158719967e-7,-2.946248757931433e-7
71,2.745443335647836e-7,-2.7454433356478375e-7
72,2.9585213452213525e-7,-2.5268159384849537e-7
73,3.154181477855382e-7,-2.2916469847087355e-7
74,3.331139340654393e-7,-2.0413248133569447e-7
75,3.4882212575301393e-7,-1.777337504179067e-7
76,3.6243720150055176e-7,-1.5012640437007906e-7
77,3.7386619028066955e-7,-1.2147648897774918e-7
78,3.8302930025383794e-7,-9.19571990962665e-8
79,3.898604682238204e-7,-6.174783206429155e-8
80,3.943078259388656e-7,-3.103269891569355e-8
81,3.9633408000000003e-7,-9.70738524930022e-23
82,3.9591680266347896e-7,3.115932813016151e-8
83,3.9304863136918084e-7,6.225278749973258e-8
84,3.8773737538713504e-7,9.308750793192421e-8
85,3.800060285470199e-7,1.2347144336217072e-7
86,3.6989268759683005e-7,1.5321456782524141e-7
87,3.574503763233752e-7,1.8213006366812034e-7
88,3.4274677615521675e-7,2.1003549456033731e-7
89,3.2586386455438176e-7,2.3675395593893692e-7
90,3.068974630830643e-7,2.621151956369826e-7
91,2.859566976018796e-7,2.859566976018795e-7
92,2.631633736134814e-7,3.0812472181205627e-7
93,2.38651270305953e-7,3.284752937465925e-7
94,2.125653573708988e-7,3.468751370508355e-7
95,1.850609391682631e-7,3.6320254337028255e-7
96,1.5630273128040414e-7,3.773481736931083e-7
97,1.2646387493880357e-7,3.8921578594654545e-7
98,9.572489521512618e-8,3.987228840314947e-7
99,6.427260924149769e-8,4.058012839506224e-7
100,3.229899106037506e-8,4.1039759318499816e-7
101,1.2628361849319644e-22,4.124736e-7
102,-3.2425620274842954e-8,4.120065699096114e-7
103,-6.47775646769383e-8,4.0898944709598293e-7
104,-9.685520405078384e-8,4.034309591647917e-7
105,-1.2845882932322506e-7,3.953556242128959e-7
106,-1.593908947355664e-7,3.848036597893866e-7
107,-1.8945725241847707e-7,3.718307939406436e-7
108,-2.1846837059554165e-7,3.565079791406129e-7
109,-2.4624052777401634e-7,3.3892101051543615e-7
110,-2.7259697540196857e-7,3.1917005037298533e-7
111,-2.9736906163897514e-7,2.973690616389758e-7
112,-3.203973091019773e-7,2.7364515337846736e-7
113,-3.4153243970764687e-7,2.4813784214103237e-7
114,-3.606363400362316e-7,2.209982334061032e-7
115,-3.7758296098755133e-7,1.923881279186192e-7
116,-3.922591458856648e-7,1.6247905819072917e-7
117,-4.045653816124214e-7,1.3145126089985797e-7
118,-4.1441646780915133e-7,9.949259133398586e-8
119,-4.217420996774244e-7,6.679738641870418e-8
120,-4.264873604311306e-7,3.356528320505656e-8
121,-4.2861312e-7,1.5746990564416812e-22
122,-4.2809633715574387e-7,-3.36919124195244e-8
123,-4.2493026282278486e-7,-6.730234185414511e-8
124,-4.191245429424484e-7,-1.0062290016964346e-7
125,-4.107052198787719e-7,-1.334462152842794e-7
126,-3.997146319819432e-7,-1.6556722164589142e-7
127,-3.8621121155791266e-7,-1.9678444116883276e-7
128,-3.7026918212600906e-7,-2.2690124663074594e-7
129,-3.5197815647649054e-7,-2.557270996090957e-7
130,-3.314426376629064e-7,-2.830787551669545e-7
131,-3.0878142567607123e-7,-3.0878142567607155e-7
132,-2.841269331434534e-7,-3.3266989639189824e-7
133,-2.576244139761119e-7,-3.545895856687012e-7
134,-2.2943110944130756e-7,-3.7439754302162777e-7
135,-1.9971531666897637e-7,-3.9196337860481964e-7
136,-1.6865538510105422e-7,-4.0717011807822134e-7
137,-1.3643864686091233e-7,-4.1991497727829734e-7
138,-1.0326028745284555e-7,-4.3011005158680797e-7
139,-6.932216359590957e-8,-4.376829154042265e-7
140,-3.4831575349738075e-8,-4.425771276772631e-7
141,-1.9063271394591728e-22,-4.4475264000000006e-7
142,3.495820456420585e-8,-4.441861044018764e-7
143,6.982711903135043e-8,-4.4087107854958695e-7
144,1.0439059628850309e-7,-4.3481812672010517e-7
145,1.384336012453337e-7,-4.2605481554464793e-7
146,1.7174354855621642e-7,-4.146256041744998e-7
147,2.0411162991918983e-7,-4.0059162917518097e-7
148,2.353341226659503e-7,-3.8403038511140527e-7
149,2.652136714441751e-7,-3.6503530243754487e-7
150,2.9356053493194045e-7,-3.437152249528274e-7
151,3.2019378971316685e-7,-3.201937897131677e-7
152,3.449424836818192e-7,-2.946087129084394e-7
153,3.676467316297555e-7,-2.6711098581119126e-7
154,3.881587460070239e-7,-2.3786398547651198e-7
155,4.063437962220886e-7,-2.0704250541933207e-7
156,4.220810902707779e-7,-1.7483171201137928e-7
157,4.3526457294417324e-7,-1.4142603282196672e-7
158,4.458036353644647e-7,-1.0702798357170526e-7
159,4.5362373113102847e-7,-7.18469407731165e-8
160,4.5866689492339553e-7,-3.609786749441958e-8
161,4.6089216000000005e-7,-2.2577204339844394e-22
162,4.6027587164800884e-7,3.6224496708887287e-8
163,4.568118942763889e-7,7.235189620855729e-8
164,4.505117104977619e-7,1.081582924073627e-7
165,4.4140441121052383e-7,1.4342098720638802e-7
166,4.2953657636705637e-7,1.7791987546654137e-7
167,4.1497204679245e-7,2.1143881866954552e-7
168,3.9779158809680147e-7,2.437669987011546e-7
169,3.7809244839859926e-7,2.7470024327925445e-7
170,3.559878122427484e-7,3.0404231469692637e-7
171,3.316061537502631e-7,3.3160615375026336e-7
172,3.0509049267342536e-7,3.5721507097174015e-7
173,2.7659755764627074e-7,3.8070387759080987e-7
174,2.4629686151171634e-7,4.019199489924201e-7
175,2.1436969416968924e-7,4.207242138393569e-7
176,1.8100803892170434e-7,4.369920624633344e-7
177,1.4641341878302112e-7,4.506141686100493e-7
178,1.1079567969056494e-7,4.6149721914212145e-7
179,7.437171795032183e-8,4.695645468578306e-7
180,3.736415963910109e-8,4.747566621695281e-7
181,2.6288789400174803e-22,4.7703168e-7
182,-3.749078885356872e-8,4.763656388941414e-7
183,-7.487667338576254e-8,4.727527100031911e-7
184,-1.1192598852622233e-7,4.662052942754186e-7
185,-1.4840837316744234e-7,4.567540068763998e-7
186,-1.8409620237686637e-7,4.44447548559613e-7
187,-2.1876600741990265e-7,4.293524644097183e-7
188,-2.521998747363589e-7,4.1155279108219763e-7
189,-2.841868151143338e-7,3.9114959435965365e-7
190,-3.1452409446191233e-7,3.6826039953266944e-7
191,-3.430185177873586e-7,3.4301851778735967e-7
192,-3.694876582616612e-7,3.155722724384114e-7
193,-3.9376102355186415e-7,2.8608412948135016e-7
194,-4.156811519778162e-7,2.547297375469207e-7
195,-4.3510463145662587e-7,2.2169688292004496e-7
196,-4.51903034655891e-7,1.8718436583202936e-7
197,-4.659637642759252e-7,1.5140080474407548e-7
198,-4.771908029197781e-7,1.1456337580942462e-7
199,-4.855053625846324e-7,7.689649512752882e-8
200,-4.908464294156606e-7,3.863045178378261e-8
201,-4.931712e-7,3.019802657558296e-22
202,-4.924554061402739e-7,-3.875708099825016e-8
203,-4.88693525729993e-7,-7.740145056296946e-8
204,-4.818988780530753e-7,-1.1569368464508194e-7
205,-4.72103602542276e-7,-1.533957591284958e-7
206,-4.5935852075216985e-7,-1.9027252928719053e-7
207,-4.4373288202698736e-7,-2.2609319617025824e-7
208,-4.253139940675939e-7,-2.606327507715632e-7
209,-4.0420674032070803e-7,-2.936733869494132e-7
210,-3.805329868225905e-7,-3.250058742268983e-7
211,-3.544308818244549e-7,-3.5443088182445507e-7
212,-3.2605405220339666e-7,-3.8176024555158276e-7
213,-2.9557070131642895e-7,-4.0681816951291907e-7
214,-2.6316261358212587e-7,-4.294423549632119e-7
215,-2.290240716704022e-7,-4.494850490738941e-7
216,-1.9336069274235445e-7,-4.6681400684844745e-7
217,-1.5638819070512987e-7,-4.813133599418011e-7
218,-1.1833107192828433e-7,-4.928843866974348e-7
219,-7.942127230473409e-8,-5.014461783114346e-7
220,-3.989674392846323e-8,-5.069361966617932e-7
221,-1.2477667395125545e-21,-5.093107200000001e-7
222,4.002337314293069e-8,-5.085451733864065e-7
223,7.992622774017465e-8,-5.046343414567952e-7
224,1.1946138076394155e-7,-4.97592461830732e-7
225,1.5838314508955096e-7,-4.874531982081517e-7
226,1.9644885619751635e-7,-4.742694929447261e-7
227,2.3342038492061544e-7,-4.5811329964425566e-7
228,2.690656268067683e-7,-4.390751970529895e-7
229,3.031599587844934e-7,-4.172638862817619e-7
230,3.3548765399188353e-7,-3.928055741125122e-7
231,3.658432458615504e-7,-3.658432458615516e-7
232,3.940328328415031e-7,-3.3653583196838337e-7
233,4.198753154739728e-7,-3.050572731515091e-7
234,4.432035579486085e-7,-2.715954896173295e-7
235,4.6386546669116316e-7,-2.363512604207578e-7
236,4.817249790410044e-7,-1.9953701965267865e-7
237,4.966629556076768e-7,-1.6137557666618514e-7
238,5.085779704750914e-7,-1.2209876804714492e-7
239,5.173869940382365e-7,-8.194604948194116e-8
240,5.230259639079256e-7,-4.116303607314565e-8
241,5.2545024e-7,-3.8609457271632513e-22
242,5.246349406325388e-7,4.1289665287613025e-8
243,5.205751571835971e-7,8.245100491738162e-8
244,5.132860456083885e-7,1.2322907688280207e-7
245,5.028027938740274e-7,1.6337053105060618e-7
246,4.89180465137283e-7,2.0262518310784045e-7
247,4.724937172615247e-7,2.407475736709709e-7
248,4.5283640003838625e-7,2.7749850284197183e-7
249,4.3032103224281686e-7,3.12646530619572e-7
250,4.0507816140243263e-7,3.4596943375687024e-7
251,3.772556098986469e-7,3.7725560989864694e-7
252,3.4701761173336865e-7,4.0630542013142473e-7
253,3.145438449865893e-7,4.329324614350265e-7
254,2.8002836565253465e-7,4.569647609340041e-7
255,2.436784491711151e-7,4.782458843084314e-7
256,2.0571334656300456e-7,4.966359512335606e-7
257,1.6636296262723866e-7,5.12012551273553e-7
258,1.2586646416600373e-7,5.242715542527483e-7
259,8.447082665914638e-8,5.333278097650388e-7
260,4.24293282178262e-8,5.391157311540581e-7
261,-5.30940166402401e-22,5.4158976e-7
262,-4.255595743229349e-8,5.407247078786714e-7
263,-8.497578209458674e-8,5.365159729103993e-7
264,-1.269967730016608e-7,5.289796293860455e-7
265,-1.683579170116596e-7,5.181523895399037e-7
266,-2.0880151001816628e-7,5.040914373298392e-7
267,-2.480747624213282e-7,4.868741348787929e-7
268,-2.8593137887717704e-7,4.6659760302378193e-7
269,-3.221331024546506e-7,4.4337817820387183e-7
270,-3.564512135218554e-7,4.1735074869235433e-7
271,-3.8866797393574213e-7,3.886679739357435e-7
272,-4.1857800742134516e-7,3.5749939149835547e-7
273,-4.4598960739608144e-7,3.24030416821668e-7
274,-4.7072596391940074e-7,2.8846124168773827e-7
275,-4.926263019257005e-7,2.5100563792147065e-7
276,-5.115469234261176e-7,2.1188967347332874e-7
277,-5.273621469394292e-7,1.7135034858829212e-7
278,-5.399651380304048e-7,1.2963416028486439e-7
279,-5.492686254918406e-7,8.699560383635349e-8
280,-5.552054984001905e-7,4.369562036250868e-8
281,-5.5772928e-7,4.781149642799306e-22
282,-5.568144751248037e-7,-4.3822249576975885e-8
283,-5.524567886372012e-7,-8.750055927179376e-8
284,-5.446732131637019e-7,-1.3076446912052135e-7
285,-5.335019852057799e-7,-1.7334530297271295e-7
286,-5.190024095223962e-7,-2.1497783692849035e-7
287,-5.012545524960621e-7,-2.5540195117168363e-7
288,-4.803588060091786e-7,-2.9436425491238045e-7
289,-4.5643532416492553e-7,-3.316196742897308e-7
290,-4.2962333598227465e-7,-3.6693299328684206e-7
291,-4.000803379728387e-7,-4.000803379728387e-7
292,-3.6798117126334064e-7,-4.308505947112668e-7
293,-3.3351698865674664e-7,-4.5904675335713635e-7
294,-2.968941177229435e-7,-4.844871669047964e-7
295,-2.5833282667182804e-7,-5.070067195429685e-7
296,-2.180660003836547e-7,-5.264578956186737e-7
297,-1.7633773454934744e-7,-5.427117426053049e-7
298,-1.334018564037231e-7,-5.556587218080616e-7
299,-8.952038101355866e-8,-5.652094412186428e-7
300,-4.496191250718919e-8,-5.712952656463231e-7
301,-1.5464857095863137e-21,-5.738688e-7
302,4.508854172165629e-8,-5.729042423709365e-7
303,9.002533644899883e-8,-5.683976043640033e-7
304,1.3453216523938e-7,-5.60366796941359e-7
305,1.7833268893376824e-7,-5.488515808716556e-7
306,2.2115416383881626e-7,-5.339133817149524e-7
307,2.6272913992204097e-7,-5.156349701133303e-7
308,3.0279713094758566e-7,-4.941200089945743e-7
309,3.41106246124811e-7,-4.694924701259793e-7
310,3.774147730518272e-7,-4.4189592327219635e-7
311,4.1149270200993384e-7,-4.114927020099354e-7
312,4.4312318200118713e-7,-3.7846295102832746e-7
313,4.7210389931819016e-7,-3.4300356049182697e-7
314,4.98248369890193e-7,-3.0532699375814705e-7
315,5.213871371602377e-7,-2.656600154221836e-7
316,5.413688678112306e-7,-2.242423272939788e-7
317,5.580613382711805e-7,-1.8132512051040287e-7
318,5.713523055857181e-7,-1.3716955252258383e-7
319,5.811502569454446e-7,-9.204515819076583e-8
320,5.873850328924555e-7,-4.622820465187173e-8
321,5.900083200000001e-7,-5.780414404466459e-22
322,5.889940096170688e-7,4.635483386633873e-8
323,5.843384200908052e-7,9.25501136262059e-8
324,5.760603807190154e-7,1.3829986135824063e-7
325,5.642011765375312e-7,1.833200748948235e-7
326,5.488243539075094e-7,2.2733049074914023e-7
327,5.300153877305994e-7,2.700563286723964e-7
328,5.078812119799709e-7,3.112300069827891e-7
329,4.825496160870344e-7,3.5059281795988957e-7
330,4.5416851056211673e-7,3.878965528168139e-7
331,4.2290506604703057e-7,4.229050660470305e-7
332,3.8894473079331263e-7,4.553957692911088e-7
333,3.5249013232690724e-7,4.851610452792439e-7
334,3.137598697933523e-7,5.120095728755886e-7
335,2.729872041725409e-7,5.357675547775058e-7
336,2.304186542043048e-7,5.562798400037868e-7
337,1.8631250647145628e-7,5.734109339370568e-7
338,1.4093724864144253e-7,5.87045889363375e-7
339,9.456993536797093e-8,5.970910726722468e-7
340,4.7494496796552187e-8,6.03474800138588e-7
341,-4.45765401015519e-22,6.0614784e-7
342,-4.762112601101907e-8,6.050837768632014e-7
343,-9.50748908034109e-8,6.002792358176074e-7
344,-1.420675574770992e-7,5.917539644966723e-7
345,-1.8830746085587679e-7,5.795507722034075e-7
346,-2.3350681765946618e-7,5.637353261000655e-7
347,-2.773835174227537e-7,5.443958053478676e-7
348,-3.1966288301799434e-7,5.216424149653665e-7
349,-3.60079389794968e-7,4.956067620480893e-7
350,-3.9837833258179907e-7,4.6644109785203854e-7
351,-4.3431743008412555e-7,4.343174300841273e-7
352,-4.6766835658102905e-7,3.994265105582994e-7
353,-4.982181912402988e-7,3.6197670416198586e-7
354,-5.257707758609854e-7,3.221927458285558e-7
355,-5.501479723947749e-7,2.8031439292289644e-7
356,-5.711908121963438e-7,2.365949811146289e-7
357,-5.88760529602933e-7,1.9129989243250964e-7
358,-6.027394731410314e-7,1.4470494476030332e-7
359,-6.130318883990487e-7,9.709471254517818e-8
360,-6.195645673847205e-7,4.87607889412348e-8
361,-6.222873600000001e-7,6.85874001216471e-22
362,-6.211735441093339e-7,-4.888741815570158e-8
363,-6.162200515444094e-7,-9.759966798061803e-8
364,-6.074475482743288e-7,-1.458352535959599e-7
365,-5.949003678692838e-7,-1.9329484681693004e-7
366,-5.786462982926226e-7,-2.396831445697901e-7
367,-5.587762229651367e-7,-2.847107061731091e-7
368,-5.354036179507634e-7,-3.280957590531977e-7
369,-5.086639080091431e-7,-3.695659616300483e-7
370,-4.787136851419589e-7,-4.088601123467858e-7
371,-4.4572979412122243e-7,-4.457297941212222e-7
372,-4.0990829032328467e-7,-4.799409438709508e-7
373,-3.7146327599706444e-7,-5.112753372013538e-7
374,-3.306256218637612e-7,-5.395319788463809e-7
375,-2.876415816732539e-7,-5.64528390012043e-7
376,-2.4277130802495494e-7,-5.861017843888998e-7
377,-1.9628727839356506e-7,-6.041101252688086e-7
378,-1.4847264087916197e-7,-6.184330569186885e-7
379,-9.961948972238324e-8,-6.289727041258509e-7
380,-5.002708108591519e-8,-6.35654334630853e-7
381,-1.876829018072513e-21,-6.3842688e-7
382,5.0153710300381865e-8,-6.372633113554664e-7
383,1.00124445157823e-7,-6.321608672712116e-7
384,1.496029497148184e-7,-6.231411320519858e-7
385,1.982822327779854e-7,-6.102499635351595e-7
386,2.4585947148011616e-7,-5.935572704851787e-7
387,2.9203789492346644e-7,-5.731566405824049e-7
388,3.3652863508840296e-7,-5.49164820936159e-7
389,3.7905253346512853e-7,-5.217210539701968e-7
390,4.1934189211177084e-7,-4.909862724318806e-7
391,4.5714215815831726e-7,-4.571421581583192e-7
392,4.92213531160871e-7,-4.203900700882715e-7
393,5.243324831624073e-7,-3.809498478321448e-7
394,5.532931818317777e-7,-3.3905849789896456e-7
395,5.789088076293122e-7,-2.9496877042360937e-7
396,6.010127565814568e-7,-2.4894763493527897e-7
397,6.194597209346843e-7,-2.012746643546206e-7
398,6.341266406963449e-7,-1.5224033699802278e-7
399,6.449135198526528e-7,-1.0214426689959052e-7
400,6.517441018769854e-7,-5.1293373230597856e-8
401,6.545664e-7,-8.016126465894061e-22
402,6.533530786015989e-7,5.1420002445064417e-8
403,6.481016829980134e-7,1.0264922233503018e-7
404,6.388347158296423e-7,1.5337064583367914e-7
405,6.255995592010351e-7,2.0326961873904084e-7
406,6.084682426777357e-7,2.5203579839043997e-7
407,5.875370581996741e-7,2.993650836738218e-7
408,5.629260239215558e-7,3.449615111236063e-7
409,5.347781999312532e-7,3.885391053002051e-7
410,5.032588597218009e-7,4.298236718767576e-7
411,4.68554522195416e-7,4.6855452219541234e-7
412,4.3087184985325655e-7,5.044861184507928e-7
413,3.904364196672252e-7,5.373896291234611e-7
414,3.4749137393416797e-7,5.670543848171744e-7
415,3.0229595917396686e-7,5.932892252465804e-7
416,2.551239618456029e-7,6.159237287740138e-7
417,2.0626205031567385e-7,6.348093166005605e-7
418,1.5600803311688368e-7,6.498202244740012e-7
419,1.0466904407679552e-7,6.60854335579455e-7
420,5.2559665375280586e-8,6.67833869123118e-7
421,-3.289662972161975e-22,6.7070592e-7
422,-5.268629458974463e-8,6.694428458477314e-7
423,-1.051739995122374e-7,6.640424987248153e-7
424,-1.571383419525376e-7,6.545282996072992e-7
425,-2.0825700470009626e-7,6.409491548669107e-7
426,-2.5821212530076606e-7,6.233792148702919e-7
427,-3.0669227242417704e-7,6.019174758169434e-7
428,-3.533943871588116e-7,5.766872269069513e-7
429,-3.9802567713528536e-7,5.478353458923069e-7
430,-4.403054516417444e-7,5.155314470117213e-7
431,-4.799668862325091e-7,4.799668862325112e-7
432,-5.167587057407145e-7,4.4135362961824167e-7
433,-5.504467750845161e-7,3.9992299150230377e-7
434,-5.808155878025687e-7,3.559242499693755e-7
435,-6.076696428638495e-7,3.096231479243223e-7
436,-6.30834700966569e-7,2.6130028875593135e-7
437,-6.501589122664369e-7,2.1124943627672718e-7
438,-6.655138082516584e-7,1.5977572923574228e-7
439,-6.767951513062572e-7,1.071938212540005e-7
440,-6.839236363692505e-7,5.382595751996094e-8
441,-6.868454400000001e-7,3.3654225664752e-21
442,-6.855326130938637e-7,-5.395258673442723e-8
443,-6.799833144516178e-7,-1.0769877668943986e-7
444,-6.702218833849556e-7,-1.6090603807139837e-7
445,-6.562987505327877e-7,-2.132443906611471e-7
446,-6.382901870628479e-7,-2.643884522110921e-7
447,-6.162978934342114e-7,-3.1401946117453443e-7
448,-5.904484298923468e-7,-3.618272631940169e-7
449,-5.608924918533606e-7,-4.0751224897036574e-7
450,-5.278040343016446e-7,-4.5078723140672753e-7
451,-4.913792502696061e-7,-4.913792502696056e-7
452,-4.5183540938323045e-7,-5.29031293030633e-7
453,-4.0940956333738213e-7,-5.63503921045571e-7
454,-3.643571260045788e-7,-5.945767907879653e-7
455,-3.1695033667467756e-7,-6.220500604811186e-7
456,-2.6747661566625527e-7,-6.45745673159126e-7
457,-2.1623682223778035e-7,-6.655085079323131e-7
458,-1.6354342535460082e-7,-6.812073920293151e-7
459,-1.0971859843121031e-7,-6.927359670330586e-7
460,-5.509224966464122e-8,-7.00013403615383e-7
461,-2.238796664971151e-21,-7.029849600000001e-7
462,5.521887887910989e-8,-7.016223803399962e-7
463,1.102235538666471e-7,-6.959241301784197e-7
464,1.6467373419025924e-7,-6.859154671626121e-7
465,2.1823177662220256e-7,-6.716483461986634e-7
466,2.7056477912141363e-7,-6.532011592554061e-7
467,3.2134664992489187e-7,-6.306783110514796e-7
468,3.7026013922921814e-7,-6.04209632877745e-7
469,4.169988208054461e-7,-5.739496378144143e-7
470,4.612690111717144e-7,-5.400766215915649e-7
471,5.027916143067025e-7,-5.027916143067013e-7
472,5.413038803205549e-7,-4.6231718914821557e-7
473,5.765610670066232e-7,-4.188961351724647e-7
474,6.083379937733622e-7,-3.7279000203978217e-7
475,6.364304780983856e-7,-3.2427752542503744e-7
476,6.606566453516832e-7,-2.7365294257657924e-7
477,6.80858103598188e-7,-2.2122420819883837e-7
478,6.969009758069723e-7,-1.673111214734593e-7
479,7.086767827598609e-7,-1.1224337560841527e-7
480,7.161031708615157e-7,-5.635854180932147e-8
481,7.191244800000001e-7,-1.0568081911446059e-21
482,7.177121475861291e-7,5.6485171023787515e-8
483,7.118649459052215e-7,1.1274833104385438e-7
484,7.016090509402697e-7,1.684414303091151e-7
485,6.86997941864539e-7,2.2321916258325806e-7
486,6.68112131447962e-7,2.767411060317397e-7
487,6.450587286687476e-7,3.2867383867524936e-7
488,6.179708358631405e-7,3.786930152644234e-7
489,5.870067837754679e-7,4.264853926405265e-7
490,5.52349208881485e-7,4.717507909367013e-7
491,5.142039783437999e-7,5.142039783437955e-7
492,4.727989689132006e-7,5.535764676104766e-7
493,4.283827070075431e-7,5.896182129676781e-7
494,3.812228780749854e-7,6.220991967587589e-7
495,3.3160471417539276e-7,6.508108957156546e-7
496,2.79829269486903e-7,6.7556761754424e-7
497,2.2621159415989155e-7,6.962076992640643e-7
498,1.7107881759232277e-7,7.12594559584628e-7
499,1.1476815278562018e-7,7.246175984866631e-7
500,5.7624833954006854e-8,7.321929381076478e-7
501,-1.805428550044364e-22,7.35264e-7
502,-5.775146316847016e-8,7.338019148322615e-7
503,-1.1527310822106174e-7,7.278057616320235e-7
504,-1.7220912642797598e-7,7.173026347179262e-7
505,-2.2820654854430861e-7,7.023475375304163e-7
506,-2.8291743294206586e-7,6.830231036405183e-7
507,-3.3600102742560225e-7,6.594391462860182e-7
508,-3.871258912996288e-7,6.31732038848536e-7
509,-4.3597196447560274e-7,6.000639297365246e-7
510,-4.822325707016882e-7,5.646217961714053e-7
511,-5.256163423808924e-7,5.256163423808949e-7
512,-5.658490549003985e-7,4.832807486781855e-7
513,-6.026753589287333e-7,4.3786927884262156e-7
514,-6.358603997441529e-7,3.896557541101932e-7
515,-6.65191313332924e-7,3.3893190292574814e-7
516,-6.904785897367951e-7,2.860055963972318e-7
517,-7.115572949299407e-7,2.3119898012094472e-7
518,-7.282881433622849e-7,1.748465137111813e-7
519,-7.405584142134654e-7,1.1729292996282502e-7
520,-7.482827053537805e-7,5.889112609868711e-8
521,-7.514035200000001e-7,-1.4732564734759753e-21
522,-7.498916820783939e-7,-5.901775531315287e-8
523,-7.437465773588262e-7,-1.1779788539826387e-7
524,-7.329962184955825e-7,-1.7597682254683685e-7
525,-7.176971331962916e-7,-2.3319393450536414e-7
526,-6.979340758330742e-7,-2.8909375985239205e-7
527,-6.738195639032861e-7,-3.4332821617595974e-7
528,-6.454932418339314e-7,-3.955587673348343e-7
529,-6.131210756975781e-7,-4.454585363106831e-7
530,-5.768943834613289e-7,-4.92714350466671e-7
531,-5.3702870641799e-7,-5.370287064179892e-7
532,-4.937625284431746e-7,-5.781216421903168e-7
533,-4.4735585067769993e-7,-6.157325048897884e-7
534,-3.9808863014539653e-7,-6.496216027295497e-7
535,-3.4625909167610336e-7,-6.795717309501933e-7
536,-2.921819233075556e-7,-7.053895619293521e-7
537,-2.3618636608200293e-7,-7.269068905958152e-7
538,-1.7861420983003972e-7,-7.439817271399419e-7
539,-1.1981770714003516e-7,-7.564992299402669e-7
540,-6.015741824336729e-8,-7.643724725999129e-7
541,-2.6323886502822293e-21,-7.6754304e-7
542,6.028404745783563e-8,-7.659814493245262e-7
543,1.203226625754712e-7,-7.59687393085628e-7
544,1.7974451866569778e-7,-7.486898022732388e-7
545,2.381813204664197e-7,-7.330467288621673e-7
546,2.9527008676271327e-7,-7.128450480256324e-7
547,3.506554049263174e-7,-6.881999815205543e-7
548,4.039916433700351e-7,-6.592544448193299e-7
549,4.5494510814576365e-7,-6.261782216586318e-7
550,5.031961302316581e-7,-5.891669707512492e-7
551,5.48441070455086e-7,-5.484410704550849e-7
552,5.903942294802387e-7,-5.042443082081597e-7
553,6.287896508508436e-7,-4.568424225127783e-7
554,6.633828057149466e-7,-4.065215061805998e-7
555,6.939521485674601e-7,-3.535862804264635e-7
556,7.203005341219093e-7,-2.9835825021787946e-7
557,7.422564862616918e-7,-2.4117375204305615e-7
558,7.596753109175991e-7,-1.823819059488981e-7
559,7.724400456670689e-7,-1.2234248431724002e-7
560,7.804622398460455e-7,-6.142371038804743e-8
561,7.836825600000001e-7,-1.3436280741122451e-21
562,7.820712165706591e-7,6.155033960251288e-8
563,7.756282088124298e-7,1.228474397526786e-7
564,7.643833860508967e-7,1.835122147845534e-7
565,7.483963245280428e-7,2.431687064274753e-7
566,7.277560202181884e-7,3.014464136730394e-7
567,7.025803991378222e-7,3.579825936766749e-7
568,6.730156478047253e-7,4.124245194052405e-7
569,6.392353676196886e-7,4.644316799808395e-7
570,6.014395580411693e-7,5.13677909996645e-7
571,5.598534344921838e-7,5.598534344921789e-7
572,5.147260879731446e-7,6.026668167701606e-7
573,4.663289943478611e-7,6.418467968118953e-7
574,4.14954382215803e-7,6.771440087003433e-7
575,3.609134691768187e-7,7.083325661847291e-7
576,3.0453457712820317e-7,7.352115063144664e-7
577,2.4616113800410925e-7,7.576060819275679e-7
578,1.8614960206776194e-7,7.753688946952546e-7
579,1.248672614944448e-7,7.883808613938711e-7
580,6.269000253273316e-8,7.965520070921777e-7
581,-4.950743802358244e-25,7.9982208e-7
582,-6.281663174719566e-8,7.981609838167914e-7
583,-1.2537221692988604e-7,7.915690245392315e-7
584,-1.872799109034143e-7,7.800769698285531e-7
585,-2.48156092388531e-7,7.637459201939184e-7
586,-3.0762274058336566e-7,7.426669924107445e-7
587,-3.653097824270275e-7,7.16960816755093e-7
588,-4.2085739544044607e-7,6.867768507901207e-7
589,-4.7391825181592006e-7,6.522925135807422e-7
590,-5.24159689761632e-7,6.137121453310896e-7
591,-5.712657985292758e-7,5.712657985292789e-7
592,-6.149394040600825e-7,5.252078677381295e-7
593,-6.549039427729506e-7,4.7581556618293947e-7
594,-6.909052116857374e-7,4.2338725825101105e-7
595,-7.227129838019984e-7,3.68240657927174e-7
596,-7.501224785070213e-7,3.107109040385322e-7
597,-7.729556775934445e-7,2.5114852396516224e-7
598,-7.910624784729119e-7,1.8991729818662033e-7
599,-8.043216771206734e-7,1.2739203867164955e-7
600,-8.126417743383106e-7,6.39562946774133e-8
601,-8.159616e-7,4.397775080196673e-21
602,-8.142507510629239e-7,-6.408292389187848e-8
603,-8.075098402660344e-7,-1.2789699410708784e-7
604,-7.957705536062094e-7,-1.9104760702227533e-7
605,-7.790955158597956e-7,-2.5314347834958116e-7
606,-7.575779646033004e-7,-3.1379906749369196e-7
607,-7.313412343723609e-7,-3.726369711773851e-7
608,-7.00538053775516e-7,-4.2929027147565154e-7
609,-6.653496595417957e-7,-4.834048236510005e-7
610,-6.259847326210132e-7,-5.346414695266146e-7
611,-5.826781625663737e-7,-5.826781625663726e-7
612,-5.356896475031188e-7,-6.272119913500005e-7
613,-4.853021380180177e-7,-6.679610887340056e-7
614,-4.318201342862142e-7,-7.046664146711341e-7
615,-3.7556784667752904e-7,-7.370934014192676e-7
616,-3.16887230948856e-7,-7.650334506995783e-7
617,-2.561359099262153e-7,-7.883052732593208e-7
618,-1.936849943054786e-7,-8.067560622505687e-7
619,-1.2991681584886008e-7,-8.202624928474747e-7
620,-6.52225868220934e-8,-8.28731541584443e-7
621,-3.057604974005746e-21,-8.3210112e-7
622,6.534921603656133e-8,-8.303405183090562e-7
623,1.3042177128429527e-7,-8.234506559928362e-7
624,1.9481530314113634e-7,-8.114641373838658e-7
625,2.5813086431063685e-7,-7.944451115256712e-7
626,3.199753944040128e-7,-7.724889367958588e-7
627,3.7996415992774277e-7,-7.45721651989629e-7
628,4.3772314751085215e-7,-7.142992567609148e-7
629,4.928913954860812e-7,-6.784068055028493e-7
630,5.451232492916016e-7,-6.382573199109335e-7
631,5.940905266034696e-7,-5.940905266034687e-7
632,6.394845786399225e-7,-5.461714272681038e-7
633,6.810182346950573e-7,-4.947887098531008e-7
634,7.18427617656531e-7,-4.402530103214175e-7
635,7.514738190365343e-7,-3.8289503542788956e-7
636,7.799444228921354e-7,-3.230635578591797e-7
637,8.036548689251955e-7,-2.6112329588727393e-7
638,8.224496460282258e-7,-1.9745269042433693e-7
639,8.362033085742772e-7,-1.3244159302606484e-7
640,8.448213088305756e-7,-6.648887896677342e-8
641,8.482406400000001e-7,-1.6620722954923238e-21
642,8.464302855551891e-7,6.661550818123826e-8
643,8.39391471719638e-7,1.3294654846150279e-7
644,8.271577211615236e-7,1.9858299925999157e-7
645,8.097947071915468e-7,2.6311825027169254e-7
646,7.87399908988415e-7,3.2615172131433916e-7
647,7.601020696068969e-7,3.8729134867810047e-7
648,7.280604597463101e-7,4.461560235460576e-7
649,6.914639514639028e-7,5.023779673211617e-7
650,6.505299072008536e-7,5.556050290565885e-7
651,6.055028906405678e-7,6.055028906405622e-7
652,5.566532070330886e-7,6.517571659298444e-7
653,5.04275281688179e-7,6.940753806561126e-7
654,4.4868588635662055e-7,7.321888206419279e-7
655,3.902222241782447e-7,7.658542366538036e-7
656,3.292398847695033e-7,7.948553950846925e-7
657,2.661106818483269e-7,8.190044645910718e-7
658,2.0122038654320109e-7,8.381432298058814e-7
659,1.3496637020326952e-7,8.521441243010792e-7
660,6.775517111145952e-8,8.609110760767076e-7
661,2.1117704465640428e-22,8.6438016e-7
662,-6.78818003259211e-8,8.625200528013214e-7
663,-1.3547132563871033e-7,8.553322874464397e-7
664,-2.023506953788526e-7,8.4285130493918e-7
665,-2.6810563623274245e-7,8.251443028574242e-7
666,-3.3232804822466546e-7,8.023108811809709e-7
667,-3.9461853742845267e-7,7.744824872241678e-7
668,-4.5458889958126326e-7,7.418216627317055e-7
669,-5.118645391562374e-7,7.045210974249599e-7
670,-5.660868088215757e-7,6.628024944907736e-7
671,-6.169152546776591e-7,6.169152546776627e-7
672,-6.640297532197664e-7,5.671349867980735e-7
673,-7.071325266171677e-7,5.137618535232574e-7
674,-7.459500236273217e-7,4.571187623918289e-7
675,-7.80234654271073e-7,3.9754941292859983e-7
676,-8.097663672772472e-7,3.354162116798327e-7
677,-8.343540602569482e-7,2.710980678093799e-7
678,-8.538368135835385e-7,2.0498808266205936e-7
679,-8.680849400278816e-7,1.3749114738047415e-7
680,-8.770008433228404e-7,6.902146325613954e-8
681,-8.805196800000001e-7,-1.295080778502012e-21
682,-8.786098200474538e-7,-6.914809247060404e-8
683,-8.712731031732427e-7,-1.3799610281591175e-7
684,-8.585448887168364e-7,-2.061183914977137e-7
685,-8.404938985232997e-7,-2.7309302219379814e-7
686,-8.172218533735271e-7,-3.385043751349919e-7
687,-7.888629048414357e-7,-4.0194572617881043e-7
688,-7.555828657171009e-7,-4.6302177561646884e-7
689,-7.175782433860132e-7,-5.213511109913179e-7
690,-6.750750817806977e-7,-5.765685885865579e-7
691,-6.283276187147575e-7,-6.283276187147559e-7
692,-5.776167665630631e-7,-6.763023405096843e-7
693,-5.232484253583355e-7,-7.201896725782229e-7
694,-4.65551638427032e-7,-7.597112266127185e-7
695,-4.048766016789549e-7,-7.946150718883421e-7
696,-3.4159253859015636e-7,-8.246773394698044e-7
697,-2.7608545377043883e-7,-8.497036559228226e-7
698,-2.0875577878091756e-7,-8.695303973611954e-7
699,-1.40015924557685e-7,-8.840257557546828e-7
700,-7.028775540081951e-8,-8.93090610568973e-7
701,-3.514445636141703e-21,-8.966592e-7
702,7.0414384615287e-8,-8.946995872935862e-7
703,1.405208799931193e-7,-8.872139189000443e-7
704,2.0988608761657485e-7,-8.742384724944927e-7
705,2.7808040815485394e-7,-8.558434941891751e-7
706,3.446807020453124e-7,-8.321328255660853e-7
707,4.0927291492916814e-7,-8.032433224587037e-7
708,4.714546516516691e-7,-7.693440687024997e-7
709,5.308376828263987e-7,-7.306353893470668e-7
710,5.870503683515452e-7,-6.873476690706178e-7
711,6.397399827518531e-7,-6.397399827518524e-7
712,6.885749277996064e-7,-5.880985463280479e-7
713,7.332468185392783e-7,-5.327349971934138e-7
714,7.734724295981156e-7,-4.739845144622351e-7
715,8.089954895056086e-7,-4.1220379042931567e-7
716,8.395883116623615e-7,-3.4776886550048e-7
717,8.65053251588699e-7,-2.8107283973149177e-7
718,8.852239811388526e-7,-2.1252347489977579e-7
719,8.999665714814851e-7,-1.4254070173488968e-7
720,9.091803778151056e-7,-7.155404754549944e-8
721,9.127987200000001e-7,-2.012140855284842e-21
722,9.107893545397191e-7,7.168067675996357e-8
723,9.031547346268462e-7,1.430456571703269e-7
724,8.899320562721507e-7,2.136537837354297e-7
725,8.711930898550508e-7,2.8306779411590973e-7
726,8.470437977586414e-7,3.5085702895563885e-7
727,8.176237400759717e-7,4.1660010367952595e-7
728,7.83105271687895e-7,4.798875276868748e-7
729,7.436925353081239e-7,5.40324254661474e-7
730,6.996202563605378e-7,5.975321481165323e-7
731,6.511523467889518e-7,6.511523467889454e-7
732,5.985803260930327e-7,7.008475150895283e-7
733,5.422215690284971e-7,7.463039645003296e-7
734,4.824173904974381e-7,7.872336325835124e-7
735,4.195309791796707e-7,8.23375907122878e-7
736,3.5394519241080356e-7,8.544992838549187e-7
737,2.8606022569254465e-7,8.804028472545754e-7
738,2.1629117101864028e-7,9.009175649165082e-7
739,1.4506547891209423e-7,9.159073872082874e-7
740,7.282033969018587e-8,9.252701450612376e-7
741,4.544735021054838e-22,9.2893824e-7
742,-7.294696890464654e-8,9.268791217858515e-7
743,-1.4557043434753456e-7,9.19095550353648e-7
744,-2.1742147985429084e-7,9.056256400498069e-7
745,-2.8805518007696553e-7,8.86542685520926e-7
746,-3.570333558659652e-7,8.619547699511972e-7
747,-4.239272924298779e-7,8.320041576932426e-7
748,-4.883204037220804e-7,7.968664746732903e-7
749,-5.498108264965545e-7,7.567496812691775e-7
750,-6.080139278815193e-7,7.118928436504579e-7
751,-6.625647108260425e-7,6.625647108260467e-7
752,-7.131201023794503e-7,6.090621058580175e-7
753,-7.593611104613849e-7,5.517081408635754e-7
754,-8.009948355689061e-7,4.908502665326468e-7
755,-8.377563247401474e-7,4.268581679300258e-7
756,-8.694102560474735e-7,3.6012151932113325e-7
757,-8.95752442920452e-7,2.910476116535976e-7
758,-9.166111486941652e-7,2.2005886713749848e-7
759,-9.318482029350897e-7,1.4759025608929878e-7
760,-9.413599123073702e-7,7.408663183486581e-8
761,-9.450777600000001e-7,5.556624947567903e-21
762,-9.429688890319839e-7,-7.421326104932958e-8
763,-9.350363660804509e-7,-1.4809521152473564e-7
764,-9.213192238274634e-7,-2.2118917597315209e-7
765,-9.018922811868037e-7,-2.930425660380151e-7
766,-8.768657421437533e-7,-3.6320968277629177e-7
767,-8.463845753105106e-7,-4.312544811802357e-7
768,-8.106276776586858e-7,-4.967532797572862e-7
769,-7.698068272302309e-7,-5.592973983316354e-7
770,-7.241654309403821e-7,-6.184957076465015e-7
771,-6.739770748631414e-7,-6.739770748631394e-7
772,-6.195438856230072e-7,-7.25392689669368e-7
773,-5.611947126986534e-7,-7.724182564224402e-7
774,-4.992831425678498e-7,-8.147560385543029e-7
775,-4.341853566803807e-7,-8.521367423574167e-7
776,-3.662978462314568e-7,-8.843212282400304e-7
777,-2.960349976146503e-7,-9.111020385863284e-7
778,-2.2382656325635657e-7,-9.323047324718222e-7
779,-1.5011503326650998e-7,-9.477890186618908e-7
780,-7.535292397954568e-8,-9.574496795535028e-7
781,-4.0029106366901e-21,-9.6121728e-7
782,7.547955319401265e-8,-9.590586562781163e-7
783,1.506199887019433e-7,-9.509771818072526e-7
784,2.2495687209201333e-7,-9.370128076051197e-7
785,2.9802995199907087e-7,-9.172418768526791e-7
786,3.6938600968661187e-7,-8.917767143363118e-7
787,4.3858166993059346e-7,-8.607649929277784e-7
788,5.05186155792486e-7,-8.243888806440845e-7
789,5.68783970166716e-7,-7.828639731912843e-7
790,6.289774874114886e-7,-7.364380182303021e-7
791,6.853894389002365e-7,-6.853894389002363e-7
792,7.3766527695929e-7,-6.300256653879922e-7
793,7.854754023834915e-7,-5.706812845337372e-7
794,8.285172415397e-7,-5.077160186030528e-7
795,8.665171599746831e-7,-4.4151254543074183e-7
796,8.992322004325876e-7,-3.7247417314178034e-7
797,9.264516342522028e-7,-3.010223835757097e-7
798,9.479983162494795e-7,-2.2759425937521464e-7
799,9.637298343886932e-7,-1.5263981044371455e-7
800,9.735394467996355e-7,-7.66192161242255e-8
801,9.773568000000002e-7,-2.3938337534898e-21
802,9.751484235242492e-7,7.674584533868887e-8
803,9.669179975340545e-7,1.5314476587915101e-7
804,9.527063913827775e-7,2.287245682108679e-7
805,9.325914725185546e-7,3.030173379601269e-7
806,9.066876865288678e-7,3.755623365969385e-7
807,8.751454105450464e-7,4.459088586809514e-7
808,8.381500836294798e-7,5.136190318276918e-7
809,7.959211191523378e-7,5.782705420017969e-7
810,7.48710605520222e-7,6.394592671764757e-7
811,6.968018029373358e-7,6.968018029373287e-7
812,6.405074451529767e-7,7.499378642492121e-7
813,5.801678563688152e-7,7.985325483445466e-7
814,5.161488946382558e-7,8.42278444525097e-7
815,4.4883973418109673e-7,8.808975775919523e-7
816,3.7865050005211024e-7,9.141431726251422e-7
817,3.060097695367691e-7,9.41801229918077e-7
818,2.3136195549407265e-7,9.636919000271364e-7
819,1.55164587620919e-7,9.796706501154954e-7
820,7.788550826891228e-8,9.896292140457676e-7
821,7.788610229770922e-21,9.9349632e-7
822,-7.801213748337897e-8,9.912381907703809e-7
823,-1.5566954305635877e-7,9.82858813260856e-7
824,-2.3249226432972914e-7,9.68399975160434e-7
825,-3.0800472392117606e-7,9.479410681844322e-7
826,-3.817386635072584e-7,9.215986587214264e-7
827,-4.5323604743130934e-7,8.895258281623142e-7
828,-5.220519078628975e-7,8.519112866148751e-7
829,-5.877571138368718e-7,8.089782651133953e-7
830,-6.499410469414577e-7,7.609831928101466e-7
831,-7.082141669744307e-7,7.082141669744255e-7
832,-7.622104515391341e-7,6.509892249179614e-7
833,-8.115896943056022e-7,5.896544282038932e-7
834,-8.560396475104903e-7,5.245817706734647e-7
835,-8.952779952092187e-7,4.561669229314581e-7
836,-9.290541448177021e-7,3.8482682696242717e-7
837,-9.571508255839557e-7,3.109971554978152e-7
838,-9.79385483804792e-7,2.3512965161293754e-7
839,-9.956114658422968e-7,1.576893647981305e-7
840,-1.0057189812919008e-6,7.915180041358495e-8
841,-1.0096358399999998e-6,-9.904077298782906e-22
842,-1.0073279580165138e-6,-7.927842962805506e-8
843,-9.987996289876588e-7,-1.5819432023355948e-7
844,-9.840935589380917e-7,-2.362599604485834e-7
845,-9.632906638503053e-7,-3.1299210988223884e-7
846,-9.365096309139794e-7,-3.8791499041759146e-7
847,-9.039062457795853e-7,-4.6056323618166086e-7
848,-8.65672489600274e-7,-5.304847838980972e-7
849,-8.220354110744444e-7,-5.972436856719585e-7
850,-7.732557801000618e-7,-6.604228267064503e-7
851,-7.196265310115253e-7,-7.196265310115229e-7
852,-6.614710046829515e-7,-7.744830388290516e-7
853,-5.991410000389773e-7,-8.246468402666532e-7
854,-5.330146467086614e-7,-8.69800850495891e-7
855,-4.6349411168180653e-7,-9.096584128264911e-7
856,-3.910031538727573e-7,-9.439651170102566e-7
857,-3.1598454145887476e-7,-9.7250042124983e-7
858,-2.3889734773180265e-7,-9.950790675824474e-7
859,-1.6021414197532778e-7,-1.0115522815691e-6
860,-8.041809255827186e-8,-1.0218087485380327e-6
861,-4.522999975650935e-21,-1.02577536e-6
862,8.0544721772731e-8,-1.0234177252626468e-6
863,1.6071909741077446e-7,-1.0147404447144598e-6
864,2.4002765656745176e-7,-9.997871427157463e-7
865,3.1797949584328796e-7,-9.78640259516183e-7
866,3.940913173279114e-7,-9.514206031065382e-7
867,4.6789042493201226e-7,-9.182866633968566e-7
868,5.389176599333093e-7,-8.794336925856656e-7
869,6.067302575070336e-7,-8.35092557035502e-7
870,6.709046064714322e-7,-7.855283673899865e-7
871,7.310388950486148e-7,-7.310388950486252e-7
872,7.867556261189786e-7,-6.719527844479307e-7
873,8.377039862277128e-7,-6.086275718740494e-7
874,8.835620534812844e-7,-5.414475227438706e-7
875,9.240388304437573e-7,-4.708213004321679e-7
876,9.58876089202811e-7,-3.971794807830875e-7
877,9.878500169157087e-7,-3.209719274199205e-7
878,1.010772651360106e-6,-2.4266504385065354e-7
879,1.0274930972959014e-6,-1.627389191525394e-7
880,1.0378985157841647e-6,-8.168438470295896e-8
881,1.0419148800000001e-6,-1.0210401482750762e-20
882,1.0395074925087784e-6,8.181101391742149e-8
883,1.0306812604412626e-6,1.632438745879751e-7
884,1.0154807264934043e-6,2.43795352686306e-7
885,9.939898551820607e-7,3.229668818043369e-7
886,9.663315752990914e-7,4.0026764423824485e-7
887,9.32667081014121e-7,4.752176136823768e-7
888,8.931948955710645e-7,5.473505359685088e-7
889,8.481497029965595e-7,6.162168293421082e-7
890,7.978009546799112e-7,6.813863862364137e-7
891,7.424512590857146e-7,7.424512590857172e-7
892,6.824345642129209e-7,7.99028213408896e-7
893,6.181141437091334e-7,8.507611321887638e-7
894,5.498803987790798e-7,8.973232564666776e-7
895,4.781484891825162e-7,9.384192480610301e-7
896,4.0335580769340406e-7,9.73787061395371e-7
897,3.259593133809802e-7,1.0031996125815828e-6
898,2.464327399695188e-7,1.0264662351377615e-6
899,1.652636963297512e-7,1.0434339130227023e-6
900,8.295067684763123e-8,1.053988283030298e-6
901,1.0359394322409614e-21,1.0580544e-6
902,-8.307730606209729e-8,1.0555972597549114e-6
903,-1.657686517651755e-7,1.0466220761680656e-6
904,-2.4756304880517466e-7,1.031174310271059e-6
905,-3.2795426776540003e-7,1.009339450847934e-6
906,-4.064439711485646e-7,9.8124254749165e-7
907,-4.825448024327282e-7,9.470474986313923e-7
908,-5.557834120037082e-7,9.069560985564639e-7
909,-6.257034011771952e-7,8.612068489576084e-7
910,-6.918681660014067e-7,8.100735419698262e-7
911,-7.53863623122809e-7,7.538636231228146e-7
912,-8.113008006988132e-7,6.929163439779112e-7
913,-8.638182781498237e-7,6.276007155442051e-7
914,-9.110844594520786e-7,5.583132748142762e-7
915,-9.527996656782961e-7,4.854756779328776e-7
916,-9.886980335879255e-7,4.095321346037344e-7
917,-1.018549208247457e-6,3.3094669934204013e-7
918,-1.0421598189154206e-6,2.502004360883693e-7
919,-1.0593747287495058e-6,1.677884735069481e-7
920,-1.0700780502764302e-6,8.421696899231843e-8
921,-1.07419392e-6,6.841972168588891e-21
922,-1.0716870270010445e-6,-8.434359820677293e-8
923,-1.062562891894866e-6,-1.6829342894239089e-7
924,-1.046867894048717e-6,-2.513307449240287e-7
925,-1.0246890465138114e-6,-3.329416537264489e-7
926,-9.961535196842088e-7,-4.1262029805888416e-7
927,-9.614279162486565e-7,-4.898719911830928e-7
928,-9.20717301541855e-7,-5.642162880389206e-7
929,-8.742639949186662e-7,-6.351899730122699e-7
930,-8.22346129259751e-7,-7.023499457663882e-7
931,-7.652759871599146e-7,-7.652759871599008e-7
932,-7.033981237428901e-7,-8.235733879887402e-7
933,-6.370872873792892e-7,-8.768754241108745e-7
934,-5.667461508494856e-7,-9.248456624374717e-7
935,-4.928028666832393e-7,-9.671800832955623e-7
936,-4.157084615140506e-7,-1.0036090057804856e-6
937,-3.359340853030855e-7,-1.0338988039133359e-6
938,-2.5396813220723465e-7,-1.0578534026930758e-6
939,-1.7031325068415998e-7,-1.075315544476307e-6
940,-8.54832611370058e-8,-1.086167817522562e-6
941,2.6725714004589997e-21,-1.09033344e-6
942,8.560989035146384e-8,-1.0877767942471762e-6
943,1.7081820611959123e-7,-1.078503707621669e-6
944,2.550984410428827e-7,-1.0625614778263752e-6
945,3.3792903968749754e-7,-1.0400386421796896e-6
946,4.187966249692181e-7,-1.0110644918767619e-6
947,4.971991799334441e-7,-9.75808333865928e-7
948,5.726491640741199e-7,-9.344785045272544e-7
949,6.446765448473446e-7,-8.873211408797241e-7
950,7.128317255313816e-7,-8.346187165496658e-7
951,7.766883511970033e-7,-7.766883511970039e-7
952,8.358459752786574e-7,-7.138799035078805e-7
953,8.899325700719255e-7,-6.465738592143736e-7
954,9.386068654228648e-7,-5.75179026884695e-7
955,9.815605009128353e-7,-5.001300554335871e-7
956,1.01851997797304e-6,-4.21884788424381e-7
957,1.04924839957921e-6,-3.409214712641455e-7
958,1.073546986470731e-6,-2.5773582832610015e-7
959,1.0912563602031106e-6,-1.7283802786135659e-7
960,1.1022575847686954e-6,-8.67495532816777e-8
961,1.10647296e-6,-3.252092565137034e-21
962,1.103866561493309e-6,8.687618249613935e-8
963,1.094444523348472e-6,1.7334298329679138e-7
964,1.0782550616040296e-6,2.588661371617517e-7
965,1.0553882378455624e-6,3.42916425648561e-7
966,1.0259754640693207e-6,4.2497295187953745e-7
967,9.901887514831993e-7,5.045263686837951e-7
968,9.482397075126453e-7,5.810820401093325e-7
969,9.003782868407727e-7,6.541631166824317e-7
970,8.468913038395907e-7,7.23313505296363e-7
971,7.881007152341039e-7,7.881007152340951e-7
972,7.243616832728711e-7,8.481185625685745e-7
973,6.560604310494451e-7,9.029897160329855e-7
974,5.836119029198909e-7,9.523680684082659e-7
975,5.074572441839489e-7,9.95940918530101e-7
976,4.2806111533471164e-7,1.033430950165594e-6
977,3.459088572251905e-7,1.064597995245089e-6
978,2.615035244449503e-7,1.0892405702483902e-6
979,1.753628050385686e-7,1.1071971759299117e-6
980,8.801584542636517e-8,1.1183473520148273e-6
981,9.350750332303667e-21,1.12261248e-6
982,-8.814247464083059e-8,1.1199563287394408e-6
983,-1.758677604740071e-7,1.1103853390752725e-6
984,-2.6263383328060555e-7,1.0939486453816876e-6
985,-3.479038116096096e-7,1.0707378335114403e-6
986,-4.311492787898569e-7,1.0408864362618795e-6
987,-5.118535574341604e-7,1.0045691691004636e-6
988,-5.895149161445318e-7,9.620009104980448e-7
989,-6.636496885175063e-7,9.134354328018307e-7
990,-7.337952850613443e-7,8.591638911295156e-7
991,-7.99513079271198e-7,7.995130792711929e-7
992,-8.603911498585021e-7,7.348434630378496e-7
993,-9.160468619940364e-7,6.655470028845294e-7
994,-9.66129271393659e-7,5.920447789551006e-7
995,-1.010321336147367e-6,5.147844329343108e-7
996,-1.0483419223581546e-6,4.342374422450275e-7
997,-1.0799475909109633e-6,3.5089624318625066e-7
998,-1.1049341540260454e-6,2.652712205638159e-7
999,-1.1231379916567126e-6,1.778875822157808e-7
1000,-1.1344371192609607e-6,8.928213757103672e-8
1001,-1.138752e-6,-5.592373276048112e-22
1002,-1.136046095985574e-6,-8.940876678550598e-8
1003,-1.1263261548020757e-6,-1.7839253765120712e-7
1004,-1.109642229159346e-6,-2.6640152939945914e-7
1005,-1.086087429177313e-6,-3.528911975706734e-7
1006,-1.0557974084544322e-6,-4.3732560570019106e-7
1007,-1.0189495867177348e-6,-5.191807461845113e-7
1008,-9.75762113483444e-7,-5.979477921797308e-7
1009,-9.264925787628886e-7,-6.731362603525806e-7
1010,-8.714364784194302e-7,-7.442770648263376e-7
1011,-8.10925443308293e-7,-8.109254433082894e-7
1012,-7.4532524280284e-7,-8.72663737148419e-7
1013,-6.750335747196137e-7,-9.29104007955087e-7
1014,-6.004776549902964e-7,-9.798904743790603e-7
1015,-5.221116216846584e-7,-1.02470175376464e-6
1016,-4.4041376915535825e-7,-1.0632528945507087e-6
1017,-3.558836291473109e-7,-1.0952971865768371e-6
1018,-2.690389166826817e-7,-1.1206277378037007e-6
1019,-1.8041235939297699e-7,-1.1390788073835163e-6
1020,-9.054842971572434e-8,-1.1505268865070927e-6
1021,-5.6580516688099256e-21,-1.1548915199999999e-6
1022,9.06750589301812e-8,-1.1521358632317068e-6
1023,1.8091731482842324e-7,-1.1422669705288758e-6
1024,2.7016922551832856e-7,-1.1253358129370003e-6
1025,3.578785835317219e-7,-1.101437024843191e-6
1026,4.4350193261051026e-7,-1.0707083806469914e-6
1027,5.265079349348622e-7,-1.0333300043350065e-6
1028,6.063806682149438e-7,-9.89523316468835e-7
1029,6.826228321876683e-7,-9.395497247239371e-7
1030,7.54758844591319e-7,-8.837090657093552e-7
1031,8.223378073453809e-7,-8.223378073453935e-7
1032,8.849363244383467e-7,-7.558070225678184e-7
1033,9.421611539161474e-7,-6.845201465546851e-7
1034,9.936516773644533e-7,-6.08910531025506e-7
1035,1.039082171381906e-6,-5.294388104350204e-7
1036,1.0781638667432628e-6,-4.465900960656892e-7
1037,1.1106467822427163e-6,-3.608710151083556e-7
1038,1.1363213215813596e-6,-2.7280661280153146e-7
1039,1.1550196231103174e-6,-1.829371365701893e-7
1040,1.1666166537532246e-6,-9.181472186041214e-8
1041,1.17103104e-6,4.592017509636643e-21
1042,1.1682256304778385e-6,9.194135107487285e-8
1043,1.158207786255679e-6,1.8344209200562316e-7
1044,1.1410293967146585e-6,2.739369216371821e-7
1045,1.116786620509069e-6,3.6286596949277016e-7
1046,1.0856193528395438e-6,4.496782595208448e-7
1047,1.0477104219522704e-6,5.338351236852275e-7
1048,1.0032845194542344e-6,6.148135442501428e-7
1049,9.526068706849953e-7,6.921094040227424e-7
1050,8.959816529992805e-7,7.652406243562999e-7
1051,8.337501713824821e-7,8.33750171382484e-7
1052,7.662888023328092e-7,8.972089117282635e-7
1053,6.940067183897696e-7,9.552182998771979e-7
1054,6.173434070607159e-7,1.007412880349846e-6
1055,5.367659991853675e-7,1.053462588999179e-6
1056,4.527664229760046e-7,1.0930748389358233e-6
1057,3.65858401069416e-7,1.1259963779085902e-6
1058,2.7657430892039733e-7,1.1520149053590148e-6
1059,1.8546191374740178e-7,1.1709604388371184e-6
1060,9.308101400508328e-8,1.182706420999358e-6
1061,1.7439027160261973e-21,1.18717056e-6
1062,-9.320764321954795e-8,1.1843153977239714e-6
1063,-1.8596686918282286e-7,1.174148601982482e-6
1064,-2.777046177560519e-7,1.1567229804923127e-6
1065,-3.678533554538344e-7,1.1321362161749417e-6
1066,-4.5585458643116387e-7,1.100530325032103e-6
1067,-5.411623124355783e-7,1.062090839569542e-6
1068,-6.232464202853415e-7,1.017045722439634e-6
1069,-7.015959758578304e-7,9.656640166460435e-7
1070,-7.75722404121294e-7,9.082542402891947e-7
1071,-8.451625354195756e-7,8.451625354195827e-7
1072,-9.094814990181803e-7,7.767705820978002e-7
1073,-9.682754458382485e-7,7.034932902248545e-7
1074,-1.0211740833352478e-6,6.257762830959114e-7
1075,-1.0678430066164449e-6,5.440931879357296e-7
1076,-1.1079858111283775e-6,4.5894274988633567e-7
1077,-1.1413459735744643e-6,3.7084578703047654e-7
1078,-1.167708489136674e-6,2.803420050392468e-7
1079,-1.186901254563922e-6,1.8798669092459757e-7
1080,-1.1987961882454898e-6,9.434730614977118e-8
1081,-1.2033100800000001e-6,8.253816743259638e-21
1082,-1.2004051649701046e-6,-9.447393536422288e-8
1083,-1.1900894177092826e-6,-1.8849164636003938e-7
1084,-1.1724165642699711e-6,-2.8147231387490527e-7
1085,-1.1474858118408197e-6,-3.7284074141488254e-7
1086,-1.1154412972246619e-6,-4.620309133414829e-7
1087,-1.0764712571868057e-6,-5.48489501185944e-7
1088,-1.0308069254250246e-6,-6.316792963205548e-7
1089,-9.787211626071015e-7,-7.110825476929046e-7
1090,-9.205268275791201e-7,-7.862041838862749e-7
1091,-8.56574899456683e-7,-8.565748994566668e-7
1092,-7.872523618627779e-7,-9.217540863081082e-7
1093,-7.129798620599252e-7,-9.813325917993092e-7
1094,-6.342091591311212e-7,-1.0349352863206402e-6
1095,-5.51420376686092e-7,-1.0822234242337106e-6
1096,-4.651190767966508e-7,-1.122896783320938e-6
1097,-3.7583317299152074e-7,-1.1566955692403433e-6
1098,-2.841097011581128e-7,-1.1834020729143292e-6
1099,-1.9051146810181014e-7,-1.2028420702907232e-6
1100,-9.561359829445927e-8,-1.214885955491622e-6
1101,2.3916965260475186e-21,-1.2194496e-6
1102,9.574022750891489e-8,-1.216494932216236e-6
1103,1.9101642353723898e-7,-1.2060302334360857e-6
1104,2.8524000999375844e-7,-1.1881101480476292e-6
1105,3.778281273759471e-7,-1.1628354075066923e-6
1106,4.6820724025181774e-7,-1.1303522694172145e-6
1107,5.558166899362947e-7,-1.0908516748040776e-6
1108,6.401121723557536e-7,-1.0445681284104242e-6
1109,7.205691195279785e-7,-9.9177830856816e-7
1110,7.96685963651269e-7,-9.327994148690341e-7
1111,8.679872634937702e-7,-8.679872634937715e-7
1112,9.34026673598025e-7,-7.97734141627769e-7
1113,9.943897377603596e-7,-7.224664338950101e-7
1114,1.048696489306033e-6,-6.426420351663313e-7
1115,1.0966038418509842e-6,-5.587475654364388e-7
1116,1.1378077555134921e-6,-4.7129540370698186e-7
1117,1.1720451649062174e-6,-3.8082055895258146e-7
1118,1.1990956566919844e-6,-2.8787739727697897e-7
1119,1.2187828860175269e-6,-1.9303624527900564e-7
1120,1.2309757227377553e-6,-9.687989043913002e-8
1121,1.23558912e-6,-4.2368487304340255e-21
1122,1.2325846994623694e-6,9.70065196535897e-8
1123,1.2219710491628887e-6,1.9354120071443847e-7
1124,1.2038037318252834e-6,2.8900770611262866e-7
1125,1.1781850031725704e-6,3.8281551333699514e-7
1126,1.1452632416097738e-6,4.7438356716213657e-7
1127,1.1052320924213493e-6,5.63143878686645e-7
1128,1.0583293313958146e-6,6.485450483909672e-7
1129,1.004835454529208e-6,7.300556913630667e-7
1130,9.450720021589593e-7,8.0716774341625e-7
1131,8.793996275308721e-7,8.793996275308614e-7
1132,8.082159213927601e-7,9.462992608879416e-7
1133,7.319530057300806e-7,1.0074468837214203e-6
1134,6.510749112015264e-7,1.0624576922914349e-6
1135,5.660747541868011e-7,1.1109842594682498e-6
1136,4.774717306173132e-7,1.1527187277060459e-6
1137,3.8580794491364223e-7,1.1873947605720912e-6
1138,2.9164509339582806e-7,1.2147892404696435e-6
1139,1.955610224562183e-7,1.2347237017443278e-6
1140,9.814618258381821e-8,1.2470654899838872e-6
1141,1.103938778848617e-20,1.25172864e-6
1142,-9.827281179828208e-8,1.2486744667085008e-6
1143,-1.9606597789165528e-7,1.2379118648896888e-6
1144,-2.9277540223148177e-7,1.2194973156029416e-6
1145,-3.8780289929804305e-7,1.1935345988384483e-6
1146,-4.805598940724553e-7,1.1601742138023328e-6
1147,-5.704710674370112e-7,1.119612510038613e-6
1148,-6.569779244261659e-7,1.0720905343812144e-6
1149,-7.395422631981407e-7,1.0178926004902661e-6
1150,-8.176495231812306e-7,9.573445894488849e-7
1151,-8.908119915679651e-7,8.908119915679601e-7
1152,-9.585718481778697e-7,8.186977011577377e-7
1153,-1.0205040296824707e-6,7.414395775651656e-7
1154,-1.0762188952768275e-6,6.595077872367367e-7
1155,-1.1253646770855153e-6,5.734019429371636e-7
1156,-1.1676296998986068e-6,4.83648057527628e-7
1157,-1.2027443562379704e-6,3.907953308746862e-7
1158,-1.2304828242472988e-6,2.954127895146944e-7
1159,-1.250664517471129e-6,1.9808579963343123e-7
1160,-1.2631552572300205e-6,9.941247472848862e-8
1161,-1.26786816e-6,-1.5695716815738196e-24
1162,-1.264764233954634e-6,-9.953910394295679e-8
1163,-1.253852680616492e-6,-1.9859075506885467e-7
1164,-1.2351908993806e-6,-2.9654309835033473e-7
1165,-1.208884194504321e-6,-3.92790285259108e-7
1166,-1.1750851859948852e-6,-4.867362209827904e-7
1167,-1.1339929276558846e-6,-5.777982561873616e-7
1168,-1.0858517373666143e-6,-6.654108004613644e-7
1169,-1.030949746451314e-6,-7.490288350332291e-7
1170,-9.696171767387985e-7,-8.281313029462251e-7
1171,-9.02224355605061e-7,-9.02224355605056e-7
1172,-8.291794809227289e-7,-9.708444354677863e-7
1173,-7.509261494002505e-7,-1.0335611756435208e-6
1174,-6.679406632719315e-7,-1.0899800982622295e-6
1175,-5.807291316875102e-7,-1.139745094702789e-6
1176,-4.898243844379593e-7,-1.1825406720911607e-6
1177,-3.957827168357471e-7,-1.2180939519038443e-6
1178,-2.991804856335608e-7,-1.2461764080249538e-6
1179,-2.0061057681062627e-7,-1.2666053331979326e-6
1180,-1.0067876687317695e-7,-1.2792450244761526e-6
1181,-6.919600715618674e-21,-1.28400768e-6
1182,1.0080539608763126e-7,-1.280854001200767e-6
1183,2.0111553224607181e-7,-1.2697934963432923e-6
1184,3.0031079446920526e-7,-1.250884483158254e-6
1185,3.977776712201557e-7,-1.2242337901701988e-6
1186,4.929125478931091e-7,-1.1899961581874442e-6
1187,5.851254449377117e-7,-1.1483733452731563e-6
1188,6.738436764965782e-7,-1.0996129403520044e-6
1189,7.585154068683029e-7,-1.0440068924123724e-6
1190,8.386130827112058e-7,-9.818897640287242e-7
1191,9.136367196421471e-7,-9.136367196421619e-7
1192,9.831170227577147e-7,-8.396612606877062e-7
1193,1.0466183216045818e-6,-7.604127212353209e-7
1194,1.103741301247622e-6,-6.763735393071417e-7
1195,1.1541255123200545e-6,-5.880563204378728e-7
1196,1.1974516442837146e-6,-4.96000711348291e-7
1197,1.233443547569724e-6,-4.007701027967907e-7
1198,1.2618699918026133e-6,-3.029481817524095e-7
1199,1.2825461489247335e-6,-2.0313535398783927e-7
1200,1.2953347917222845e-6,-1.0194505901786544e-7
1201,1.3001472e-6,-1.401476480448952e-20
1202,1.2969437684468986e-6,1.0207168823232406e-7
1203,1.2857343120700956e-6,2.036403094232711e-7
1204,1.2665780669359125e-6,3.040784905880581e-7
1205,1.2395833858360771e-6,4.0276505718120334e-7
1206,1.2049071303799965e-6,4.990888748034446e-7
1207,1.16275376289042e-6,5.924526336880783e-7
1208,1.1133741433374045e-6,6.822765525317767e-7
1209,1.057064038373431e-6,7.680019787033767e-7
1210,9.941623513186498e-7,8.490948624761863e-7
1211,9.250490836792497e-7,9.250490836792512e-7
1212,8.501430404526975e-7,9.95389610047631e-7
1213,7.69899293070406e-7,1.0596754675656321e-6
1214,6.848064153423522e-7,1.1175025042330144e-6
1215,5.95383509188219e-7,1.1685059299373283e-6
1216,5.021770382586053e-7,1.2123626164762756e-6
1217,4.0575748875785175e-7,1.2487931432355974e-6
1218,3.0671587787127604e-7,1.2775635755802681e-6
1219,2.0566013116505245e-7,1.2984869646515344e-6
1220,1.0321135116253543e-7,1.3114245589684178e-6
1221,2.578363353461191e-21,1.31628672e-6
1222,-1.0333798037699845e-7,1.3130335356930315e-6
1223,-2.0616508660047014e-7,1.3016751277968986e-6
1224,-3.0784618670692896e-7,1.2822716507135665e-6
1225,-4.077524431422686e-7,1.2549329815019495e-6
1226,-5.05265201713763e-7,1.219818102572556e-6
1227,-5.997798224384283e-7,1.1771341805076919e-6
1228,-6.907094285669749e-7,1.1271353463228041e-6
1229,-7.774885505384653e-7,1.0701211843344786e-6
1230,-8.59576642241181e-7,1.0064349386085634e-6
1231,-9.36461447716342e-7,9.364614477163507e-7
1232,-1.0076621973375474e-6,8.606248202176891e-7
1233,-1.072732613526693e-6,7.793858649054761e-7
1234,-1.1312637072184166e-6,6.932392913775466e-7
1235,-1.1828863475545938e-6,6.027106979385819e-7
1236,-1.2272735886688293e-6,5.08353365168937e-7
1237,-1.2641427389014712e-6,4.1074487471891306e-7
1238,-1.2932571593579276e-6,3.1048357399012445e-7
1239,-1.3144277803783383e-6,2.0818490834224712e-7
1240,-1.3275143262145497e-6,1.0447764330722407e-7
1241,-1.33242624e-6,9.792158671580142e-21
1242,-1.3291233029391647e-6,-1.0460427252167269e-7
1243,-1.3176159435236989e-6,-2.0868986377768774e-7
1244,-1.2979652344912249e-6,-3.116138828257817e-7
1245,-1.2702825771678279e-6,-4.1273982910331615e-7
1246,-1.2347290747651151e-6,-5.114415286240815e-7
1247,-1.1915145981249553e-6,-6.071070111887952e-7
1248,-1.1408965493081945e-6,-6.991423046021892e-7
1249,-1.083178330295537e-6,-7.86975122373539e-7
1250,-1.018707525898489e-6,-8.700584220061615e-7
1251,-9.478738117534516e-7,-9.478738117534326e-7
1252,-8.71106599982666e-7,-1.019934784627476e-6
1253,-7.888724367405612e-7,-1.0857897594877434e-6
1254,-7.016721674127571e-7,-1.1450249102038088e-6
1255,-6.100378866889447e-7,-1.197266765171859e-6
1256,-5.145296920792511e-7,-1.2421845608613904e-6
1257,-4.157322606799562e-7,-1.2794923345673508e-6
1258,-3.142512701089911e-7,-1.3089507431355825e-6
1259,-2.1070968551946043e-7,-1.330368596105139e-6
1260,-1.0574393545191283e-7,-1.3436040934606816e-6
1261,1.984324297986279e-21,-1.34856576e-6
1262,1.0587056466636584e-7,-1.3452130701852961e-6
1263,2.1121464095488668e-7,-1.333556759250502e-6
1264,3.1538157894463424e-7,-1.3136588182688833e-6
1265,4.1772721506436347e-7,-1.285632172833706e-6
1266,5.176178555344173e-7,-1.2496400469576674e-6
1267,6.144341999391451e-7,-1.2058950157422272e-6
1268,7.075751806373874e-7,-1.1546577522935943e-6
1269,7.964616942086125e-7,-1.0962354762565958e-6
1270,8.805402017711565e-7,-1.0309801131884025e-6
1271,9.592861757905371e-7,-9.592861757905392e-7
1272,1.0322073719173926e-6,-8.815883797476577e-7
1273,1.0988469054487934e-6,-7.983590085756467e-7
1274,1.1587861131892015e-6,-7.10105043447968e-7
1275,1.2116471827891332e-6,-6.173650754392906e-7
1276,1.2570955330539443e-6,-5.20706018989583e-7
1277,1.2948419302332247e-6,-4.207196466410176e-7
1278,1.324644326913238e-6,-3.1801896622785805e-7
1279,1.3463094118319433e-6,-2.132344626966548e-7
1280,1.3596938607068154e-6,-1.0701022759658248e-7
1281,1.3647052800000001e-6,-5.3481022493807766e-21
1282,1.3613028374314293e-6,1.0713685681103996e-7
1283,1.3494975749773054e-6,2.1373941813208543e-7
1284,1.3293524020465373e-6,3.1914927506350557e-7
1285,1.3009817684995784e-6,4.2271460102542917e-7
1286,1.2645510191502266e-6,5.237941824447355e-7
1287,1.2202754333594993e-6,6.217613886894949e-7
1288,1.1684189552789842e-6,7.16008056672602e-7
1289,1.1092926222176432e-6,8.059482660437017e-7
1290,1.0432527004783284e-6,8.91021981536137e-7
1291,9.706985398276407e-7,9.706985398276276e-7
1292,8.920701595126493e-7,1.0444799592073083e-6
1293,8.078455804107163e-7,1.1119040514098545e-6
1294,7.18537919483162e-7,1.1725473161746037e-6
1295,6.246922641896536e-7,1.2260276004063983e-6
1296,5.268823458999148e-7,1.2720065052464979e-6
1297,4.257070326020604e-7,1.3101915258991041e-6
1298,3.217866623467059e-7,1.340337910690897e-6
1299,2.1575923987386816e-7,1.3622502275587438e-6
1300,1.0827651974127135e-7,1.3757836279529472e-6
1301,1.2854522598318429e-20,1.3808448e-6
1302,-1.0840314895573346e-7,1.3773926046775607e-6
1303,-2.1626419530930337e-7,1.3654383907041053e-6
1304,-3.229169711823579e-7,1.3450459858241958e-6
1305,-4.2770198698647633e-7,1.3163313641654565e-6
1306,-5.299705093550535e-7,1.279461991342786e-6
1307,-6.29088577439862e-7,1.2346558509767623e-6
1308,-7.244409327077997e-7,1.182180158264384e-6
1309,-8.154348378787749e-7,1.1223497681787019e-6
1310,-9.01503761301117e-7,1.055525287768254e-6
1311,-9.821109038647319e-7,9.821109038647278e-7
1312,-1.0567525464972374e-6,9.02551939277626e-7
1313,-1.1249611973709047e-6,8.173321522458017e-7
1314,-1.186308519159996e-6,7.269707955183728e-7
1315,-1.2404080180236637e-6,6.320194529400167e-7
1316,-1.286917477439059e-6,5.330586728102286e-7
1317,-1.3255411215649778e-6,4.3069441856312184e-7
1318,-1.3560314944685523e-6,3.2555435846557296e-7
1319,-1.378191043285545e-6,2.182840170510818e-7
1320,-1.3918733951990806e-6,1.0954281188594066e-7
1321,-1.39698432e-6,6.8259553789142165e-22
1322,-1.3934823719236939e-6,-1.0966944110040743e-7
1323,-1.3813792064309085e-6,-2.1878897248650202e-7
1324,-1.360739569601854e-6,-3.266846673012102e-7
1325,-1.3316809598313287e-6,-4.326893729475423e-7
1326,-1.2943729635353379e-6,-5.361468362653898e-7
1327,-1.2490362685940345e-6,-6.364157661902117e-7
1328,-1.1959413612497844e-6,-7.328738087429978e-7
1329,-1.1354069141397607e-6,-8.24921409713848e-7
1330,-1.0677978750581672e-6,-9.119855410661125e-7
1331,-9.935232679018291e-7,-9.935232679018228e-7
1332,-9.130337190426178e-7,-1.0690251337871535e-6
1333,-8.268187240808874e-7,-1.1380183433319546e-6
1334,-7.354036715535667e-7,-1.2000697221453985e-6
1335,-6.393466416903623e-7,-1.2547884356409379e-6
1336,-5.392349997205606e-7,-1.301828449631613e-6
1337,-4.3568180452418345e-7,-1.3408907172308517e-6
1338,-3.293220545844401e-7,-1.3717250782462073e-6
1339,-2.2080879422827572e-7,-1.3941318590123489e-6
1340,-1.1080910403062968e-7,-1.4079631624452125e-6
1341,-8.307647116077181e-21,-1.4131238400000002e-6
1342,1.1093573324508125e-7,-1.4095721391698272e-6
1343,2.213137496637204e-7,-1.3973200221577088e-6
1344,3.3045236342008185e-7,-1.3764331533795082e-6
1345,4.376767589085895e-7,-1.347030555497207e-6
1346,5.423231631757078e-7,-1.3092839357278975e-6
1347,6.437429549405613e-7,-1.2634166862113068e-6
1348,7.413066847782126e-7,-1.2097025642351743e-6
1349,8.344079815489375e-7,-1.1484640601008079e-6
1350,9.224673208310926e-7,-1.080070462348093e-6
1351,1.0049356319389132e-6,-1.0049356319389304e-6
1352,1.0812977210770826e-6,-9.235154988075944e-7
1353,1.1510754892930164e-6,-8.363052959159568e-7
1354,1.213830925130791e-6,-7.438365475887776e-7
1355,1.269168853258203e-6,-6.466738304407256e-7
1356,1.3167394218241664e-6,-5.454113266308928e-7
1357,1.3562403128967317e-6,-4.40669190485226e-7
1358,1.3874186620238668e-6,-3.330897507032877e-7
1359,1.4100726747391496e-6,-2.2333357140548948e-7
1360,1.4240529296913444e-6,-1.1207539617531886e-7
1361,1.42926336e-6,4.20436146288792e-21
1362,1.4256619064159585e-6,1.1220202538977515e-7
1363,1.4132608378845118e-6,2.238385268409189e-7
1364,1.3921267371571666e-6,3.34220059538934e-7
1365,1.3623801511630856e-6,4.4266414486963646e-7
1366,1.3241949079204495e-6,5.484994900860444e-7
1367,1.2777971038285698e-6,6.510701436909288e-7
1368,1.2234637672205743e-6,7.497395608134104e-7
1369,1.161521206061867e-6,8.438945533840108e-7
1370,1.0923430496380196e-6,9.329491005960728e-7
1371,1.0163479959760175e-6,1.016347995976018e-6
1372,9.339972785725863e-7,1.0935703083669987e-6
1373,8.457918677510426e-7,1.1641326352540662e-6
1374,7.522694236239883e-7,1.2275921281161828e-6
1375,6.540010191910706e-7,1.2835492708754772e-6
1376,5.515876535412061e-7,1.3316503940167276e-6
1377,4.4565657644628774e-7,1.3715899085626047e-6
1378,3.3685744682215486e-7,1.4031122458015215e-6
1379,2.2585834858270324e-7,1.4260134904659505e-6
1380,1.1334168831998774e-7,1.440142696937478e-6
1381,3.5393213445459426e-21,1.44540288e-6
1382,-1.1346831753444884e-7,1.4417516736620914e-6
1383,-2.263633040181172e-7,1.429201653611315e-6
1384,-3.37987755657806e-7,1.4078203209348202e-6
1385,-4.4765153083070274e-7,1.3777297468289575e-6
1386,-5.546758169963621e-7,1.3391058801130086e-6
1387,-6.583973324412781e-7,1.2921775214458417e-6
1388,-7.58172436848608e-7,1.2372249702059746e-6
1389,-8.533811252191003e-7,1.1745783520229137e-6
1390,-9.434308803610681e-7,1.1046156369279322e-6
1391,-1.0277603600131084e-6,1.0277603600131188e-6
1392,-1.1058428956569144e-6,9.44479058337578e-7
1393,-1.177189781215116e-6,8.552784395861284e-7
1394,-1.2413533311015856e-6,7.607022996591822e-7
1395,-1.2979296884927424e-6,6.613282079414341e-7
1396,-1.3465613662092813e-6,5.577639804515385e-7
1397,-1.3869395042284786e-6,4.506439624073496e-7
1398,-1.4188058295791812e-6,3.4062514294100215e-7
1399,-1.4419543061927546e-6,2.2838312575989689e-7
1400,-1.4562324641836096e-6,1.1460798046467707e-7
1401,-1.4615424e-6,1.1456997953550405e-20
1402,-1.4578414409082247e-6,-1.1473460967912235e-7
1403,-1.4451424693381152e-6,-2.2888808119533594e-7
1404,-1.4235139047124788e-6,-3.4175545177665804e-7
1405,-1.3930793424948357e-6,-4.5263891679174954e-7
1406,-1.3540168523055684e-6,-5.608521439066798e-7
1407,-1.3065579390631045e-6,-6.657245211916461e-7
1408,-1.2509861731913641e-6,-7.666053128838233e-7
1409,-1.1876354979839727e-6,-8.628676970541733e-7
1410,-1.116888224217858e-6,-9.53912660126048e-7
1411,-1.0391727240502205e-6,-1.0391727240501987e-6
1412,-9.549608381025543e-7,-1.118115482946844e-6
1413,-8.647650114211974e-7,-1.1902469271761777e-6
1414,-7.691351756943933e-7,-1.2551145340869776e-6
1415,-6.686553966917977e-7,-1.3123101061100075e-6
1416,-5.639403073618516e-7,-1.361472338401843e-6
1417,-4.5563134836839176e-7,-1.4022890998943582e-6
1418,-3.443928390598696e-7,-1.4344994133568362e-6
1419,-2.3090790293711086e-7,-1.4578951219195553e-6
1420,-1.1587427260936656e-7,-1.4723222314297417e-6
1421,1.4504547162752823e-21,-1.4776819200000001e-6
1422,1.1600090182381667e-7,-1.4739312081543564e-6
1423,2.3141285837253417e-7,-1.4610832850649186e-6
1424,3.455231478955099e-7,-1.4392074884901375e-6
1425,4.576263027528163e-7,-1.408428938160708e-6
1426,5.670284708170168e-7,-1.36892782449812e-6
1427,6.730517099419954e-7,-1.3209383566803768e-6
1428,7.750381889190208e-7,-1.2647473761767644e-6
1429,8.723542688892462e-7,-1.2006926439450318e-6
1430,9.64394439891044e-7,-1.1291608115077708e-6
1431,1.0505850880873037e-6,-1.0505850880873073e-6
1432,1.1303880702367596e-6,-9.654426178675464e-7
1433,1.2033040731372274e-6,-8.742515832562834e-7
1434,1.2688757370723697e-6,-7.775680517296044e-7
1435,1.3266905237272822e-6,-6.759825854421425e-7
1436,1.3763833105943968e-6,-5.701166342721841e-7
1437,1.4176386955602317e-6,-4.606187343294538e-7
1438,1.450192997134491e-6,-3.481605351787372e-7
1439,1.4738359376463594e-6,-2.3343268011430405e-7
1440,1.4884119986758752e-6,-1.1714056475403504e-7
1441,1.4938214400000003e-6,-6.5858531219772845e-21
1442,1.4900209754004893e-6,1.1726719396849007e-7
1443,1.477024100791722e-6,2.339376355497323e-7
1444,1.4549010722677913e-6,3.492908440143822e-7
1445,1.4237785338265866e-6,4.62613688713863e-7
1446,1.3838387966906797e-6,5.732047977273344e-7
1447,1.3353187742976494e-6,6.803788986923446e-7
1448,1.2785085791621537e-6,7.834710649542366e-7
1449,1.2137497899060786e-6,8.818408407243365e-7
1450,1.141433398797697e-6,9.748762196560238e-7
1451,1.061997452124409e-6,1.0619974521243938e-6
1452,9.759243976325387e-7,1.1426606575266753e-6
1453,8.837381550913523e-7,1.2163612190982894e-6
1454,7.860009277647977e-7,1.2826369400577727e-6
1455,6.833097741925061e-7,1.341070941344547e-6
1456,5.762929611825166e-7,1.3912942827869499e-6
1457,4.6560612029051595e-7,1.432988291226105e-6
1458,3.51928231297584e-7,1.4658865809121506e-6
1459,2.3595745729151813e-7,1.48977675337316e-6
1460,1.1840685689872466e-7,1.504501765922007e-6
1461,1.479615476180045e-20,1.50996096e-6
1462,-1.185334861131847e-7,1.5061107426466208e-6
1463,-2.3646241272695137e-7,1.4929649165185217e-6
1464,-3.530585401332339e-7,1.4705946560454495e-6
1465,-4.676010746749095e-7,1.4391281294924647e-6
1466,-5.793811246376516e-7,1.3987497688832393e-6
1467,-6.877060874427126e-7,1.3496991919149117e-6
1468,-7.919039409894337e-7,1.292269782147554e-6
1469,-8.913274125594089e-7,1.2268069358671376e-6
1470,-9.853579994210032e-7,1.1537059860876234e-6
1471,-1.0734098161614991e-6,1.0734098161614955e-6
1472,-1.1549332448166048e-6,9.864061773975145e-7
1473,-1.229418365059339e-6,8.932247269264383e-7
1474,-1.2963981430431645e-6,7.94433803800009e-7
1475,-1.3554513589618118e-6,6.906369629428699e-7
1476,-1.4062052549795112e-6,5.824692880928293e-7
1477,-1.4483378868919854e-6,4.705935062515576e-7
1478,-1.4815801646898054e-6,3.556959274164516e-7
1479,-1.5057175690999608e-6,2.384822344687324e-7
1480,-1.5205915331681405e-6,1.196731490433928e-7
1481,-1.52610048e-6,1.493258001114175e-21
1482,-1.522200509892754e-6,-1.1979977825785797e-7
1483,-1.5089057322453252e-6,-2.389871899041493e-7
1484,-1.4862882398231082e-6,-3.5682623625208553e-7
1485,-1.4544777251583365e-6,-4.725884606359766e-7
1486,-1.4136607410757907e-6,-5.85557451547989e-7
1487,-1.3640796095321843e-6,-6.950332761930618e-7
1488,-1.3060309851329547e-6,-8.00336817024631e-7
1489,-1.2398640818281842e-6,-9.008139843944992e-7
1490,-1.1659785733775357e-6,-9.958397791859996e-7
1491,-1.0848221801985972e-6,-1.0848221801985892e-6
1492,-9.968879571625066e-7,-1.1672058321065205e-6
1493,-9.027112987615243e-7,-1.2424755110203883e-6
1494,-8.028666798352019e-7,-1.3101593460285675e-6
1495,-6.979641516932144e-7,-1.3698317765790866e-6
1496,-5.886456150031619e-7,-1.421116227172065e-6
1497,-4.7558089221261997e-7,-1.4636874825578588e-6
1498,-3.594636235353195e-7,-1.4972737484674604e-6
1499,-2.4100701164592527e-7,-1.521658384826765e-6
1500,-1.2093944118808253e-7,-1.5366813004142724e-6
1501,-9.822190870185445e-21,-1.54224e-6
1502,1.2106607040253107e-7,-1.538290277138887e-6
1503,2.415119670813688e-7,-1.524846547972125e-6
1504,3.605939323709583e-7,-1.501981823600762e-6
1505,4.775758465970231e-7,-1.469827320824215e-6
1506,5.917337784583064e-7,-1.4285717132683508e-6
1507,7.023604649434108e-7,-1.3784600271494566e-6
1508,8.087696930598469e-7,-1.3197921881183437e-6
1509,9.103005562295721e-7,-1.2529212277892434e-6
1510,1.0063215589509792e-6,-1.1782511606674623e-6
1511,1.0962345442356792e-6,-1.096234544235699e-6
1512,1.1794784193964504e-6,-1.0073697369274824e-6
1513,1.2555326569814507e-6,-9.121978705965929e-7
1514,1.3239205490139596e-6,-8.112995558704134e-7
1515,1.3842121941963513e-6,-7.052913404435784e-7
1516,1.4360271993646182e-6,-5.948219419134948e-7
1517,1.4790370782237389e-6,-4.805682781736615e-7
1518,1.5129673322451204e-6,-3.63231319654166e-7
1519,1.537599200553566e-6,-2.435317888231397e-7
1520,1.5527710676604042e-6,-1.2220573333277242e-7
1521,1.5583795200000002e-6,-1.8325117540827316e-20
1522,1.554380044385019e-6,1.2233236254722611e-7
1523,1.5407873636989287e-6,2.440367442585666e-7
1524,1.5176754073784206e-6,3.643616284898098e-7
1525,1.4851769164900938e-6,4.825632325580693e-7
1526,1.443482685460902e-6,5.979101053686439e-7
1527,1.3928404447667194e-6,7.096876536937793e-7
1528,1.3335533911037444e-6,8.172025690950441e-7
1529,1.2659783737503027e-6,9.197871280646447e-7
1530,1.1905237479573888e-6,1.0168033387159586e-6
1531,1.1076469082727852e-6,1.1076469082727847e-6
1532,1.0178515166924748e-6,1.191751006686366e-6
1533,9.216844424316792e-7,1.2685898029425002e-6
1534,8.19732431905625e-7,1.3376817519993512e-6
1535,7.126185291939224e-7,1.3985926118136264e-6
1536,6.009982688238072e-7,1.4509381715571802e-6
1537,4.855556641347238e-7,1.494386673889612e-6
1538,3.669990157730339e-7,1.5286609160227748e-6
1539,2.460565660003542e-7,1.5535400162803663e-6
1540,1.2347202547744017e-7,1.5688608349065376e-6
1541,4.626776689280452e-21,1.57451904e-6
1542,-1.2359865469189908e-7,1.5704698116311515e-6
1543,-2.465615214357642e-7,1.5567281794257318e-6
1544,-3.6812932460868284e-7,1.5333689911560737e-6
1545,-4.875506185191367e-7,1.5005265121559653e-6
1546,-6.040864322789611e-7,1.4583936576534618e-6
1547,-7.170148424441279e-7,1.4072208623839917e-6
1548,-8.25635445130241e-7,1.347314594089145e-6
1549,-9.29273699899735e-7,1.279035519711349e-6
1550,-1.0272851184809552e-6,1.2027963352473007e-6
1551,-1.1190592723098746e-6,1.119059272309887e-6
1552,-1.2040235939762815e-6,1.028333296457467e-6
1553,-1.2816469489035624e-6,9.311710142667473e-7
1554,-1.3514429549847544e-6,8.281653079408174e-7
1555,-1.412973029430891e-6,7.199457179442864e-7
1556,-1.465849143749733e-6,6.071745957341401e-7
1557,-1.5097362695554854e-6,4.905430500957863e-7
1558,-1.5443544998004347e-6,3.7076671189188e-7
1559,-1.5694808320071707e-6,2.4858134317754665e-7
1560,-1.5849506021526695e-6,1.247383176221302e-7
1561,-1.59065856e-6,1.3248334589170426e-20
1562,-1.5865595788772846e-6,-1.2486494683657192e-7
1563,-1.5726689951525314e-6,-2.4908629861298407e-7
1564,-1.5490625749337326e-6,-3.7189702072753415e-7
1565,-1.515876107821844e-6,-4.925380044801828e-7
1566,-1.4733046298460215e-6,-6.102627591892781e-7
1567,-1.4216012800012539e-6,-7.243420311944969e-7
1568,-1.3610757970745336e-6,-8.340683211654572e-7
1569,-1.2920926656724083e-6,-9.387602717348076e-7
1570,-1.2150689225372274e-6,-1.0377668982459346e-6
1571,-1.1304716363469894e-6,-1.1304716363469642e-6
1572,-1.0388150762224425e-6,-1.2162961812662114e-6
1573,-9.406575861018337e-7,-1.294704094864612e-6
1574,-8.365981839760293e-7,-1.3652041579701462e-6
1575,-7.272729066946505e-7,-1.4273534470481558e-6
1576,-6.133509226444521e-7,-1.4807601159422953e-6
1577,-4.955304360568274e-7,-1.5250858652213658e-6
1578,-3.745344080107481e-7,-1.5600480835780895e-6
1579,-2.5110612035476136e-7,-1.5854216477339714e-6
1580,-1.260046097668204e-7,-1.6010403693988013e-6
1581,7.900877809145271e-22,-1.60679808e-6
1582,1.2613123898126734e-7,-1.6026493461234165e-6
1583,2.5161107579018163e-7,-1.5886098108793353e-6
1584,3.756647168463853e-7,-1.5647561587113915e-6
1585,4.97525390441229e-7,-1.5312257034877226e-6
1586,6.164390860996161e-7,-1.4882156020385729e-6
1587,7.316692199448455e-7,-1.4359816976185266e-6
1588,8.425011972006543e-7,-1.3748370000599347e-6
1589,9.482468435698799e-7,-1.305149811633468e-6
1590,1.0482486780109311e-6,-1.2273415098271393e-6
1591,1.1418840003840704e-6,-1.1418840003840752e-6
1592,1.2285687685561269e-6,-1.049296855987435e-6
1593,1.307761240825661e-6,-9.501441579369201e-7
1594,1.3789653609555376e-6,-8.450310600112412e-7
1595,1.441733864665431e-6,-7.346000954449944e-7
1596,1.4956710881348486e-6,-6.195272495547852e-7
1597,1.5404354608872388e-6,-5.005178220178902e-7
1598,1.5757416673557442e-6,-3.7830210412961637e-7
1599,1.6013624634607757e-6,-2.536308975319535e-7
1600,1.6171301366449351e-6,-1.2727090191148775e-7
1601,1.6229376000000002e-6,-7.950101348223551e-21
1602,1.6187391133695496e-6,1.2739753112594007e-7
1603,1.6045506266061386e-6,2.54135852967379e-7
1604,1.580449742489045e-6,3.794324129652588e-7
1605,1.5465752991535944e-6,5.025127764022968e-7
1606,1.5031265742311332e-6,6.22615413009933e-7
1607,1.4503621152357996e-6,7.389964086951942e-7
1608,1.3885982030453233e-6,8.509340732358707e-7
1609,1.3182069575945139e-6,9.57733415404971e-7
1610,1.239614097117066e-6,1.0587304577759105e-6
1611,1.1532963644211776e-6,1.15329636442116e-6
1612,1.059778635752428e-6,1.2408413558460422e-6
1613,9.596307297719882e-7,1.320818386786724e-6
1614,8.534639360464333e-7,1.3927265639409413e-6
1615,7.419272841953587e-7,1.4561142822826958e-6
1616,6.257035764651184e-7,1.5105820603274017e-6
1617,5.055052079789309e-7,1.5557850565531193e-6
1618,3.8206980024846213e-7,1.5914352511334043e-6
1619,2.5615567470916824e-7,1.6173032791875762e-6
1620,1.2853719405617805e-7,1.6332199038910666e-6
1621,1.6864284278932223e-20,1.63907712e-6
1622,-1.2866382327063577e-7,1.6348288806156807e-6
1623,-2.5666063014459914e-7,1.6204914423329382e-6
1624,-3.832001090841098e-7,1.5961433262667037e-6
1625,-5.075001623633425e-7,1.561924894819473e-6
1626,-6.287917399202498e-7,1.5180375464236926e-6
1627,-7.463235974455632e-7,1.4647425328530613e-6
1628,-8.593669492710675e-7,1.4023594060307238e-6
1629,-9.672199872400432e-7,1.3312641035555733e-6
1630,-1.0692122375408895e-6,1.2518866844069928e-6
1631,-1.1647087284582494e-6,1.1647087284582795e-6
1632,-1.253113943135957e-6,1.0702604155174205e-6
1633,-1.333875532747759e-6,9.691173016070936e-7
1634,-1.4064877669263448e-6,8.618968120816253e-7
1635,-1.4704946998999707e-6,7.492544729457023e-7
1636,-1.5254930325199634e-6,6.318799033754301e-7
1637,-1.5711346522189925e-6,5.104925939399936e-7
1638,-1.6071288349110587e-6,3.8583749636733044e-7
1639,-1.6332440949143769e-6,2.586804518863832e-7
1640,-1.6493096711371987e-6,1.2980348620086852e-7
1641,-1.65521664e-6,2.5952461011211505e-20
1642,-1.6509186478618157e-6,-1.299301154152849e-7
1643,-1.636432258059738e-6,-2.591854073218197e-7
1644,-1.6118369100443568e-6,-3.869678052029836e-7
1645,-1.5772744904853445e-6,-5.124875483244108e-7
1646,-1.5329485186162438e-6,-6.349680668305881e-7
1647,-1.479122950470334e-6,-7.536507861959117e-7
1648,-1.4161206090161247e-6,-8.677998253062642e-7
1649,-1.344321249516633e-6,-9.767065590751152e-7
1650,-1.2641592716969197e-6,-1.0796940173058685e-6
1651,-1.176121092495382e-6,-1.1761210924953388e-6
1652,-1.0807421952823776e-6,-1.265386530425903e-6
1653,-9.78603873442142e-7,-1.3469326787088358e-6
1654,-8.703296881168374e-7,-1.4202489699117366e-6
1655,-7.565816616960665e-7,-1.4848751175172354e-6
1656,-6.380562302857634e-7,-1.5404040047125167e-6
1657,-5.154799799010566e-7,-1.5864842478848656e-6
1658,-3.89605192486199e-7,-1.6228224186887133e-6
1659,-2.6120522906359836e-7,-1.6491849106411774e-6
1660,-1.3106977834555917e-7,-1.6653994383833303e-6
1661,1.2288167589174449e-20,-1.67135616e-6
1662,1.3119640756000448e-7,-1.6670084151079453e-6
1663,2.61710184499017e-7,-1.6523730737865416e-6
1664,3.907355013218346e-7,-1.6275304938220157e-6
1665,5.174749342854565e-7,-1.5926240861512235e-6
1666,6.411443937409048e-7,-1.5478594908088039e-6
1667,7.609779749462599e-7,-1.493503368087607e-6
1668,8.762327013414607e-7,-1.4298818120015257e-6
1669,9.861931309101871e-7,-1.357378395477693e-6
1670,1.0901757970708839e-6,-1.276431858986816e-6
1671,1.187533456532462e-6,-1.1875334565324507e-6
1672,1.2776591177158181e-6,-1.0912239750473706e-6
1673,1.359989824669885e-6,-9.880904452772289e-7
1674,1.434010172897128e-6,-8.787625641520493e-7
1675,1.4992555351344999e-6,-7.639088504464312e-7
1676,1.55531497690507e-6,-6.44232557196097e-7
1677,1.6018338435507388e-6,-5.204673658621197e-7
1678,1.6385160024663678e-6,-3.933728886050677e-7
1679,1.6651257263679857e-6,-2.6373000624076643e-7
1680,1.681489205629466e-6,-1.323360704902022e-7
1681,1.68749568e-6,3.310716001540164e-21
1682,1.6830981823540782e-6,1.3246269970467694e-7
1683,1.6683138895133448e-6,2.642349616762141e-7
1684,3.9633408000000003e-7,0.0
1685,3.9591680266347896e-7,3.1159328130161435e-8
1686,3.9304863136918084e-7,6.225278749973267e-8
1687,3.8773737538713483e-7,9.308750793192445e-8
1688,3.800060285470199e-7,1.234714433621708e-7
1689,3.6989268759683005e-7,1.5321456782524133e-7
1690,3.574503763233751e-7,1.8213006366812042e-7
1691,3.427467761552166e-7,2.1003549456033753e-7
1692,3.258638645543817e-7,2.36753955938937e-7
1693,3.068974630830644e-7,2.6211519563698255e-7
1694,2.8595669760187957e-7,2.8595669760187957e-7
1695,2.631633736134812e-7,3.081247218120565e-7
1696,2.386512703059529e-7,3.284752937465926e-7
1697,2.125653573708989e-7,3.468751370508354e-7
1698,1.8506093916826305e-7,3.6320254337028255e-7
1699,1.5630273128040388e-7,3.773481736931084e-7
1700,1.2646387493880347e-7,3.8921578594654545e-7
1701,9.572489521512627e-8,3.987228840314946e-7
1702,6.427260924149758e-8,4.0580128395062247e-7
1703,3.229899106037477e-8,4.1039759318499816e-7
1704,2.5256723698639287e-23,4.124736e-7
1705,-3.242562027484287e-8,4.120065699096114e-7
1706,-6.477756467693877e-8,4.089894470959828e-7
1707,-9.685520405078411e-8,4.034309591647917e-7
1708,-1.2845882932322514e-7,3.953556242128959e-7
1709,-1.593908947355663e-7,3.848036597893866e-7
1710,-1.8945725241847683e-7,3.718307939406438e-7
1711,-2.184683705955419e-7,3.5650797914061275e-7
1712,-2.4624052777401634e-7,3.3892101051543604e-7
1713,-2.725969754019685e-7,3.191700503729854e-7
1714,-2.9736906163897545e-7,2.973690616389755e-7
1715,-3.203973091019775e-7,2.736451533784672e-7
1716,-3.4153243970764687e-7,2.4813784214103237e-7
1717,-3.6063634003623156e-7,2.2099823340610325e-7
1718,-3.775829609875512e-7,1.9238812791861946e-7
1719,-3.9225914588566497e-7,1.624790581907289e-7
1720,-4.045653816124214e-7,1.3145126089985783e-7
1721,-4.1441646780915133e-7,9.949259133398595e-8
1722,-4.217420996774244e-7,6.679738641870372e-8
1723,-4.264873604311306e-7,3.356528320505627e-8
1724,-4.2861312e-7,5.248996854805605e-23
1725,-4.2809633715574387e-7,-3.3691912419524315e-8
1726,-4.249302628227849e-7,-6.730234185414483e-8
1727,-4.1912454294244837e-7,-1.0062290016964374e-7
1728,-4.107052198787719e-7,-1.3344621528427948e-7
1729,-3.997146319819432e-7,-1.655672216458913e-7
1730,-3.862112115579124e-7,-1.967844411688332e-7
1731,-3.702691821260089e-7,-2.269012466307462e-7
1732,-3.5197815647649043e-7,-2.5572709960909577e-7
1733,-3.3144263766290645e-7,-2.8307875516695443e-7
1734,-3.0878142567607144e-7,-3.087814256760714e-7
1735,-2.841269331434533e-7,-3.3266989639189834e-7
1736,-2.5762441397611174e-7,-3.5458958566870126e-7
1737,-2.2943110944130748e-7,-3.7439754302162787e-7
1738,-1.9971531666897587e-7,-3.9196337860481985e-7
1739,-1.6865538510105412e-7,-4.0717011807822134e-7
1740,-1.364386468609122e-7,-4.199149772782974e-7
1741,-1.0326028745284546e-7,-4.3011005158680807e-7
1742,-6.932216359590985e-8,-4.376829154042265e-7
1743,-3.483157534973797e-8,-4.425771276772631e-7
1744,-8.169973454825026e-23,-4.4475264000000006e-7
1745,3.495820456420595e-8,-4.441861044018764e-7
1746,6.982711903135091e-8,-4.4087107854958695e-7
1747,1.0439059628850318e-7,-4.3481812672010517e-7
1748,1.3843360124533382e-7,-4.260548155446478e-7
1749,1.7174354855621647e-7,-4.1462560417449974e-7
1750,2.0411162991918957e-7,-4.005916291751811e-7
1751,2.353341226659504e-7,-3.8403038511140516e-7
1752,2.6521367144417514e-7,-3.650353024375448e-7
1753,2.9356053493194056e-7,-3.437152249528273e-7
1754,3.201937897131672e-7,-3.201937897131674e-7
1755,3.449424836818193e-7,-2.9460871290843924e-7
1756,3.6764673162975564e-7,-2.6711098581119126e-7
1757,3.881587460070239e-7,-2.3786398547651187e-7
1758,4.063437962220885e-7,-2.0704250541933233e-7
1759,4.220810902707779e-7,-1.7483171201137917e-7
1760,4.3526457294417334e-7,-1.414260328219666e-7
1761,4.458036353644648e-7,-1.0702798357170513e-7
1762,4.536237311310285e-7,-7.1846940773116e-8
1763,4.5866689492339564e-7,-3.609786749441947e-8
1764,4.6089216000000005e-7,-1.1288602169922197e-22
1765,4.6027587164800884e-7,3.622449670888739e-8
1766,4.56811894276389e-7,7.235189620855699e-8
1767,4.505117104977619e-7,1.0815829240736282e-7
1768,4.414044112105238e-7,1.4342098720638813e-7
1769,4.2953657636705637e-7,1.7791987546654148e-7
1770,4.1497204679244975e-7,2.1143881866954597e-7
1771,3.977915880968014e-7,2.437669987011547e-7
1772,3.780924483985992e-7,2.7470024327925456e-7
1773,3.559878122427483e-7,3.0404231469692647e-7
1774,3.3160615375026326e-7,3.316061537502631e-7
1775,3.050904926734253e-7,3.572150709717403e-7
1776,2.7659755764627063e-7,3.8070387759080987e-7
1777,2.4629686151171624e-7,4.0191994899242013e-7
1778,2.1436969416968877e-7,4.2072421383935714e-7
1779,1.810080389217042e-7,4.369920624633345e-7
1780,1.46413418783021e-7,4.506141686100493e-7
1781,1.1079567969056482e-7,4.6149721914212145e-7
1782,7.437171795032214e-8,4.6956454685783056e-7
1783,3.736415963910098e-8,4.747566621695281e-7
1784,1.4604883000097113e-22,4.7703168e-7
1785,-3.749078885356884e-8,4.763656388941414e-7
1786,-7.487667338576265e-8,4.7275271000319107e-7
1787,-1.1192598852622245e-7,4.6620529427541855e-7
1788,-1.4840837316744247e-7,4.567540068763998e-7
1789,-1.8409620237686645e-7,4.4444754855961284e-7
1790,-2.1876600741990273e-7,4.2935246440971816e-7
1791,-2.52199874736359e-7,4.115527910821975e-7
1792,-2.8418681511433393e-7,3.911495943596535e-7
1793,-3.1452409446191244e-7,3.682603995326694e-7
1794,-3.4301851778735866e-7,3.430185177873595e-7
1795,-3.6948765826166127e-7,3.155722724384113e-7
1796,-3.937610235518642e-7,2.8608412948135006e-7
1797,-4.156811519778163e-7,2.547297375469206e-7
1798,-4.351046314566259e-7,2.2169688292004483e-7
1799,-4.51903034655891e-7,1.8718436583202926e-7
1800,-4.659637642759252e-7,1.514008047440754e-7
1801,-4.771908029197782e-7,1.1456337580942451e-7
1802,-4.855053625846325e-7,7.68964951275287e-8
1803,-4.908464294156607e-7,3.863045178378249e-8
1804,-4.931712e-7,1.8118815945349777e-22
1805,-4.924554061402739e-7,-3.875708099825027e-8
1806,-4.88693525729993e-7,-7.740145056296957e-8
1807,-4.818988780530752e-7,-1.1569368464508205e-7
1808,-4.721036025422757e-7,-1.5339575912849678e-7
1809,-4.593585207521695e-7,-1.9027252928719146e-7
1810,-4.437328820269873e-7,-2.2609319617025832e-7
1811,-4.2531399406759373e-7,-2.606327507715633e-7
1812,-4.0420674032070793e-7,-2.936733869494133e-7
1813,-3.805329868225904e-7,-3.2500587422689835e-7
1814,-3.544308818244548e-7,-3.5443088182445523e-7
1815,-3.260540522033973e-7,-3.8176024555158223e-7
1816,-2.9557070131642953e-7,-4.068181695129186e-7
1817,-2.6316261358212497e-7,-4.294423549632124e-7
1818,-2.2902407167040206e-7,-4.4948504907389417e-7
1819,-1.9336069274235434e-7,-4.6681400684844755e-7
1820,-1.5638819070512977e-7,-4.813133599418011e-7
1821,-1.1833107192828422e-7,-4.928843866974348e-7
1822,-7.942127230473397e-8,-5.014461783114346e-7
1823,-3.9896743928464005e-8,-5.069361966617931e-7
1824,-2.1830401005680183e-22,-5.093107200000001e-7
1825,4.002337314293172e-8,-5.085451733864063e-7
1826,7.992622774017476e-8,-5.046343414567952e-7
1827,1.1946138076394168e-7,-4.97592461830732e-7
1828,1.583831450895511e-7,-4.874531982081517e-7
1829,1.9644885619751646e-7,-4.7426949294472606e-7
1830,2.3342038492061552e-7,-4.581132996442555e-7
1831,2.690656268067676e-7,-4.3907519705299e-7
1832,3.031599587844927e-7,-4.172638862817623e-7
1833,3.354876539918843e-7,-3.9280557411251146e-7
1834,3.658432458615504e-7,-3.6584324586155143e-7
1835,3.9403283284150324e-7,-3.3653583196838327e-7
1836,4.1987531547397293e-7,-3.0505727315150896e-7
1837,4.4320355794860854e-7,-2.715954896173294e-7
1838,4.638654666911632e-7,-2.363512604207577e-7
1839,4.817249790410041e-7,-1.9953701965267937e-7
1840,4.96662955607677e-7,-1.6137557666618416e-7
1841,5.085779704750916e-7,-1.220987680471439e-7
1842,5.173869940382366e-7,-8.194604948194102e-8
1843,5.230259639079256e-7,-4.116303607314552e-8
1844,5.2545024e-7,-2.5739638181088343e-22
1845,5.246349406325388e-7,4.128966528761315e-8
1846,5.205751571835971e-7,8.245100491738175e-8
1847,5.132860456083886e-7,1.232290768828013e-7
1848,5.028027938740276e-7,1.633705310506054e-7
1849,4.891804651372826e-7,2.0262518310784143e-7
1850,4.7249371726152465e-7,2.407475736709711e-7
1851,4.528364000383861e-7,2.7749850284197193e-7
1852,4.303210322428167e-7,3.1264653061957204e-7
1853,4.050781614024325e-7,3.4596943375687024e-7
1854,3.772556098986467e-7,3.77255609898647e-7
1855,3.4701761173336934e-7,4.063054201314242e-7
1856,3.1454384498658843e-7,4.329324614350272e-7
1857,2.8002836565253375e-7,4.569647609340047e-7
1858,2.43678449171115e-7,4.782458843084314e-7
1859,2.0571334656300445e-7,4.966359512335607e-7
1860,1.6636296262723853e-7,5.120125512735531e-7
1861,1.258664641660036e-7,5.242715542527483e-7
1862,8.447082665914625e-8,5.333278097650388e-7
1863,4.242932821782703e-8,5.39115731154058e-7
1864,2.9846527471574247e-22,5.4158976e-7
1865,-4.2555957432294584e-8,5.407247078786713e-7
1866,-8.497578209458687e-8,5.365159729103993e-7
1867,-1.2699677300166093e-7,5.289796293860455e-7
1868,-1.6835791701165972e-7,5.181523895399036e-7
1869,-2.0880151001816644e-7,5.040914373298392e-7
1870,-2.480747624213283e-7,4.868741348787929e-7
1871,-2.8593137887717625e-7,4.6659760302378225e-7
1872,-3.2213310245465146e-7,4.433781782038711e-7
1873,-3.564512135218562e-7,4.173507486923535e-7
1874,-3.8866797393574213e-7,3.886679739357433e-7
1875,-4.1857800742134516e-7,3.5749939149835526e-7
1876,-4.459896073960816e-7,3.2403041682166785e-7
1877,-4.7072596391940085e-7,2.884612416877381e-7
1878,-4.926263019257005e-7,2.5100563792147054e-7
1879,-5.115469234261172e-7,2.1188967347332948e-7
1880,-5.27362146939429e-7,1.7135034858829294e-7
1881,-5.39965138030405e-7,1.296341602848633e-7
1882,-5.492686254918406e-7,8.699560383635334e-8
1883,-5.552054984001905e-7,4.369562036250855e-8
1884,-5.5772928e-7,3.41510688771379e-22
1885,-5.568144751248037e-7,-4.382224957697602e-8
1886,-5.524567886372011e-7,-8.75005592717939e-8
1887,-5.446732131637022e-7,-1.307644691205205e-7
1888,-5.335019852057799e-7,-1.7334530297271308e-7
1889,-5.190024095223962e-7,-2.1497783692849046e-7
1890,-5.01254552496062e-7,-2.554019511716838e-7
1891,-4.803588060091785e-7,-2.943642549123806e-7
1892,-4.564353241649254e-7,-3.3161967428973083e-7
1893,-4.2962333598227455e-7,-3.669329932868421e-7
1894,-4.0008033797283854e-7,-4.000803379728387e-7
1895,-3.679811712633405e-7,-4.308505947112668e-7
1896,-3.3351698865674654e-7,-4.5904675335713646e-7
1897,-2.968941177229434e-7,-4.844871669047965e-7
1898,-2.583328266718279e-7,-5.070067195429687e-7
1899,-2.1806600038365456e-7,-5.264578956186737e-7
1900,-1.7633773454934734e-7,-5.427117426053049e-7
1901,-1.3340185640372298e-7,-5.556587218080617e-7
1902,-8.95203810135585e-8,-5.652094412186428e-7
1903,-4.496191250718906e-8,-5.712952656463231e-7
1904,-1.4059283917762073e-21,-5.738688e-7
1905,4.508854172165643e-8,-5.729042423709365e-7
1906,9.002533644899896e-8,-5.683976043640033e-7
1907,1.3453216523938013e-7,-5.60366796941359e-7
1908,1.7833268893376835e-7,-5.488515808716555e-7
1909,2.2115416383881636e-7,-5.339133817149524e-7
1910,2.627291399220411e-7,-5.156349701133303e-7
1911,3.0279713094758577e-7,-4.941200089945741e-7
1912,3.4110624612481115e-7,-4.6949247012597923e-7
1913,3.7741477305182734e-7,-4.418959232721963e-7
1914,4.11492702009934e-7,-4.1149270200993527e-7
1915,4.4312318200118713e-7,-3.7846295102832735e-7
1916,4.7210389931819016e-7,-3.430035604918268e-7
1917,4.982483698901932e-7,-3.053269937581469e-7
1918,5.213871371602377e-7,-2.656600154221834e-7
1919,5.413688678112307e-7,-2.2424232729397867e-7
1920,5.580613382711805e-7,-1.8132512051040268e-7
1921,5.713523055857181e-7,-1.3716955252258372e-7
1922,5.811502569454446e-7,-9.20451581907657e-8
1923,5.873850328924555e-7,-4.6228204651871594e-8
1924,5.900083200000001e-7,-4.335310803349844e-22
1925,5.889940096170688e-7,4.635483386633888e-8
1926,5.843384200908052e-7,9.255011362620604e-8
1927,5.760603807190154e-7,1.3829986135824077e-7
1928,5.642011765375312e-7,1.8332007489482366e-7
1929,5.488243539075094e-7,2.2733049074914036e-7
1930,5.300153877305993e-7,2.700563286723965e-7
1931,5.078812119799709e-7,3.112300069827892e-7
1932,4.825496160870342e-7,3.505928179598897e-7
1933,4.541685105621167e-7,3.8789655281681405e-7
1934,4.229050660470305e-7,4.2290506604703057e-7
1935,3.889447307933125e-7,4.553957692911088e-7
1936,3.52490132326907e-7,4.851610452792439e-7
1937,3.1375986979335215e-7,5.120095728755887e-7
1938,2.729872041725408e-7,5.357675547775059e-7
1939,2.304186542043047e-7,5.562798400037869e-7
1940,1.8631250647145612e-7,5.734109339370568e-7
1941,1.409372486414424e-7,5.870458893633751e-7
1942,9.45699353679708e-8,5.970910726722469e-7
1943,4.749449679655204e-8,6.03474800138588e-7
1944,-5.942288034287353e-22,6.0614784e-7
1945,-4.762112601101923e-8,6.050837768632014e-7
1946,-9.507489080341105e-8,6.002792358176074e-7
1947,-1.4206755747709936e-7,5.917539644966723e-7
1948,-1.8830746085587695e-7,5.795507722034075e-7
1949,-2.3350681765946631e-7,5.637353261000654e-7
1950,-2.7738351742275384e-7,5.443958053478675e-7
1951,-3.1966288301799444e-7,5.216424149653665e-7
1952,-3.6007938979496815e-7,4.956067620480893e-7
1953,-3.9837833258179917e-7,4.6644109785203843e-7
1954,-4.343174300841257e-7,4.343174300841272e-7
1955,-4.676683565810292e-7,3.994265105582994e-7
1956,-4.982181912402988e-7,3.619767041619857e-7
1957,-5.257707758609854e-7,3.2219274582855567e-7
1958,-5.50147972394775e-7,2.803143929228963e-7
1959,-5.711908121963438e-7,2.3659498111462875e-7
1960,-5.887605296029331e-7,1.9129989243250948e-7
1961,-6.027394731410315e-7,1.4470494476030316e-7
1962,-6.130318883990487e-7,9.709471254517802e-8
1963,-6.195645673847205e-7,4.876078894123464e-8
1964,-6.222873600000001e-7,5.3345755650169975e-22
1965,-6.211735441093338e-7,-4.888741815570173e-8
1966,-6.162200515444094e-7,-9.75996679806182e-8
1967,-6.074475482743288e-7,-1.4583525359596005e-7
1968,-5.949003678692838e-7,-1.932948468169302e-7
1969,-5.786462982926225e-7,-2.3968314456979023e-7
1970,-5.587762229651367e-7,-2.847107061731092e-7
1971,-5.354036179507633e-7,-3.280957590531978e-7
1972,-5.086639080091429e-7,-3.6956596163004847e-7
1973,-4.787136851419588e-7,-4.0886011234678594e-7
1974,-4.4572979412122233e-7,-4.4572979412122233e-7
1975,-4.099082903232845e-7,-4.799409438709509e-7
1976,-3.714632759970643e-7,-5.112753372013538e-7
1977,-3.3062562186376104e-7,-5.395319788463809e-7
1978,-2.876415816732538e-7,-5.645283900120431e-7
1979,-2.427713080249548e-7,-5.861017843888999e-7
1980,-1.962872783935649e-7,-6.041101252688087e-7
1981,-1.484726408791618e-7,-6.184330569186885e-7
1982,-9.961948972238308e-8,-6.28972704125851e-7
1983,-5.002708108591503e-8,-6.35654334630853e-7
1984,-1.7204595310561865e-21,-6.3842688e-7
1985,5.015371030038201e-8,-6.372633113554664e-7
1986,1.0012444515782314e-7,-6.321608672712115e-7
1987,1.4960294971481856e-7,-6.231411320519857e-7
1988,1.9828223277798554e-7,-6.102499635351595e-7
1989,2.4585947148011627e-7,-5.935572704851787e-7
1990,2.920378949234666e-7,-5.731566405824049e-7
1991,3.365286350884031e-7,-5.49164820936159e-7
1992,3.790525334651287e-7,-5.217210539701967e-7
1993,4.1934189211177095e-7,-4.909862724318805e-7
1994,4.571421581583174e-7,-4.5714215815831906e-7
1995,4.922135311608711e-7,-4.203900700882714e-7
1996,5.243324831624075e-7,-3.8094984783214466e-7
1997,5.532931818317777e-7,-3.3905849789896445e-7
1998,5.789088076293122e-7,-2.949687704236092e-7
1999,6.010127565814568e-7,-2.4894763493527886e-7
2000,6.194597209346843e-7,-2.0127466435462043e-7
2001,6.34126640696345e-7,-1.5224033699802263e-7
2002,6.449135198526528e-7,-1.0214426689959037e-7
2003,6.517441018769854e-7,-5.12933732305977e-8
2004,6.545664e-7,-6.412901172715248e-22
2005,6.533530786015988e-7,5.142000244506456e-8
2006,6.481016829980134e-7,1.0264922233503034e-7
2007,6.388347158296423e-7,1.533706458336793e-7
2008,6.255995592010351e-7,2.0326961873904097e-7
2009,6.084682426777357e-7,2.5203579839044013e-7
2010,5.87537058199674e-7,2.9936508367382193e-7
2011,5.629260239215556e-7,3.449615111236065e-7
2012,5.347781999312518e-7,3.8853910530020716e-7
2013,5.032588597218008e-7,4.2982367187675776e-7
2014,4.6855452219541414e-7,4.6855452219541414e-7
2015,4.308718498532565e-7,5.044861184507929e-7
2016,3.9043641966722503e-7,5.373896291234612e-7
2017,3.474913739341698e-7,5.670543848171731e-7
2018,3.022959591739667e-7,5.932892252465804e-7
2019,2.5512396184560495e-7,6.15923728774013e-7
2020,2.0626205031567374e-7,6.348093166005606e-7
2021,1.5600803311688122e-7,6.498202244740019e-7
2022,1.0466904407679535e-7,6.60854335579455e-7
2023,5.255966537527804e-8,6.678338691231181e-7
2024,-4.932418688356336e-22,6.7070592e-7
2025,-5.268629458974479e-8,6.694428458477314e-7
2026,-1.0517399951223522e-7,6.640424987248156e-7
2027,-1.5713834195253776e-7,6.545282996072992e-7
2028,-2.0825700470009412e-7,6.409491548669114e-7
2029,-2.582121253007662e-7,6.233792148702918e-7
2030,-3.066922724241793e-7,6.019174758169422e-7
2031,-3.5339438715881174e-7,5.766872269069512e-7
2032,-3.9802567713528547e-7,5.478353458923069e-7
2033,-4.403054516417428e-7,5.155314470117226e-7
2034,-4.799668862325091e-7,4.79966886232511e-7
2035,-5.16758705740713e-7,4.413536296182434e-7
2036,-5.504467750845161e-7,3.999229915023036e-7
2037,-5.8081558780257e-7,3.5592424996937323e-7
2038,-6.076696428638495e-7,3.0962314792432213e-7
2039,-6.308347009665701e-7,2.6130028875592897e-7
2040,-6.501589122664369e-7,2.1124943627672702e-7
2041,-6.655138082516584e-7,1.5977572923574214e-7
2042,-6.767951513062568e-7,1.0719382125400275e-7
2043,-6.839236363692505e-7,5.382595751996077e-8
2044,-6.868454400000001e-7,7.570287626444599e-22
2045,-6.855326130938638e-7,-5.395258673442741e-8
2046,-6.799833144516175e-7,-1.0769877668944245e-7
2047,-6.702218833849558e-7,-1.6090603807139856e-7
2048,-6.562987505327876e-7,-2.1324439066114726e-7
2049,-6.382901870628489e-7,-2.6438845221109e-7
2050,-6.162978934342113e-7,-3.140194611745346e-7
2051,-5.904484298923481e-7,-3.61827263194015e-7
2052,-5.608924918533605e-7,-4.075122489703659e-7
2053,-5.278040343016428e-7,-4.5078723140672954e-7
2054,-4.91379250269606e-7,-4.913792502696058e-7
2055,-4.5183540938322843e-7,-5.290312930306347e-7
2056,-4.0940956333738197e-7,-5.635039210455711e-7
2057,-3.6435712600457866e-7,-5.945767907879654e-7
2058,-3.1695033667467963e-7,-6.220500604811176e-7
2059,-2.674766156662551e-7,-6.457456731591261e-7
2060,-2.1623682223778253e-7,-6.655085079323124e-7
2061,-1.6354342535460066e-7,-6.812073920293153e-7
2062,-1.0971859843120767e-7,-6.92735967033059e-7
2063,-5.5092249664641056e-8,-7.00013403615383e-7
2064,-2.0666150087486053e-21,-7.029849600000001e-7
2065,5.521887887910758e-8,-7.016223803399963e-7
2066,1.1022355386664728e-7,-6.959241301784197e-7
2067,1.6467373419025696e-7,-6.859154671626127e-7
2068,2.1823177662220272e-7,-6.716483461986634e-7
2069,2.7056477912141617e-7,-6.53201159255405e-7
2070,3.213466499248921e-7,-6.306783110514795e-7
2071,3.7026013922922036e-7,-6.042096328777436e-7
2072,4.1699882080544627e-7,-5.739496378144142e-7
2073,4.6126901117171466e-7,-5.400766215915648e-7
2074,5.027916143067007e-7,-5.02791614306703e-7
2075,5.41303880320555e-7,-4.623171891482154e-7
2076,5.765610670066248e-7,-4.188961351724625e-7
2077,6.083379937733622e-7,-3.72790002039782e-7
2078,6.364304780983868e-7,-3.2427752542503506e-7
2079,6.606566453516832e-7,-2.736529425765791e-7
2080,6.80858103598188e-7,-2.2122420819883816e-7
2081,6.969009758069717e-7,-1.673111214734616e-7
2082,7.086767827598609e-7,-1.122433756084151e-7
2083,7.161031708615154e-7,-5.635854180932384e-8
2084,7.191244800000001e-7,-8.80673492620505e-22
2085,7.17712147586129e-7,5.648517102379024e-8
2086,7.118649459052216e-7,1.1274833104385458e-7
2087,7.016090509402692e-7,1.684414303091178e-7
2088,6.86997941864539e-7,2.232191625832583e-7
2089,6.68112131447962e-7,2.767411060317399e-7
2090,6.450587286687487e-7,3.286738386752473e-7
2091,6.179708358631403e-7,3.7869301526442356e-7
2092,5.870067837754707e-7,4.264853926405225e-7
2093,5.523492088814849e-7,4.7175079093670137e-7
2094,5.142039783437998e-7,5.142039783437958e-7
2095,4.7279896891320037e-7,5.535764676104767e-7
2096,4.28382707007543e-7,5.896182129676783e-7
2097,3.8122287807498527e-7,6.22099196758759e-7
2098,3.316047141753926e-7,6.508108957156548e-7
2099,2.798292694869029e-7,6.755676175442403e-7
2100,2.2621159415989136e-7,6.962076992640643e-7
2101,1.710788175923226e-7,7.12594559584628e-7
2102,1.1476815278561998e-7,7.246175984866631e-7
2103,5.762483395400668e-8,7.321929381076479e-7
2104,-3.606305958300923e-22,7.35264e-7
2105,-5.775146316847034e-8,7.338019148322615e-7
2106,-1.1527310822106192e-7,7.278057616320235e-7
2107,-1.7220912642797617e-7,7.173026347179262e-7
2108,-2.282065485443138e-7,7.023475375304145e-7
2109,-2.8291743294206607e-7,6.830231036405181e-7
2110,-3.3600102742560246e-7,6.59439146286018e-7
2111,-3.87125891299629e-7,6.317320388485359e-7
2112,-4.359719644756029e-7,6.000639297365245e-7
2113,-4.822325707016883e-7,5.646217961714053e-7
2114,-5.256163423808925e-7,5.256163423808948e-7
2115,-5.658490549003987e-7,4.832807486781855e-7
2116,-6.026753589287334e-7,4.3786927884262146e-7
2117,-6.358603997441531e-7,3.896557541101931e-7
2118,-6.651913133329241e-7,3.38931902925748e-7
2119,-6.904785897367953e-7,2.8600559639723163e-7
2120,-7.115572949299407e-7,2.3119898012094454e-7
2121,-7.282881433622852e-7,1.748465137111811e-7
2122,-7.405584142134654e-7,1.1729292996282484e-7
2123,-7.482827053537805e-7,5.889112609868693e-8
2124,-7.514035200000001e-7,3.681745871002506e-21
2125,-7.498916820783938e-7,-5.901775531315304e-8
2126,-7.43746577358826e-7,-1.1779788539826404e-7
2127,-7.329962184955824e-7,-1.7597682254683704e-7
2128,-7.176971331962916e-7,-2.331939345053643e-7
2129,-6.979340758330741e-7,-2.890937598523922e-7
2130,-6.73819563903286e-7,-3.433282161759599e-7
2131,-6.454932418339313e-7,-3.955587673348344e-7
2132,-6.13121075697578e-7,-4.4545853631068327e-7
2133,-5.768943834613288e-7,-4.927143504666712e-7
2134,-5.370287064179899e-7,-5.370287064179892e-7
2135,-4.937625284431745e-7,-5.781216421903169e-7
2136,-4.4735585067769977e-7,-6.157325048897885e-7
2137,-3.980886301453964e-7,-6.496216027295499e-7
2138,-3.462590916761031e-7,-6.795717309501933e-7
2139,-2.9218192330755544e-7,-7.053895619293521e-7
2140,-2.3618636608199763e-7,-7.26906890595817e-7
2141,-1.7861420983003954e-7,-7.439817271399419e-7
2142,-1.19817707140035e-7,-7.564992299402669e-7
2143,-6.01574182433671e-8,-7.643724725999129e-7
2144,-2.4443948248534633e-21,-7.6754304e-7
2145,6.028404745783581e-8,-7.659814493245262e-7
2146,1.2032266257547138e-7,-7.59687393085628e-7
2147,1.7974451866569796e-7,-7.486898022732388e-7
2148,2.3818132046641989e-7,-7.330467288621672e-7
2149,2.952700867627134e-7,-7.128450480256324e-7
2150,3.506554049263175e-7,-6.881999815205542e-7
2151,4.039916433700353e-7,-6.592544448193298e-7
2152,4.5494510814576375e-7,-6.261782216586317e-7
2153,5.031961302316582e-7,-5.89166970751249e-7
2154,5.484410704550862e-7,-5.484410704550849e-7
2155,5.903942294802388e-7,-5.042443082081595e-7
2156,6.287896508508403e-7,-4.5684242251278263e-7
2157,6.633828057149468e-7,-4.0652150618059963e-7
2158,6.939521485674601e-7,-3.5358628042646334e-7
2159,7.203005341219093e-7,-2.9835825021787925e-7
2160,7.422564862616918e-7,-2.4117375204305594e-7
2161,7.596753109175992e-7,-1.8238190594889792e-7
2162,7.724400456670689e-7,-1.2234248431723984e-7
2163,7.804622398460455e-7,-6.142371038804724e-8
2164,7.836825600000001e-7,-1.1516812063819243e-21
2165,7.820712165706591e-7,6.155033960251308e-8
2166,7.756282088124296e-7,1.2284743975267876e-7
2167,7.643833860508965e-7,1.835122147845535e-7
2168,7.483963245280428e-7,2.431687064274755e-7
2169,7.277560202181884e-7,3.014464136730396e-7
2170,7.025803991378222e-7,3.5798259367667516e-7
2171,6.730156478047251e-7,4.1242451940524075e-7
2172,6.392353676196852e-7,4.644316799808443e-7
2173,6.014395580411691e-7,5.136779099966451e-7
2174,5.598534344921836e-7,5.59853434492179e-7
2175,5.147260879731444e-7,6.026668167701607e-7
2176,4.66328994347861e-7,6.418467968118954e-7
2177,4.149543822158028e-7,6.771440087003436e-7
2178,3.6091346917681856e-7,7.083325661847292e-7
2179,3.0453457712820296e-7,7.352115063144664e-7
2180,2.4616113800410904e-7,7.57606081927568e-7
2181,1.8614960206776176e-7,7.753688946952548e-7
2182,1.2486726149444463e-7,7.883808613938713e-7
2183,6.269000253273296e-8,7.965520070921777e-7
2184,-1.9639498441211147e-22,7.9982208e-7
2185,-6.281663174719584e-8,7.981609838167914e-7
2186,-1.2537221692988622e-7,7.915690245392315e-7
2187,-1.872799109034145e-7,7.800769698285531e-7
2188,-2.4815609238852573e-7,7.637459201939201e-7
2189,-3.076227405833658e-7,7.426669924107445e-7
2190,-3.653097824270277e-7,7.16960816755093e-7
2191,-4.208573954404462e-7,6.867768507901207e-7
2192,-4.739182518159203e-7,6.52292513580742e-7
2193,-5.241596897616321e-7,6.137121453310893e-7
2194,-5.712657985292759e-7,5.712657985292788e-7
2195,-6.149394040600825e-7,5.252078677381294e-7
2196,-6.549039427729507e-7,4.758155661829393e-7
2197,-6.909052116857374e-7,4.233872582510109e-7
2198,-7.227129838019986e-7,3.6824065792717377e-7
2199,-7.501224785070213e-7,3.1071090403853206e-7
2200,-7.729556775934445e-7,2.5114852396516213e-7
2201,-7.910624784729119e-7,1.8991729818662014e-7
2202,-8.043216771206734e-7,1.273920386716494e-7
2203,-8.126417743383106e-7,6.395629467741312e-8
2204,-8.159616e-7,-1.5998337475286441e-21
2205,-8.142507510629239e-7,-6.408292389187866e-8
2206,-8.075098402660344e-7,-1.2789699410708802e-7
2207,-7.957705536062093e-7,-1.9104760702227547e-7
2208,-7.790955158597956e-7,-2.531434783495813e-7
2209,-7.575779646033004e-7,-3.137990674936921e-7
2210,-7.313412343723609e-7,-3.7263697117738527e-7
2211,-7.00538053775516e-7,-4.2929027147565175e-7
2212,-6.653496595417956e-7,-4.834048236510006e-7
2213,-6.259847326210132e-7,-5.346414695266148e-7
2214,-5.826781625663736e-7,-5.826781625663727e-7
2215,-5.356896475031187e-7,-6.272119913500008e-7
2216,-4.853021380180176e-7,-6.679610887340057e-7
2217,-4.318201342862141e-7,-7.046664146711342e-7
2218,-3.755678466775289e-7,-7.370934014192677e-7
2219,-3.1688723094885577e-7,-7.650334506995783e-7
2220,-2.5613590992622063e-7,-7.88305273259319e-7
2221,-1.9368499430547842e-7,-8.067560622505689e-7
2222,-1.2991681584885987e-7,-8.202624928474749e-7
2223,-6.522258682209318e-8,-8.28731541584443e-7
2224,-2.853798979370761e-21,-8.3210112e-7
2225,6.534921603656154e-8,-8.303405183090562e-7
2226,1.3042177128429546e-7,-8.234506559928362e-7
2227,1.9481530314113652e-7,-8.114641373838658e-7
2228,2.58130864310637e-7,-7.944451115256712e-7
2229,3.19975394404013e-7,-7.724889367958588e-7
2230,3.799641599277429e-7,-7.457216519896289e-7
2231,4.377231475108523e-7,-7.142992567609146e-7
2232,4.928913954860814e-7,-6.784068055028491e-7
2233,5.451232492916017e-7,-6.382573199109334e-7
2234,5.940905266034698e-7,-5.940905266034685e-7
2235,6.394845786399226e-7,-5.461714272681037e-7
2236,6.81018234695061e-7,-4.947887098530958e-7
2237,7.184276176565312e-7,-4.4025301032141724e-7
2238,7.514738190365345e-7,-3.8289503542788945e-7
2239,7.799444228921356e-7,-3.2306355785917953e-7
2240,8.036548689251955e-7,-2.611232958872737e-7
2241,8.224496460282258e-7,-1.9745269042433675e-7
2242,8.362033085742772e-7,-1.3244159302606463e-7
2243,8.448213088305756e-7,-6.648887896677322e-8
2244,8.482406400000001e-7,-1.4543132585557833e-21
2245,8.464302855551891e-7,6.661550818123846e-8
2246,8.39391471719638e-7,1.3294654846150297e-7
2247,8.271577211615236e-7,1.985829992599918e-7
2248,8.097947071915467e-7,2.6311825027169264e-7
2249,7.873999089884148e-7,3.261517213143393e-7
2250,7.601020696068969e-7,3.8729134867810063e-7
2251,7.280604597463099e-7,4.4615602354605783e-7
2252,6.914639514639061e-7,5.02377967321157e-7
2253,6.505299072008535e-7,5.556050290565887e-7
2254,6.055028906405677e-7,6.055028906405623e-7
2255,5.566532070330885e-7,6.517571659298446e-7
2256,5.04275281688179e-7,6.940753806561126e-7
2257,4.486858863566204e-7,7.32188820641928e-7
2258,3.902222241782445e-7,7.658542366538036e-7
2259,3.292398847695031e-7,7.948553950846926e-7
2260,2.661106818483267e-7,8.190044645910718e-7
2261,2.012203865432009e-7,8.381432298058814e-7
2262,1.349663702032693e-7,8.521441243010792e-7
2263,6.77551711114593e-8,8.609110760767076e-7
2264,-5.350345816911465e-25,8.6438016e-7
2265,-6.788180032592133e-8,8.625200528013214e-7
2266,-1.3547132563871054e-7,8.553322874464397e-7
2267,-2.023506953788528e-7,8.428513049391798e-7
2268,-2.681056362327485e-7,8.251443028574222e-7
2269,-3.323280482246656e-7,8.023108811809709e-7
2270,-3.946185374284529e-7,7.744824872241676e-7
2271,-4.545888995812634e-7,7.418216627317054e-7
2272,-5.118645391562376e-7,7.045210974249599e-7
2273,-5.660868088215759e-7,6.628024944907735e-7
2274,-6.169152546776593e-7,6.169152546776626e-7
2275,-6.640297532197666e-7,5.671349867980733e-7
2276,-7.071325266171679e-7,5.137618535232572e-7
2277,-7.459500236273218e-7,4.571187623918287e-7
2278,-7.80234654271073e-7,3.9754941292859967e-7
2279,-8.097663672772474e-7,3.354162116798325e-7
2280,-8.343540602569482e-7,2.710980678093797e-7
2281,-8.538368135835387e-7,2.0498808266205915e-7
2282,-8.680849400278817e-7,1.3749114738047394e-7
2283,-8.770008433228404e-7,6.902146325613933e-8
2284,-8.805196800000001e-7,4.745722723136417e-21
2285,-8.786098200474538e-7,-6.914809247060426e-8
2286,-8.712731031732427e-7,-1.37996102815912e-7
2287,-8.585448887168364e-7,-2.0611839149771395e-7
2288,-8.404938985232997e-7,-2.7309302219379836e-7
2289,-8.172218533735268e-7,-3.3850437513499207e-7
2290,-7.888629048414356e-7,-4.019457261788106e-7
2291,-7.555828657171008e-7,-4.63021775616469e-7
2292,-7.175782433860131e-7,-5.213511109913181e-7
2293,-6.750750817806975e-7,-5.765685885865581e-7
2294,-6.283276187147574e-7,-6.283276187147562e-7
2295,-5.776167665630629e-7,-6.763023405096843e-7
2296,-5.232484253583355e-7,-7.20189672578223e-7
2297,-4.6555163842703187e-7,-7.597112266127186e-7
2298,-4.048766016789547e-7,-7.946150718883423e-7
2299,-3.415925385901562e-7,-8.246773394698044e-7
2300,-2.760854537704326e-7,-8.497036559228247e-7
2301,-2.0875577878091735e-7,-8.695303973611954e-7
2302,-1.400159245576848e-7,-8.840257557546828e-7
2303,-7.02877554008193e-8,-8.93090610568973e-7
2304,-3.2948274723004977e-21,-8.966592e-7
2305,7.041438461528722e-8,-8.946995872935862e-7
2306,1.4052087999311953e-7,-8.872139189000443e-7
2307,2.0988608761657508e-7,-8.742384724944927e-7
2308,2.780804081548541e-7,-8.558434941891751e-7
2309,3.4468070204531255e-7,-8.321328255660853e-7
2310,4.0927291492916835e-7,-8.032433224587036e-7
2311,4.7145465165166934e-7,-7.693440687024994e-7
2312,5.308376828263989e-7,-7.306353893470667e-7
2313,5.870503683515454e-7,-6.873476690706177e-7
2314,6.397399827518533e-7,-6.397399827518522e-7
2315,6.885749277996065e-7,-5.880985463280478e-7
2316,7.332468185392746e-7,-5.327349971934188e-7
2317,7.734724295981156e-7,-4.7398451446223496e-7
2318,8.089954895056088e-7,-4.122037904293155e-7
2319,8.395883116623617e-7,-3.477688655004798e-7
2320,8.650532515886991e-7,-2.8107283973149156e-7
2321,8.852239811388527e-7,-2.1252347489977555e-7
2322,8.999665714814852e-7,-1.4254070173488944e-7
2323,9.091803778151056e-7,-7.155404754549922e-8
2324,9.127987200000001e-7,-1.788569649142082e-21
2325,9.107893545397191e-7,7.168067675996379e-8
2326,9.031547346268462e-7,1.4304565717032715e-7
2327,8.899320562721506e-7,2.1365378373542997e-7
2328,8.711930898550507e-7,2.8306779411590995e-7
2329,8.470437977586414e-7,3.50857028955639e-7
2330,8.176237400759715e-7,4.166001036795261e-7
2331,7.831052716878949e-7,4.798875276868749e-7
2332,7.436925353081201e-7,5.403242546614794e-7
2333,6.996202563605376e-7,5.975321481165323e-7
2334,6.511523467889516e-7,6.511523467889456e-7
2335,5.985803260930325e-7,7.008475150895283e-7
2336,5.422215690284969e-7,7.463039645003297e-7
2337,4.824173904974379e-7,7.872336325835126e-7
2338,4.195309791796705e-7,8.23375907122878e-7
2339,3.539451924108033e-7,8.544992838549187e-7
2340,2.8606022569254444e-7,8.804028472545755e-7
2341,2.1629117101864004e-7,9.009175649165082e-7
2342,1.4506547891209402e-7,9.159073872082874e-7
2343,7.282033969018566e-8,9.252701450612376e-7
2344,2.269492536611687e-22,9.2893824e-7
2345,-7.294696890464677e-8,9.268791217858513e-7
2346,-1.455704343475348e-7,9.19095550353648e-7
2347,-2.174214798542911e-7,9.056256400498069e-7
2348,-2.880551800769595e-7,8.865426855209281e-7
2349,-3.570333558659654e-7,8.619547699511972e-7
2350,-4.239272924298781e-7,8.320041576932424e-7
2351,-4.883204037220806e-7,7.968664746732903e-7
2352,-5.498108264965549e-7,7.567496812691775e-7
2353,-6.080139278815195e-7,7.118928436504577e-7
2354,-6.625647108260426e-7,6.625647108260464e-7
2355,-7.131201023794505e-7,6.090621058580174e-7
2356,-7.593611104613851e-7,5.517081408635752e-7
2357,-8.009948355689062e-7,4.908502665326465e-7
2358,-8.377563247401476e-7,4.2685816793002557e-7
2359,-8.694102560474735e-7,3.60121519321133e-7
2360,-8.957524429204521e-7,2.910476116535973e-7
2361,-9.166111486941652e-7,2.2005886713749824e-7
2362,-9.318482029350897e-7,1.4759025608929857e-7
2363,-9.413599123073702e-7,7.408663183486558e-8
2364,-9.450777600000001e-7,-1.3900337141422412e-21
2365,-9.429688890319839e-7,-7.421326104932981e-8
2366,-9.350363660804507e-7,-1.4809521152473588e-7
2367,-9.213192238274632e-7,-2.2118917597315232e-7
2368,-9.018922811868036e-7,-2.9304256603801534e-7
2369,-8.768657421437533e-7,-3.632096827762919e-7
2370,-8.463845753105104e-7,-4.312544811802359e-7
2371,-8.106276776586855e-7,-4.967532797572863e-7
2372,-7.698068272302308e-7,-5.592973983316355e-7
2373,-7.241654309403821e-7,-6.184957076465016e-7
2374,-6.739770748631412e-7,-6.739770748631396e-7
2375,-6.195438856230071e-7,-7.253926896693681e-7
2376,-5.611947126986532e-7,-7.724182564224403e-7
2377,-4.992831425678496e-7,-8.14756038554303e-7
2378,-4.3418535668038047e-7,-8.521367423574168e-7
2379,-3.662978462314566e-7,-8.843212282400305e-7
2380,-2.960349976146566e-7,-9.111020385863263e-7
2381,-2.2382656325635633e-7,-9.323047324718224e-7
2382,-1.5011503326650976e-7,-9.47789018661891e-7
2383,-7.535292397954543e-8,-9.574496795535028e-7
2384,-3.767480303642675e-21,-9.6121728e-7
2385,7.547955319401287e-8,-9.590586562781163e-7
2386,1.5061998870194355e-7,-9.509771818072526e-7
2387,2.2495687209201354e-7,-9.370128076051195e-7
2388,2.980299519990712e-7,-9.17241876852679e-7
2389,3.6938600968661214e-7,-8.917767143363117e-7
2390,4.3858166993059367e-7,-8.607649929277783e-7
2391,5.051861557924863e-7,-8.243888806440844e-7
2392,5.687839701667162e-7,-7.828639731912843e-7
2393,6.289774874114888e-7,-7.364380182303021e-7
2394,6.853894389002367e-7,-6.85389438900236e-7
2395,7.376652769592903e-7,-6.300256653879919e-7
2396,7.854754023834956e-7,-5.706812845337314e-7
2397,8.285172415397001e-7,-5.077160186030526e-7
2398,8.665171599746831e-7,-4.4151254543074157e-7
2399,8.992322004325878e-7,-3.724741731417801e-7
2400,9.264516342522028e-7,-3.0102238357570944e-7
2401,9.479983162494795e-7,-2.275942593752144e-7
2402,9.637298343886932e-7,-1.526398104437143e-7
2403,9.735394467996355e-7,-7.661921612422525e-8
2404,9.773568000000002e-7,-2.15445037814082e-21
2405,9.751484235242492e-7,7.67458453386891e-8
2406,9.669179975340542e-7,1.5314476587915125e-7
2407,9.527063913827775e-7,2.287245682108681e-7
2408,9.325914725185546e-7,3.030173379601271e-7
2409,9.066876865288676e-7,3.755623365969386e-7
2410,8.751454105450463e-7,4.4590885868095164e-7
2411,8.381500836294798e-7,5.136190318276921e-7
2412,7.959211191523416e-7,5.782705420017914e-7
2413,7.48710605520222e-7,6.394592671764761e-7
2414,6.968018029373356e-7,6.968018029373287e-7
2415,6.405074451529765e-7,7.499378642492123e-7
2416,5.80167856368815e-7,7.985325483445468e-7
2417,5.161488946382556e-7,8.422784445250971e-7
2418,4.488397341810965e-7,8.808975775919524e-7
2419,3.7865050005210357e-7,9.141431726251449e-7
2420,3.0600976953676217e-7,9.418012299180793e-7
2421,2.3136195549407927e-7,9.636919000271347e-7
2422,1.5516458762091876e-7,9.796706501154954e-7
2423,7.788550826891204e-8,9.896292140457676e-7
2424,4.86057880316468e-22,9.9349632e-7
2425,-7.801213748337217e-8,9.912381907703815e-7
2426,-1.5566954305635903e-7,9.82858813260856e-7
2427,-2.3249226432972933e-7,9.683999751604337e-7
2428,-3.0800472392118304e-7,9.4794106818443e-7
2429,-3.817386635072651e-7,9.215986587214236e-7
2430,-4.532360474313032e-7,8.895258281623172e-7
2431,-5.220519078628977e-7,8.51911286614875e-7
2432,-5.87757113836872e-7,8.089782651133952e-7
2433,-6.499410469414632e-7,7.609831928101419e-7
2434,-7.082141669744259e-7,7.082141669744304e-7
2435,-7.622104515391344e-7,6.509892249179612e-7
2436,-8.115896943056023e-7,5.896544282038932e-7
2437,-8.560396475104905e-7,5.245817706734645e-7
2438,-8.952779952092219e-7,4.5616692293145147e-7
2439,-9.290541448176996e-7,3.848268269624335e-7
2440,-9.571508255839559e-7,3.10997155497815e-7
2441,-9.793854838047921e-7,2.3512965161293736e-7
2442,-9.956114658422978e-7,1.576893647981232e-7
2443,-1.0057189812919001e-6,7.915180041359186e-8
2444,-1.00963584e-6,5.936196928920088e-21
2445,-1.0073279580165138e-6,-7.927842962805533e-8
2446,-9.98799628987659e-7,-1.5819432023355974e-7
2447,-9.840935589380902e-7,-2.3625996044859067e-7
2448,-9.632906638503076e-7,-3.129921098822323e-7
2449,-9.365096309139796e-7,-3.879149904175918e-7
2450,-9.039062457795853e-7,-4.6056323618166117e-7
2451,-8.656724896002703e-7,-5.304847838981035e-7
2452,-8.220354110744484e-7,-5.972436856719529e-7
2453,-7.732557801000663e-7,-6.60422826706445e-7
2454,-7.196265310115251e-7,-7.196265310115229e-7
2455,-6.614710046829513e-7,-7.744830388290519e-7
2456,-5.991410000389711e-7,-8.246468402666576e-7
2457,-5.330146467086674e-7,-8.698008504958874e-7
2458,-4.634941116818063e-7,-9.096584128264913e-7
2459,-3.9100315387275707e-7,-9.439651170102566e-7
2460,-3.159845414588676e-7,-9.72500421249832e-7
2461,-2.3889734773179535e-7,-9.95079067582449e-7
2462,-1.6021414197533474e-7,-1.011552281569099e-6
2463,-8.041809255827161e-8,-1.0218087485380327e-6
2464,-4.27175747339729e-21,-1.02577536e-6
2465,8.054472177273851e-8,-1.0234177252626461e-6
2466,1.6071909741076752e-7,-1.0147404447144608e-6
2467,2.40027656567452e-7,-9.997871427157463e-7
2468,3.179794958432882e-7,-9.78640259516183e-7
2469,3.940913173279116e-7,-9.514206031065382e-7
2470,4.6789042493201904e-7,-9.182866633968531e-7
2471,5.389176599333032e-7,-8.794336925856692e-7
2472,6.067302575070336e-7,-8.350925570355018e-7
2473,6.709046064714323e-7,-7.855283673899864e-7
2474,7.310388950486201e-7,-7.310388950486198e-7
2475,7.867556261189739e-7,-6.719527844479361e-7
2476,8.377039862277086e-7,-6.086275718740551e-7
2477,8.835620534812845e-7,-5.414475227438704e-7
2478,9.240388304437575e-7,-4.7082130043216773e-7
2479,9.588760892028138e-7,-3.971794807830804e-7
2480,9.878500169157064e-7,-3.2097192741992733e-7
2481,1.0107726513601062e-6,-2.426650438506533e-7
2482,1.0274930972959014e-6,-1.6273891915253918e-7
2483,1.0378985157841656e-6,-8.168438470295133e-8
2484,1.0419148800000001e-6,-2.5519554455519974e-21
2485,1.039507492508779e-6,8.181101391741438e-8
2486,1.0306812604412626e-6,1.6324387458797533e-7
2487,1.0154807264934043e-6,2.4379535268630625e-7
2488,9.939898551820584e-7,3.2296688180434423e-7
2489,9.663315752990942e-7,4.0026764423823823e-7
2490,9.32667081014121e-7,4.7521761368237706e-7
2491,8.931948955710645e-7,5.473505359685091e-7
2492,8.481497029965552e-7,6.162168293421147e-7
2493,7.978009546799061e-7,6.813863862364196e-7
2494,7.424512590857196e-7,7.424512590857121e-7
2495,6.824345642129206e-7,7.990282134088961e-7
2496,6.181141437091331e-7,8.507611321887639e-7
2497,5.498803987790731e-7,8.973232564666815e-7
2498,4.781484891825226e-7,9.384192480610269e-7
2499,4.0335580769341073e-7,9.737870613953682e-7
2500,3.259593133809871e-7,1.0031996125815805e-6
2501,2.464327399695112e-7,1.0264662351377634e-6
2502,1.6526369632974355e-7,1.0434339130227036e-6
2503,8.295067684763846e-8,1.0539882830302975e-6
2504,8.29471952497432e-21,1.0580544e-6
2505,-8.307730606210505e-8,1.055597259754911e-6
2506,-1.657686517651832e-7,1.0466220761680641e-6
2507,-2.4756304880516757e-7,1.0311743102710609e-6
2508,-3.279542677653931e-7,1.009339450847936e-6
2509,-4.0644397114855786e-7,9.81242547491653e-7
2510,-4.825448024327351e-7,9.470474986313887e-7
2511,-5.557834120037149e-7,9.069560985564597e-7
2512,-6.257034011771893e-7,8.612068489576129e-7
2513,-6.91868166001401e-7,8.10073541969831e-7
2514,-7.538636231228146e-7,7.53863623122809e-7
2515,-8.113008006988183e-7,6.929163439779053e-7
2516,-8.638182781498194e-7,6.276007155442111e-7
2517,-9.110844594520749e-7,5.583132748142824e-7
2518,-9.527996656782928e-7,4.854756779328842e-7
2519,-9.886980335879284e-7,4.0953213460372713e-7
2520,-1.0185492082474595e-6,3.3094669934203267e-7
2521,-1.0421598189154187e-6,2.502004360883765e-7
2522,-1.0593747287495047e-6,1.6778847350695538e-7
2523,-1.0700780502764308e-6,8.421696899231057e-8
2524,-1.07419392e-6,-1.0537363271060802e-21
2525,-1.0716870270010436e-6,-8.43435982067808e-8
2526,-1.0625628918948672e-6,-1.6829342894238358e-7
2527,-1.0468678940487187e-6,-2.5133074492402153e-7
2528,-1.0246890465138091e-6,-3.329416537264564e-7
2529,-9.961535196842056e-7,-4.126202980588916e-7
2530,-9.6142791624866e-7,-4.898719911830863e-7
2531,-9.207173015418589e-7,-5.642162880389142e-7
2532,-8.742639949186615e-7,-6.351899730122764e-7
2533,-8.223461292597458e-7,-7.023499457663943e-7
2534,-7.65275987159909e-7,-7.652759871599064e-7
2535,-7.033981237428956e-7,-8.235733879887355e-7
2536,-6.370872873792954e-7,-8.768754241108702e-7
2537,-5.667461508494787e-7,-9.248456624374757e-7
2538,-4.928028666832322e-7,-9.671800832955659e-7
2539,-4.157084615140575e-7,-1.0036090057804826e-6
2540,-3.359340853030926e-7,-1.0338988039133336e-6
2541,-2.539681322072419e-7,-1.057853402693074e-6
2542,-1.703132506841521e-7,-1.0753155444763082e-6
2543,-8.548326113699782e-8,-1.0861678175225627e-6
2544,-4.807658981564347e-21,-1.09033344e-6
2545,8.560989035145637e-8,-1.0877767942471766e-6
2546,1.7081820611959914e-7,-1.078503707621668e-6
2547,2.550984410428905e-7,-1.062561477826373e-6
2548,3.379290396875052e-7,-1.040038642179687e-6
2549,4.187966249692111e-7,-1.0110644918767646e-6
2550,4.971991799334374e-7,-9.758083338659314e-7
2551,5.726491640741268e-7,-9.344785045272501e-7
2552,6.446765448473511e-7,-8.873211408797193e-7
2553,7.128317255313757e-7,-8.346187165496706e-7
2554,7.766883511969982e-7,-7.766883511970091e-7
2555,8.358459752786627e-7,-7.138799035078744e-7
2556,8.899325700719302e-7,-6.46573859214367e-7
2557,9.386068654228689e-7,-5.751790268846882e-7
2558,9.815605009128317e-7,-5.001300554335938e-7
2559,1.018519977973037e-6,-4.2188478842438804e-7
2560,1.0492483995792127e-6,-3.4092147126413775e-7
2561,1.073546986470733e-6,-2.5773582832609226e-7
2562,1.0912563602031095e-6,-1.7283802786136408e-7
2563,1.1022575847686948e-6,-8.674955328168527e-8
2564,1.10647296e-6,-1.0843048091805374e-20
2565,1.1038665614933085e-6,8.687618249614746e-8
2566,1.0944445233484705e-6,1.733429832967994e-7
2567,1.0782550616040313e-6,2.588661371617443e-7
2568,1.0553882378455647e-6,3.4291642564855386e-7
2569,1.0259754640693175e-6,4.2497295187954507e-7
2570,9.901887514831955e-7,5.045263686838024e-7
2571,9.482397075126493e-7,5.81082040109326e-7
2572,9.003782868407772e-7,6.541631166824256e-7
2573,8.468913038395956e-7,7.233135052963571e-7
2574,7.881007152340983e-7,7.881007152341009e-7
2575,7.243616832728649e-7,8.481185625685799e-7
2576,6.560604310494513e-7,9.029897160329811e-7
2577,5.836119029198976e-7,9.52368068408262e-7
2578,5.074572441839416e-7,9.959409185301048e-7
2579,4.2806111533470407e-7,1.0334309501655972e-6
2580,3.459088572251978e-7,1.0645979952450866e-6
2581,2.6150352444495777e-7,1.0892405702483883e-6
2582,1.753628050385762e-7,1.1071971759299104e-6
2583,8.801584542635696e-8,1.1183473520148281e-6
2584,1.0991481488643851e-21,1.12261248e-6
2585,-8.81424746408229e-8,1.1199563287394414e-6
2586,-1.758677604739995e-7,1.1103853390752738e-6
2587,-2.6263383328061354e-7,1.0939486453816857e-6
2588,-3.479038116096175e-7,1.0707378335114375e-6
2589,-4.3114927878986454e-7,1.0408864362618765e-6
2590,-5.118535574341535e-7,1.004569169100467e-6
2591,-5.895149161445251e-7,9.620009104980488e-7
2592,-6.636496885175129e-7,9.134354328018259e-7
2593,-7.337952850613505e-7,8.591638911295102e-7
2594,-7.995130792711925e-7,7.995130792711983e-7
2595,-8.60391149858497e-7,7.348434630378554e-7
2596,-9.160468619940414e-7,6.655470028845226e-7
2597,-9.661292713936634e-7,5.920447789550934e-7
2598,-1.0103213361473708e-6,5.147844329343034e-7
2599,-1.0483419223581516e-6,4.342374422450347e-7
2600,-1.0799475909109607e-6,3.508962431862581e-7
2601,-1.1049341540260473e-6,2.652712205638078e-7
2602,-1.1231379916567141e-6,1.7788758221577251e-7
2603,-1.13443711926096e-6,8.92821375710445e-8
2604,-1.138752e-6,7.253168488353516e-21
2605,-1.1360460959855745e-6,-8.940876678549819e-8
2606,-1.126326154802074e-6,-1.783925376512154e-7
2607,-1.109642229159344e-6,-2.6640152939946724e-7
2608,-1.0860874291773154e-6,-3.5289119757066603e-7
2609,-1.0557974084544353e-6,-4.373256057001838e-7
2610,-1.018949586717731e-6,-5.191807461845188e-7
2611,-9.757621134834398e-7,-5.97947792179738e-7
2612,-9.264925787628837e-7,-6.731362603525874e-7
2613,-8.714364784194353e-7,-7.442770648263317e-7
2614,-8.109254433082985e-7,-8.10925443308284e-7
2615,-7.453252428028338e-7,-8.726637371484244e-7
2616,-6.750335747196069e-7,-9.291040079550919e-7
2617,-6.004776549903031e-7,-9.798904743790562e-7
2618,-5.221116216846653e-7,-1.0247017537646364e-6
2619,-4.4041376915535047e-7,-1.0632528945507119e-6
2620,-3.5588362914730286e-7,-1.0952971865768397e-6
2621,-2.690389166826734e-7,-1.1206277378037026e-6
2622,-1.8041235939298477e-7,-1.139078807383515e-6
2623,-9.054842971573223e-8,-1.1505268865070919e-6
2624,2.8308129731255634e-21,-1.1548915199999999e-6
2625,9.067505893018967e-8,-1.1521358632317062e-6
2626,1.809173148284154e-7,-1.1422669705288773e-6
2627,2.701692255183209e-7,-1.125335812937002e-6
2628,3.578785835317143e-7,-1.1014370248431933e-6
2629,4.4350193261051815e-7,-1.070708380646988e-6
2630,5.265079349348697e-7,-1.0333300043350025e-6
2631,6.063806682149369e-7,-9.895233164688392e-7
2632,6.826228321876618e-7,-9.395497247239417e-7
2633,7.547588445913256e-7,-8.837090657093496e-7
2634,8.223378073453871e-7,-8.223378073453874e-7
2635,8.849363244383415e-7,-7.558070225678245e-7
2636,9.421611539161428e-7,-6.845201465546916e-7
2637,9.936516773644491e-7,-6.089105310255128e-7
2638,1.0390821713819097e-6,-5.294388104350128e-7
2639,1.078163866743266e-6,-4.4659009606568117e-7
2640,1.1106467822427138e-6,-3.608710151083632e-7
2641,1.1363213215813579e-6,-2.728066128015393e-7
2642,1.1550196231103187e-6,-1.829371365701808e-7
2643,1.1666166537532252e-6,-9.181472186040356e-8
2644,1.17103104e-6,-3.441838595611671e-21
2645,1.1682256304778391e-6,9.194135107486483e-8
2646,1.1582077862556803e-6,1.8344209200561522e-7
2647,1.1410293967146564e-6,2.7393692163719047e-7
2648,1.1167866205090662e-6,3.628659694927783e-7
2649,1.0856193528395468e-6,4.496782595208373e-7
2650,1.0477104219522742e-6,5.338351236852203e-7
2651,1.00328451945423e-6,6.148135442501501e-7
2652,9.526068706849902e-7,6.921094040227495e-7
2653,8.959816529992747e-7,7.652406243563066e-7
2654,8.337501713824879e-7,8.337501713824785e-7
2655,7.662888023328153e-7,8.972089117282583e-7
2656,6.940067183897626e-7,9.55218299877203e-7
2657,6.173434070607085e-7,1.0074128803498505e-6
2658,5.367659991853747e-7,1.0534625889991755e-6
2659,4.5276642297601207e-7,1.0930748389358202e-6
2660,3.6585840106940767e-7,1.1259963779085927e-6
2661,2.765743089203889e-7,1.152014905359017e-6
2662,1.8546191374739315e-7,1.1709604388371199e-6
2663,9.308101400509139e-8,1.1827064209993571e-6
2664,9.888483965919507e-21,1.18717056e-6
2665,-9.320764321955663e-8,1.1843153977239708e-6
2666,-1.8596686918283152e-7,1.1741486019824806e-6
2667,-2.7770461775604395e-7,1.1567229804923146e-6
2668,-3.6785335545382664e-7,1.132136216174944e-6
2669,-4.558545864311564e-7,1.100530325032106e-6
2670,-5.411623124355861e-7,1.062090839569538e-6
2671,-6.232464202853492e-7,1.0170457224396294e-6
2672,-7.015959758578237e-7,9.656640166460482e-7
2673,-7.757224041212877e-7,9.082542402892e-7
2674,-8.451625354195817e-7,8.451625354195763e-7
2675,-9.094814990181863e-7,7.767705820977934e-7
2676,-9.682754458382537e-7,7.034932902248473e-7
2677,-1.0211740833352433e-6,6.257762830959184e-7
2678,-1.0678430066164413e-6,5.440931879357371e-7
2679,-1.1079858111283809e-6,4.589427498863274e-7
2680,-1.1413459735744668e-6,3.708457870304681e-7
2681,-1.167708489136672e-6,2.8034200503925484e-7
2682,-1.1869012545639208e-6,1.879866909246057e-7
2683,-1.1987961882454907e-6,9.434730614976236e-8
2684,-1.2033100800000001e-6,-5.909415864201614e-22
2685,-1.200405164970104e-6,-9.447393536423169e-8
2686,-1.1900894177092839e-6,-1.884916463600312e-7
2687,-1.1724165642699728e-6,-2.814723138748973e-7
2688,-1.1474858118408167e-6,-3.7284074141489096e-7
2689,-1.1154412972246585e-6,-4.6203091334149107e-7
2690,-1.0764712571868095e-6,-5.484895011859367e-7
2691,-1.030806925425029e-6,-6.316792963205478e-7
2692,-9.787211626071064e-7,-7.110825476928979e-7
2693,-9.205268275791141e-7,-7.862041838862816e-7
2694,-8.565748994566767e-7,-8.565748994566729e-7
2695,-7.872523618627842e-7,-9.217540863081028e-7
2696,-7.129798620599319e-7,-9.81332591799304e-7
2697,-6.342091591311137e-7,-1.034935286320645e-6
2698,-5.51420376686084e-7,-1.0822234242337146e-6
2699,-4.6511907679665853e-7,-1.1228967833209348e-6
2700,-3.758331729915287e-7,-1.1566955692403407e-6
2701,-2.8410970115812093e-7,-1.1834020729143272e-6
2702,-1.905114681018013e-7,-1.2028420702907245e-6
2703,-9.561359829445033e-8,-1.2148859554916226e-6
2704,-5.9743350131357756e-21,-1.2194496e-6
2705,9.574022750890657e-8,-1.2164949322162369e-6
2706,1.9101642353724787e-7,-1.2060302334360842e-6
2707,2.8524000999376723e-7,-1.188110148047627e-6
2708,3.7782812737593913e-7,-1.1628354075066948e-6
2709,4.6820724025181e-7,-1.1303522694172177e-6
2710,5.558166899362872e-7,-1.0908516748040812e-6
2711,6.401121723557613e-7,-1.0445681284104196e-6
2712,7.205691195279858e-7,-9.917783085681546e-7
2713,7.966859636512626e-7,-9.327994148690395e-7
2714,8.679872634937643e-7,-8.679872634937774e-7
2715,9.340266735980308e-7,-7.977341416277621e-7
2716,9.943897377603649e-7,-7.224664338950027e-7
2717,1.0486964893060378e-6,-6.426420351663236e-7
2718,1.0966038418509804e-6,-5.587475654364463e-7
2719,1.1378077555134887e-6,-4.7129540370698975e-7
2720,1.1720451649062201e-6,-3.8082055895257283e-7
2721,1.1990956566919865e-6,-2.878773972769702e-7
2722,1.2187828860175256e-6,-1.93036245279014e-7
2723,1.2309757227377547e-6,-9.687989043913846e-8
2724,1.23558912e-6,4.84517205774198e-21
2725,1.2325846994623685e-6,9.700651965359876e-8
2726,1.2219710491628872e-6,1.9354120071444742e-7
2727,1.2038037318252855e-6,2.890077061126204e-7
2728,1.178185003172573e-6,3.8281551333698704e-7
2729,1.14526324160977e-6,4.7438356716214494e-7
2730,1.105232092421345e-6,5.631438786866532e-7
2731,1.0583293313958192e-6,6.4854504839096e-7
2732,1.004835454529213e-6,7.300556913630598e-7
2733,9.450720021589649e-7,8.071677434162433e-7
2734,8.793996275308656e-7,8.793996275308678e-7
2735,8.082159213927532e-7,9.462992608879474e-7
2736,7.319530057300875e-7,1.0074468837214152e-6
2737,6.510749112015337e-7,1.0624576922914302e-6
2738,5.66074754186793e-7,1.1109842594682538e-6
2739,4.774717306173047e-7,1.1527187277060495e-6
2740,3.8580794491363355e-7,1.1873947605720938e-6
2741,2.9164509339583637e-7,1.2147892404696416e-6
2742,1.955610224562268e-7,1.2347237017443263e-6
2743,9.814618258380902e-8,1.247065489983888e-6
2744,1.8387357710620604e-21,1.25172864e-6
2745,-9.827281179827351e-8,1.2486744667085015e-6
2746,-1.960659778916468e-7,1.2379118648896903e-6
2747,-2.927754022314907e-7,1.2194973156029395e-6
2748,-3.878028992980518e-7,1.1935345988384455e-6
2749,-4.805598940724638e-7,1.1601742138023292e-6
2750,-5.704710674370035e-7,1.1196125100386168e-6
2751,-6.569779244261585e-7,1.0720905343812189e-6
2752,-7.395422631981482e-7,1.0178926004902608e-6
2753,-8.176495231812377e-7,9.573445894488787e-7
2754,-8.90811991567959e-7,8.908119915679663e-7
2755,-9.585718481778642e-7,8.186977011577443e-7
2756,-1.0205040296824656e-6,7.414395775651727e-7
2757,-1.0762188952768324e-6,6.595077872367287e-7
2758,-1.1253646770855196e-6,5.734019429371555e-7
2759,-1.1676296998986036e-6,4.83648057527636e-7
2760,-1.2027443562379679e-6,3.9079533087469443e-7
2761,-1.2304828242473009e-6,2.954127895146853e-7
2762,-1.2506645174711304e-6,1.9808579963342204e-7
2763,-1.2631552572300199e-6,9.941247472849729e-8
2764,-1.26786816e-6,8.696637401436702e-21
2765,-1.2647642339546344e-6,-9.953910394294809e-8
2766,-1.2538526806164905e-6,-1.9859075506886385e-7
2767,-1.235190899380598e-6,-2.965430983503438e-7
2768,-1.2088841945043237e-6,-3.9279028525909964e-7
2769,-1.1750851859948886e-6,-4.867362209827825e-7
2770,-1.1339929276558804e-6,-5.777982561873697e-7
2771,-1.0858517373666092e-6,-6.654108004613723e-7
2772,-1.030949746451319e-6,-7.49028835033222e-7
2773,-9.696171767388042e-7,-8.281313029462185e-7
2774,-9.022243556050671e-7,-9.022243556050499e-7
2775,-8.291794809227217e-7,-9.708444354677924e-7
2776,-7.509261494002428e-7,-1.0335611756435265e-6
2777,-6.679406632719389e-7,-1.0899800982622248e-6
2778,-5.80729131687518e-7,-1.1397450947027849e-6
2779,-4.898243844379507e-7,-1.1825406720911643e-6
2780,-3.957827168357382e-7,-1.2180939519038473e-6
2781,-2.9918048563355166e-7,-1.246176408024956e-6
2782,-2.0061057681063493e-7,-1.2666053331979311e-6
2783,-1.0067876687318573e-7,-1.2792450244761518e-6
2784,2.5183137603016423e-21,-1.28400768e-6
2785,1.0080539608764069e-7,-1.280854001200766e-6
2786,2.0111553224606313e-7,-1.2697934963432936e-6
2787,3.003107944691967e-7,-1.2508844831582561e-6
2788,3.977776712201647e-7,-1.224233790170196e-6
2789,4.929125478931177e-7,-1.1899961581874406e-6
2790,5.851254449377201e-7,-1.148373345273152e-6
2791,6.738436764965708e-7,-1.099612940352009e-6
2792,7.585154068682957e-7,-1.0440068924123777e-6
2793,8.38613082711213e-7,-9.81889764028718e-7
2794,9.136367196421538e-7,-9.136367196421551e-7
2795,9.83117022757709e-7,-8.39661260687713e-7
2796,1.0466183216045767e-6,-7.604127212353281e-7
2797,1.1037413012476175e-6,-6.763735393071494e-7
2798,1.1541255123200587e-6,-5.880563204378643e-7
2799,1.1974516442837182e-6,-4.960007113482821e-7
2800,1.233443547569721e-6,-4.0077010279679914e-7
2801,1.2618699918026112e-6,-3.0294818175241816e-7
2802,1.2825461489247352e-6,-2.0313535398782987e-7
2803,1.2953347917222853e-6,-1.0194505901785591e-7
2804,1.3001472e-6,-4.458219099321102e-21
2805,1.2969437684468992e-6,1.0207168823231515e-7
2806,1.2857343120700968e-6,2.0364030942326226e-7
2807,1.2665780669359101e-6,3.040784905880674e-7
2808,1.2395833858360742e-6,4.027650571812125e-7
2809,1.20490713038e-6,4.990888748034364e-7
2810,1.162753762890424e-6,5.924526336880702e-7
2811,1.1133741433373992e-6,6.822765525317847e-7
2812,1.0570640383734253e-6,7.680019787033844e-7
2813,9.941623513186435e-7,8.490948624761936e-7
2814,9.250490836792559e-7,9.250490836792447e-7
2815,8.501430404527044e-7,9.95389610047625e-7
2816,7.698992930703981e-7,1.0596754675656378e-6
2817,6.848064153423438e-7,1.1175025042330193e-6
2818,5.953835091882271e-7,1.1685059299373243e-6
2819,5.021770382586136e-7,1.212362616476272e-6
2820,4.0575748875786033e-7,1.2487931432355948e-6
2821,3.067158778712667e-7,1.2775635755802703e-6
2822,2.056601311650429e-7,1.298486964651536e-6
2823,1.0321135116254444e-7,1.3114245589684172e-6
2824,1.1608745760514446e-20,1.31628672e-6
2825,-1.033379803770081e-7,1.3130335356930309e-6
2826,-2.0616508660047967e-7,1.3016751277968971e-6
2827,-3.078461867069202e-7,1.2822716507135686e-6
2828,-4.0775244314226003e-7,1.2549329815019523e-6
2829,-5.052652017137548e-7,1.2198181025725593e-6
2830,-5.997798224384369e-7,1.1771341805076874e-6
2831,-6.907094285669831e-7,1.127135346322799e-6
2832,-7.774885505384579e-7,1.070121184334484e-6
2833,-8.595766422411741e-7,1.0064349386085692e-6
2834,-9.364614477163489e-7,9.364614477163438e-7
2835,-1.007662197337554e-6,8.606248202176818e-7
2836,-1.0727326135266878e-6,7.793858649054834e-7
2837,-1.1312637072184117e-6,6.932392913775545e-7
2838,-1.1828863475545896e-6,6.027106979385899e-7
2839,-1.227273588668833e-6,5.08353365168928e-7
2840,-1.2641427389014742e-6,4.1074487471890374e-7
2841,-1.2932571593579255e-6,3.104835739901333e-7
2842,-1.3144277803783368e-6,2.0818490834225615e-7
2843,-1.3275143262145506e-6,1.0447764330721429e-7
2844,-1.33242624e-6,-1.6494920844844638e-24
2845,-1.3291233029391638e-6,-1.0460427252168244e-7
2846,-1.3176159435237004e-6,-2.0868986377767871e-7
2847,-1.297965234491227e-6,-3.116138828257728e-7
2848,-1.2702825771678247e-6,-4.127398291033255e-7
2849,-1.2347290747651115e-6,-5.114415286240905e-7
2850,-1.1915145981249593e-6,-6.071070111887869e-7
2851,-1.1408965493081991e-6,-6.991423046021813e-7
2852,-1.0831783302955313e-6,-7.869751223735469e-7
2853,-1.0187075258984828e-6,-8.70058422006169e-7
2854,-9.478738117534447e-7,-9.478738117534394e-7
2855,-8.711065999826731e-7,-1.01993478462747e-6
2856,-7.888724367405687e-7,-1.085789759487738e-6
2857,-7.016721674127487e-7,-1.1450249102038141e-6
2858,-6.100378866889359e-7,-1.1972667651718636e-6
2859,-5.145296920792597e-7,-1.2421845608613868e-6
2860,-4.15732260679965e-7,-1.2794923345673479e-6
2861,-3.1425127010900006e-7,-1.3089507431355806e-6
2862,-2.1070968551945064e-7,-1.3303685961051407e-6
2863,-1.0574393545190296e-7,-1.3436040934606826e-6
2864,-7.267508398356963e-21,-1.34856576e-6
2865,1.058705646663566e-7,-1.3452130701852967e-6
2866,2.1121464095489645e-7,-1.3335567592505004e-6
2867,3.1538157894464393e-7,-1.313658818268881e-6
2868,4.177272150643729e-7,-1.2856321728337028e-6
2869,5.176178555344089e-7,-1.249640046957671e-6
2870,6.144341999391368e-7,-1.2058950157422315e-6
2871,7.075751806373958e-7,-1.1546577522935892e-6
2872,7.964616942086205e-7,-1.09623547625659e-6
2873,8.805402017711495e-7,-1.0309801131884084e-6
2874,9.592861757905303e-7,-9.59286175790546e-7
2875,1.032207371917399e-6,-8.815883797476501e-7
2876,1.0988469054487993e-6,-7.983590085756387e-7
2877,1.1587861131892066e-6,-7.101050434479593e-7
2878,1.211647182789129e-6,-6.173650754392989e-7
2879,1.2570955330539407e-6,-5.207060189895915e-7
2880,1.2948419302332277e-6,-4.207196466410081e-7
2881,1.32464432691324e-6,-3.1801896622784826e-7
2882,1.3463094118319419e-6,-2.13234462696664e-7
2883,1.3596938607068145e-6,-1.0701022759659181e-7
2884,1.3647052800000001e-6,-1.4710660090369013e-20
2885,1.3613028374314286e-6,1.0713685681104996e-7
2886,1.349497574977304e-6,2.1373941813209536e-7
2887,1.3293524020465396e-6,3.1914927506349646e-7
2888,1.3009817684995811e-6,4.2271460102542027e-7
2889,1.264551019150223e-6,5.23794182444745e-7
2890,1.2202754333594947e-6,6.217613886895039e-7
2891,1.1684189552789893e-6,7.160080566725939e-7
2892,1.109292622217649e-6,8.05948266043694e-7
2893,1.0432527004783343e-6,8.910219815361296e-7
2894,9.706985398276331e-7,9.706985398276348e-7
2895,8.920701595126415e-7,1.0444799592073149e-6
2896,8.078455804107239e-7,1.1119040514098493e-6
2897,7.1853791948317e-7,1.1725473161745988e-6
2898,6.246922641896446e-7,1.226027600406403e-6
2899,5.268823458999054e-7,1.2720065052465017e-6
2900,4.257070326020694e-7,1.3101915258991012e-6
2901,3.2178666234671514e-7,1.340337910690895e-6
2902,2.1575923987387753e-7,1.3622502275587424e-6
2903,1.0827651974126124e-7,1.3757836279529479e-6
2904,2.7048207469094937e-21,1.3808448e-6
2905,-1.0840314895572399e-7,1.3773926046775616e-6
2906,-2.16264195309294e-7,1.3654383907041067e-6
2907,-3.229169711823678e-7,1.3450459858241932e-6
2908,-4.2770198698648597e-7,1.3163313641654533e-6
2909,-5.299705093550629e-7,1.2794619913427822e-6
2910,-6.290885774398535e-7,1.2346558509767666e-6
2911,-7.244409327077917e-7,1.1821801582643892e-6
2912,-8.154348378787831e-7,1.122349768178696e-6
2913,-9.015037613011248e-7,1.0555252877682473e-6
2914,-9.821109038647253e-7,9.821109038647346e-7
2915,-1.0567525464972312e-6,9.025519392776332e-7
2916,-1.1249611973709108e-6,8.173321522457936e-7
2917,-1.1863085191600012e-6,7.26970795518364e-7
2918,-1.2404080180236683e-6,6.320194529400076e-7
2919,-1.2869174774390554e-6,5.330586728102374e-7
2920,-1.325541121564975e-6,4.30694418563131e-7
2921,-1.3560314944685546e-6,3.2555435846556296e-7
2922,-1.3781910432855465e-6,2.1828401705107165e-7
2923,-1.3918733951990798e-6,1.0954281188595021e-7
2924,-1.39698432e-6,1.0266603668169644e-20
2925,-1.393482371923695e-6,-1.0966944110039789e-7
2926,-1.381379206430907e-6,-2.187889724865122e-7
2927,-1.3607395696018519e-6,-3.266846673012202e-7
2928,-1.3316809598313317e-6,-4.326893729475332e-7
2929,-1.2943729635353417e-6,-5.361468362653809e-7
2930,-1.2490362685940298e-6,-6.364157661902209e-7
2931,-1.195941361249779e-6,-7.328738087430065e-7
2932,-1.1354069141397548e-6,-8.249214097138565e-7
2933,-1.0677978750581736e-6,-9.11985541066105e-7
2934,-9.935232679018359e-7,-9.935232679018158e-7
2935,-9.1303371904261e-7,-1.06902513378716e-6
2936,-8.268187240808792e-7,-1.1380183433319608e-6
2937,-7.354036715535747e-7,-1.2000697221453934e-6
2938,-6.393466416903709e-7,-1.2547884356409336e-6
2939,-5.392349997205511e-7,-1.301828449631617e-6
2940,-4.356818045241737e-7,-1.3408907172308549e-6
2941,-3.2932205458443e-7,-1.3717250782462097e-6
2942,-2.2080879422828527e-7,-1.3941318590123474e-6
2943,-1.1080910403063934e-7,-1.4079631624452118e-6
2944,2.079317193827964e-21,-1.4131238400000002e-6
2945,1.1093573324509161e-7,-1.4095721391698262e-6
2946,2.2131374966371078e-7,-1.3973200221577103e-6
2947,3.304523634200724e-7,-1.37643315337951e-6
2948,4.376767589085802e-7,-1.34703055549721e-6
2949,5.423231631757174e-7,-1.3092839357278935e-6
2950,6.437429549405706e-7,-1.263416686211302e-6
2951,7.413066847782044e-7,-1.2097025642351794e-6
2952,8.344079815489298e-7,-1.1484640601008136e-6
2953,9.224673208311006e-7,-1.0800704623480863e-6
2954,1.0049356319389206e-6,-1.004935631938923e-6
2955,1.0812977210770762e-6,-9.235154988076019e-7
2956,1.1510754892930105e-6,-8.363052959159648e-7
2957,1.2138309251307857e-6,-7.438365475887859e-7
2958,1.2691688532582079e-6,-6.466738304407162e-7
2959,1.3167394218241705e-6,-5.454113266308832e-7
2960,1.3562403128967287e-6,-4.4066919048523533e-7
2961,1.3874186620238647e-6,-3.3308975070329725e-7
2962,1.4100726747391515e-6,-2.2333357140547908e-7
2963,1.4240529296913454e-6,-1.1207539617530841e-7
2964,1.42926336e-6,-5.6010969566802925e-21
2965,1.4256619064159595e-6,1.1220202538976537e-7
2966,1.4132608378845137e-6,2.2383852684090921e-7
2967,1.392126737157164e-6,3.3422005953894423e-7
2968,1.3623801511630822e-6,4.4266414486964647e-7
2969,1.3241949079204531e-6,5.484994900860353e-7
2970,1.2777971038285742e-6,6.510701436909201e-7
2971,1.2234637672205688e-6,7.497395608134195e-7
2972,1.1615212060618606e-6,8.438945533840193e-7
2973,1.0923430496380126e-6,9.329491005960807e-7
2974,1.0163479959760245e-6,1.0163479959760111e-6
2975,9.339972785725936e-7,1.093570308366992e-6
2976,8.457918677510339e-7,1.164132635254072e-6
2977,7.522694236239795e-7,1.227592128116188e-6
2978,6.540010191910795e-7,1.2835492708754728e-6
2979,5.515876535412153e-7,1.331650394016724e-6
2980,4.4565657644627763e-7,1.3715899085626081e-6
2981,3.368574468221446e-7,1.4031122458015238e-6
2982,2.2585834858269279e-7,1.426013490465952e-6
2983,1.1334168831999763e-7,1.440142696937477e-6
2984,1.3455504908759147e-20,1.44540288e-6
2985,-1.1346831753445943e-7,1.441751673662091e-6
2986,-2.2636330401812774e-7,1.4292016536113134e-6
2987,-3.379877556577963e-7,1.4078203209348225e-6
2988,-4.476515308306932e-7,1.3777297468289605e-6
2989,-5.546758169963529e-7,1.3391058801130126e-6
2990,-6.583973324412876e-7,1.2921775214458368e-6
2991,-7.581724368486172e-7,1.237224970205969e-6
2992,-8.533811252190924e-7,1.1745783520229194e-6
2993,-9.434308803610605e-7,1.1046156369279385e-6
2994,-1.0277603600131156e-6,1.0277603600131111e-6
2995,-1.1058428956569214e-6,9.444790583375698e-7
2996,-1.177189781215122e-6,8.552784395861197e-7
2997,-1.2413533311015803e-6,7.607022996591905e-7
2998,-1.297929688492738e-6,6.613282079414429e-7
2999,-1.3465613662092853e-6,5.577639804515286e-7
3000,-1.3869395042284816e-6,4.5064396240733946e-7
3001,-1.4188058295791788e-6,3.406251429410119e-7
3002,-1.4419543061927531e-6,2.2838312575990676e-7
3003,-1.4562324641836106e-6,1.1460798046466636e-7
3004,-1.4615424e-6,7.141399559009505e-22
3005,-1.4578414409082241e-6,-1.1473460967913306e-7
3006,-1.4451424693381169e-6,-2.2888808119532602e-7
3007,-1.4235139047124812e-6,-3.417554517766482e-7
3008,-1.3930793424948325e-6,-4.5263891679175975e-7
3009,-1.3540168523055642e-6,-5.608521439066897e-7
3010,-1.3065579390631092e-6,-6.65724521191637e-7
3011,-1.2509861731913692e-6,-7.666053128838147e-7
3012,-1.1876354979839785e-6,-8.628676970541651e-7
3013,-1.1168882242178513e-6,-9.539126601260564e-7
3014,-1.0391727240502128e-6,-1.039172724050206e-6
3015,-9.54960838102562e-7,-1.1181154829468371e-6
3016,-8.647650114212054e-7,-1.1902469271761718e-6
3017,-7.69135175694384e-7,-1.2551145340869834e-6
3018,-6.68655396691788e-7,-1.3123101061100124e-6
3019,-5.63940307361861e-7,-1.361472338401839e-6
3020,-4.5563134836840134e-7,-1.4022890998943553e-6
3021,-3.443928390598794e-7,-1.4344994133568339e-6
3022,-2.3090790293710014e-7,-1.4578951219195572e-6
3023,-1.1587427260935573e-7,-1.4723222314297425e-6
3024,-8.68717913722791e-21,-1.4776819200000001e-6
3025,1.1600090182380654e-7,-1.473931208154357e-6
3026,2.3141285837254494e-7,-1.4610832850649171e-6
3027,3.455231478955204e-7,-1.439207488490135e-6
3028,4.576263027528066e-7,-1.408428938160711e-6
3029,5.670284708170074e-7,-1.3689278244981238e-6
3030,6.730517099419863e-7,-1.3209383566803815e-6
3031,7.750381889190301e-7,-1.2647473761767587e-6
3032,8.723542688892552e-7,-1.2006926439450254e-6
3033,9.643944398910364e-7,-1.1291608115077774e-6
3034,1.0505850880872965e-6,-1.0505850880873145e-6
3035,1.1303880702367668e-6,-9.654426178675381e-7
3036,1.2033040731372338e-6,-8.742515832562744e-7
3037,1.2688757370723754e-6,-7.775680517295951e-7
3038,1.3266905237272775e-6,-6.759825854421515e-7
3039,1.3763833105943925e-6,-5.701166342721934e-7
3040,1.4176386955602353e-6,-4.606187343294433e-7
3041,1.4501929971344936e-6,-3.4816053517872654e-7
3042,1.4738359376463577e-6,-2.3343268011431422e-7
3043,1.4884119986758742e-6,-1.1714056475404527e-7
3044,1.4938214400000003e-6,4.3942673341683786e-21
3045,1.4900209754004887e-6,1.1726719396850102e-7
3046,1.4770241007917202e-6,2.3393763554974314e-7
3047,1.4549010722677936e-6,3.4929084401437226e-7
3048,1.4237785338265896e-6,4.626136887138533e-7
3049,1.3838387966906759e-6,5.732047977273444e-7
3050,1.3353187742976443e-6,6.803788986923543e-7
3051,1.2785085791621592e-6,7.834710649542277e-7
3052,1.2137497899060847e-6,8.81840840724328e-7
3053,1.1414333987977039e-6,9.74876219656016e-7
3054,1.0619974521244012e-6,1.0619974521244016e-6
3055,9.759243976325303e-7,1.1426606575266825e-6
3056,8.837381550913607e-7,1.2163612190982833e-6
3057,7.860009277648063e-7,1.282636940057767e-6
3058,6.833097741924961e-7,1.341070941344552e-6
3059,5.762929611825062e-7,1.3912942827869539e-6
3060,4.6560612029050536e-7,1.4329882912261085e-6
3061,3.51928231297594e-7,1.465886580912148e-6
3062,2.3595745729152838e-7,1.4897767533731584e-6
3063,1.1840685689871357e-7,1.5045017659220078e-6
3064,3.697403076406685e-21,1.50996096e-6
3065,-1.1853348611317434e-7,1.5061107426466216e-6
3066,-2.364624127269411e-7,1.4929649165185234e-6
3067,-3.530585401332448e-7,1.4705946560454467e-6
3068,-4.676010746749201e-7,1.4391281294924611e-6
3069,-5.79381124637662e-7,1.3987497688832349e-6
3070,-6.877060874427035e-7,1.3496991919149164e-6
3071,-7.919039409894249e-7,1.2922697821475595e-6
3072,-8.913274125594181e-7,1.226806935867131e-6
3073,-9.85357999421012e-7,1.1537059860876162e-6
3074,-1.0734098161614917e-6,1.0734098161615027e-6
3075,-1.154933244816598e-6,9.864061773975221e-7
3076,-1.2294183650593328e-6,8.932247269264466e-7
3077,-1.29639814304317e-6,7.944338037999995e-7
3078,-1.3554513589618169e-6,6.906369629428598e-7
3079,-1.4062052549795074e-6,5.82469288092839e-7
3080,-1.448337886891982e-6,4.7059350625156756e-7
3081,-1.4815801646898081e-6,3.5569592741644077e-7
3082,-1.5057175690999625e-6,2.384822344687214e-7
3083,-1.5205915331681398e-6,1.1967314904340324e-7
3084,-1.52610048e-6,1.1963067288552348e-20
3085,-1.5222005098927548e-6,-1.197997782578475e-7
3086,-1.5089057322453235e-6,-2.3898718990416036e-7
3087,-1.4862882398231058e-6,-3.568262362520965e-7
3088,-1.4544777251583397e-6,-4.725884606359666e-7
3089,-1.413660741075795e-6,-5.855574515479794e-7
3090,-1.3640796095321792e-6,-6.950332761930718e-7
3091,-1.3060309851329487e-6,-8.003368170246405e-7
3092,-1.2398640818281903e-6,-9.008139843944907e-7
3093,-1.1659785733775425e-6,-9.958397791859915e-7
3094,-1.0848221801986046e-6,-1.0848221801985818e-6
3095,-9.968879571624982e-7,-1.1672058321065277e-6
3096,-9.027112987615152e-7,-1.242475511020395e-6
3097,-8.028666798352109e-7,-1.310159346028562e-6
3098,-6.979641516932238e-7,-1.3698317765790818e-6
3099,-5.886456150031515e-7,-1.4211162271720692e-6
3100,-4.755808922126093e-7,-1.463687482557862e-6
3101,-3.594636235353085e-7,-1.497273748467463e-6
3102,-2.410070116459357e-7,-1.5216583848267634e-6
3103,-1.2093944118809307e-7,-1.5366813004142715e-6
3104,1.5138232737045271e-21,-1.54224e-6
3105,1.210660704025424e-7,-1.5382902771388862e-6
3106,2.415119670813583e-7,-1.524846547972127e-6
3107,3.60593932370948e-7,-1.5019818236007643e-6
3108,4.775758465970339e-7,-1.4698273208242116e-6
3109,5.917337784583168e-7,-1.4285717132683461e-6
3110,7.023604649434208e-7,-1.3784600271494515e-6
3111,8.08769693059838e-7,-1.3197921881183492e-6
3112,9.103005562295634e-7,-1.2529212277892496e-6
3113,1.0063215589509879e-6,-1.1782511606674548e-6
3114,1.0962345442356873e-6,-1.096234544235691e-6
3115,1.1794784193964435e-6,-1.0073697369274905e-6
3116,1.2555326569814445e-6,-9.121978705966015e-7
3117,1.3239205490139539e-6,-8.112995558704224e-7
3118,1.3842121941963568e-6,-7.052913404435682e-7
3119,1.4360271993646227e-6,-5.948219419134844e-7
3120,1.4790370782237355e-6,-4.805682781736715e-7
3121,1.5129673322451178e-6,-3.632313196541764e-7
3122,1.5375992005535675e-6,-2.4353178882312834e-7
3123,1.552771067660405e-6,-1.2220573333276098e-7
3124,1.5583795200000002e-6,-6.870472167689241e-21
3125,1.5543800443850194e-6,1.2233236254721545e-7
3126,1.5407873636989302e-6,2.44036744258556e-7
3127,1.5176754073784178e-6,3.643616284898209e-7
3128,1.4851769164900902e-6,4.825632325580802e-7
3129,1.4434826854609062e-6,5.979101053686341e-7
3130,1.3928404447667243e-6,7.096876536937696e-7
3131,1.3335533911037383e-6,8.172025690950539e-7
3132,1.2659783737502959e-6,9.19787128064654e-7
3133,1.1905237479573814e-6,1.0168033387159675e-6
3134,1.107646908272793e-6,1.1076469082727771e-6
3135,1.017851516692483e-6,1.191751006686359e-6
3136,9.216844424316699e-7,1.2685898029425068e-6
3137,8.197324319056153e-7,1.3376817519993573e-6
3138,7.126185291939321e-7,1.3985926118136215e-6
3139,6.009982688238172e-7,1.4509381715571758e-6
3140,4.85555664134734e-7,1.4943866738896087e-6
3141,3.6699901577302267e-7,1.5286609160227773e-6
3142,2.460565660003428e-7,1.5535400162803683e-6
3143,1.2347202547745095e-7,1.5688608349065367e-6
3144,1.5428761410653606e-20,1.57451904e-6
3145,-1.2359865469191065e-7,1.5704698116311506e-6
3146,-2.4656152143577565e-7,1.5567281794257297e-6
3147,-3.681293246086723e-7,1.5333689911560765e-6
3148,-4.875506185191264e-7,1.5005265121559685e-6
3149,-6.04086432278951e-7,1.4583936576534659e-6
3150,-7.170148424441383e-7,1.4072208623839864e-6
3151,-8.256354451302509e-7,1.3473145940891388e-6
3152,-9.292736998997263e-7,1.2790355197113552e-6
3153,-1.027285118480947e-6,1.2027963352473079e-6
3154,-1.1190592723098828e-6,1.1190592723098788e-6
3155,-1.2040235939762889e-6,1.0283332964574584e-6
3156,-1.281646948903556e-6,9.311710142667559e-7
3157,-1.351442954984749e-6,8.281653079408268e-7
3158,-1.4129730294308863e-6,7.199457179442962e-7
3159,-1.4658491437497375e-6,6.071745957341293e-7
3160,-1.509736269555489e-6,4.905430500957752e-7
3161,-1.5443544998004322e-6,3.7076671189189066e-7
3162,-1.5694808320071688e-6,2.4858134317755745e-7
3163,-1.5849506021526705e-6,1.2473831762211854e-7
3164,-1.59065856e-6,1.5564267575361435e-21
3165,-1.5865595788772838e-6,-1.2486494683658357e-7
3166,-1.5726689951525333e-6,-2.4908629861297327e-7
3167,-1.5490625749337353e-6,-3.718970207275235e-7
3168,-1.5158761078218403e-6,-4.92538004480194e-7
3169,-1.4733046298460172e-6,-6.102627591892889e-7
3170,-1.421601280001259e-6,-7.243420311944871e-7
3171,-1.3610757970745395e-6,-8.34068321165448e-7
3172,-1.2920926656724013e-6,-9.38760271734817e-7
3173,-1.2150689225372198e-6,-1.0377668982459435e-6
3174,-1.130471636346981e-6,-1.1304716363469725e-6
3175,-1.038815076222451e-6,-1.2162961812662042e-6
3176,-9.406575861018425e-7,-1.2947040948646052e-6
3177,-8.365981839760192e-7,-1.3652041579701522e-6
3178,-7.272729066946401e-7,-1.4273534470481613e-6
3179,-6.133509226444622e-7,-1.480760115942291e-6
3180,-4.95530436056838e-7,-1.5250858652213624e-6
3181,-3.7453440801075886e-7,-1.5600480835780872e-6
3182,-2.511061203547497e-7,-1.5854216477339733e-6
3183,-1.260046097668086e-7,-1.6010403693988022e-6
3184,-1.0233347229748613e-20,-1.60679808e-6
3185,1.2613123898125635e-7,-1.6026493461234173e-6
3186,2.516110757901933e-7,-1.5886098108793332e-6
3187,3.7566471684639685e-7,-1.564756158711389e-6
3188,4.975253904412402e-7,-1.531225703487719e-6
3189,6.164390860996058e-7,-1.4882156020385773e-6
3190,7.316692199448358e-7,-1.4359816976185317e-6
3191,8.425011972006644e-7,-1.3748370000599283e-6
3192,9.482468435698896e-7,-1.305149811633461e-6
3193,1.0482486780109229e-6,-1.2273415098271465e-6
3194,1.1418840003840623e-6,-1.1418840003840829e-6
3195,1.2285687685561345e-6,-1.0492968559874263e-6
3196,1.307761240825668e-6,-9.501441579369107e-7
3197,1.378965360955544e-6,-8.450310600112311e-7
3198,1.4417338646654258e-6,-7.346000954450043e-7
3199,1.4956710881348441e-6,-6.195272495547955e-7
3200,1.5404354608872424e-6,-5.005178220178788e-7
3201,1.575741667355747e-6,-3.7830210412960483e-7
3202,1.601362463460774e-6,-2.536308975319645e-7
3203,1.6171301366449343e-6,-1.2727090191149884e-7
3204,1.6229376000000002e-6,-1.9084261503531686e-20
3205,1.6187391133695488e-6,1.2739753112595195e-7
3206,1.6045506266061367e-6,2.541358529673908e-7
3207,1.5804497424890478e-6,3.79432412965248e-7
3208,1.546575299153598e-6,5.025127764022862e-7
3209,1.5031265742311283e-6,6.22615413009944e-7
3210,1.4503621152357939e-6,7.389964086952049e-7
3211,1.3885982030453293e-6,8.509340732358613e-7
3212,1.3182069575945204e-6,9.57733415404962e-7
3213,1.2396140971170735e-6,1.058730457775902e-6
3214,1.153296364421169e-6,1.1532963644211683e-6
3215,1.0597786357524188e-6,1.24084135584605e-6
3216,9.596307297719971e-7,1.3208183867867173e-6
3217,8.534639360464429e-7,1.3927265639409354e-6
3218,7.419272841953481e-7,1.4561142822827011e-6
3219,6.257035764651073e-7,1.5105820603274065e-6
3220,5.055052079789414e-7,1.5557850565531157e-6
3221,3.82069800248473e-7,1.5914352511334013e-6
3222,2.5615567470917936e-7,1.6173032791875743e-6
3223,1.2853719405616604e-7,1.6332199038910674e-6
3224,4.816482759553635e-21,1.63907712e-6
3225,-1.2866382327062455e-7,1.6348288806156817e-6
3226,-2.566606301445881e-7,1.62049144233294e-6
3227,-3.832001090841216e-7,1.5961433262667007e-6
3228,-5.07500162363354e-7,1.5619248948194693e-6
3229,-6.287917399202609e-7,1.518037546423688e-6
3230,-7.463235974455531e-7,1.4647425328530664e-6
3231,-8.593669492710579e-7,1.4023594060307298e-6
3232,-9.672199872400527e-7,1.3312641035555663e-6
3233,-1.0692122375408988e-6,1.251886684406985e-6
3234,-1.164708728458258e-6,1.164708728458271e-6
3235,-1.253113943135965e-6,1.0702604155174114e-6
3236,-1.3338755327477798e-6,9.691173016070648e-7
3237,-1.406487766926339e-6,8.61896812081635e-7
3238,-1.4704946998999654e-6,7.492544729457124e-7
3239,-1.5254930325199594e-6,6.318799033754406e-7
3240,-1.571134652218989e-6,5.104925939400043e-7
3241,-1.6071288349110617e-6,3.8583749636731863e-7
3242,-1.6332440949143788e-6,2.5868045188637125e-7
3243,-1.6493096711371995e-6,1.298034862008564e-7
3244,-1.65521664e-6,1.3786028262584806e-20
3245,-1.6509186478618149e-6,-1.2993011541529704e-7
3246,-1.6364322580597398e-6,-2.5918540732180846e-7
3247,-1.6118369100443596e-6,-3.869678052029726e-7
3248,-1.577274490485348e-6,-5.124875483244e-7
3249,-1.532948518616248e-6,-6.349680668305776e-7
3250,-1.4791229504703286e-6,-7.536507861959226e-7
3251,-1.4161206090161184e-6,-8.677998253062747e-7
3252,-1.3443212495166258e-6,-9.76706559075125e-7
3253,-1.2641592716969117e-6,-1.079694017305878e-6
3254,-1.1761210924953736e-6,-1.1761210924953473e-6
3255,-1.0807421952823863e-6,-1.2653865304258956e-6
3256,-9.786038734421514e-7,-1.346932678708829e-6
3257,-8.703296881168471e-7,-1.4202489699117304e-6
3258,-7.565816616960768e-7,-1.4848751175172303e-6
3259,-6.380562302857521e-7,-1.5404040047125214e-6
3260,-5.154799799010448e-7,-1.5864842478848696e-6
3261,-3.89605192486187e-7,-1.622822418688716e-6
3262,-2.612052290635863e-7,-1.6491849106411795e-6
3263,-1.3106977834554694e-7,-1.6653994383833316e-6
3264,8.218319999313327e-22,-1.67135616e-6
3265,1.3119640755999304e-7,-1.6670084151079463e-6
3266,2.6171018449900565e-7,-1.6523730737865435e-6
3267,3.9073550132182345e-7,-1.6275304938220184e-6
3268,5.174749342854456e-7,-1.592624086151227e-6
3269,6.411443937409161e-7,-1.547859490808799e-6
3270,7.60977974946271e-7,-1.4935033680876013e-6
3271,8.762327013414712e-7,-1.4298818120015195e-6
3272,9.86193130910197e-7,-1.3573783954776857e-6
3273,1.090175797070875e-6,-1.2764318589868234e-6
3274,1.1875334565324537e-6,-1.187533456532459e-6
3275,1.2776591177158107e-6,-1.0912239750473793e-6
3276,1.359989824669878e-6,-9.880904452772382e-7
3277,1.4340101728971218e-6,-8.787625641520591e-7
3278,1.4992555351345056e-6,-7.639088504464202e-7
3279,1.5553149769050745e-6,-6.442325571960855e-7
3280,1.6018338435507426e-6,-5.204673658621079e-7
3281,1.638516002466371e-6,-3.933728886050556e-7
3282,1.6651257263679836e-6,-2.637300062407778e-7
3283,1.681489205629465e-6,-1.3233607049021374e-7
3284,1.6874956800000001e-6,-8.266344732347947e-21
3285,1.6830981823540797e-6,1.324626997046654e-7
3286,1.668313889513347e-6,2.642349616762027e-7
3287,1.6432240775996718e-6,3.945031974406975e-7
3288,1.6079736818170984e-6,5.22462320246514e-7
3289,1.5627704630013593e-6,6.473207206512327e-7
3290,1.5078837857048743e-6,7.683051636966193e-7
3291,1.443643014986908e-6,8.846655773766883e-7
3292,1.3704355414387314e-6,9.956797027452885e-7
3293,1.2887044462767503e-6,1.1006575768358542e-6
3294,1.1989458205695615e-6,1.1989458205695433e-6
3295,1.1017057548123722e-6,1.2899317050057256e-6
3296,9.975770171123057e-7,1.3730469706309414e-6
3297,8.871954401872509e-7,1.447771375882526e-6
3298,7.712360391967848e-7,1.51363595275177e-6
3299,6.504088841064191e-7,1.5702259490976278e-6
3300,5.254547518231483e-7,1.6171834392166233e-6
3301,3.9714058472390085e-7,1.6542095862440313e-6
3302,2.6625478341799295e-7,1.681066542094784e-6
3303,1.3360236263490437e-7,1.6975789728755964e-6
3304,1.7528515266197822e-20,1.7036351999999999e-6
3305,-1.3372899184936172e-7,1.699187949600211e-6
3306,-2.6675973885342343e-7,1.6842547052401466e-6
3307,-3.982708935595481e-7,1.6589176613773306e-6
3308,-5.274497062075594e-7,1.623323277482977e-6
3309,-6.53497047561549e-7,1.5776814351939191e-6
3310,-7.756323524469888e-7,1.522264203322136e-6
3311,-8.930984534118848e-7,1.4574042179723087e-6
3312,-1.0051662745803603e-6,1.3834926873997909e-6
3313,-1.111139356600833e-6,1.3009770335666772e-6
3314,-1.2103581846066323e-6,1.2103581846066637e-6
3315,-1.3022042922956404e-6,1.1121875345773654e-6
3316,-1.3861041165919757e-6,1.0070635889474122e-6
3317,-1.4615325788679296e-6,8.956283162224425e-7
3318,-1.5280163703690452e-6,7.785632279471276e-7
3319,-1.5851369212901897e-6,6.565852110167302e-7
3320,-1.6325330348824961e-6,5.304421377842112e-7
3321,-1.6699031700216857e-6,4.009082808427695e-7
3322,-1.6970073578215846e-6,2.687795605952083e-7
3323,-1.7136687401217285e-6,1.348686547795952e-7
3324,-1.71977472e-6,2.69646796016183e-20
3325,-1.715277716846346e-6,-1.3499528399400957e-7
3326,-1.700195520966946e-6,-2.6928451603064455e-7
3327,-1.6746112451549838e-6,-4.020385896784225e-7
3328,-1.6386728731488483e-6,-5.324370921686282e-7
3329,-1.59259240738647e-6,-6.59673374471888e-7
3330,-1.5366446209394088e-6,-7.82959541197337e-7
3331,-1.47116542095771e-6,-9.01531329447081e-7
3332,-1.3965498333608508e-6,-1.0146528464154322e-6
3333,-1.3132496208566044e-6,-1.1216211363658115e-6
3334,-1.2217705486437666e-6,-1.2217705486437217e-6
3335,-1.122669314342321e-6,-1.3144768795855873e-6
3336,-1.0165501607824596e-6,-1.3991612625530534e-6
3337,-9.040611922576546e-7,-1.475293781853321e-6
3338,-7.858904166974924e-7,-1.5423967879863097e-6
3339,-6.627615379270639e-7,-1.6000478934827428e-6
3340,-5.354295237452745e-7,-1.6478826305483694e-6
3341,-4.046759769616383e-7,-1.68559675379934e-6
3342,-2.7130433777242375e-7,-1.7129481735483855e-6
3343,-1.361349469242862e-7,-1.7297585073678601e-6
3344,1.276281238677123e-20,-1.7359142400000002e-6
3345,1.3626157613873063e-7,-1.7313674840924753e-6
3346,2.7180929320784153e-7,-1.7161363366937497e-6
3347,4.058062857972731e-7,-1.6903048289326427e-6
3348,5.374244781296735e-7,-1.654022468814727e-6
3349,6.658497013822043e-7,-1.6075033795790304e-6
3350,7.902867299476849e-7,-1.551025038556682e-6
3351,9.099642054822774e-7,-1.484926623943111e-6
3352,1.0241394182505038e-6,-1.4096069793219109e-6
3353,1.132102916130828e-6,-1.3255222081464998e-6
3354,1.2331829126808457e-6,-1.2331829126808342e-6
3355,1.3267494668755024e-6,-1.1331510941073143e-6
3356,1.4122184085141023e-6,-1.0260367326175466e-6
3357,1.4890549848387124e-6,-9.12494068292867e-7
3358,1.5567772056035744e-6,-7.932176054478572e-7
3359,1.614958865675296e-6,-6.689378648373976e-7
3360,1.6632322262142426e-6,-5.40416909706338e-7
3361,1.7012903375769945e-6,-4.084436730805074e-7
3362,1.7288889892751939e-6,-2.7382911494959035e-7
3363,1.745848274613996e-6,-1.3740123906892778e-7
3364,1.75205376e-6,3.437373195995743e-21
3365,1.7474572513386084e-6,1.3752786828340273e-7
3366,1.7320771524205532e-6,2.7433407038503824e-7
