time [s],capacity [A.h],voltage [V],temperature [K],q_total [W.m-3],q_ohmic [W.m-3],q_irreversible [W.m-3],q_reversible [W.m-3],Q_total [W],Q_ohmic [W],Q_irreversible [W],Q_reversible [W]
0,0,4.11962,298.15,4460.58,589.882,3870.7,0,0.0919868,0.0121646,0.0798222,0
10,0.00416667,4.10715,298.172,4572.41,789.142,3783.26,0,0.0942929,0.0162738,0.0780191,0
20,0.00833333,4.0993,298.194,4656.63,925.324,3731.31,0,0.0960298,0.0190822,0.0769476,0
30,0.0125,4.09351,298.215,4715.67,1022.94,3692.72,0,0.0972472,0.0210953,0.0761519,0
40,0.0166667,4.08888,298.237,4756.07,1093.65,3662.43,0,0.0980805,0.0225533,0.0755272,0
50,0.0208333,4.08502,298.259,4782.89,1145.19,3637.7,0,0.0986336,0.0236162,0.0750173,0
60,0.025,4.08169,298.281,4799.82,1182.96,3616.87,0,0.0989827,0.0243951,0.0745876,0
70,0.0291667,4.07876,298.302,4809.56,1210.73,3598.82,0,0.0991834,0.0249679,0.0742155,0
80,0.0333333,4.07615,298.323,4814.04,1231.22,3582.82,0,0.099276,0.0253904,0.0738856,0
90,0.0375,4.07379,298.344,4814.71,1246.37,3568.35,0,0.0992898,0.0257028,0.073587,0
100,0.0416667,4.07164,298.365,4812.6,1257.58,3555.02,0,0.0992463,0.0259341,0.0733122,0
110,0.0458333,4.06965,298.385,4808.48,1265.9,3542.58,0,0.0991612,0.0261055,0.0730557,0
120,0.05,4.06782,298.405,4802.9,1272.07,3530.83,0,0.0990462,0.0262328,0.0728133,0
130,0.0541667,4.06611,298.425,4796.29,1276.66,3519.62,0,0.0989098,0.0263276,0.0725822,0
140,0.0583333,4.0645,298.445,4788.94,1280.09,3508.85,0,0.0987583,0.0263982,0.0723601,0
150,0.0625,4.063,298.464,4781.08,1282.64,3498.43,0,0.0985962,0.0264509,0.0721453,0
160,0.0666667,4.06159,298.483,4772.86,1284.55,3488.31,0,0.0984268,0.0264902,0.0719365,0
170,0.0708333,4.06025,298.502,4764.42,1285.98,3478.44,0,0.0982526,0.0265197,0.071733,0
180,0.075,4.05899,298.52,4755.83,1287.05,3468.78,0,0.0980756,0.0265418,0.0715338,0
190,0.0791667,4.05779,298.539,4747.17,1287.86,3459.31,0,0.0978969,0.0265584,0.0713385,0
200,0.0833333,4.05666,298.556,4738.47,1288.47,3450,0,0.0977175,0.026571,0.0711465,0
210,0.0875,4.05558,298.574,4729.77,1288.93,3440.85,0,0.0975382,0.0265805,0.0709577,0
220,0.0916667,4.05455,298.592,4721.1,1289.27,3431.83,0,0.0973592,0.0265876,0.0707717,0
230,0.0958333,4.05358,298.609,4712.47,1289.53,3422.93,0,0.0971812,0.026593,0.0705883,0
240,0.1,4.05265,298.626,4703.89,1289.74,3414.16,0,0.0970044,0.0265972,0.0704073,0
250,0.104167,4.05177,298.642,4695.39,1289.9,3405.49,0,0.0968291,0.0266005,0.0702285,0
260,0.108333,4.05092,298.659,4686.96,1290.04,3396.93,0,0.0966553,0.0266034,0.0700519,0
270,0.1125,4.05012,298.675,4678.62,1290.15,3388.46,0,0.0964832,0.0266058,0.0698774,0
280,0.116667,4.04936,298.691,4670.35,1290.25,3380.1,0,0.0963127,0.0266078,0.0697049,0
290,0.120833,4.04863,298.706,4662.16,1290.34,3371.83,0,0.0961439,0.0266096,0.0695343,0
300,0.125,4.04793,298.722,4654.05,1290.41,3363.64,0,0.0959766,0.026611,0.0693656,0
310,0.129167,4.04727,298.737,4646.02,1290.47,3355.55,0,0.095811,0.0266122,0.0691988,0
320,0.133333,4.04664,298.752,4638.07,1290.52,3347.55,0,0.095647,0.0266133,0.0690337,0
330,0.1375,4.04604,298.767,4630.19,1290.56,3339.63,0,0.0954846,0.0266142,0.0688704,0
340,0.141667,4.04547,298.781,4622.4,1290.61,3331.8,0,0.0953239,0.0266151,0.0687088,0
350,0.145833,4.04492,298.796,4614.69,1290.65,3324.04,0,0.0951648,0.0266159,0.0685489,0
360,0.15,4.0444,298.81,4607.05,1290.69,3316.36,0,0.0950073,0.0266167,0.0683906,0
370,0.154167,4.04391,298.824,4599.49,1290.72,3308.77,0,0.0948515,0.0266175,0.0682339,0
380,0.158333,4.04344,298.838,4592.01,1290.76,3301.25,0,0.0946971,0.0266183,0.0680788,0
390,0.1625,4.04299,298.851,4584.6,1290.8,3293.8,0,0.0945443,0.026619,0.0679253,0
400,0.166667,4.04256,298.864,4577.26,1290.83,3286.43,0,0.094393,0.0266197,0.0677733,0
410,0.170833,4.04216,298.877,4570,1290.86,3279.14,0,0.0942432,0.0266203,0.0676229,0
420,0.175,4.04177,298.89,4562.8,1290.89,3271.91,0,0.0940948,0.0266209,0.0674739,0
430,0.179167,4.0414,298.903,4555.68,1290.92,3264.76,0,0.093948,0.0266216,0.0673264,0
440,0.183333,4.04105,298.916,4548.63,1290.95,3257.68,0,0.0938025,0.0266222,0.0671803,0
450,0.1875,4.04072,298.928,4541.64,1290.98,3250.66,0,0.0936584,0.0266227,0.0670357,0
460,0.191667,4.0404,298.94,4534.72,1291.01,3243.72,0,0.0935158,0.0266233,0.0668924,0
470,0.195833,4.04011,298.952,4527.87,1291.03,3236.84,0,0.0933745,0.0266239,0.0667506,0
480,0.2,4.03982,298.964,4521.09,1291.06,3230.03,0,0.0932346,0.0266245,0.0666101,0
490,0.204167,4.03955,298.975,4514.37,1291.09,3223.28,0,0.093096,0.026625,0.0664709,0
500,0.208333,4.03929,298.987,4507.71,1291.11,3216.59,0,0.0929587,0.0266256,0.0663331,0
510,0.2125,4.03905,298.998,4501.12,1291.14,3209.97,0,0.0928227,0.0266261,0.0661966,0
520,0.216667,4.03882,299.009,4494.58,1291.17,3203.42,0,0.0926881,0.0266267,0.0660614,0
530,0.220833,4.0386,299.02,4488.12,1291.19,3196.92,0,0.0925546,0.0266272,0.0659274,0
540,0.225,4.03839,299.031,4481.71,1291.22,3190.49,0,0.0924225,0.0266278,0.0657947,0
550,0.229167,4.03819,299.041,4475.36,1291.25,3184.11,0,0.0922915,0.0266283,0.0656632,0
560,0.233333,4.038,299.052,4469.07,1291.27,3177.79,0,0.0921618,0.0266288,0.065533,0
570,0.2375,4.03782,299.062,4462.83,1291.3,3171.54,0,0.0920333,0.0266293,0.065404,0
580,0.241667,4.03765,299.072,4456.66,1291.32,3165.34,0,0.0919059,0.0266298,0.0652761,0
590,0.245833,4.03748,299.082,4450.54,1291.34,3159.2,0,0.0917797,0.0266303,0.0651494,0
600,0.25,4.03733,299.092,4444.48,1291.37,3153.11,0,0.0916548,0.0266308,0.065024,0
610,0.254167,4.03718,299.102,4438.47,1291.39,3147.08,0,0.0915309,0.0266312,0.0648997,0
620,0.258333,4.03703,299.111,4432.52,1291.41,3141.11,0,0.0914081,0.0266317,0.0647764,0
630,0.2625,4.0369,299.12,4426.62,1291.43,3135.19,0,0.0912864,0.0266321,0.0646543,0
640,0.266667,4.03676,299.13,4420.77,1291.45,3129.32,0,0.0911658,0.0266326,0.0645333,0
650,0.270833,4.03664,299.139,4414.98,1291.48,3123.5,0,0.0910463,0.026633,0.0644133,0
660,0.275,4.03651,299.148,4409.23,1291.5,3117.73,0,0.0909279,0.0266335,0.0642944,0
670,0.279167,4.03639,299.157,4403.54,1291.52,3112.02,0,0.0908104,0.0266339,0.0641766,0
680,0.283333,4.03628,299.165,4397.89,1291.54,3106.36,0,0.0906941,0.0266343,0.0640598,0
690,0.2875,4.03617,299.174,4392.3,1291.56,3100.74,0,0.0905787,0.0266347,0.063944,0
700,0.291667,4.03606,299.182,4386.75,1291.58,3095.18,0,0.0904644,0.0266351,0.0638292,0
710,0.295833,4.03595,299.19,4381.26,1291.6,3089.66,0,0.090351,0.0266355,0.0637155,0
720,0.3,4.03584,299.199,4375.81,1291.62,3084.19,0,0.0902386,0.0266359,0.0636027,0
730,0.304167,4.03574,299.207,4370.41,1291.63,3078.77,0,0.0901272,0.0266363,0.0634909,0
740,0.308333,4.03563,299.215,4365.05,1291.65,3073.4,0,0.0900168,0.0266367,0.0633801,0
750,0.3125,4.03553,299.222,4359.74,1291.67,3068.07,0,0.0899074,0.0266371,0.0632703,0
760,0.316667,4.03543,299.23,4354.48,1291.69,3062.79,0,0.0897988,0.0266374,0.0631614,0
770,0.320833,4.03532,299.238,4349.26,1291.71,3057.56,0,0.0896912,0.0266378,0.0630534,0
780,0.325,4.03522,299.245,4344.09,1291.72,3052.36,0,0.0895845,0.0266382,0.0629463,0
790,0.329167,4.03512,299.252,4338.96,1291.74,3047.22,0,0.0894787,0.0266385,0.0628402,0
800,0.333333,4.03501,299.259,4333.87,1291.76,3042.11,0,0.0893738,0.0266389,0.062735,0
810,0.3375,4.0349,299.267,4328.83,1291.78,3037.05,0,0.0892698,0.0266392,0.0626306,0
820,0.341667,4.03479,299.273,4323.83,1291.79,3032.04,0,0.0891666,0.0266395,0.0625271,0
830,0.345833,4.03468,299.28,4318.87,1291.81,3027.06,0,0.0890644,0.0266399,0.0624245,0
840,0.35,4.03457,299.287,4313.95,1291.82,3022.12,0,0.0889629,0.0266402,0.0623227,0
850,0.354167,4.03445,299.294,4309.07,1291.84,3017.23,0,0.0888623,0.0266405,0.0622218,0
860,0.358333,4.03433,299.3,4304.23,1291.85,3012.38,0,0.0887626,0.0266408,0.0621218,0
870,0.3625,4.03421,299.307,4299.44,1291.87,3007.57,0,0.0886637,0.0266411,0.0620225,0
880,0.366667,4.03408,299.313,4294.68,1291.88,3002.8,0,0.0885656,0.0266414,0.0619241,0
890,0.370833,4.03395,299.319,4289.96,1291.9,2998.06,0,0.0884683,0.0266417,0.0618265,0
900,0.375,4.03381,299.325,4285.28,1291.91,2993.37,0,0.0883717,0.026642,0.0617297,0
910,0.379167,4.03367,299.331,4280.64,1291.93,2988.71,0,0.088276,0.0266423,0.0616337,0
920,0.383333,4.03353,299.337,4276.03,1291.94,2984.09,0,0.0881811,0.0266426,0.0615385,0
930,0.3875,4.03338,299.343,4271.47,1291.95,2979.51,0,0.0880869,0.0266429,0.061444,0
940,0.391667,4.03323,299.349,4266.94,1291.97,2974.97,0,0.0879935,0.0266432,0.0613503,0
950,0.395833,4.03307,299.355,4262.44,1291.98,2970.46,0,0.0879008,0.0266434,0.0612574,0
960,0.4,4.0329,299.36,4257.99,1291.99,2965.99,0,0.0878089,0.0266437,0.0611652,0
970,0.404167,4.03273,299.366,4253.56,1292.01,2961.56,0,0.0877177,0.026644,0.0610737,0
980,0.408333,4.03256,299.371,4249.18,1292.02,2957.16,0,0.0876272,0.0266442,0.060983,0
990,0.4125,4.03238,299.376,4244.82,1292.03,2952.79,0,0.0875375,0.0266445,0.060893,0
1000,0.416667,4.03219,299.381,4240.51,1292.04,2948.46,0,0.0874484,0.0266447,0.0608037,0
1010,0.420833,4.03199,299.387,4236.22,1292.06,2944.17,0,0.0873601,0.026645,0.0607151,0
1020,0.425,4.03179,299.392,4231.97,1292.07,2939.9,0,0.0872724,0.0266452,0.0606272,0
1030,0.429167,4.03159,299.397,4227.75,1292.08,2935.68,0,0.0871854,0.0266455,0.06054,0
1040,0.433333,4.03137,299.401,4223.57,1292.09,2931.48,0,0.0870992,0.0266457,0.0604534,0
1050,0.4375,4.03115,299.406,4219.42,1292.1,2927.32,0,0.0870135,0.0266459,0.0603676,0
1060,0.441667,4.03092,299.411,4215.3,1292.11,2923.19,0,0.0869286,0.0266462,0.0602824,0
1070,0.445833,4.03069,299.415,4211.21,1292.12,2919.09,0,0.0868443,0.0266464,0.0601979,0
1080,0.45,4.03045,299.42,4207.16,1292.13,2915.02,0,0.0867606,0.0266466,0.060114,0
1090,0.454167,4.0302,299.424,4203.13,1292.15,2910.99,0,0.0866776,0.0266468,0.0600308,0
1100,0.458333,4.02994,299.429,4199.14,1292.16,2906.98,0,0.0865953,0.026647,0.0599482,0
1110,0.4625,4.02968,299.433,4195.17,1292.17,2903.01,0,0.0865135,0.0266472,0.0598663,0
1120,0.466667,4.02941,299.437,4191.24,1292.18,2899.06,0,0.0864324,0.0266475,0.0597849,0
1130,0.470833,4.02913,299.442,4187.33,1292.19,2895.15,0,0.0863519,0.0266477,0.0597042,0
1140,0.475,4.02884,299.446,4183.46,1292.2,2891.26,0,0.0862719,0.0266479,0.0596241,0
1150,0.479167,4.02855,299.45,4179.61,1292.2,2887.41,0,0.0861926,0.0266481,0.0595446,0
1160,0.483333,4.02825,299.454,4175.79,1292.21,2883.58,0,0.0861139,0.0266482,0.0594656,0
1170,0.4875,4.02794,299.458,4172,1292.22,2879.78,0,0.0860357,0.0266484,0.0593873,0
1180,0.491667,4.02762,299.462,4168.24,1292.23,2876.01,0,0.0859581,0.0266486,0.0593095,0
1190,0.495833,4.02729,299.465,4164.51,1292.24,2872.27,0,0.0858812,0.0266488,0.0592324,0
1200,0.5,4.02696,299.469,4160.81,1292.25,2868.56,0,0.0858049,0.026649,0.0591559,0
1210,0.504167,4.02662,299.473,4157.13,1292.26,2864.88,0,0.0857291,0.0266492,0.0590799,0
1220,0.508333,4.02627,299.476,4153.48,1292.27,2861.22,0,0.0856538,0.0266493,0.0590045,0
1230,0.5125,4.02592,299.48,4149.86,1292.27,2857.59,0,0.0855791,0.0266495,0.0589296,0
1240,0.516667,4.02555,299.483,4146.26,1292.28,2853.98,0,0.0855049,0.0266497,0.0588552,0
1250,0.520833,4.02518,299.487,4142.69,1292.29,2850.4,0,0.0854312,0.0266498,0.0587814,0
1260,0.525,4.0248,299.49,4139.14,1292.3,2846.84,0,0.0853581,0.02665,0.0587081,0
1270,0.529167,4.02441,299.493,4135.62,1292.31,2843.32,0,0.0852855,0.0266501,0.0586353,0
1280,0.533333,4.02401,299.496,4132.13,1292.31,2839.81,0,0.0852134,0.0266503,0.0585631,0
1290,0.5375,4.02361,299.5,4128.66,1292.32,2836.33,0,0.0851418,0.0266505,0.0584913,0
1300,0.541667,4.0232,299.503,4125.21,1292.33,2832.88,0,0.0850707,0.0266506,0.0584201,0
1310,0.545833,4.02278,299.506,4121.79,1292.34,2829.45,0,0.0850002,0.0266508,0.0583494,0
1320,0.55,4.02235,299.509,4118.39,1292.34,2826.05,0,0.0849301,0.0266509,0.0582792,0
1330,0.554167,4.02192,299.512,4115.02,1292.35,2822.67,0,0.0848605,0.026651,0.0582095,0
1340,0.558333,4.02147,299.515,4111.67,1292.36,2819.31,0,0.0847915,0.0266512,0.0581403,0
1350,0.5625,4.02102,299.518,4108.34,1292.36,2815.98,0,0.0847229,0.0266513,0.0580716,0
1360,0.566667,4.02057,299.52,4105.04,1292.37,2812.67,0,0.0846548,0.0266515,0.0580033,0
1370,0.570833,4.0201,299.523,4101.76,1292.38,2809.38,0,0.0845872,0.0266516,0.0579356,0
1380,0.575,4.01963,299.526,4098.5,1292.38,2806.12,0,0.08452,0.0266517,0.0578683,0
1390,0.579167,4.01915,299.529,4095.27,1292.39,2802.88,0,0.0844533,0.0266519,0.0578015,0
1400,0.583333,4.01866,299.531,4092.06,1292.4,2799.66,0,0.0843871,0.026652,0.0577351,0
1410,0.5875,4.01817,299.534,4088.87,1292.4,2796.47,0,0.0843213,0.0266521,0.0576692,0
1420,0.591667,4.01767,299.536,4085.7,1292.41,2793.3,0,0.0842561,0.0266522,0.0576038,0
1430,0.595833,4.01716,299.539,4082.56,1292.41,2790.15,0,0.0841912,0.0266523,0.0575389,0
1440,0.6,4.01664,299.541,4079.44,1292.42,2787.02,0,0.0841268,0.0266525,0.0574744,0
1450,0.604167,4.01612,299.544,4076.34,1292.42,2783.91,0,0.0840629,0.0266526,0.0574103,0
1460,0.608333,4.01559,299.546,4073.26,1292.43,2780.83,0,0.0839993,0.0266527,0.0573466,0
1470,0.6125,4.01506,299.548,4070.2,1292.44,2777.76,0,0.0839362,0.0266528,0.0572834,0
1480,0.616667,4.01451,299.55,4067.16,1292.44,2774.72,0,0.0838736,0.0266529,0.0572207,0
1490,0.620833,4.01396,299.553,4064.14,1292.45,2771.7,0,0.0838114,0.026653,0.0571583,0
1500,0.625,4.01341,299.555,4061.14,1292.45,2768.69,0,0.0837496,0.0266531,0.0570965,0
1510,0.629167,4.01285,299.557,4058.17,1292.46,2765.71,0,0.0836882,0.0266532,0.057035,0
1520,0.633333,4.01228,299.559,4055.21,1292.46,2762.75,0,0.0836272,0.0266533,0.0569739,0
1530,0.6375,4.0117,299.561,4052.27,1292.47,2759.81,0,0.0835667,0.0266534,0.0569132,0
1540,0.641667,4.01112,299.563,4049.36,1292.47,2756.89,0,0.0835065,0.0266535,0.056853,0
1550,0.645833,4.01054,299.565,4046.46,1292.47,2753.98,0,0.0834467,0.0266536,0.0567931,0
1560,0.65,4.00995,299.567,4043.58,1292.48,2751.1,0,0.0833873,0.0266537,0.0567336,0
1570,0.654167,4.00935,299.569,4040.72,1292.48,2748.24,0,0.0833284,0.0266538,0.0566746,0
1580,0.658333,4.00874,299.571,4037.88,1292.49,2745.39,0,0.0832698,0.0266539,0.0566159,0
1590,0.6625,4.00813,299.573,4035.06,1292.49,2742.57,0,0.0832116,0.026654,0.0565576,0
1600,0.666667,4.00752,299.574,4032.26,1292.5,2739.76,0,0.0831538,0.0266541,0.0564997,0
1610,0.670833,4.0069,299.576,4029.47,1292.5,2736.97,0,0.0830964,0.0266542,0.0564422,0
1620,0.675,4.00628,299.578,4026.71,1292.51,2734.2,0,0.0830394,0.0266542,0.0563851,0
1630,0.679167,4.00565,299.58,4023.96,1292.51,2731.45,0,0.0829827,0.0266543,0.0563284,0
1640,0.683333,4.00501,299.581,4021.23,1292.51,2728.72,0,0.0829265,0.0266544,0.0562721,0
1650,0.6875,4.00437,299.583,4018.52,1292.52,2726,0,0.0828706,0.0266545,0.0562161,0
1660,0.691667,4.00373,299.584,4015.83,1292.52,2723.31,0,0.082815,0.0266546,0.0561605,0
1670,0.695833,4.00308,299.586,4013.15,1292.52,2720.63,0,0.0827599,0.0266546,0.0561053,0
1680,0.7,4.00242,299.588,4010.5,1292.53,2717.97,0,0.0827051,0.0266547,0.0560504,0
1690,0.704167,4.00176,299.589,4007.85,1292.53,2715.32,0,0.0826506,0.0266548,0.0559958,0
1700,0.708333,4.0011,299.59,4005.23,1292.53,2712.7,0,0.0825965,0.0266549,0.0559417,0
1710,0.7125,4.00043,299.592,4002.63,1292.54,2710.09,0,0.0825428,0.0266549,0.0558879,0
1720,0.716667,3.99976,299.593,4000.04,1292.54,2707.5,0,0.0824894,0.026655,0.0558344,0
1730,0.720833,3.99909,299.595,3997.46,1292.54,2704.92,0,0.0824363,0.0266551,0.0557813,0
1740,0.725,3.99841,299.596,3994.91,1292.55,2702.36,0,0.0823836,0.0266551,0.0557285,0
1750,0.729167,3.99773,299.597,3992.37,1292.55,2699.82,0,0.0823313,0.0266552,0.0556761,0
1760,0.733333,3.99704,299.599,3989.85,1292.55,2697.29,0,0.0822792,0.0266552,0.055624,0
1770,0.7375,3.99635,299.6,3987.34,1292.56,2694.78,0,0.0822275,0.0266553,0.0555722,0
1780,0.741667,3.99566,299.601,3984.85,1292.56,2692.29,0,0.0821762,0.0266554,0.0555208,0
1790,0.745833,3.99496,299.602,3982.38,1292.56,2689.81,0,0.0821252,0.0266554,0.0554698,0
1800,0.75,3.99426,299.603,3979.92,1292.56,2687.35,0,0.0820745,0.0266555,0.055419,0
1810,0.754167,3.99356,299.604,3977.47,1292.57,2684.91,0,0.0820241,0.0266555,0.0553686,0
1820,0.758333,3.99285,299.605,3975.05,1292.57,2682.48,0,0.081974,0.0266556,0.0553185,0
1830,0.7625,3.99214,299.607,3972.63,1292.57,2680.06,0,0.0819243,0.0266556,0.0552687,0
1840,0.766667,3.99143,299.608,3970.24,1292.57,2677.66,0,0.0818748,0.0266557,0.0552192,0
1850,0.770833,3.99071,299.609,3967.85,1292.58,2675.28,0,0.0818257,0.0266557,0.05517,0
1860,0.775,3.99,299.61,3965.49,1292.58,2672.91,0,0.0817769,0.0266558,0.0551211,0
1870,0.779167,3.98928,299.611,3963.13,1292.58,2670.55,0,0.0817283,0.0266558,0.0550725,0
1880,0.783333,3.98855,299.612,3960.79,1292.58,2668.21,0,0.0816801,0.0266559,0.0550242,0
1890,0.7875,3.98783,299.613,3958.47,1292.59,2665.88,0,0.0816322,0.0266559,0.0549763,0
1900,0.791667,3.9871,299.613,3956.16,1292.59,2663.57,0,0.0815846,0.026656,0.0549286,0
1910,0.795833,3.98637,299.614,3953.87,1292.59,2661.27,0,0.0815372,0.026656,0.0548812,0
1920,0.8,3.98564,299.615,3951.58,1292.59,2658.99,0,0.0814902,0.026656,0.0548341,0
1930,0.804167,3.98491,299.616,3949.32,1292.59,2656.72,0,0.0814434,0.0266561,0.0547873,0
1940,0.808333,3.98418,299.617,3947.06,1292.6,2654.46,0,0.0813969,0.0266561,0.0547408,0
1950,0.8125,3.98344,299.618,3944.82,1292.6,2652.22,0,0.0813507,0.0266562,0.0546945,0
1960,0.816667,3.9827,299.619,3942.59,1292.6,2649.99,0,0.0813048,0.0266562,0.0546486,0
1970,0.820833,3.98196,299.619,3940.38,1292.6,2647.78,0,0.0812591,0.0266563,0.0546029,0
1980,0.825,3.98122,299.62,3938.18,1292.6,2645.58,0,0.0812138,0.0266563,0.0545575,0
1990,0.829167,3.98048,299.621,3935.99,1292.61,2643.39,0,0.0811687,0.0266563,0.0545124,0
2000,0.833333,3.97974,299.622,3933.82,1292.61,2641.21,0,0.0811239,0.0266564,0.0544675,0
2010,0.8375,3.97899,299.622,3931.66,1292.61,2639.05,0,0.0810794,0.0266564,0.054423,0
2020,0.841667,3.97825,299.623,3929.52,1292.61,2636.91,0,0.0810351,0.0266564,0.0543787,0
2030,0.845833,3.9775,299.624,3927.38,1292.61,2634.77,0,0.0809911,0.0266565,0.0543347,0
2040,0.85,3.97675,299.624,3925.26,1292.61,2632.65,0,0.0809474,0.0266565,0.054291,0
2050,0.854167,3.976,299.625,3923.16,1292.62,2630.54,0,0.080904,0.0266565,0.0542475,0
2060,0.858333,3.97525,299.626,3921.07,1292.62,2628.45,0,0.0808608,0.0266565,0.0542043,0
2070,0.8625,3.9745,299.626,3918.99,1292.62,2626.37,0,0.0808179,0.0266566,0.0541614,0
2080,0.866667,3.97375,299.627,3916.92,1292.62,2624.3,0,0.0807753,0.0266566,0.0541187,0
2090,0.870833,3.973,299.627,3914.86,1292.62,2622.24,0,0.0807329,0.0266566,0.0540763,0
2100,0.875,3.97225,299.628,3912.82,1292.62,2620.19,0,0.0806907,0.0266567,0.0540341,0
2110,0.879167,3.9715,299.628,3910.78,1292.62,2618.16,0,0.0806488,0.0266567,0.0539921,0
2120,0.883333,3.97075,299.629,3908.76,1292.62,2616.14,0,0.0806071,0.0266567,0.0539504,0
2130,0.8875,3.96999,299.629,3906.76,1292.63,2614.13,0,0.0805657,0.0266567,0.053909,0
2140,0.891667,3.96924,299.63,3904.76,1292.63,2612.13,0,0.0805246,0.0266568,0.0538678,0
2150,0.895833,3.96849,299.63,3902.78,1292.63,2610.15,0,0.0804837,0.0266568,0.0538269,0
2160,0.9,3.96774,299.631,3900.8,1292.63,2608.17,0,0.080443,0.0266568,0.0537862,0
2170,0.904167,3.96698,299.631,3898.84,1292.63,2606.21,0,0.0804026,0.0266568,0.0537458,0
2180,0.908333,3.96623,299.632,3896.9,1292.63,2604.26,0,0.0803624,0.0266568,0.0537056,0
2190,0.9125,3.96548,299.632,3894.96,1292.63,2602.33,0,0.0803225,0.0266569,0.0536656,0
2200,0.916667,3.96472,299.633,3893.04,1292.63,2600.4,0,0.0802828,0.0266569,0.0536259,0
2210,0.920833,3.96397,299.633,3891.12,1292.63,2598.49,0,0.0802434,0.0266569,0.0535865,0
2220,0.925,3.96322,299.633,3889.22,1292.63,2596.59,0,0.0802042,0.0266569,0.0535472,0
2230,0.929167,3.96247,299.634,3887.33,1292.64,2594.7,0,0.0801652,0.0266569,0.0535083,0
2240,0.933333,3.96172,299.634,3885.45,1292.64,2592.82,0,0.0801265,0.026657,0.0534695,0
2250,0.9375,3.96097,299.634,3883.59,1292.64,2590.95,0,0.080088,0.026657,0.053431,0
2260,0.941667,3.96022,299.635,3881.73,1292.64,2589.09,0,0.0800497,0.026657,0.0533927,0
2270,0.945833,3.95947,299.635,3879.89,1292.64,2587.25,0,0.0800117,0.026657,0.0533547,0
2280,0.95,3.95872,299.635,3878.05,1292.64,2585.41,0,0.0799738,0.026657,0.0533168,0
2290,0.954167,3.95797,299.635,3876.23,1292.64,2583.59,0,0.0799362,0.026657,0.0532792,0
2300,0.958333,3.95723,299.636,3874.42,1292.64,2581.78,0,0.0798989,0.026657,0.0532418,0
2310,0.9625,3.95648,299.636,3872.62,1292.64,2579.98,0,0.0798617,0.026657,0.0532047,0
2320,0.966667,3.95573,299.636,3870.83,1292.64,2578.19,0,0.0798248,0.0266571,0.0531678,0
2330,0.970833,3.95499,299.636,3869.05,1292.64,2576.4,0,0.0797881,0.0266571,0.053131,0
2340,0.975,3.95424,299.636,3867.28,1292.64,2574.63,0,0.0797516,0.0266571,0.0530945,0
2350,0.979167,3.9535,299.637,3865.52,1292.64,2572.88,0,0.0797153,0.0266571,0.0530583,0
2360,0.983333,3.95276,299.637,3863.77,1292.64,2571.13,0,0.0796793,0.0266571,0.0530222,0
2370,0.9875,3.95202,299.637,3862.03,1292.64,2569.39,0,0.0796434,0.0266571,0.0529863,0
2380,0.991667,3.95128,299.637,3860.3,1292.64,2567.66,0,0.0796078,0.0266571,0.0529507,0
2390,0.995833,3.95054,299.637,3858.59,1292.64,2565.94,0,0.0795724,0.0266571,0.0529153,0
2400,1,3.9498,299.637,3856.88,1292.64,2564.23,0,0.0795372,0.0266571,0.0528801,0
2410,1.00417,3.94907,299.638,3855.18,1292.64,2562.54,0,0.0795022,0.0266571,0.052845,0
2420,1.00833,3.94833,299.638,3853.49,1292.64,2560.85,0,0.0794674,0.0266571,0.0528102,0
2430,1.0125,3.9476,299.638,3851.82,1292.65,2559.17,0,0.0794328,0.0266571,0.0527756,0
2440,1.01667,3.94686,299.638,3850.15,1292.65,2557.5,0,0.0793984,0.0266571,0.0527412,0
2450,1.02083,3.94613,299.638,3848.49,1292.65,2555.84,0,0.0793642,0.0266571,0.052707,0
2460,1.025,3.9454,299.638,3846.84,1292.65,2554.19,0,0.0793302,0.0266571,0.052673,0
2470,1.02917,3.94467,299.638,3845.2,1292.65,2552.56,0,0.0792964,0.0266572,0.0526392,0
2480,1.03333,3.94394,299.638,3843.57,1292.65,2550.93,0,0.0792627,0.0266572,0.0526056,0
2490,1.0375,3.94322,299.638,3841.95,1292.65,2549.3,0,0.0792293,0.0266572,0.0525722,0
2500,1.04167,3.94249,299.638,3840.34,1292.65,2547.69,0,0.0791961,0.0266572,0.0525389,0
2510,1.04583,3.94177,299.638,3838.74,1292.65,2546.09,0,0.079163,0.0266572,0.0525059,0
2520,1.05,3.94105,299.638,3837.14,1292.65,2544.5,0,0.0791302,0.0266572,0.052473,0
2530,1.05417,3.94033,299.638,3835.56,1292.65,2542.91,0,0.0790975,0.0266572,0.0524404,0
2540,1.05833,3.93961,299.638,3833.99,1292.65,2541.34,0,0.0790651,0.0266572,0.0524079,0
2550,1.0625,3.93889,299.638,3832.42,1292.65,2539.77,0,0.0790328,0.0266572,0.0523756,0
2560,1.06667,3.93817,299.638,3830.86,1292.65,2538.22,0,0.0790007,0.0266572,0.0523435,0
2570,1.07083,3.93746,299.638,3829.32,1292.65,2536.67,0,0.0789688,0.0266572,0.0523116,0
2580,1.075,3.93674,299.638,3827.78,1292.65,2535.13,0,0.078937,0.0266572,0.0522799,0
2590,1.07917,3.93603,299.638,3826.25,1292.65,2533.6,0,0.0789055,0.0266572,0.0522483,0
2600,1.08333,3.93532,299.638,3824.73,1292.65,2532.08,0,0.0788742,0.0266572,0.052217,0
2610,1.0875,3.93461,299.638,3823.22,1292.65,2530.57,0,0.078843,0.0266572,0.0521858,0
2620,1.09167,3.93391,299.638,3821.71,1292.65,2529.07,0,0.078812,0.0266572,0.0521548,0
2630,1.09583,3.9332,299.638,3820.22,1292.65,2527.57,0,0.0787812,0.0266572,0.052124,0
2640,1.1,3.9325,299.638,3818.74,1292.65,2526.09,0,0.0787506,0.0266572,0.0520934,0
2650,1.10417,3.93179,299.638,3817.26,1292.65,2524.61,0,0.0787201,0.0266572,0.052063,0
2660,1.10833,3.93109,299.638,3815.79,1292.65,2523.15,0,0.0786899,0.0266571,0.0520327,0
2670,1.1125,3.93039,299.638,3814.33,1292.65,2521.69,0,0.0786598,0.0266571,0.0520026,0
2680,1.11667,3.92969,299.638,3812.88,1292.65,2520.24,0,0.0786299,0.0266571,0.0519727,0
2690,1.12083,3.929,299.638,3811.44,1292.65,2518.79,0,0.0786001,0.0266571,0.0519429,0
2700,1.125,3.9283,299.638,3810,1292.65,2517.36,0,0.0785705,0.0266571,0.0519134,0
2710,1.12917,3.92761,299.638,3808.58,1292.64,2515.93,0,0.0785411,0.0266571,0.0518839,0
2720,1.13333,3.92692,299.638,3807.16,1292.64,2514.51,0,0.0785118,0.0266571,0.0518547,0
2730,1.1375,3.92622,299.637,3805.75,1292.64,2513.1,0,0.0784828,0.0266571,0.0518256,0
2740,1.14167,3.92554,299.637,3804.35,1292.64,2511.7,0,0.0784538,0.0266571,0.0517967,0
2750,1.14583,3.92485,299.637,3802.95,1292.64,2510.31,0,0.0784251,0.0266571,0.051768,0
2760,1.15,3.92416,299.637,3801.57,1292.64,2508.92,0,0.0783965,0.0266571,0.0517394,0
2770,1.15417,3.92348,299.637,3800.19,1292.64,2507.55,0,0.0783681,0.0266571,0.051711,0
2780,1.15833,3.92279,299.637,3798.82,1292.64,2506.18,0,0.0783399,0.0266571,0.0516828,0
2790,1.1625,3.92211,299.637,3797.46,1292.64,2504.82,0,0.0783118,0.0266571,0.0516547,0
2800,1.16667,3.92143,299.637,3796.11,1292.64,2503.46,0,0.0782839,0.0266571,0.0516269,0
2810,1.17083,3.92075,299.636,3794.76,1292.64,2502.12,0,0.0782562,0.0266571,0.0515991,0
2820,1.175,3.92007,299.636,3793.43,1292.64,2500.78,0,0.0782286,0.0266571,0.0515716,0
2830,1.17917,3.9194,299.636,3792.1,1292.64,2499.45,0,0.0782012,0.0266571,0.0515442,0
2840,1.18333,3.91872,299.636,3790.78,1292.64,2498.13,0,0.078174,0.0266571,0.0515169,0
2850,1.1875,3.91805,299.636,3789.46,1292.64,2496.82,0,0.0781469,0.026657,0.0514898,0
2860,1.19167,3.91738,299.636,3788.16,1292.64,2495.52,0,0.07812,0.026657,0.0514629,0
2870,1.19583,3.91671,299.635,3786.86,1292.64,2494.22,0,0.0780932,0.026657,0.0514362,0
2880,1.2,3.91604,299.635,3785.57,1292.64,2492.93,0,0.0780666,0.026657,0.0514096,0
2890,1.20417,3.91537,299.635,3784.28,1292.64,2491.64,0,0.0780401,0.026657,0.0513831,0
2900,1.20833,3.9147,299.635,3783.01,1292.64,2490.37,0,0.0780138,0.026657,0.0513568,0
2910,1.2125,3.91403,299.635,3781.74,1292.64,2489.1,0,0.0779877,0.026657,0.0513307,0
2920,1.21667,3.91337,299.635,3780.48,1292.64,2487.84,0,0.0779617,0.026657,0.0513047,0
2930,1.22083,3.91271,299.634,3779.23,1292.64,2486.59,0,0.0779358,0.026657,0.0512788,0
2940,1.225,3.91204,299.634,3777.98,1292.64,2485.34,0,0.0779101,0.026657,0.0512532,0
2950,1.22917,3.91138,299.634,3776.74,1292.64,2484.11,0,0.0778846,0.0266569,0.0512276,0
2960,1.23333,3.91072,299.634,3775.51,1292.64,2482.88,0,0.0778592,0.0266569,0.0512023,0
2970,1.2375,3.91006,299.633,3774.29,1292.64,2481.65,0,0.077834,0.0266569,0.0511771,0
2980,1.24167,3.9094,299.633,3773.07,1292.63,2480.44,0,0.0778089,0.0266569,0.051152,0
2990,1.24583,3.90874,299.633,3771.86,1292.63,2479.23,0,0.077784,0.0266569,0.0511271,0
3000,1.25,3.90808,299.633,3770.66,1292.63,2478.03,0,0.0777592,0.0266569,0.0511023,0
3010,1.25417,3.90743,299.633,3769.47,1292.63,2476.83,0,0.0777345,0.0266569,0.0510777,0
3020,1.25833,3.90677,299.632,3768.28,1292.63,2475.65,0,0.07771,0.0266569,0.0510532,0
3030,1.2625,3.90612,299.632,3767.1,1292.63,2474.47,0,0.0776857,0.0266569,0.0510288,0
3040,1.26667,3.90546,299.632,3765.92,1292.63,2473.29,0,0.0776615,0.0266569,0.0510046,0
3050,1.27083,3.90481,299.632,3764.76,1292.63,2472.13,0,0.0776374,0.0266568,0.0509806,0
3060,1.275,3.90415,299.631,3763.6,1292.63,2470.97,0,0.0776135,0.0266568,0.0509567,0
3070,1.27917,3.9035,299.631,3762.44,1292.63,2469.81,0,0.0775897,0.0266568,0.0509329,0
3080,1.28333,3.90285,299.631,3761.3,1292.63,2468.67,0,0.0775661,0.0266568,0.0509093,0
3090,1.2875,3.90219,299.631,3760.16,1292.63,2467.53,0,0.0775426,0.0266568,0.0508858,0
3100,1.29167,3.90154,299.63,3759.02,1292.63,2466.4,0,0.0775192,0.0266568,0.0508624,0
3110,1.29583,3.90089,299.63,3757.9,1292.63,2465.27,0,0.077496,0.0266568,0.0508392,0
3120,1.3,3.90024,299.63,3756.78,1292.63,2464.15,0,0.0774729,0.0266568,0.0508162,0
3130,1.30417,3.89958,299.63,3755.67,1292.63,2463.04,0,0.07745,0.0266567,0.0507932,0
3140,1.30833,3.89893,299.629,3754.56,1292.63,2461.94,0,0.0774272,0.0266567,0.0507704,0
3150,1.3125,3.89828,299.629,3753.46,1292.62,2460.84,0,0.0774045,0.0266567,0.0507477,0
3160,1.31667,3.89763,299.629,3752.37,1292.62,2459.74,0,0.0773819,0.0266567,0.0507252,0
3170,1.32083,3.89697,299.629,3751.28,1292.62,2458.66,0,0.0773595,0.0266567,0.0507028,0
3180,1.325,3.89632,299.628,3750.2,1292.62,2457.58,0,0.0773372,0.0266567,0.0506805,0
3190,1.32917,3.89567,299.628,3749.12,1292.62,2456.5,0,0.077315,0.0266567,0.0506584,0
3200,1.33333,3.89501,299.628,3748.06,1292.62,2455.43,0,0.077293,0.0266567,0.0506364,0
3210,1.3375,3.89436,299.628,3747,1292.62,2454.37,0,0.0772711,0.0266566,0.0506145,0
3220,1.34167,3.8937,299.627,3745.94,1292.62,2453.32,0,0.0772494,0.0266566,0.0505928,0
3230,1.34583,3.89304,299.627,3744.89,1292.62,2452.27,0,0.0772278,0.0266566,0.0505711,0
3240,1.35,3.89238,299.627,3743.85,1292.62,2451.23,0,0.0772063,0.0266566,0.0505497,0
3250,1.35417,3.89173,299.627,3742.81,1292.62,2450.2,0,0.0771849,0.0266566,0.0505283,0
3260,1.35833,3.89107,299.626,3741.78,1292.62,2449.17,0,0.0771637,0.0266566,0.0505071,0
3270,1.3625,3.8904,299.626,3740.76,1292.62,2448.14,0,0.0771426,0.0266566,0.050486,0
3280,1.36667,3.88974,299.626,3739.75,1292.62,2447.13,0,0.0771216,0.0266566,0.0504651,0
3290,1.37083,3.88908,299.625,3738.73,1292.62,2446.12,0,0.0771008,0.0266565,0.0504442,0
3300,1.375,3.88841,299.625,3737.73,1292.62,2445.11,0,0.0770801,0.0266565,0.0504235,0
3310,1.37917,3.88774,299.625,3736.73,1292.62,2444.12,0,0.0770595,0.0266565,0.050403,0
3320,1.38333,3.88707,299.625,3735.74,1292.61,2443.13,0,0.077039,0.0266565,0.0503825,0
3330,1.3875,3.8864,299.624,3734.76,1292.61,2442.14,0,0.0770187,0.0266565,0.0503622,0
3340,1.39167,3.88573,299.624,3733.78,1292.61,2441.16,0,0.0769985,0.0266565,0.050342,0
3350,1.39583,3.88505,299.624,3732.8,1292.61,2440.19,0,0.0769784,0.0266565,0.050322,0
3360,1.4,3.88437,299.623,3731.84,1292.61,2439.22,0,0.0769585,0.0266564,0.0503021,0
3370,1.40417,3.88369,299.623,3730.87,1292.61,2438.26,0,0.0769387,0.0266564,0.0502823,0
3380,1.40833,3.883,299.623,3729.92,1292.61,2437.31,0,0.076919,0.0266564,0.0502626,0
3390,1.4125,3.88232,299.623,3728.97,1292.61,2436.36,0,0.0768994,0.0266564,0.050243,0
3400,1.41667,3.88163,299.622,3728.03,1292.61,2435.42,0,0.07688,0.0266564,0.0502236,0
3410,1.42083,3.88093,299.622,3727.09,1292.61,2434.48,0,0.0768607,0.0266564,0.0502043,0
3420,1.425,3.88024,299.622,3726.16,1292.61,2433.55,0,0.0768415,0.0266564,0.0501851,0
3430,1.42917,3.87954,299.621,3725.23,1292.61,2432.63,0,0.0768224,0.0266563,0.050166,0
3440,1.43333,3.87883,299.621,3724.32,1292.61,2431.71,0,0.0768034,0.0266563,0.0501471,0
3450,1.4375,3.87812,299.621,3723.4,1292.61,2430.8,0,0.0767846,0.0266563,0.0501283,0
3460,1.44167,3.87741,299.621,3722.5,1292.6,2429.89,0,0.0767659,0.0266563,0.0501096,0
3470,1.44583,3.8767,299.62,3721.59,1292.6,2428.99,0,0.0767473,0.0266563,0.050091,0
3480,1.45,3.87598,299.62,3720.7,1292.6,2428.1,0,0.0767289,0.0266563,0.0500726,0
3490,1.45417,3.87525,299.62,3719.81,1292.6,2427.21,0,0.0767105,0.0266563,0.0500543,0
3500,1.45833,3.87452,299.619,3718.93,1292.6,2426.32,0,0.0766923,0.0266562,0.0500361,0
3510,1.4625,3.87379,299.619,3718.05,1292.6,2425.45,0,0.0766742,0.0266562,0.050018,0
3520,1.46667,3.87305,299.619,3717.18,1292.6,2424.58,0,0.0766562,0.0266562,0.05,0
3530,1.47083,3.8723,299.618,3716.31,1292.6,2423.71,0,0.0766384,0.0266562,0.0499822,0
3540,1.475,3.87155,299.618,3715.45,1292.6,2422.85,0,0.0766206,0.0266562,0.0499644,0
3550,1.47917,3.8708,299.618,3714.6,1292.6,2422,0,0.076603,0.0266562,0.0499468,0
3560,1.48333,3.87004,299.618,3713.75,1292.6,2421.15,0,0.0765855,0.0266562,0.0499293,0
3570,1.4875,3.86927,299.617,3712.9,1292.6,2420.31,0,0.0765681,0.0266561,0.0499119,0
3580,1.49167,3.8685,299.617,3712.07,1292.6,2419.47,0,0.0765508,0.0266561,0.0498947,0
3590,1.49583,3.86772,299.617,3711.23,1292.6,2418.64,0,0.0765336,0.0266561,0.0498775,0
3600,1.5,3.86693,299.616,3710.4,1292.59,2417.81,0,0.0765166,0.0266561,0.0498605,0
3610,1.50417,3.86614,299.616,3709.58,1292.59,2416.99,0,0.0764996,0.0266561,0.0498435,0
3620,1.50833,3.86535,299.616,3708.77,1292.59,2416.17,0,0.0764828,0.0266561,0.0498267,0
3630,1.5125,3.86454,299.615,3707.96,1292.59,2415.36,0,0.076466,0.0266561,0.04981,0
3640,1.51667,3.86373,299.615,3707.15,1292.59,2414.56,0,0.0764494,0.026656,0.0497934,0
3650,1.52083,3.86291,299.615,3706.35,1292.59,2413.76,0,0.0764329,0.026656,0.0497769,0
3660,1.525,3.86209,299.614,3705.56,1292.59,2412.96,0,0.0764165,0.026656,0.0497605,0
3670,1.52917,3.86126,299.614,3704.77,1292.59,2412.18,0,0.0764003,0.026656,0.0497443,0
3680,1.53333,3.86042,299.614,3703.98,1292.59,2411.39,0,0.0763841,0.026656,0.0497281,0
3690,1.5375,3.85957,299.614,3703.2,1292.59,2410.61,0,0.0763681,0.026656,0.0497121,0
3700,1.54167,3.85872,299.613,3702.43,1292.59,2409.84,0,0.0763521,0.026656,0.0496962,0
3710,1.54583,3.85786,299.613,3701.66,1292.59,2409.08,0,0.0763363,0.0266559,0.0496803,0
3720,1.55,3.857,299.613,3700.9,1292.59,2408.31,0,0.0763205,0.0266559,0.0496646,0
3730,1.55417,3.85612,299.612,3700.14,1292.59,2407.56,0,0.0763049,0.0266559,0.049649,0
3740,1.55833,3.85524,299.612,3699.39,1292.58,2406.81,0,0.0762894,0.0266559,0.0496335,0
3750,1.5625,3.85435,299.612,3698.64,1292.58,2406.06,0,0.076274,0.0266559,0.0496182,0
3760,1.56667,3.85346,299.611,3697.9,1292.58,2405.32,0,0.0762587,0.0266559,0.0496029,0
3770,1.57083,3.85255,299.611,3697.17,1292.58,2404.58,0,0.0762436,0.0266558,0.0495877,0
3780,1.575,3.85165,299.611,3696.44,1292.58,2403.85,0,0.0762285,0.0266558,0.0495727,0
3790,1.57917,3.85073,299.61,3695.71,1292.58,2403.13,0,0.0762135,0.0266558,0.0495577,0
3800,1.58333,3.84981,299.61,3694.99,1292.58,2402.41,0,0.0761987,0.0266558,0.0495429,0
3810,1.5875,3.84888,299.61,3694.27,1292.58,2401.69,0,0.0761839,0.0266558,0.0495281,0
3820,1.59167,3.84794,299.61,3693.56,1292.58,2400.99,0,0.0761693,0.0266558,0.0495135,0
3830,1.59583,3.847,299.609,3692.86,1292.58,2400.28,0,0.0761547,0.0266558,0.049499,0
3840,1.6,3.84605,299.609,3692.16,1292.58,2399.58,0,0.0761403,0.0266557,0.0494846,0
3850,1.60417,3.8451,299.609,3691.46,1292.58,2398.89,0,0.076126,0.0266557,0.0494702,0
3860,1.60833,3.84414,299.608,3690.78,1292.58,2398.2,0,0.0761118,0.0266557,0.049456,0
3870,1.6125,3.84317,299.608,3690.09,1292.58,2397.52,0,0.0760976,0.0266557,0.0494419,0
3880,1.61667,3.8422,299.608,3689.41,1292.57,2396.84,0,0.0760836,0.0266557,0.0494279,0
3890,1.62083,3.84123,299.607,3688.74,1292.57,2396.16,0,0.0760697,0.0266557,0.0494141,0
3900,1.625,3.84025,299.607,3688.07,1292.57,2395.49,0,0.0760559,0.0266557,0.0494003,0
3910,1.62917,3.83926,299.607,3687.4,1292.57,2394.83,0,0.0760422,0.0266556,0.0493866,0
3920,1.63333,3.83828,299.606,3686.74,1292.57,2394.17,0,0.0760286,0.0266556,0.049373,0
3930,1.6375,3.83728,299.606,3686.09,1292.57,2393.52,0,0.0760151,0.0266556,0.0493595,0
3940,1.64167,3.83629,299.606,3685.44,1292.57,2392.87,0,0.0760017,0.0266556,0.0493461,0
3950,1.64583,3.83529,299.606,3684.79,1292.57,2392.22,0,0.0759884,0.0266556,0.0493328,0
3960,1.65,3.83429,299.605,3684.15,1292.57,2391.58,0,0.0759752,0.0266556,0.0493196,0
3970,1.65417,3.83329,299.605,3683.52,1292.57,2390.95,0,0.0759621,0.0266556,0.0493065,0
3980,1.65833,3.83229,299.605,3682.89,1292.57,2390.32,0,0.0759491,0.0266555,0.0492936,0
3990,1.6625,3.83128,299.604,3682.26,1292.57,2389.7,0,0.0759362,0.0266555,0.0492807,0
4000,1.66667,3.83028,299.604,3681.64,1292.57,2389.08,0,0.0759234,0.0266555,0.0492679,0
4010,1.67083,3.82927,299.604,3681.03,1292.57,2388.46,0,0.0759107,0.0266555,0.0492552,0
4020,1.675,3.82826,299.604,3680.42,1292.57,2387.85,0,0.0758981,0.0266555,0.0492426,0
4030,1.67917,3.82726,299.603,3679.81,1292.56,2387.25,0,0.0758856,0.0266555,0.0492302,0
4040,1.68333,3.82625,299.603,3679.21,1292.56,2386.65,0,0.0758732,0.0266555,0.0492178,0
4050,1.6875,3.82524,299.603,3678.61,1292.56,2386.05,0,0.075861,0.0266554,0.0492055,0
4060,1.69167,3.82424,299.602,3678.02,1292.56,2385.46,0,0.0758488,0.0266554,0.0491933,0
4070,1.69583,3.82324,299.602,3677.44,1292.56,2384.87,0,0.0758367,0.0266554,0.0491813,0
4080,1.7,3.82224,299.602,3676.85,1292.56,2384.29,0,0.0758247,0.0266554,0.0491693,0
4090,1.70417,3.82124,299.602,3676.28,1292.56,2383.72,0,0.0758128,0.0266554,0.0491574,0
4100,1.70833,3.82025,299.601,3675.71,1292.56,2383.15,0,0.075801,0.0266554,0.0491456,0
4110,1.7125,3.81926,299.601,3675.14,1292.56,2382.58,0,0.0757893,0.0266554,0.049134,0
4120,1.71667,3.81827,299.601,3674.58,1292.56,2382.02,0,0.0757777,0.0266553,0.0491224,0
4130,1.72083,3.81728,299.6,3674.02,1292.56,2381.46,0,0.0757662,0.0266553,0.0491109,0
4140,1.725,3.8163,299.6,3673.47,1292.56,2380.91,0,0.0757548,0.0266553,0.0490995,0
4150,1.72917,3.81533,299.6,3672.92,1292.56,2380.36,0,0.0757435,0.0266553,0.0490882,0
4160,1.73333,3.81436,299.599,3672.38,1292.56,2379.82,0,0.0757323,0.0266553,0.049077,0
4170,1.7375,3.81339,299.599,3671.84,1292.55,2379.28,0,0.0757212,0.0266553,0.0490659,0
4180,1.74167,3.81243,299.599,3671.3,1292.55,2378.75,0,0.0757101,0.0266553,0.0490549,0
4190,1.74583,3.81147,299.599,3670.77,1292.55,2378.21,0,0.0756992,0.0266552,0.0490439,0
4200,1.75,3.81052,299.598,3670.24,1292.55,2377.69,0,0.0756883,0.0266552,0.0490331,0
4210,1.75417,3.80958,299.598,3669.72,1292.55,2377.17,0,0.0756775,0.0266552,0.0490223,0
4220,1.75833,3.80864,299.598,3669.2,1292.55,2376.65,0,0.0756668,0.0266552,0.0490116,0
4230,1.7625,3.8077,299.598,3668.69,1292.55,2376.14,0,0.0756563,0.0266552,0.0490011,0
4240,1.76667,3.80678,299.597,3668.18,1292.55,2375.63,0,0.0756458,0.0266552,0.0489906,0
4250,1.77083,3.80585,299.597,3667.67,1292.55,2375.12,0,0.0756354,0.0266552,0.0489802,0
4260,1.775,3.80494,299.597,3667.18,1292.55,2374.63,0,0.0756251,0.0266552,0.0489699,0
4270,1.77917,3.80403,299.597,3666.68,1292.55,2374.13,0,0.0756149,0.0266551,0.0489597,0
4280,1.78333,3.80313,299.596,3666.19,1292.55,2373.64,0,0.0756048,0.0266551,0.0489497,0
4290,1.7875,3.80223,299.596,3665.71,1292.55,2373.16,0,0.0755948,0.0266551,0.0489397,0
4300,1.79167,3.80134,299.596,3665.23,1292.55,2372.68,0,0.0755849,0.0266551,0.0489298,0
4310,1.79583,3.80045,299.596,3664.75,1292.55,2372.2,0,0.0755751,0.0266551,0.04892,0
4320,1.8,3.79957,299.595,3664.28,1292.55,2371.73,0,0.0755653,0.0266551,0.0489103,0
4330,1.80417,3.7987,299.595,3663.81,1292.55,2371.27,0,0.0755557,0.0266551,0.0489006,0
4340,1.80833,3.79783,299.595,3663.35,1292.54,2370.81,0,0.0755462,0.0266551,0.0488911,0
4350,1.8125,3.79697,299.595,3662.89,1292.54,2370.35,0,0.0755368,0.0266551,0.0488817,0
4360,1.81667,3.79612,299.594,3662.44,1292.54,2369.9,0,0.0755274,0.026655,0.0488724,0
4370,1.82083,3.79527,299.594,3661.99,1292.54,2369.45,0,0.0755182,0.026655,0.0488631,0
4380,1.825,3.79442,299.594,3661.55,1292.54,2369,0,0.075509,0.026655,0.048854,0
4390,1.82917,3.79359,299.594,3661.11,1292.54,2368.57,0,0.0754999,0.026655,0.0488449,0
4400,1.83333,3.79275,299.593,3660.67,1292.54,2368.13,0,0.075491,0.026655,0.048836,0
4410,1.8375,3.79193,299.593,3660.24,1292.54,2367.7,0,0.0754821,0.026655,0.0488271,0
4420,1.84167,3.79111,299.593,3659.82,1292.54,2367.28,0,0.0754733,0.026655,0.0488184,0
4430,1.84583,3.79029,299.593,3659.4,1292.54,2366.86,0,0.0754646,0.026655,0.0488097,0
4440,1.85,3.78948,299.592,3658.98,1292.54,2366.44,0,0.075456,0.0266549,0.0488011,0
4450,1.85417,3.78867,299.592,3658.57,1292.54,2366.03,0,0.0754475,0.0266549,0.0487926,0
4460,1.85833,3.78787,299.592,3658.16,1292.54,2365.62,0,0.0754391,0.0266549,0.0487842,0
4470,1.8625,3.78707,299.592,3657.76,1292.54,2365.22,0,0.0754308,0.0266549,0.0487759,0
4480,1.86667,3.78628,299.591,3657.36,1292.54,2364.82,0,0.0754226,0.0266549,0.0487677,0
4490,1.87083,3.78549,299.591,3656.96,1292.54,2364.43,0,0.0754145,0.0266549,0.0487596,0
4500,1.875,3.7847,299.591,3656.57,1292.54,2364.04,0,0.0754064,0.0266549,0.0487516,0
4510,1.87917,3.78392,299.591,3656.19,1292.53,2363.65,0,0.0753985,0.0266549,0.0487436,0
4520,1.88333,3.78314,299.59,3655.81,1292.53,2363.27,0,0.0753906,0.0266548,0.0487358,0
4530,1.8875,3.78237,299.59,3655.43,1292.53,2362.89,0,0.0753828,0.0266548,0.048728,0
4540,1.89167,3.7816,299.59,3655.06,1292.53,2362.52,0,0.0753751,0.0266548,0.0487203,0
4550,1.89583,3.78083,299.59,3654.69,1292.53,2362.15,0,0.0753675,0.0266548,0.0487127,0
4560,1.9,3.78007,299.589,3654.32,1292.53,2361.79,0,0.07536,0.0266548,0.0487052,0
4570,1.90417,3.7793,299.589,3653.96,1292.53,2361.43,0,0.0753526,0.0266548,0.0486978,0
4580,1.90833,3.77854,299.589,3653.61,1292.53,2361.08,0,0.0753453,0.0266548,0.0486905,0
4590,1.9125,3.77779,299.589,3653.26,1292.53,2360.73,0,0.075338,0.0266548,0.0486833,0
4600,1.91667,3.77703,299.588,3652.91,1292.53,2360.38,0,0.0753309,0.0266547,0.0486761,0
4610,1.92083,3.77628,299.588,3652.57,1292.53,2360.04,0,0.0753238,0.0266547,0.048669,0
4620,1.925,3.77553,299.588,3652.23,1292.53,2359.7,0,0.0753168,0.0266547,0.0486621,0
4630,1.92917,3.77479,299.588,3651.89,1292.53,2359.36,0,0.0753099,0.0266547,0.0486552,0
4640,1.93333,3.77404,299.587,3651.56,1292.53,2359.04,0,0.0753031,0.0266547,0.0486484,0
4650,1.9375,3.7733,299.587,3651.24,1292.53,2358.71,0,0.0752964,0.0266547,0.0486417,0
4660,1.94167,3.77256,299.587,3650.92,1292.53,2358.39,0,0.0752898,0.0266547,0.0486351,0
4670,1.94583,3.77181,299.587,3650.6,1292.53,2358.07,0,0.0752832,0.0266547,0.0486286,0
4680,1.95,3.77108,299.586,3650.29,1292.52,2357.76,0,0.0752768,0.0266547,0.0486221,0
4690,1.95417,3.77034,299.586,3649.98,1292.52,2357.45,0,0.0752704,0.0266546,0.0486158,0
4700,1.95833,3.7696,299.586,3649.67,1292.52,2357.15,0,0.0752642,0.0266546,0.0486095,0
4710,1.9625,3.76886,299.586,3649.37,1292.52,2356.85,0,0.075258,0.0266546,0.0486033,0
4720,1.96667,3.76813,299.586,3649.08,1292.52,2356.55,0,0.0752519,0.0266546,0.0485973,0
4730,1.97083,3.76739,299.585,3648.79,1292.52,2356.26,0,0.0752458,0.0266546,0.0485912,0
4740,1.975,3.76666,299.585,3648.5,1292.52,2355.98,0,0.0752399,0.0266546,0.0485853,0
4750,1.97917,3.76593,299.585,3648.22,1292.52,2355.69,0,0.0752341,0.0266546,0.0485795,0
4760,1.98333,3.76519,299.585,3647.94,1292.52,2355.41,0,0.0752283,0.0266546,0.0485737,0
4770,1.9875,3.76446,299.584,3647.66,1292.52,2355.14,0,0.0752226,0.0266546,0.048568,0
4780,1.99167,3.76373,299.584,3647.38,1292.52,2354.86,0,0.0752169,0.0266546,0.0485624,0
4790,1.99583,3.76299,299.584,3647.11,1292.52,2354.59,0,0.0752114,0.0266545,0.0485568,0
4800,2,3.76226,299.584,3646.85,1292.52,2354.33,0,0.0752059,0.0266545,0.0485513,0
4810,2.00417,3.76153,299.584,3646.59,1292.52,2354.07,0,0.0752005,0.0266545,0.048546,0
4820,2.00833,3.7608,299.584,3646.33,1292.52,2353.81,0,0.0751952,0.0266545,0.0485407,0
4830,2.0125,3.76006,299.583,3646.08,1292.52,2353.56,0,0.07519,0.0266545,0.0485355,0
4840,2.01667,3.75933,299.583,3645.83,1292.52,2353.31,0,0.0751849,0.0266545,0.0485304,0
4850,2.02083,3.75859,299.583,3645.58,1292.52,2353.07,0,0.0751798,0.0266545,0.0485253,0
4860,2.025,3.75786,299.583,3645.34,1292.52,2352.83,0,0.0751749,0.0266545,0.0485204,0
4870,2.02917,3.75713,299.583,3645.11,1292.52,2352.59,0,0.07517,0.0266545,0.0485155,0
4880,2.03333,3.75639,299.582,3644.88,1292.52,2352.36,0,0.0751653,0.0266545,0.0485108,0
4890,2.0375,3.75565,299.582,3644.65,1292.52,2352.14,0,0.0751606,0.0266545,0.0485061,0
4900,2.04167,3.75492,299.582,3644.43,1292.51,2351.91,0,0.075156,0.0266544,0.0485015,0
4910,2.04583,3.75418,299.582,3644.21,1292.51,2351.69,0,0.0751515,0.0266544,0.048497,0
4920,2.05,3.75344,299.582,3643.99,1292.51,2351.48,0,0.075147,0.0266544,0.0484926,0
4930,2.05417,3.7527,299.582,3643.78,1292.51,2351.27,0,0.0751427,0.0266544,0.0484883,0
4940,2.05833,3.75196,299.581,3643.58,1292.51,2351.07,0,0.0751385,0.0266544,0.048484,0
4950,2.0625,3.75122,299.581,3643.38,1292.51,2350.86,0,0.0751343,0.0266544,0.0484799,0
4960,2.06667,3.75048,299.581,3643.18,1292.51,2350.67,0,0.0751302,0.0266544,0.0484758,0
4970,2.07083,3.74974,299.581,3642.99,1292.51,2350.47,0,0.0751262,0.0266544,0.0484718,0
4980,2.075,3.74899,299.581,3642.8,1292.51,2350.28,0,0.0751223,0.0266544,0.0484679,0
4990,2.07917,3.74825,299.581,3642.61,1292.51,2350.1,0,0.0751185,0.0266544,0.0484641,0
5000,2.08333,3.7475,299.58,3642.43,1292.51,2349.92,0,0.0751148,0.0266544,0.0484604,0
5010,2.0875,3.74676,299.58,3642.25,1292.51,2349.74,0,0.0751111,0.0266544,0.0484568,0
5020,2.09167,3.74601,299.58,3642.08,1292.51,2349.57,0,0.0751076,0.0266543,0.0484532,0
5030,2.09583,3.74526,299.58,3641.91,1292.51,2349.4,0,0.0751041,0.0266543,0.0484498,0
5040,2.1,3.74451,299.58,3641.75,1292.51,2349.24,0,0.0751007,0.0266543,0.0484464,0
5050,2.10417,3.74376,299.579,3641.59,1292.51,2349.08,0,0.0750974,0.0266543,0.0484431,0
5060,2.10833,3.74301,299.579,3641.43,1292.51,2348.93,0,0.0750942,0.0266543,0.0484399,0
5070,2.1125,3.74225,299.579,3641.28,1292.51,2348.77,0,0.0750911,0.0266543,0.0484368,0
5080,2.11667,3.7415,299.579,3641.13,1292.51,2348.63,0,0.0750881,0.0266543,0.0484338,0
5090,2.12083,3.74074,299.579,3640.99,1292.51,2348.48,0,0.0750851,0.0266543,0.0484308,0
5100,2.125,3.73998,299.579,3640.85,1292.51,2348.35,0,0.0750822,0.0266543,0.048428,0
5110,2.12917,3.73923,299.578,3640.72,1292.51,2348.21,0,0.0750794,0.0266543,0.0484252,0
5120,2.13333,3.73847,299.578,3640.58,1292.51,2348.08,0,0.0750767,0.0266543,0.0484225,0
5130,2.1375,3.73771,299.578,3640.46,1292.51,2347.95,0,0.0750741,0.0266542,0.0484198,0
5140,2.14167,3.73694,299.578,3640.33,1292.5,2347.83,0,0.0750715,0.0266542,0.0484173,0
5150,2.14583,3.73618,299.578,3640.21,1292.5,2347.71,0,0.0750691,0.0266542,0.0484148,0
5160,2.15,3.73542,299.578,3640.1,1292.5,2347.59,0,0.0750667,0.0266542,0.0484125,0
5170,2.15417,3.73465,299.577,3639.99,1292.5,2347.48,0,0.0750644,0.0266542,0.0484102,0
5180,2.15833,3.73389,299.577,3639.88,1292.5,2347.38,0,0.0750622,0.0266542,0.048408,0
5190,2.1625,3.73312,299.577,3639.78,1292.5,2347.27,0,0.07506,0.0266542,0.0484058,0
5200,2.16667,3.73235,299.577,3639.68,1292.5,2347.17,0,0.075058,0.0266542,0.0484038,0
5210,2.17083,3.73158,299.577,3639.58,1292.5,2347.08,0,0.075056,0.0266542,0.0484018,0
5220,2.175,3.73081,299.577,3639.49,1292.5,2346.99,0,0.0750541,0.0266542,0.0484,0
5230,2.17917,3.73004,299.576,3639.4,1292.5,2346.9,0,0.0750524,0.0266542,0.0483982,0
5240,2.18333,3.72927,299.576,3639.32,1292.5,2346.82,0,0.0750506,0.0266542,0.0483965,0
5250,2.1875,3.72849,299.576,3639.24,1292.5,2346.74,0,0.075049,0.0266542,0.0483949,0
5260,2.19167,3.72772,299.576,3639.17,1292.5,2346.67,0,0.0750475,0.0266541,0.0483933,0
5270,2.19583,3.72695,299.576,3639.1,1292.5,2346.6,0,0.075046,0.0266541,0.0483919,0
5280,2.2,3.72617,299.576,3639.03,1292.5,2346.53,0,0.0750446,0.0266541,0.0483905,0
5290,2.20417,3.72539,299.575,3638.97,1292.5,2346.47,0,0.0750433,0.0266541,0.0483892,0
5300,2.20833,3.72462,299.575,3638.91,1292.5,2346.41,0,0.0750421,0.0266541,0.048388,0
5310,2.2125,3.72384,299.575,3638.85,1292.5,2346.35,0,0.075041,0.0266541,0.0483869,0
5320,2.21667,3.72306,299.575,3638.8,1292.5,2346.3,0,0.0750399,0.0266541,0.0483858,0
5330,2.22083,3.72228,299.575,3638.75,1292.5,2346.26,0,0.075039,0.0266541,0.0483849,0
5340,2.225,3.7215,299.575,3638.71,1292.5,2346.21,0,0.0750381,0.0266541,0.048384,0
5350,2.22917,3.72072,299.575,3638.67,1292.5,2346.17,0,0.0750373,0.0266541,0.0483832,0
5360,2.23333,3.71994,299.574,3638.64,1292.5,2346.14,0,0.0750365,0.0266541,0.0483825,0
5370,2.2375,3.71916,299.574,3638.61,1292.5,2346.11,0,0.0750359,0.0266541,0.0483818,0
5380,2.24167,3.71837,299.574,3638.58,1292.5,2346.08,0,0.0750353,0.0266541,0.0483813,0
5390,2.24583,3.71759,299.574,3638.56,1292.5,2346.06,0,0.0750349,0.0266541,0.0483808,0
5400,2.25,3.71681,299.574,3638.54,1292.5,2346.04,0,0.0750345,0.0266541,0.0483804,0
5410,2.25417,3.71603,299.574,3638.52,1292.5,2346.03,0,0.0750342,0.026654,0.0483801,0
5420,2.25833,3.71524,299.574,3638.51,1292.5,2346.01,0,0.0750339,0.026654,0.0483799,0
5430,2.2625,3.71446,299.574,3638.5,1292.49,2346.01,0,0.0750338,0.026654,0.0483797,0
5440,2.26667,3.71367,299.573,3638.5,1292.49,2346,0,0.0750337,0.026654,0.0483797,0
5450,2.27083,3.71289,299.573,3638.5,1292.49,2346.01,0,0.0750337,0.026654,0.0483797,0
5460,2.275,3.71211,299.573,3638.5,1292.49,2346.01,0,0.0750338,0.026654,0.0483798,0
5470,2.27917,3.71132,299.573,3638.51,1292.49,2346.02,0,0.075034,0.026654,0.04838,0
5480,2.28333,3.71054,299.573,3638.53,1292.49,2346.03,0,0.0750343,0.026654,0.0483803,0
5490,2.2875,3.70975,299.573,3638.54,1292.49,2346.05,0,0.0750346,0.026654,0.0483806,0
5500,2.29167,3.70897,299.573,3638.56,1292.49,2346.07,0,0.075035,0.026654,0.048381,0
5510,2.29583,3.70819,299.573,3638.59,1292.49,2346.1,0,0.0750355,0.026654,0.0483816,0
5520,2.3,3.7074,299.572,3638.62,1292.49,2346.12,0,0.0750361,0.026654,0.0483821,0
5530,2.30417,3.70662,299.572,3638.65,1292.49,2346.16,0,0.0750368,0.026654,0.0483828,0
5540,2.30833,3.70584,299.572,3638.69,1292.49,2346.19,0,0.0750376,0.026654,0.0483836,0
5550,2.3125,3.70506,299.572,3638.73,1292.49,2346.23,0,0.0750384,0.026654,0.0483844,0
5560,2.31667,3.70427,299.572,3638.77,1292.49,2346.28,0,0.0750393,0.026654,0.0483854,0
5570,2.32083,3.70349,299.572,3638.82,1292.49,2346.33,0,0.0750403,0.026654,0.0483864,0
5580,2.325,3.70271,299.572,3638.87,1292.49,2346.38,0,0.0750414,0.0266539,0.0483875,0
5590,2.32917,3.70193,299.572,3638.93,1292.49,2346.44,0,0.0750426,0.0266539,0.0483886,0
5600,2.33333,3.70115,299.572,3638.99,1292.49,2346.5,0,0.0750438,0.0266539,0.0483899,0
5610,2.3375,3.70037,299.571,3639.05,1292.49,2346.56,0,0.0750451,0.0266539,0.0483912,0
5620,2.34167,3.69959,299.571,3639.12,1292.49,2346.63,0,0.0750466,0.0266539,0.0483926,0
5630,2.34583,3.69882,299.571,3639.19,1292.49,2346.7,0,0.075048,0.0266539,0.0483941,0
5640,2.35,3.69804,299.571,3639.27,1292.49,2346.78,0,0.0750496,0.0266539,0.0483957,0
5650,2.35417,3.69726,299.571,3639.35,1292.49,2346.86,0,0.0750513,0.0266539,0.0483974,0
5660,2.35833,3.69649,299.571,3639.44,1292.49,2346.95,0,0.075053,0.0266539,0.0483991,0
5670,2.3625,3.69572,299.571,3639.52,1292.49,2347.03,0,0.0750548,0.0266539,0.0484009,0
5680,2.36667,3.69494,299.571,3639.62,1292.49,2347.13,0,0.0750567,0.0266539,0.0484028,0
5690,2.37083,3.69417,299.571,3639.71,1292.49,2347.22,0,0.0750587,0.0266539,0.0484048,0
5700,2.375,3.6934,299.571,3639.81,1292.49,2347.32,0,0.0750608,0.0266539,0.0484069,0
5710,2.37917,3.69263,299.571,3639.92,1292.49,2347.43,0,0.0750629,0.0266539,0.0484091,0
5720,2.38333,3.69186,299.57,3640.02,1292.49,2347.54,0,0.0750652,0.0266539,0.0484113,0
5730,2.3875,3.6911,299.57,3640.14,1292.49,2347.65,0,0.0750675,0.0266539,0.0484136,0
5740,2.39167,3.69033,299.57,3640.25,1292.49,2347.77,0,0.0750699,0.0266539,0.048416,0
5750,2.39583,3.68957,299.57,3640.37,1292.49,2347.89,0,0.0750724,0.0266539,0.0484185,0
5760,2.4,3.6888,299.57,3640.5,1292.49,2348.01,0,0.0750749,0.0266539,0.0484211,0
5770,2.40417,3.68804,299.57,3640.63,1292.49,2348.14,0,0.0750776,0.0266539,0.0484237,0
5780,2.40833,3.68728,299.57,3640.76,1292.49,2348.27,0,0.0750803,0.0266539,0.0484264,0
5790,2.4125,3.68652,299.57,3640.89,1292.49,2348.41,0,0.0750831,0.0266539,0.0484293,0
5800,2.41667,3.68577,299.57,3641.03,1292.49,2348.55,0,0.075086,0.0266539,0.0484322,0
5810,2.42083,3.68501,299.57,3641.18,1292.49,2348.69,0,0.075089,0.0266539,0.0484351,0
5820,2.425,3.68426,299.57,3641.33,1292.49,2348.84,0,0.075092,0.0266538,0.0484382,0
5830,2.42917,3.68351,299.57,3641.48,1292.49,2348.99,0,0.0750952,0.0266538,0.0484413,0
5840,2.43333,3.68276,299.57,3641.64,1292.49,2349.15,0,0.0750984,0.0266538,0.0484446,0
5850,2.4375,3.68201,299.57,3641.8,1292.49,2349.31,0,0.0751017,0.0266538,0.0484479,0
5860,2.44167,3.68126,299.569,3641.96,1292.49,2349.48,0,0.0751051,0.0266538,0.0484513,0
5870,2.44583,3.68052,299.569,3642.13,1292.48,2349.64,0,0.0751086,0.0266538,0.0484547,0
5880,2.45,3.67978,299.569,3642.3,1292.48,2349.82,0,0.0751121,0.0266538,0.0484583,0
5890,2.45417,3.67903,299.569,3642.48,1292.48,2349.99,0,0.0751158,0.0266538,0.0484619,0
5900,2.45833,3.6783,299.569,3642.66,1292.48,2350.17,0,0.0751195,0.0266538,0.0484657,0
5910,2.4625,3.67756,299.569,3642.84,1292.48,2350.36,0,0.0751233,0.0266538,0.0484695,0
5920,2.46667,3.67682,299.569,3643.03,1292.48,2350.55,0,0.0751272,0.0266538,0.0484734,0
5930,2.47083,3.67609,299.569,3643.22,1292.48,2350.74,0,0.0751311,0.0266538,0.0484773,0
5940,2.475,3.67536,299.569,3643.42,1292.48,2350.94,0,0.0751352,0.0266538,0.0484814,0
5950,2.47917,3.67463,299.569,3643.62,1292.48,2351.14,0,0.0751393,0.0266538,0.0484855,0
5960,2.48333,3.6739,299.569,3643.82,1292.48,2351.34,0,0.0751435,0.0266538,0.0484897,0
5970,2.4875,3.67318,299.569,3644.03,1292.48,2351.55,0,0.0751478,0.0266538,0.048494,0
5980,2.49167,3.67246,299.569,3644.25,1292.48,2351.76,0,0.0751522,0.0266538,0.0484984,0
5990,2.49583,3.67174,299.569,3644.46,1292.48,2351.98,0,0.0751567,0.0266538,0.0485029,0
6000,2.5,3.67102,299.569,3644.68,1292.48,2352.2,0,0.0751612,0.0266538,0.0485074,0
6010,2.50417,3.6703,299.569,3644.91,1292.48,2352.42,0,0.0751659,0.0266538,0.0485121,0
6020,2.50833,3.66959,299.569,3645.14,1292.48,2352.65,0,0.0751706,0.0266538,0.0485168,0
6030,2.5125,3.66888,299.569,3645.37,1292.48,2352.89,0,0.0751754,0.0266538,0.0485216,0
6040,2.51667,3.66817,299.569,3645.61,1292.48,2353.12,0,0.0751803,0.0266538,0.0485265,0
6050,2.52083,3.66746,299.569,3645.85,1292.48,2353.36,0,0.0751852,0.0266538,0.0485315,0
6060,2.525,3.66676,299.569,3646.09,1292.48,2353.61,0,0.0751903,0.0266538,0.0485365,0
6070,2.52917,3.66605,299.569,3646.34,1292.48,2353.86,0,0.0751954,0.0266538,0.0485416,0
6080,2.53333,3.66535,299.568,3646.59,1292.48,2354.11,0,0.0752007,0.0266538,0.0485469,0
6090,2.5375,3.66466,299.568,3646.85,1292.48,2354.37,0,0.075206,0.0266538,0.0485522,0
6100,2.54167,3.66396,299.568,3647.11,1292.48,2354.63,0,0.0752114,0.0266538,0.0485576,0
6110,2.54583,3.66327,299.568,3647.38,1292.48,2354.9,0,0.0752168,0.0266538,0.0485631,0
6120,2.55,3.66258,299.568,3647.65,1292.48,2355.17,0,0.0752224,0.0266538,0.0485686,0
6130,2.55417,3.66189,299.568,3647.92,1292.48,2355.44,0,0.075228,0.0266538,0.0485743,0
6140,2.55833,3.6612,299.568,3648.2,1292.48,2355.72,0,0.0752338,0.0266538,0.04858,0
6150,2.5625,3.66052,299.568,3648.48,1292.48,2356,0,0.0752396,0.0266538,0.0485858,0
6160,2.56667,3.65984,299.568,3648.77,1292.48,2356.29,0,0.0752455,0.0266538,0.0485917,0
6170,2.57083,3.65916,299.568,3649.06,1292.48,2356.58,0,0.0752515,0.0266538,0.0485977,0
6180,2.575,3.65848,299.568,3649.35,1292.48,2356.87,0,0.0752576,0.0266538,0.0486038,0
6190,2.57917,3.65781,299.568,3649.65,1292.48,2357.17,0,0.0752637,0.0266538,0.0486099,0
6200,2.58333,3.65714,299.568,3649.96,1292.48,2357.47,0,0.07527,0.0266538,0.0486162,0
6210,2.5875,3.65647,299.568,3650.26,1292.48,2357.78,0,0.0752763,0.0266538,0.0486225,0
6220,2.59167,3.6558,299.568,3650.57,1292.48,2358.09,0,0.0752827,0.0266538,0.0486289,0
6230,2.59583,3.65514,299.568,3650.89,1292.48,2358.41,0,0.0752892,0.0266538,0.0486354,0
6240,2.6,3.65447,299.568,3651.21,1292.48,2358.72,0,0.0752958,0.0266538,0.048642,0
6250,2.60417,3.65382,299.568,3651.53,1292.48,2359.05,0,0.0753024,0.0266538,0.0486487,0
6260,2.60833,3.65316,299.568,3651.86,1292.48,2359.38,0,0.0753092,0.0266538,0.0486554,0
6270,2.6125,3.6525,299.568,3652.19,1292.48,2359.71,0,0.075316,0.0266538,0.0486623,0
6280,2.61667,3.65185,299.568,3652.53,1292.48,2360.04,0,0.075323,0.0266538,0.0486692,0
6290,2.62083,3.6512,299.568,3652.87,1292.48,2360.38,0,0.07533,0.0266538,0.0486762,0
6300,2.625,3.65055,299.568,3653.21,1292.48,2360.73,0,0.0753371,0.0266538,0.0486833,0
6310,2.62917,3.64991,299.568,3653.56,1292.48,2361.08,0,0.0753443,0.0266538,0.0486905,0
6320,2.63333,3.64926,299.568,3653.91,1292.48,2361.43,0,0.0753515,0.0266538,0.0486978,0
6330,2.6375,3.64862,299.568,3654.27,1292.48,2361.79,0,0.0753589,0.0266538,0.0487051,0
6340,2.64167,3.64798,299.568,3654.63,1292.48,2362.15,0,0.0753663,0.0266538,0.0487126,0
6350,2.64583,3.64735,299.568,3654.99,1292.48,2362.51,0,0.0753739,0.0266538,0.0487201,0
6360,2.65,3.64671,299.568,3655.36,1292.48,2362.88,0,0.0753815,0.0266538,0.0487277,0
6370,2.65417,3.64608,299.568,3655.74,1292.48,2363.25,0,0.0753892,0.0266538,0.0487354,0
6380,2.65833,3.64545,299.568,3656.12,1292.48,2363.63,0,0.075397,0.0266538,0.0487432,0
6390,2.6625,3.64482,299.568,3656.5,1292.48,2364.01,0,0.0754049,0.0266538,0.0487511,0
6400,2.66667,3.6442,299.568,3656.88,1292.48,2364.4,0,0.0754128,0.0266538,0.0487591,0
6410,2.67083,3.64357,299.568,3657.27,1292.48,2364.79,0,0.0754209,0.0266538,0.0487671,0
6420,2.675,3.64295,299.568,3657.67,1292.48,2365.19,0,0.0754291,0.0266538,0.0487753,0
6430,2.67917,3.64233,299.569,3658.07,1292.48,2365.59,0,0.0754373,0.0266538,0.0487835,0
6440,2.68333,3.64172,299.569,3658.47,1292.48,2365.99,0,0.0754456,0.0266538,0.0487918,0
6450,2.6875,3.6411,299.569,3658.88,1292.48,2366.4,0,0.075454,0.0266538,0.0488002,0
6460,2.69167,3.64049,299.569,3659.29,1292.48,2366.81,0,0.0754625,0.0266538,0.0488087,0
6470,2.69583,3.63988,299.569,3659.71,1292.48,2367.23,0,0.0754711,0.0266538,0.0488173,0
6480,2.7,3.63927,299.569,3660.13,1292.48,2367.65,0,0.0754798,0.0266538,0.048826,0
6490,2.70417,3.63866,299.569,3660.55,1292.48,2368.07,0,0.0754885,0.0266538,0.0488347,0
6500,2.70833,3.63806,299.569,3660.98,1292.48,2368.5,0,0.0754974,0.0266538,0.0488436,0
6510,2.7125,3.63746,299.569,3661.42,1292.48,2368.93,0,0.0755063,0.0266538,0.0488525,0
6520,2.71667,3.63685,299.569,3661.86,1292.48,2369.37,0,0.0755154,0.0266538,0.0488616,0
6530,2.72083,3.63626,299.569,3662.3,1292.48,2369.81,0,0.0755245,0.0266538,0.0488707,0
6540,2.725,3.63566,299.569,3662.74,1292.48,2370.26,0,0.0755337,0.0266538,0.0488799,0
6550,2.72917,3.63506,299.569,3663.19,1292.48,2370.71,0,0.075543,0.0266538,0.0488892,0
6560,2.73333,3.63447,299.569,3663.65,1292.48,2371.17,0,0.0755524,0.0266538,0.0488985,0
6570,2.7375,3.63388,299.569,3664.11,1292.48,2371.62,0,0.0755618,0.0266538,0.048908,0
6580,2.74167,3.63329,299.569,3664.57,1292.48,2372.09,0,0.0755714,0.0266538,0.0489176,0
6590,2.74583,3.6327,299.569,3665.04,1292.48,2372.56,0,0.075581,0.0266538,0.0489272,0
6600,2.75,3.63212,299.569,3665.51,1292.48,2373.03,0,0.0755908,0.0266538,0.048937,0
6610,2.75417,3.63153,299.569,3665.99,1292.48,2373.51,0,0.0756006,0.0266538,0.0489468,0
6620,2.75833,3.63095,299.569,3666.47,1292.48,2373.99,0,0.0756106,0.0266538,0.0489567,0
6630,2.7625,3.63037,299.569,3666.96,1292.49,2374.47,0,0.0756206,0.0266538,0.0489667,0
6640,2.76667,3.62979,299.569,3667.45,1292.49,2374.96,0,0.0756307,0.0266538,0.0489768,0
6650,2.77083,3.62921,299.57,3667.94,1292.49,2375.46,0,0.0756409,0.0266538,0.048987,0
6660,2.775,3.62863,299.57,3668.44,1292.49,2375.96,0,0.0756512,0.0266538,0.0489973,0
6670,2.77917,3.62806,299.57,3668.94,1292.49,2376.46,0,0.0756616,0.0266538,0.0490077,0
6680,2.78333,3.62749,299.57,3669.45,1292.49,2376.97,0,0.075672,0.0266538,0.0490182,0
6690,2.7875,3.62692,299.57,3669.96,1292.49,2377.48,0,0.0756826,0.0266539,0.0490287,0
6700,2.79167,3.62635,299.57,3670.48,1292.49,2378,0,0.0756933,0.0266539,0.0490394,0
6710,2.79583,3.62578,299.57,3671,1292.49,2378.52,0,0.075704,0.0266539,0.0490502,0
6720,2.8,3.62521,299.57,3671.53,1292.49,2379.04,0,0.0757149,0.0266539,0.049061,0
6730,2.80417,3.62464,299.57,3672.06,1292.49,2379.57,0,0.0757258,0.0266539,0.0490719,0
6740,2.80833,3.62408,299.57,3672.59,1292.49,2380.11,0,0.0757368,0.0266539,0.049083,0
6750,2.8125,3.62351,299.57,3673.13,1292.49,2380.65,0,0.075748,0.0266539,0.0490941,0
6760,2.81667,3.62295,299.57,3673.68,1292.49,2381.19,0,0.0757592,0.0266539,0.0491053,0
6770,2.82083,3.62239,299.57,3674.23,1292.49,2381.74,0,0.0757705,0.0266539,0.0491166,0
6780,2.825,3.62183,299.57,3674.78,1292.49,2382.29,0,0.0757819,0.0266539,0.049128,0
6790,2.82917,3.62127,299.571,3675.34,1292.49,2382.85,0,0.0757934,0.0266539,0.0491395,0
6800,2.83333,3.62072,299.571,3675.9,1292.49,2383.41,0,0.075805,0.0266539,0.0491511,0
6810,2.8375,3.62016,299.571,3676.46,1292.49,2383.98,0,0.0758166,0.0266539,0.0491627,0
6820,2.84167,3.6196,299.571,3677.04,1292.49,2384.55,0,0.0758284,0.0266539,0.0491745,0
6830,2.84583,3.61905,299.571,3677.61,1292.49,2385.12,0,0.0758403,0.0266539,0.0491864,0
6840,2.85,3.6185,299.571,3678.19,1292.49,2385.7,0,0.0758523,0.0266539,0.0491984,0
6850,2.85417,3.61794,299.571,3678.78,1292.49,2386.29,0,0.0758643,0.0266539,0.0492104,0
6860,2.85833,3.61739,299.571,3679.37,1292.49,2386.88,0,0.0758765,0.0266539,0.0492226,0
6870,2.8625,3.61684,299.571,3679.96,1292.49,2387.47,0,0.0758887,0.0266539,0.0492348,0
6880,2.86667,3.61629,299.571,3680.56,1292.49,2388.07,0,0.0759011,0.0266539,0.0492472,0
6890,2.87083,3.61574,299.572,3681.16,1292.49,2388.67,0,0.0759135,0.0266539,0.0492596,0
6900,2.875,3.61519,299.572,3681.77,1292.49,2389.28,0,0.0759261,0.0266539,0.0492721,0
6910,2.87917,3.61465,299.572,3682.38,1292.49,2389.89,0,0.0759387,0.0266539,0.0492848,0
6920,2.88333,3.6141,299.572,3683,1292.49,2390.51,0,0.0759514,0.026654,0.0492975,0
6930,2.8875,3.61355,299.572,3683.62,1292.49,2391.13,0,0.0759643,0.026654,0.0493103,0
6940,2.89167,3.61301,299.572,3684.25,1292.49,2391.76,0,0.0759772,0.026654,0.0493232,0
6950,2.89583,3.61246,299.572,3684.88,1292.49,2392.39,0,0.0759902,0.026654,0.0493363,0
6960,2.9,3.61192,299.572,3685.52,1292.49,2393.03,0,0.0760033,0.026654,0.0493494,0
6970,2.90417,3.61137,299.572,3686.16,1292.49,2393.67,0,0.0760166,0.026654,0.0493626,0
6980,2.90833,3.61083,299.573,3686.8,1292.49,2394.31,0,0.0760299,0.026654,0.0493759,0
6990,2.9125,3.61029,299.573,3687.46,1292.49,2394.96,0,0.0760433,0.026654,0.0493893,0
7000,2.91667,3.60974,299.573,3688.11,1292.49,2395.62,0,0.0760568,0.026654,0.0494028,0
7010,2.92083,3.6092,299.573,3688.77,1292.49,2396.28,0,0.0760704,0.026654,0.0494164,0
7020,2.925,3.60866,299.573,3689.44,1292.49,2396.94,0,0.0760841,0.026654,0.0494301,0
7030,2.92917,3.60812,299.573,3690.1,1292.49,2397.61,0,0.0760979,0.026654,0.0494439,0
7040,2.93333,3.60758,299.573,3690.78,1292.49,2398.29,0,0.0761118,0.026654,0.0494578,0
7050,2.9375,3.60704,299.573,3691.46,1292.49,2398.96,0,0.0761259,0.026654,0.0494718,0
7060,2.94167,3.60649,299.573,3692.14,1292.49,2399.65,0,0.07614,0.026654,0.0494859,0
7070,2.94583,3.60595,299.574,3692.83,1292.49,2400.34,0,0.0761542,0.026654,0.0495001,0
7080,2.95,3.60541,299.574,3693.53,1292.5,2401.03,0,0.0761685,0.026654,0.0495144,0
7090,2.95417,3.60487,299.574,3694.22,1292.5,2401.73,0,0.0761829,0.026654,0.0495288,0
7100,2.95833,3.60433,299.574,3694.93,1292.5,2402.43,0,0.0761974,0.0266541,0.0495433,0
7110,2.9625,3.60379,299.574,3695.64,1292.5,2403.14,0,0.076212,0.0266541,0.0495579,0
7120,2.96667,3.60325,299.574,3696.35,1292.5,2403.85,0,0.0762267,0.0266541,0.0495726,0
7130,2.97083,3.60271,299.574,3697.07,1292.5,2404.57,0,0.0762415,0.0266541,0.0495874,0
7140,2.975,3.60217,299.575,3697.79,1292.5,2405.29,0,0.0762564,0.0266541,0.0496023,0
7150,2.97917,3.60163,299.575,3698.52,1292.5,2406.02,0,0.0762714,0.0266541,0.0496173,0
7160,2.98333,3.60108,299.575,3699.25,1292.5,2406.75,0,0.0762865,0.0266541,0.0496324,0
7170,2.9875,3.60054,299.575,3699.99,1292.5,2407.49,0,0.0763018,0.0266541,0.0496477,0
7180,2.99167,3.6,299.575,3700.73,1292.5,2408.23,0,0.0763171,0.0266541,0.049663,0
7190,2.99583,3.59946,299.575,3701.48,1292.5,2408.98,0,0.0763325,0.0266541,0.0496784,0
7200,3,3.59891,299.576,3702.23,1292.5,2409.73,0,0.076348,0.0266541,0.0496939,0
7210,3.00417,3.59837,299.576,3702.99,1292.5,2410.49,0,0.0763637,0.0266541,0.0497095,0
7220,3.00833,3.59783,299.576,3703.75,1292.5,2411.25,0,0.0763794,0.0266541,0.0497253,0
7230,3.0125,3.59728,299.576,3704.52,1292.5,2412.02,0,0.0763952,0.0266542,0.0497411,0
7240,3.01667,3.59674,299.576,3705.29,1292.5,2412.79,0,0.0764112,0.0266542,0.049757,0
7250,3.02083,3.59619,299.576,3706.07,1292.5,2413.57,0,0.0764272,0.0266542,0.0497731,0
7260,3.025,3.59564,299.576,3706.86,1292.5,2414.35,0,0.0764434,0.0266542,0.0497892,0
7270,3.02917,3.5951,299.577,3707.64,1292.5,2415.14,0,0.0764596,0.0266542,0.0498055,0
7280,3.03333,3.59455,299.577,3708.44,1292.5,2415.94,0,0.076476,0.0266542,0.0498218,0
7290,3.0375,3.594,299.577,3709.24,1292.5,2416.73,0,0.0764925,0.0266542,0.0498383,0
7300,3.04167,3.59345,299.577,3710.04,1292.5,2417.54,0,0.0765091,0.0266542,0.0498548,0
7310,3.04583,3.5929,299.577,3710.85,1292.5,2418.35,0,0.0765257,0.0266542,0.0498715,0
7320,3.05,3.59235,299.577,3711.66,1292.5,2419.16,0,0.0765425,0.0266542,0.0498883,0
7330,3.05417,3.59179,299.578,3712.48,1292.5,2419.98,0,0.0765594,0.0266542,0.0499052,0
7340,3.05833,3.59124,299.578,3713.31,1292.5,2420.8,0,0.0765764,0.0266542,0.0499222,0
7350,3.0625,3.59069,299.578,3714.14,1292.51,2421.63,0,0.0765936,0.0266542,0.0499393,0
7360,3.06667,3.59013,299.578,3714.97,1292.51,2422.47,0,0.0766108,0.0266543,0.0499565,0
7370,3.07083,3.58957,299.578,3715.81,1292.51,2423.31,0,0.0766281,0.0266543,0.0499738,0
7380,3.075,3.58902,299.579,3716.66,1292.51,2424.15,0,0.0766455,0.0266543,0.0499913,0
7390,3.07917,3.58846,299.579,3717.51,1292.51,2425,0,0.0766631,0.0266543,0.0500088,0
7400,3.08333,3.5879,299.579,3718.37,1292.51,2425.86,0,0.0766807,0.0266543,0.0500265,0
7410,3.0875,3.58733,299.579,3719.23,1292.51,2426.72,0,0.0766985,0.0266543,0.0500442,0
7420,3.09167,3.58677,299.579,3720.09,1292.51,2427.59,0,0.0767164,0.0266543,0.0500621,0
7430,3.09583,3.5862,299.58,3720.97,1292.51,2428.46,0,0.0767344,0.0266543,0.0500801,0
7440,3.1,3.58564,299.58,3721.84,1292.51,2429.34,0,0.0767525,0.0266543,0.0500981,0
7450,3.10417,3.58507,299.58,3722.73,1292.51,2430.22,0,0.0767707,0.0266543,0.0501163,0
7460,3.10833,3.5845,299.58,3723.62,1292.51,2431.11,0,0.076789,0.0266544,0.0501347,0
7470,3.1125,3.58393,299.58,3724.51,1292.51,2432,0,0.0768074,0.0266544,0.0501531,0
7480,3.11667,3.58336,299.581,3725.41,1292.51,2432.9,0,0.076826,0.0266544,0.0501716,0
7490,3.12083,3.58278,299.581,3726.31,1292.51,2433.8,0,0.0768446,0.0266544,0.0501903,0
7500,3.125,3.58221,299.581,3727.22,1292.51,2434.71,0,0.0768634,0.0266544,0.050209,0
7510,3.12917,3.58163,299.581,3728.14,1292.51,2435.63,0,0.0768823,0.0266544,0.0502279,0
7520,3.13333,3.58105,299.581,3729.06,1292.51,2436.55,0,0.0769013,0.0266544,0.0502469,0
7530,3.1375,3.58047,299.582,3729.99,1292.51,2437.47,0,0.0769204,0.0266544,0.050266,0
7540,3.14167,3.57988,299.582,3730.92,1292.51,2438.41,0,0.0769396,0.0266544,0.0502852,0
7550,3.14583,3.5793,299.582,3731.86,1292.51,2439.34,0,0.076959,0.0266544,0.0503045,0
7560,3.15,3.57871,299.582,3732.8,1292.52,2440.29,0,0.0769784,0.0266545,0.050324,0
7570,3.15417,3.57812,299.582,3733.75,1292.52,2441.24,0,0.076998,0.0266545,0.0503435,0
7580,3.15833,3.57753,299.583,3734.71,1292.52,2442.19,0,0.0770177,0.0266545,0.0503632,0
7590,3.1625,3.57693,299.583,3735.67,1292.52,2443.15,0,0.0770375,0.0266545,0.050383,0
7600,3.16667,3.57634,299.583,3736.63,1292.52,2444.11,0,0.0770574,0.0266545,0.0504029,0
7610,3.17083,3.57574,299.583,3737.6,1292.52,2445.09,0,0.0770775,0.0266545,0.050423,0
7620,3.175,3.57514,299.584,3738.58,1292.52,2446.06,0,0.0770976,0.0266545,0.0504431,0
7630,3.17917,3.57453,299.584,3739.56,1292.52,2447.05,0,0.0771179,0.0266545,0.0504634,0
7640,3.18333,3.57393,299.584,3740.55,1292.52,2448.03,0,0.0771383,0.0266545,0.0504837,0
7650,3.1875,3.57332,299.584,3741.55,1292.52,2449.03,0,0.0771588,0.0266546,0.0505042,0
7660,3.19167,3.57271,299.584,3742.55,1292.52,2450.03,0,0.0771794,0.0266546,0.0505249,0
7670,3.19583,3.57209,299.585,3743.55,1292.52,2451.03,0,0.0772002,0.0266546,0.0505456,0
7680,3.2,3.57148,299.585,3744.57,1292.52,2452.05,0,0.0772211,0.0266546,0.0505665,0
7690,3.20417,3.57086,299.585,3745.58,1292.52,2453.06,0,0.077242,0.0266546,0.0505874,0
7700,3.20833,3.57024,299.585,3746.61,1292.52,2454.09,0,0.0772632,0.0266546,0.0506085,0
7710,3.2125,3.56961,299.586,3747.64,1292.52,2455.11,0,0.0772844,0.0266546,0.0506298,0
7720,3.21667,3.56899,299.586,3748.67,1292.52,2456.15,0,0.0773057,0.0266546,0.0506511,0
7730,3.22083,3.56836,299.586,3749.71,1292.52,2457.19,0,0.0773272,0.0266546,0.0506726,0
7740,3.225,3.56773,299.586,3750.76,1292.53,2458.24,0,0.0773488,0.0266547,0.0506941,0
7750,3.22917,3.56709,299.587,3751.81,1292.53,2459.29,0,0.0773705,0.0266547,0.0507158,0
7760,3.23333,3.56645,299.587,3752.87,1292.53,2460.35,0,0.0773924,0.0266547,0.0507377,0
7770,3.2375,3.56581,299.587,3753.94,1292.53,2461.41,0,0.0774143,0.0266547,0.0507596,0
7780,3.24167,3.56517,299.587,3755.01,1292.53,2462.48,0,0.0774364,0.0266547,0.0507817,0
7790,3.24583,3.56452,299.588,3756.09,1292.53,2463.56,0,0.0774586,0.0266547,0.0508039,0
7800,3.25,3.56387,299.588,3757.17,1292.53,2464.64,0,0.077481,0.0266547,0.0508262,0
7810,3.25417,3.56321,299.588,3758.26,1292.53,2465.73,0,0.0775034,0.0266547,0.0508487,0
7820,3.25833,3.56256,299.589,3759.35,1292.53,2466.82,0,0.077526,0.0266548,0.0508713,0
7830,3.2625,3.5619,299.589,3760.46,1292.53,2467.93,0,0.0775487,0.0266548,0.050894,0
7840,3.26667,3.56123,299.589,3761.56,1292.53,2469.03,0,0.0775716,0.0266548,0.0509168,0
7850,3.27083,3.56057,299.589,3762.68,1292.53,2470.15,0,0.0775946,0.0266548,0.0509398,0
7860,3.275,3.5599,299.59,3763.8,1292.53,2471.27,0,0.0776177,0.0266548,0.0509628,0
7870,3.27917,3.55923,299.59,3764.92,1292.53,2472.39,0,0.0776409,0.0266548,0.0509861,0
7880,3.28333,3.55855,299.59,3766.06,1292.53,2473.52,0,0.0776642,0.0266548,0.0510094,0
7890,3.2875,3.55787,299.59,3767.2,1292.53,2474.66,0,0.0776877,0.0266549,0.0510329,0
7900,3.29167,3.55719,299.591,3768.34,1292.54,2475.81,0,0.0777114,0.0266549,0.0510565,0
7910,3.29583,3.5565,299.591,3769.49,1292.54,2476.96,0,0.0777351,0.0266549,0.0510802,0
7920,3.3,3.55581,299.591,3770.65,1292.54,2478.12,0,0.077759,0.0266549,0.0511041,0
7930,3.30417,3.55511,299.592,3771.82,1292.54,2479.28,0,0.077783,0.0266549,0.0511281,0
7940,3.30833,3.55442,299.592,3772.99,1292.54,2480.45,0,0.0778071,0.0266549,0.0511522,0
7950,3.3125,3.55372,299.592,3774.16,1292.54,2481.63,0,0.0778314,0.0266549,0.0511765,0
7960,3.31667,3.55301,299.593,3775.35,1292.54,2482.81,0,0.0778558,0.0266549,0.0512009,0
7970,3.32083,3.5523,299.593,3776.54,1292.54,2484,0,0.0778804,0.026655,0.0512254,0
7980,3.325,3.55159,299.593,3777.73,1292.54,2485.19,0,0.077905,0.026655,0.0512501,0
7990,3.32917,3.55088,299.593,3778.94,1292.54,2486.4,0,0.0779298,0.026655,0.0512749,0
8000,3.33333,3.55016,299.594,3780.15,1292.54,2487.6,0,0.0779548,0.026655,0.0512998,0
8010,3.3375,3.54943,299.594,3781.36,1292.54,2488.82,0,0.0779799,0.026655,0.0513248,0
8020,3.34167,3.54871,299.594,3782.59,1292.54,2490.04,0,0.0780051,0.026655,0.05135,0
8030,3.34583,3.54798,299.595,3783.81,1292.54,2491.27,0,0.0780304,0.0266551,0.0513754,0
8040,3.35,3.54724,299.595,3785.05,1292.54,2492.51,0,0.0780559,0.0266551,0.0514009,0
8050,3.35417,3.5465,299.595,3786.29,1292.55,2493.75,0,0.0780816,0.0266551,0.0514265,0
8060,3.35833,3.54576,299.596,3787.54,1292.55,2495,0,0.0781073,0.0266551,0.0514522,0
8070,3.3625,3.54502,299.596,3788.8,1292.55,2496.25,0,0.0781332,0.0266551,0.0514781,0
8080,3.36667,3.54427,299.596,3790.06,1292.55,2497.51,0,0.0781593,0.0266551,0.0515041,0
8090,3.37083,3.54352,299.597,3791.33,1292.55,2498.78,0,0.0781855,0.0266551,0.0515303,0
8100,3.375,3.54276,299.597,3792.61,1292.55,2500.06,0,0.0782118,0.0266552,0.0515566,0
8110,3.37917,3.542,299.597,3793.89,1292.55,2501.34,0,0.0782383,0.0266552,0.0515831,0
8120,3.38333,3.54124,299.598,3795.18,1292.55,2502.63,0,0.0782649,0.0266552,0.0516097,0
8130,3.3875,3.54047,299.598,3796.48,1292.55,2503.93,0,0.0782916,0.0266552,0.0516364,0
8140,3.39167,3.5397,299.598,3797.78,1292.55,2505.23,0,0.0783185,0.0266552,0.0516633,0
8150,3.39583,3.53892,299.599,3799.1,1292.55,2506.54,0,0.0783456,0.0266552,0.0516903,0
8160,3.4,3.53814,299.599,3800.41,1292.55,2507.86,0,0.0783728,0.0266553,0.0517175,0
8170,3.40417,3.53736,299.599,3801.74,1292.55,2509.18,0,0.0784001,0.0266553,0.0517448,0
8180,3.40833,3.53658,299.6,3803.07,1292.56,2510.52,0,0.0784276,0.0266553,0.0517723,0
8190,3.4125,3.53579,299.6,3804.41,1292.56,2511.86,0,0.0784552,0.0266553,0.0517999,0
8200,3.41667,3.53499,299.6,3805.76,1292.56,2513.2,0,0.078483,0.0266553,0.0518276,0
8210,3.42083,3.5342,299.601,3807.11,1292.56,2514.55,0,0.0785109,0.0266553,0.0518555,0
8220,3.425,3.5334,299.601,3808.47,1292.56,2515.91,0,0.0785389,0.0266554,0.0518836,0
8230,3.42917,3.53259,299.601,3809.84,1292.56,2517.28,0,0.0785672,0.0266554,0.0519118,0
8240,3.43333,3.53178,299.602,3811.22,1292.56,2518.66,0,0.0785955,0.0266554,0.0519401,0
8250,3.4375,3.53097,299.602,3812.6,1292.56,2520.04,0,0.078624,0.0266554,0.0519686,0
8260,3.44167,3.53016,299.602,3813.99,1292.56,2521.43,0,0.0786527,0.0266554,0.0519973,0
8270,3.44583,3.52934,299.603,3815.39,1292.56,2522.82,0,0.0786815,0.0266554,0.0520261,0
8280,3.45,3.52852,299.603,3816.79,1292.56,2524.23,0,0.0787105,0.0266555,0.052055,0
8290,3.45417,3.5277,299.603,3818.2,1292.56,2525.64,0,0.0787396,0.0266555,0.0520841,0
8300,3.45833,3.52687,299.604,3819.62,1292.57,2527.06,0,0.0787689,0.0266555,0.0521134,0
8310,3.4625,3.52604,299.604,3821.05,1292.57,2528.48,0,0.0787983,0.0266555,0.0521428,0
8320,3.46667,3.5252,299.605,3822.49,1292.57,2529.92,0,0.0788279,0.0266555,0.0521724,0
8330,3.47083,3.52437,299.605,3823.93,1292.57,2531.36,0,0.0788576,0.0266556,0.0522021,0
8340,3.475,3.52353,299.605,3825.38,1292.57,2532.81,0,0.0788875,0.0266556,0.052232,0
8350,3.47917,3.52269,299.606,3826.83,1292.57,2534.26,0,0.0789176,0.0266556,0.052262,0
8360,3.48333,3.52184,299.606,3828.3,1292.57,2535.73,0,0.0789478,0.0266556,0.0522922,0
8370,3.4875,3.52099,299.606,3829.77,1292.57,2537.2,0,0.0789782,0.0266556,0.0523225,0
8380,3.49167,3.52014,299.607,3831.25,1292.57,2538.68,0,0.0790087,0.0266556,0.052353,0
8390,3.49583,3.51929,299.607,3832.74,1292.57,2540.17,0,0.0790394,0.0266557,0.0523837,0
8400,3.5,3.51843,299.608,3834.24,1292.57,2541.66,0,0.0790702,0.0266557,0.0524145,0
8410,3.50417,3.51757,299.608,3835.74,1292.58,2543.16,0,0.0791012,0.0266557,0.0524455,0
8420,3.50833,3.51671,299.608,3837.25,1292.58,2544.67,0,0.0791324,0.0266557,0.0524767,0
8430,3.5125,3.51584,299.609,3838.77,1292.58,2546.19,0,0.0791637,0.0266557,0.052508,0
8440,3.51667,3.51498,299.609,3840.3,1292.58,2547.72,0,0.0791952,0.0266558,0.0525395,0
8450,3.52083,3.51411,299.61,3841.83,1292.58,2549.25,0,0.0792269,0.0266558,0.0525711,0
8460,3.525,3.51324,299.61,3843.38,1292.58,2550.8,0,0.0792587,0.0266558,0.0526029,0
8470,3.52917,3.51236,299.61,3844.93,1292.58,2552.35,0,0.0792907,0.0266558,0.0526349,0
8480,3.53333,3.51149,299.611,3846.49,1292.58,2553.91,0,0.0793229,0.0266558,0.0526671,0
8490,3.5375,3.51061,299.611,3848.06,1292.58,2555.47,0,0.0793552,0.0266559,0.0526994,0
8500,3.54167,3.50973,299.612,3849.63,1292.58,2557.05,0,0.0793877,0.0266559,0.0527319,0
8510,3.54583,3.50885,299.612,3851.22,1292.59,2558.63,0,0.0794204,0.0266559,0.0527645,0
8520,3.55,3.50797,299.613,3852.81,1292.59,2560.22,0,0.0794532,0.0266559,0.0527973,0
8530,3.55417,3.50709,299.613,3854.41,1292.59,2561.82,0,0.0794863,0.0266559,0.0528303,0
8540,3.55833,3.5062,299.613,3856.02,1292.59,2563.43,0,0.0795194,0.026656,0.0528635,0
8550,3.5625,3.50532,299.614,3857.64,1292.59,2565.05,0,0.0795528,0.026656,0.0528968,0
8560,3.56667,3.50443,299.614,3859.26,1292.59,2566.67,0,0.0795863,0.026656,0.0529303,0
8570,3.57083,3.50354,299.615,3860.9,1292.59,2568.3,0,0.07962,0.026656,0.052964,0
8580,3.575,3.50265,299.615,3862.54,1292.59,2569.95,0,0.0796539,0.026656,0.0529978,0
8590,3.57917,3.50176,299.616,3864.19,1292.59,2571.6,0,0.0796879,0.0266561,0.0530319,0
8600,3.58333,3.50087,299.616,3865.85,1292.59,2573.25,0,0.0797222,0.0266561,0.0530661,0
8610,3.5875,3.49997,299.616,3867.52,1292.6,2574.92,0,0.0797566,0.0266561,0.0531005,0
8620,3.59167,3.49908,299.617,3869.19,1292.6,2576.6,0,0.0797911,0.0266561,0.053135,0
8630,3.59583,3.49819,299.617,3870.88,1292.6,2578.28,0,0.0798259,0.0266562,0.0531698,0
8640,3.6,3.49729,299.618,3872.57,1292.6,2579.98,0,0.0798609,0.0266562,0.0532047,0
8650,3.60417,3.4964,299.618,3874.28,1292.6,2581.68,0,0.079896,0.0266562,0.0532398,0
8660,3.60833,3.4955,299.619,3875.99,1292.6,2583.39,0,0.0799313,0.0266562,0.0532751,0
8670,3.6125,3.49461,299.619,3877.71,1292.6,2585.11,0,0.0799668,0.0266562,0.0533106,0
8680,3.61667,3.49371,299.62,3879.44,1292.6,2586.84,0,0.0800025,0.0266563,0.0533462,0
8690,3.62083,3.49282,299.62,3881.18,1292.6,2588.58,0,0.0800383,0.0266563,0.0533821,0
8700,3.625,3.49192,299.621,3882.93,1292.6,2590.32,0,0.0800744,0.0266563,0.0534181,0
8710,3.62917,3.49103,299.621,3884.69,1292.61,2592.08,0,0.0801106,0.0266563,0.0534543,0
8720,3.63333,3.49014,299.622,3886.45,1292.61,2593.85,0,0.0801471,0.0266564,0.0534907,0
8730,3.6375,3.48924,299.622,3888.23,1292.61,2595.62,0,0.0801837,0.0266564,0.0535273,0
8740,3.64167,3.48835,299.622,3890.01,1292.61,2597.41,0,0.0802205,0.0266564,0.0535641,0
8750,3.64583,3.48746,299.623,3891.81,1292.61,2599.2,0,0.0802575,0.0266564,0.0536011,0
8760,3.65,3.48657,299.623,3893.61,1292.61,2601,0,0.0802947,0.0266564,0.0536383,0
8770,3.65417,3.48567,299.624,3895.43,1292.61,2602.81,0,0.0803321,0.0266565,0.0536756,0
8780,3.65833,3.48479,299.624,3897.25,1292.61,2604.63,0,0.0803697,0.0266565,0.0537132,0
8790,3.6625,3.4839,299.625,3899.08,1292.62,2606.47,0,0.0804075,0.0266565,0.053751,0
8800,3.66667,3.48301,299.625,3900.92,1292.62,2608.31,0,0.0804454,0.0266565,0.0537889,0
8810,3.67083,3.48212,299.626,3902.77,1292.62,2610.16,0,0.0804836,0.0266566,0.0538271,0
8820,3.675,3.48124,299.626,3904.63,1292.62,2612.02,0,0.080522,0.0266566,0.0538654,0
8830,3.67917,3.48035,299.627,3906.51,1292.62,2613.89,0,0.0805606,0.0266566,0.053904,0
8840,3.68333,3.47947,299.627,3908.39,1292.62,2615.77,0,0.0805994,0.0266566,0.0539427,0
8850,3.6875,3.47859,299.628,3910.28,1292.62,2617.65,0,0.0806384,0.0266567,0.0539817,0
8860,3.69167,3.47771,299.628,3912.18,1292.62,2619.55,0,0.0806775,0.0266567,0.0540209,0
8870,3.69583,3.47684,299.629,3914.09,1292.62,2621.46,0,0.0807169,0.0266567,0.0540602,0
8880,3.7,3.47596,299.629,3916.01,1292.63,2623.38,0,0.0807565,0.0266567,0.0540998,0
8890,3.70417,3.47509,299.63,3917.94,1292.63,2625.31,0,0.0807963,0.0266568,0.0541396,0
8900,3.70833,3.47422,299.63,3919.88,1292.63,2627.25,0,0.0808363,0.0266568,0.0541795,0
8910,3.7125,3.47335,299.631,3921.83,1292.63,2629.2,0,0.0808765,0.0266568,0.0542197,0
8920,3.71667,3.47248,299.632,3923.79,1292.63,2631.16,0,0.080917,0.0266568,0.0542601,0
8930,3.72083,3.47162,299.632,3925.76,1292.63,2633.13,0,0.0809576,0.0266569,0.0543007,0
8940,3.725,3.47076,299.633,3927.74,1292.63,2635.1,0,0.0809984,0.0266569,0.0543415,0
8950,3.72917,3.4699,299.633,3929.73,1292.63,2637.09,0,0.0810395,0.0266569,0.0543826,0
8960,3.73333,3.46904,299.634,3931.73,1292.64,2639.09,0,0.0810808,0.0266569,0.0544238,0
8970,3.7375,3.46819,299.634,3933.74,1292.64,2641.11,0,0.0811223,0.026657,0.0544653,0
8980,3.74167,3.46734,299.635,3935.77,1292.64,2643.13,0,0.081164,0.026657,0.054507,0
8990,3.74583,3.46649,299.635,3937.8,1292.64,2645.16,0,0.0812059,0.026657,0.0545489,0
9000,3.75,3.46564,299.636,3939.84,1292.64,2647.2,0,0.0812481,0.026657,0.054591,0
9010,3.75417,3.4648,299.636,3941.9,1292.64,2649.26,0,0.0812904,0.0266571,0.0546334,0
9020,3.75833,3.46396,299.637,3943.96,1292.64,2651.32,0,0.081333,0.0266571,0.0546759,0
9030,3.7625,3.46312,299.638,3946.04,1292.64,2653.4,0,0.0813759,0.0266571,0.0547187,0
9040,3.76667,3.46228,299.638,3948.13,1292.65,2655.48,0,0.0814189,0.0266572,0.0547618,0
9050,3.77083,3.46145,299.639,3950.23,1292.65,2657.58,0,0.0814622,0.0266572,0.054805,0
9060,3.775,3.46062,299.639,3952.34,1292.65,2659.69,0,0.0815057,0.0266572,0.0548485,0
9070,3.77917,3.4598,299.64,3954.46,1292.65,2661.81,0,0.0815494,0.0266572,0.0548922,0
9080,3.78333,3.45897,299.64,3956.59,1292.65,2663.94,0,0.0815934,0.0266573,0.0549362,0
9090,3.7875,3.45815,299.641,3958.73,1292.65,2666.08,0,0.0816376,0.0266573,0.0549803,0
9100,3.79167,3.45734,299.642,3960.89,1292.65,2668.23,0,0.081682,0.0266573,0.0550247,0
9110,3.79583,3.45652,299.642,3963.05,1292.66,2670.4,0,0.0817267,0.0266573,0.0550693,0
9120,3.8,3.45571,299.643,3965.23,1292.66,2672.57,0,0.0817716,0.0266574,0.0551142,0
9130,3.80417,3.45491,299.643,3967.42,1292.66,2674.76,0,0.0818167,0.0266574,0.0551593,0
9140,3.80833,3.4541,299.644,3969.62,1292.66,2676.96,0,0.0818621,0.0266574,0.0552046,0
9150,3.8125,3.4533,299.645,3971.83,1292.66,2679.17,0,0.0819077,0.0266575,0.0552502,0
9160,3.81667,3.4525,299.645,3974.05,1292.66,2681.39,0,0.0819535,0.0266575,0.055296,0
9170,3.82083,3.45171,299.646,3976.29,1292.66,2683.62,0,0.0819996,0.0266575,0.0553421,0
9180,3.825,3.45092,299.646,3978.53,1292.67,2685.87,0,0.082046,0.0266576,0.0553884,0
9190,3.82917,3.45013,299.647,3980.79,1292.67,2688.13,0,0.0820926,0.0266576,0.055435,0
9200,3.83333,3.44935,299.648,3983.07,1292.67,2690.4,0,0.0821394,0.0266576,0.0554818,0
9210,3.8375,3.44857,299.648,3985.35,1292.67,2692.68,0,0.0821865,0.0266576,0.0555289,0
9220,3.84167,3.44779,299.649,3987.64,1292.67,2694.97,0,0.0822338,0.0266577,0.0555762,0
9230,3.84583,3.44701,299.649,3989.95,1292.67,2697.28,0,0.0822814,0.0266577,0.0556237,0
9240,3.85,3.44624,299.65,3992.27,1292.67,2699.6,0,0.0823293,0.0266577,0.0556716,0
9250,3.85417,3.44547,299.651,3994.61,1292.68,2701.93,0,0.0823774,0.0266578,0.0557196,0
9260,3.85833,3.44471,299.651,3996.95,1292.68,2704.27,0,0.0824258,0.0266578,0.055768,0
9270,3.8625,3.44395,299.652,3999.31,1292.68,2706.63,0,0.0824744,0.0266578,0.0558166,0
9280,3.86667,3.44319,299.653,4001.68,1292.68,2709,0,0.0825233,0.0266579,0.0558654,0
9290,3.87083,3.44243,299.653,4004.06,1292.68,2711.38,0,0.0825725,0.0266579,0.0559146,0
9300,3.875,3.44168,299.654,4006.46,1292.68,2713.78,0,0.0826219,0.0266579,0.055964,0
9310,3.87917,3.44093,299.655,4008.87,1292.68,2716.19,0,0.0826716,0.026658,0.0560136,0
9320,3.88333,3.44018,299.655,4011.29,1292.69,2718.61,0,0.0827215,0.026658,0.0560635,0
9330,3.8875,3.43944,299.656,4013.73,1292.69,2721.04,0,0.0827718,0.026658,0.0561137,0
9340,3.89167,3.4387,299.657,4016.18,1292.69,2723.49,0,0.0828223,0.026658,0.0561642,0
9350,3.89583,3.43796,299.657,4018.64,1292.69,2725.95,0,0.082873,0.0266581,0.056215,0
9360,3.9,3.43723,299.658,4021.12,1292.69,2728.42,0,0.0829241,0.0266581,0.056266,0
9370,3.90417,3.4365,299.659,4023.6,1292.69,2730.91,0,0.0829754,0.0266581,0.0563173,0
9380,3.90833,3.43577,299.659,4026.11,1292.7,2733.41,0,0.083027,0.0266582,0.0563689,0
9390,3.9125,3.43504,299.66,4028.62,1292.7,2735.93,0,0.0830789,0.0266582,0.0564207,0
9400,3.91667,3.43432,299.661,4031.15,1292.7,2738.46,0,0.0831311,0.0266582,0.0564729,0
9410,3.92083,3.4336,299.661,4033.7,1292.7,2741,0,0.0831836,0.0266583,0.0565253,0
9420,3.925,3.43288,299.662,4036.26,1292.7,2743.55,0,0.0832363,0.0266583,0.056578,0
9430,3.92917,3.43216,299.663,4038.83,1292.7,2746.13,0,0.0832894,0.0266583,0.056631,0
9440,3.93333,3.43145,299.663,4041.42,1292.71,2748.71,0,0.0833427,0.0266584,0.0566843,0
9450,3.9375,3.43074,299.664,4044.02,1292.71,2751.31,0,0.0833963,0.0266584,0.0567379,0
9460,3.94167,3.43003,299.665,4046.63,1292.71,2753.92,0,0.0834503,0.0266584,0.0567918,0
9470,3.94583,3.42932,299.666,4049.26,1292.71,2756.55,0,0.0835045,0.0266585,0.056846,0
9480,3.95,3.42862,299.666,4051.9,1292.71,2759.19,0,0.083559,0.0266585,0.0569005,0
9490,3.95417,3.42792,299.667,4054.56,1292.71,2761.85,0,0.0836138,0.0266585,0.0569553,0
9500,3.95833,3.42722,299.668,4057.23,1292.72,2764.52,0,0.0836689,0.0266586,0.0570104,0
9510,3.9625,3.42652,299.668,4059.92,1292.72,2767.2,0,0.0837244,0.0266586,0.0570657,0
9520,3.96667,3.42582,299.669,4062.62,1292.72,2769.91,0,0.0837801,0.0266587,0.0571214,0
9530,3.97083,3.42513,299.67,4065.34,1292.72,2772.62,0,0.0838361,0.0266587,0.0571774,0
9540,3.975,3.42444,299.671,4068.07,1292.72,2775.35,0,0.0838925,0.0266587,0.0572337,0
9550,3.97917,3.42374,299.671,4070.82,1292.72,2778.1,0,0.0839491,0.0266588,0.0572904,0
9560,3.98333,3.42305,299.672,4073.59,1292.73,2780.86,0,0.0840061,0.0266588,0.0573473,0
9570,3.9875,3.42236,299.673,4076.36,1292.73,2783.64,0,0.0840634,0.0266588,0.0574046,0
9580,3.99167,3.42168,299.674,4079.16,1292.73,2786.43,0,0.0841211,0.0266589,0.0574622,0
9590,3.99583,3.42099,299.674,4081.97,1292.73,2789.24,0,0.084179,0.0266589,0.0575201,0
9600,4,3.4203,299.675,4084.79,1292.73,2792.06,0,0.0842373,0.0266589,0.0575783,0
9610,4.00417,3.41962,299.676,4087.64,1292.73,2794.9,0,0.0842959,0.026659,0.0576369,0
9620,4.00833,3.41893,299.677,4090.49,1292.74,2797.76,0,0.0843548,0.026659,0.0576958,0
9630,4.0125,3.41825,299.677,4093.37,1292.74,2800.63,0,0.0844141,0.0266591,0.0577551,0
9640,4.01667,3.41757,299.678,4096.26,1292.74,2803.52,0,0.0844737,0.0266591,0.0578146,0
9650,4.02083,3.41688,299.679,4099.17,1292.74,2806.43,0,0.0845337,0.0266591,0.0578746,0
9660,4.025,3.4162,299.68,4102.09,1292.74,2809.35,0,0.084594,0.0266592,0.0579348,0
9670,4.02917,3.41552,299.681,4105.03,1292.75,2812.28,0,0.0846546,0.0266592,0.0579954,0
9680,4.03333,3.41484,299.681,4107.98,1292.75,2815.24,0,0.0847155,0.0266592,0.0580563,0
9690,4.0375,3.41415,299.682,4110.96,1292.75,2818.21,0,0.0847768,0.0266593,0.0581175,0
9700,4.04167,3.41347,299.683,4113.95,1292.75,2821.2,0,0.0848385,0.0266593,0.0581791,0
9710,4.04583,3.41279,299.684,4116.95,1292.75,2824.2,0,0.0849005,0.0266594,0.0582411,0
9720,4.05,3.4121,299.685,4119.98,1292.76,2827.22,0,0.0849628,0.0266594,0.0583034,0
9730,4.05417,3.41141,299.686,4123.02,1292.76,2830.26,0,0.0850256,0.0266594,0.0583661,0
9740,4.05833,3.41073,299.686,4126.08,1292.76,2833.32,0,0.0850887,0.0266595,0.0584292,0
9750,4.0625,3.41004,299.687,4129.16,1292.76,2836.39,0,0.0851521,0.0266595,0.0584926,0
9760,4.06667,3.40935,299.688,4132.25,1292.76,2839.49,0,0.0852159,0.0266596,0.0585564,0
9770,4.07083,3.40866,299.689,4135.36,1292.77,2842.6,0,0.0852801,0.0266596,0.0586205,0
9780,4.075,3.40796,299.69,4138.49,1292.77,2845.73,0,0.0853447,0.0266596,0.058685,0
9790,4.07917,3.40727,299.691,4141.64,1292.77,2848.87,0,0.0854096,0.0266597,0.0587499,0
9800,4.08333,3.40657,299.691,4144.81,1292.77,2852.04,0,0.0854749,0.0266597,0.0588152,0
9810,4.0875,3.40587,299.692,4148,1292.77,2855.22,0,0.0855406,0.0266598,0.0588809,0
9820,4.09167,3.40517,299.693,4151.2,1292.78,2858.43,0,0.0856067,0.0266598,0.0589469,0
9830,4.09583,3.40446,299.694,4154.42,1292.78,2861.65,0,0.0856732,0.0266599,0.0590133,0
9840,4.1,3.40375,299.695,4157.67,1292.78,2864.89,0,0.0857401,0.0266599,0.0590802,0
9850,4.10417,3.40304,299.696,4160.93,1292.78,2868.15,0,0.0858073,0.0266599,0.0591474,0
9860,4.10833,3.40232,299.697,4164.21,1292.78,2871.43,0,0.085875,0.02666,0.059215,0
9870,4.1125,3.4016,299.698,4167.51,1292.79,2874.73,0,0.0859431,0.02666,0.059283,0
9880,4.11667,3.40087,299.698,4170.83,1292.79,2878.04,0,0.0860115,0.0266601,0.0593515,0
9890,4.12083,3.40014,299.699,4174.17,1292.79,2881.38,0,0.0860804,0.0266601,0.0594203,0
9900,4.125,3.39941,299.7,4177.53,1292.79,2884.74,0,0.0861497,0.0266602,0.0594896,0
9910,4.12917,3.39867,299.701,4180.91,1292.79,2888.12,0,0.0862194,0.0266602,0.0595592,0
9920,4.13333,3.39792,299.702,4184.31,1292.8,2891.52,0,0.0862896,0.0266602,0.0596293,0
9930,4.1375,3.39717,299.703,4187.73,1292.8,2894.94,0,0.0863601,0.0266603,0.0596998,0
9940,4.14167,3.39641,299.704,4191.18,1292.8,2898.38,0,0.0864311,0.0266603,0.0597708,0
9950,4.14583,3.39565,299.705,4194.64,1292.8,2901.84,0,0.0865025,0.0266604,0.0598421,0
9960,4.15,3.39488,299.706,4198.12,1292.8,2905.32,0,0.0865743,0.0266604,0.0599139,0
9970,4.15417,3.3941,299.707,4201.63,1292.81,2908.82,0,0.0866466,0.0266605,0.0599862,0
9980,4.15833,3.39331,299.708,4205.15,1292.81,2912.34,0,0.0867194,0.0266605,0.0600588,0
9990,4.1625,3.39252,299.709,4208.7,1292.81,2915.89,0,0.0867925,0.0266606,0.060132,0
10000,4.16667,3.39172,299.71,4212.27,1292.81,2919.46,0,0.0868661,0.0266606,0.0602055,0
10010,4.17083,3.39091,299.711,4215.86,1292.82,2923.05,0,0.0869402,0.0266607,0.0602795,0
10020,4.175,3.39008,299.712,4219.48,1292.82,2926.66,0,0.0870147,0.0266607,0.060354,0
10030,4.17917,3.38925,299.712,4223.11,1292.82,2930.29,0,0.0870897,0.0266607,0.060429,0
10040,4.18333,3.38841,299.713,4226.77,1292.82,2933.95,0,0.0871651,0.0266608,0.0605043,0
10050,4.1875,3.38756,299.714,4230.45,1292.82,2937.63,0,0.087241,0.0266608,0.0605802,0
10060,4.19167,3.3867,299.715,4234.15,1292.83,2941.33,0,0.0873174,0.0266609,0.0606565,0
10070,4.19583,3.38583,299.716,4237.88,1292.83,2945.05,0,0.0873942,0.0266609,0.0607333,0
10080,4.2,3.38494,299.718,4241.62,1292.83,2948.79,0,0.0874713,0.026661,0.0608103,0
10090,4.20417,3.38405,299.719,4245.38,1292.83,2952.55,0,0.087549,0.026661,0.0608879,0
10100,4.20833,3.38314,299.72,4249.17,1292.84,2956.33,0,0.0876271,0.0266611,0.060966,0
10110,4.2125,3.38221,299.721,4252.98,1292.84,2960.14,0,0.0877057,0.0266611,0.0610446,0
10120,4.21667,3.38127,299.722,4256.82,1292.84,2963.98,0,0.0877848,0.0266612,0.0611236,0
10130,4.22083,3.38032,299.723,4260.68,1292.84,2967.84,0,0.0878645,0.0266613,0.0612032,0
10140,4.225,3.37935,299.724,4264.57,1292.85,2971.72,0,0.0879447,0.0266613,0.0612833,0
10150,4.22917,3.37837,299.725,4268.48,1292.85,2975.63,0,0.0880253,0.0266614,0.061364,0
10160,4.23333,3.37737,299.726,4272.42,1292.85,2979.57,0,0.0881066,0.0266614,0.0614451,0
10170,4.2375,3.37636,299.727,4276.39,1292.86,2983.53,0,0.0881883,0.0266615,0.0615268,0
10180,4.24167,3.37532,299.728,4280.38,1292.86,2987.52,0,0.0882706,0.0266615,0.0616091,0
10190,4.24583,3.37427,299.73,4284.39,1292.86,2991.53,0,0.0883534,0.0266616,0.0616918,0
10200,4.25,3.3732,299.731,4288.43,1292.86,2995.57,0,0.0884368,0.0266616,0.0617752,0
10210,4.25417,3.37211,299.732,4292.5,1292.87,2999.64,0,0.0885207,0.0266617,0.061859,0
10220,4.25833,3.371,299.733,4296.6,1292.87,3003.73,0,0.0886052,0.0266617,0.0619435,0
10230,4.2625,3.36987,299.734,4300.72,1292.87,3007.85,0,0.0886902,0.0266618,0.0620284,0
10240,4.26667,3.36871,299.735,4304.88,1292.87,3012,0,0.0887758,0.0266618,0.062114,0
10250,4.27083,3.36754,299.736,4309.06,1292.88,3016.18,0,0.088862,0.0266619,0.0622001,0
10260,4.275,3.36634,299.737,4313.26,1292.88,3020.38,0,0.0889488,0.0266619,0.0622868,0
10270,4.27917,3.36512,299.738,4317.49,1292.88,3024.61,0,0.0890359,0.026662,0.0623739,0
10280,4.28333,3.36387,299.74,4321.74,1292.88,3028.86,0,0.0891236,0.0266621,0.0624616,0
10290,4.2875,3.36261,299.741,4326.02,1292.89,3033.14,0,0.0892119,0.0266621,0.0625498,0
10300,4.29167,3.36131,299.742,4330.33,1292.89,3037.44,0,0.0893008,0.0266622,0.0626386,0
10310,4.29583,3.35999,299.743,4334.67,1292.89,3041.78,0,0.0893903,0.0266622,0.0627281,0
10320,4.3,3.35864,299.744,4339.04,1292.9,3046.15,0,0.0894804,0.0266623,0.0628181,0
10330,4.30417,3.35726,299.746,4343.44,1292.9,3050.54,0,0.0895711,0.0266623,0.0629088,0
10340,4.30833,3.35586,299.747,4347.87,1292.9,3054.97,0,0.0896624,0.0266624,0.063,0
10350,4.3125,3.35443,299.748,4352.33,1292.9,3059.42,0,0.0897544,0.0266625,0.0630919,0
10360,4.31667,3.35297,299.749,4356.81,1292.91,3063.91,0,0.0898469,0.0266625,0.0631844,0
10370,4.32083,3.35147,299.751,4361.33,1292.91,3068.42,0,0.0899401,0.0266626,0.0632775,0
10380,4.325,3.34995,299.752,4365.88,1292.91,3072.97,0,0.090034,0.0266626,0.0633713,0
10390,4.32917,3.34839,299.753,4370.47,1292.92,3077.55,0,0.0901284,0.0266627,0.0634657,0
10400,4.33333,3.34681,299.754,4375.08,1292.92,3082.16,0,0.0902236,0.0266628,0.0635608,0
10410,4.3375,3.34519,299.756,4379.72,1292.92,3086.8,0,0.0903194,0.0266628,0.0636565,0
10420,4.34167,3.34353,299.757,4384.4,1292.92,3091.48,0,0.0904158,0.0266629,0.0637529,0
10430,4.34583,3.34185,299.758,4389.11,1292.93,3096.18,0,0.0905129,0.026663,0.06385,0
10440,4.35,3.34013,299.759,4393.85,1292.93,3100.92,0,0.0906108,0.026663,0.0639478,0
10450,4.35417,3.33837,299.761,4398.63,1292.93,3105.7,0,0.0907093,0.0266631,0.0640462,0
10460,4.35833,3.33658,299.762,4403.44,1292.94,3110.5,0,0.0908085,0.0266631,0.0641453,0
10470,4.3625,3.33475,299.763,4408.28,1292.94,3115.35,0,0.0909084,0.0266632,0.0642452,0
10480,4.36667,3.33289,299.764,4413.16,1292.94,3120.22,0,0.091009,0.0266633,0.0643457,0
10490,4.37083,3.33099,299.766,4418.08,1292.95,3125.13,0,0.0911103,0.0266633,0.064447,0
10500,4.375,3.32906,299.767,4423.03,1292.95,3130.08,0,0.0912123,0.0266634,0.064549,0
10510,4.37917,3.32709,299.768,4428.01,1292.95,3135.06,0,0.0913151,0.0266634,0.0646517,0
10520,4.38333,3.32508,299.77,4433.03,1292.95,3140.08,0,0.0914187,0.0266635,0.0647551,0
10530,4.3875,3.32303,299.771,4438.09,1292.96,3145.13,0,0.0915229,0.0266636,0.0648593,0
10540,4.39167,3.32095,299.772,4443.18,1292.96,3150.22,0,0.091628,0.0266636,0.0649643,0
10550,4.39583,3.31883,299.774,4448.31,1292.96,3155.35,0,0.0917338,0.0266637,0.0650701,0
10560,4.4,3.31667,299.775,4453.48,1292.97,3160.51,0,0.0918403,0.0266638,0.0651766,0
10570,4.40417,3.31448,299.776,4458.68,1292.97,3165.71,0,0.0919477,0.0266638,0.0652839,0
10580,4.40833,3.31225,299.778,4463.93,1292.97,3170.95,0,0.0920558,0.0266639,0.0653919,0
10590,4.4125,3.30999,299.779,4469.21,1292.98,3176.23,0,0.0921648,0.026664,0.0655008,0
10600,4.41667,3.30769,299.78,4474.53,1292.98,3181.55,0,0.0922745,0.026664,0.0656105,0
10610,4.42083,3.30535,299.782,4479.9,1292.98,3186.91,0,0.0923851,0.0266641,0.065721,0
10620,4.425,3.30298,299.783,4485.3,1292.99,3192.31,0,0.0924965,0.0266642,0.0658324,0
10630,4.42917,3.30057,299.784,4490.74,1292.99,3197.75,0,0.0926088,0.0266642,0.0659446,0
10640,4.43333,3.29813,299.786,4496.23,1292.99,3203.23,0,0.0927219,0.0266643,0.0660576,0
10650,4.4375,3.29566,299.787,4501.75,1293,3208.76,0,0.0928359,0.0266644,0.0661715,0
10660,4.44167,3.29315,299.789,4507.32,1293,3214.32,0,0.0929507,0.0266644,0.0662863,0
10670,4.44583,3.29062,299.79,4512.93,1293,3219.93,0,0.0930663,0.0266645,0.0664018,0
10680,4.45,3.28805,299.791,4518.58,1293.01,3225.57,0,0.0931829,0.0266646,0.0665183,0
10690,4.45417,3.28545,299.793,4524.27,1293.01,3231.27,0,0.0933003,0.0266646,0.0666357,0
10700,4.45833,3.28283,299.794,4530.01,1293.01,3237,0,0.0934186,0.0266647,0.0667539,0
10710,4.4625,3.28018,299.796,4535.8,1293.02,3242.78,0,0.0935379,0.0266648,0.0668731,0
10720,4.46667,3.2775,299.797,4541.62,1293.02,3248.6,0,0.0936581,0.0266648,0.0669932,0
10730,4.47083,3.27479,299.799,4547.49,1293.02,3254.47,0,0.0937792,0.0266649,0.0671143,0
10740,4.475,3.27207,299.8,4553.41,1293.03,3260.39,0,0.0939012,0.026665,0.0672362,0
10750,4.47917,3.26932,299.802,4559.38,1293.03,3266.35,0,0.0940242,0.0266651,0.0673592,0
10760,4.48333,3.26655,299.803,4565.39,1293.03,3272.36,0,0.0941482,0.0266651,0.0674831,0
10770,4.4875,3.26375,299.805,4571.45,1293.04,3278.41,0,0.0942732,0.0266652,0.067608,0
10780,4.49167,3.26095,299.806,4577.56,1293.04,3284.52,0,0.0943991,0.0266653,0.0677338,0
10790,4.49583,3.25812,299.808,4583.71,1293.04,3290.67,0,0.0945261,0.0266653,0.0678607,0
10800,4.5,3.25528,299.809,4589.92,1293.05,3296.87,0,0.094654,0.0266654,0.0679886,0
10810,4.50417,3.25242,299.811,4596.17,1293.05,3303.12,0,0.0947829,0.0266655,0.0681174,0
10820,4.50833,3.24955,299.812,4602.47,1293.05,3309.42,0,0.0949129,0.0266656,0.0682473,0
10830,4.5125,3.24667,299.814,4608.82,1293.06,3315.77,0,0.0950439,0.0266657,0.0683783,0
10840,4.51667,3.24378,299.816,4615.23,1293.06,3322.17,0,0.095176,0.0266657,0.0685103,0
10850,4.52083,3.24089,299.817,4621.69,1293.07,3328.62,0,0.0953092,0.0266658,0.0686434,0
10860,4.525,3.23798,299.819,4628.2,1293.07,3335.13,0,0.0954435,0.0266659,0.0687776,0
10870,4.52917,3.23507,299.82,4634.76,1293.07,3341.69,0,0.0955789,0.026666,0.0689129,0
10880,4.53333,3.23215,299.822,4641.38,1293.08,3348.31,0,0.0957154,0.026666,0.0690493,0
10890,4.5375,3.22923,299.824,4648.06,1293.08,3354.98,0,0.095853,0.0266661,0.0691869,0
10900,4.54167,3.22631,299.825,4654.79,1293.09,3361.7,0,0.0959918,0.0266662,0.0693256,0
10910,4.54583,3.22339,299.827,4661.58,1293.09,3368.49,0,0.0961318,0.0266663,0.0694655,0
10920,4.55,3.22046,299.829,4668.42,1293.09,3375.33,0,0.096273,0.0266664,0.0696066,0
10930,4.55417,3.21754,299.83,4675.33,1293.1,3382.23,0,0.0964153,0.0266665,0.0697489,0
10940,4.55833,3.21462,299.832,4682.29,1293.1,3389.19,0,0.0965589,0.0266665,0.0698924,0
10950,4.5625,3.2117,299.834,4689.31,1293.1,3396.21,0,0.0967038,0.0266666,0.0700371,0
10960,4.56667,3.20878,299.836,4696.4,1293.11,3403.29,0,0.0968498,0.0266667,0.0701831,0
10970,4.57083,3.20587,299.837,4703.54,1293.11,3410.43,0,0.0969972,0.0266668,0.0703304,0
10980,4.575,3.20297,299.839,4710.75,1293.12,3417.63,0,0.0971458,0.0266669,0.070479,0
10990,4.57917,3.20006,299.841,4718.02,1293.12,3424.9,0,0.0972958,0.026667,0.0706288,0
11000,4.58333,3.19717,299.843,4725.36,1293.13,3432.23,0,0.0974471,0.026667,0.07078,0
11010,4.5875,3.19428,299.845,4732.76,1293.13,3439.63,0,0.0975997,0.0266671,0.0709326,0
11020,4.59167,3.19139,299.846,4740.23,1293.13,3447.09,0,0.0977537,0.0266672,0.0710865,0
11030,4.59583,3.18851,299.848,4747.76,1293.14,3454.62,0,0.0979091,0.0266673,0.0712418,0
11040,4.6,3.18564,299.85,4755.36,1293.14,3462.22,0,0.0980659,0.0266674,0.0713985,0
11050,4.60417,3.18277,299.852,4763.04,1293.15,3469.89,0,0.0982241,0.0266675,0.0715566,0
11060,4.60833,3.17991,299.854,4770.78,1293.15,3477.63,0,0.0983837,0.0266676,0.0717162,0
11070,4.6125,3.17706,299.856,4778.59,1293.16,3485.44,0,0.0985449,0.0266677,0.0718772,0
11080,4.61667,3.1742,299.857,4786.47,1293.16,3493.31,0,0.0987074,0.0266678,0.0720397,0
11090,4.62083,3.17136,299.859,4794.43,1293.16,3501.27,0,0.0988715,0.0266678,0.0722037,0
11100,4.625,3.16852,299.861,4802.46,1293.17,3509.29,0,0.0990371,0.0266679,0.0723692,0
11110,4.62917,3.16568,299.863,4810.57,1293.17,3517.39,0,0.0992043,0.026668,0.0725362,0
11120,4.63333,3.16284,299.865,4818.75,1293.18,3525.57,0,0.099373,0.0266681,0.0727049,0
11130,4.6375,3.16001,299.867,4827.01,1293.18,3533.83,0,0.0995433,0.0266682,0.0728751,0
11140,4.64167,3.15718,299.869,4835.35,1293.19,3542.16,0,0.0997153,0.0266683,0.073047,0
11150,4.64583,3.15435,299.871,4843.77,1293.19,3550.57,0,0.0998889,0.0266684,0.0732205,0
11160,4.65,3.15151,299.873,4852.27,1293.2,3559.07,0,0.100064,0.0266685,0.0733957,0
11170,4.65417,3.14868,299.875,4860.85,1293.2,3567.65,0,0.100241,0.0266686,0.0735726,0
11180,4.65833,3.14584,299.877,4869.52,1293.21,3576.31,0,0.10042,0.0266687,0.0737512,0
11190,4.6625,3.143,299.879,4878.27,1293.21,3585.06,0,0.1006,0.0266688,0.0739316,0
11200,4.66667,3.14015,299.881,4887.11,1293.22,3593.89,0,0.100783,0.0266689,0.0741138,0
11210,4.67083,3.13729,299.883,4896.04,1293.22,3602.82,0,0.100967,0.026669,0.0742978,0
11220,4.675,3.13443,299.885,4905.05,1293.23,3611.83,0,0.101153,0.0266691,0.0744837,0
11230,4.67917,3.13156,299.888,4914.16,1293.23,3620.93,0,0.101341,0.0266692,0.0746714,0
11240,4.68333,3.12867,299.89,4923.36,1293.24,3630.12,0,0.10153,0.0266693,0.074861,0
11250,4.6875,3.12577,299.892,4932.65,1293.24,3639.41,0,0.101722,0.0266694,0.0750525,0
11260,4.69167,3.12286,299.894,4942.04,1293.25,3648.79,0,0.101916,0.0266695,0.075246,0
11270,4.69583,3.11993,299.896,4951.52,1293.25,3658.27,0,0.102111,0.0266696,0.0754415,0
11280,4.7,3.11698,299.898,4961.11,1293.26,3667.85,0,0.102309,0.0266697,0.075639,0
11290,4.70417,3.11402,299.901,4970.79,1293.26,3677.53,0,0.102508,0.0266698,0.0758386,0
11300,4.70833,3.11103,299.903,4980.58,1293.27,3687.31,0,0.10271,0.02667,0.0760403,0
11310,4.7125,3.10801,299.905,4990.47,1293.27,3697.19,0,0.102914,0.0266701,0.0762441,0
11320,4.71667,3.10497,299.908,5000.46,1293.28,3707.18,0,0.10312,0.0266702,0.0764502,0
11330,4.72083,3.1019,299.91,5010.57,1293.28,3717.28,0,0.103329,0.0266703,0.0766584,0
11340,4.725,3.09881,299.912,5020.78,1293.29,3727.49,0,0.103539,0.0266704,0.076869,0
11350,4.72917,3.09568,299.915,5031.11,1293.29,3737.81,0,0.103752,0.0266705,0.0770818,0
11360,4.73333,3.09251,299.917,5041.55,1293.3,3748.25,0,0.103968,0.0266706,0.0772969,0
11370,4.7375,3.08931,299.919,5052.1,1293.31,3758.79,0,0.104185,0.0266707,0.0775144,0
11380,4.74167,3.08607,299.922,5062.76,1293.31,3769.45,0,0.104405,0.0266709,0.0777342,0
11390,4.74583,3.08279,299.924,5073.55,1293.32,3780.23,0,0.104628,0.026671,0.0779566,0
11400,4.75,3.07947,299.927,5084.46,1293.32,3791.14,0,0.104853,0.0266711,0.0781815,0
11410,4.75417,3.0761,299.929,5095.5,1293.33,3802.17,0,0.10508,0.0266712,0.0784089,0
11420,4.75833,3.07268,299.932,5106.66,1293.33,3813.32,0,0.10531,0.0266714,0.078639,0
11430,4.7625,3.06921,299.934,5117.95,1293.34,3824.61,0,0.105543,0.0266715,0.0788717,0
11440,4.76667,3.06569,299.937,5129.37,1293.35,3836.03,0,0.105779,0.0266716,0.0791072,0
11450,4.77083,3.06211,299.94,5140.93,1293.35,3847.58,0,0.106017,0.0266717,0.0793454,0
11460,4.775,3.05847,299.942,5152.63,1293.36,3859.27,0,0.106258,0.0266719,0.0795865,0
11470,4.77917,3.05478,299.945,5164.46,1293.37,3871.1,0,0.106502,0.026672,0.0798304,0
11480,4.78333,3.05101,299.948,5176.44,1293.37,3883.07,0,0.106749,0.0266721,0.0800773,0
11490,4.7875,3.04719,299.95,5188.57,1293.38,3895.19,0,0.107,0.0266722,0.0803273,0
11500,4.79167,3.04329,299.953,5200.84,1293.38,3907.46,0,0.107253,0.0266724,0.0805803,0
11510,4.79583,3.03932,299.956,5213.27,1293.39,3919.88,0,0.107509,0.0266725,0.0808364,0
11520,4.8,3.03528,299.958,5225.85,1293.4,3932.46,0,0.107768,0.0266726,0.0810957,0
11530,4.80417,3.03116,299.961,5238.59,1293.4,3945.19,0,0.108031,0.0266728,0.0813584,0
11540,4.80833,3.02695,299.964,5251.5,1293.41,3958.09,0,0.108297,0.0266729,0.0816243,0
11550,4.8125,3.02266,299.967,5264.57,1293.42,3971.15,0,0.108567,0.026673,0.0818937,0
11560,4.81667,3.01829,299.97,5277.8,1293.42,3984.38,0,0.10884,0.0266732,0.0821665,0
11570,4.82083,3.01382,299.973,5291.21,1293.43,3997.78,0,0.109116,0.0266733,0.0824428,0
11580,4.825,3.00926,299.976,5304.78,1293.44,4011.35,0,0.109396,0.0266735,0.0827226,0
11590,4.82917,3.00461,299.979,5318.54,1293.44,4025.1,0,0.10968,0.0266736,0.0830062,0
11600,4.83333,2.99985,299.982,5332.48,1293.45,4039.03,0,0.109967,0.0266738,0.0832935,0
11610,4.8375,2.99499,299.985,5346.61,1293.46,4053.15,0,0.110259,0.0266739,0.0835847,0
11620,4.84167,2.99002,299.988,5360.93,1293.47,4067.46,0,0.110554,0.0266741,0.0838799,0
11630,4.84583,2.98493,299.991,5375.45,1293.47,4081.98,0,0.110853,0.0266742,0.0841792,0
11640,4.85,2.97974,299.994,5390.17,1293.48,4096.69,0,0.111157,0.0266744,0.0844826,0
11650,4.85417,2.97442,299.997,5405.1,1293.49,4111.61,0,0.111465,0.0266745,0.0847903,0
11660,4.85833,2.96898,300.001,5420.24,1293.5,4126.74,0,0.111777,0.0266747,0.0851023,0
11670,4.8625,2.96341,300.004,5435.6,1293.5,4142.09,0,0.112094,0.0266748,0.0854189,0
11680,4.86667,2.95771,300.007,5451.17,1293.51,4157.66,0,0.112415,0.026675,0.08574,0
11690,4.87083,2.95187,300.01,5466.98,1293.52,4173.46,0,0.112741,0.0266752,0.0860658,0
11700,4.875,2.9459,300.014,5483.02,1293.53,4189.5,0,0.113072,0.0266753,0.0863965,0
11710,4.87917,2.93978,300.017,5499.31,1293.53,4205.77,0,0.113408,0.0266755,0.0867321,0
11720,4.88333,2.93351,300.021,5515.84,1293.54,4222.29,0,0.113748,0.0266756,0.0870728,0
11730,4.8875,2.92709,300.024,5532.62,1293.55,4239.07,0,0.114095,0.0266758,0.0874187,0
11740,4.89167,2.9205,300.027,5549.66,1293.56,4256.1,0,0.114446,0.026676,0.0877699,0
11750,4.89583,2.91376,300.031,5566.96,1293.57,4273.4,0,0.114803,0.0266761,0.0881267,0
11760,4.9,2.90684,300.035,5584.55,1293.58,4290.97,0,0.115165,0.0266763,0.0884891,0
11770,4.90417,2.89975,300.038,5602.41,1293.58,4308.82,0,0.115534,0.0266765,0.0888573,0
11780,4.90833,2.89248,300.042,5620.56,1293.59,4326.97,0,0.115908,0.0266767,0.0892314,0
11790,4.9125,2.88503,300.045,5639,1293.6,4345.4,0,0.116288,0.0266768,0.0896116,0
11800,4.91667,2.87739,300.049,5657.75,1293.61,4364.14,0,0.116675,0.026677,0.0899981,0
11810,4.92083,2.86955,300.053,5676.81,1293.62,4383.19,0,0.117068,0.0266772,0.0903909,0
11820,4.925,2.86151,300.057,5696.19,1293.63,4402.57,0,0.117468,0.0266774,0.0907904,0
11830,4.92917,2.85326,300.06,5715.91,1293.64,4422.27,0,0.117874,0.0266776,0.0911968,0
11840,4.93333,2.84479,300.064,5735.96,1293.64,4442.32,0,0.118288,0.0266778,0.0916102,0
11850,4.9375,2.83611,300.068,5756.37,1293.65,4462.71,0,0.118709,0.0266779,0.0920308,0
11860,4.94167,2.8272,300.072,5777.13,1293.66,4483.47,0,0.119137,0.0266781,0.0924588,0
11870,4.94583,2.81805,300.076,5798.27,1293.67,4504.6,0,0.119573,0.0266783,0.0928946,0
11880,4.95,2.80866,300.08,5819.8,1293.68,4526.12,0,0.120017,0.0266785,0.0933383,0
11890,4.95417,2.79903,300.085,5841.73,1293.69,4548.04,0,0.120469,0.0266787,0.0937903,0
11900,4.95833,2.78914,300.089,5864.07,1293.7,4570.36,0,0.12093,0.0266789,0.0942508,0
11910,4.9625,2.77898,300.093,5886.83,1293.71,4593.12,0,0.121399,0.0266791,0.0947201,0
11920,4.96667,2.76856,300.097,5910.03,1293.72,4616.31,0,0.121878,0.0266794,0.0951983,0
11930,4.97083,2.75786,300.102,5933.69,1293.73,4639.95,0,0.122365,0.0266796,0.0956859,0
11940,4.975,2.74687,300.106,5957.81,1293.74,4664.07,0,0.122863,0.0266798,0.0961831,0
11950,4.97917,2.73558,300.111,5982.42,1293.75,4688.67,0,0.12337,0.02668,0.0966904,0
11960,4.98333,2.72399,300.115,6007.53,1293.76,4713.77,0,0.123888,0.0266802,0.0972081,0
11970,4.9875,2.71209,300.12,6033.17,1293.78,4739.4,0,0.124417,0.0266804,0.0977366,0
11980,4.99167,2.69986,300.125,6059.35,1293.79,4765.56,0,0.124957,0.0266807,0.0982762,0
11990,4.99583,2.6873,300.129,6086.09,1293.8,4792.3,0,0.125508,0.0266809,0.0988275,0
12000,5,2.67441,300.134,6113.42,1293.81,4819.61,0,0.126072,0.0266811,0.0993908,0
